crop,growth_stage,soil_type,nitrogen_n,phosphorus_p,potassium_k,n_status,p_status,k_status,moisture,soil_temperature,land_area_acres,fertilizer_name,dose_kg_per_acre,total_dose_kg,application_timing,notes
jowar_rabi,pre_sowing,alluvial,62.9,55.1,150.5,medium,medium,high,22.3,33.6,4.7,DAP + MOP,15.0,70.5,"Apply 7 days before sowing, mix into topsoil 10-15cm",Full P and K basal
bajra,pre_sowing,red,106.9,95.1,126.9,high,high,high,54.8,32.3,5.2,DAP,12.0,62.4,"Apply 7 days before sowing, mix into topsoil 10-15cm",Basal P
moong_rabi,pre_sowing,black_cotton,38.4,111.2,141.0,low,high,high,29.6,32.5,4.3,SSP + MOP,5.4,23.2,"Apply 7 days before sowing, mix into topsoil 10-15cm",Same as kharif moong
tomato,grain_fill,red,233.6,116.4,54.8,high,high,medium,68.0,24.3,8.3,MOP + CaNO3,18.0,149.4,Foliar spray or side dress during grain/fruit development,Fruit development + Ca
wheat,pre_sowing,red,149.2,113.3,98.0,high,high,medium,61.2,25.8,8.6,DAP + MOP,21.0,180.6,"Apply 7 days before sowing, mix into topsoil 10-15cm",Full P+K; half N
chickpea,germination,black_cotton,61.4,62.1,161.6,medium,medium,high,20.9,24.8,2.9,Rhizobium Biofert,5.0,14.5,Apply at sowing time or within first 7 DAS,Seed inoculation
moong_rabi,pre_sowing,laterite,25.9,88.5,29.2,low,high,low,56.4,30.7,7.4,SSP + MOP,13.5,99.9,"Apply 7 days before sowing, mix into topsoil 10-15cm",Same as kharif moong
banana,flowering,alluvial,57.0,29.7,29.0,medium,low,low,77.4,29.5,2.4,Urea + MOP,56.2,134.9,Apply at flower bud initiation; avoid leaf contact,Bunch initiation
sesame,pre_sowing,black_cotton,60.1,24.1,138.0,medium,low,high,46.4,25.1,0.9,DAP,21.6,19.4,"Apply 7 days before sowing, mix into topsoil 10-15cm",Light feeder
tur_arhar,vegetative,red,242.5,93.9,138.7,high,high,high,30.3,25.4,3.8,Urea,6.0,22.8,Top dress at 20-30 DAS; broadcast and irrigate,Light N if pale
pomegranate,grain_fill,sandy,47.6,96.2,187.9,medium,high,high,43.7,21.9,3.6,MOP + Calcium,12.5,45.0,Foliar spray or side dress during grain/fruit development,Fruit development
safflower,flowering,laterite,16.0,82.9,36.1,low,high,low,31.0,31.2,8.9,Urea,13.0,115.7,Apply at flower bud initiation; avoid leaf contact,Capitulum stage
soybean,grain_fill,red,86.8,62.8,35.6,medium,medium,low,69.6,24.0,7.4,Micronutrient Mix,5.0,37.0,Foliar spray or side dress during grain/fruit development,Zinc + Boron foliar spray
groundnut,grain_fill,laterite,178.4,65.8,143.5,high,medium,high,55.4,36.4,6.8,MOP,5.0,34.0,Foliar spray or side dress during grain/fruit development,Kernel filling
sunflower_rabi,vegetative,alluvial,177.7,44.2,107.5,high,low,high,73.0,13.2,8.9,Urea,10.8,96.1,Top dress at 20-30 DAS; broadcast and irrigate,Top dress
bajra,pre_sowing,alluvial,266.6,51.4,78.7,high,medium,medium,35.5,16.9,5.1,DAP,20.0,102.0,"Apply 7 days before sowing, mix into topsoil 10-15cm",Basal P
urad,pre_sowing,red,59.1,33.3,139.3,medium,low,high,42.8,36.8,6.4,SSP + MOP,10.8,69.1,"Apply 7 days before sowing, mix into topsoil 10-15cm",Basal P+K
sugarcane,pre_sowing,laterite,231.6,96.6,179.9,high,high,high,57.0,24.5,2.0,DAP + MOP,15.0,30.0,"Apply 7 days before sowing, mix into topsoil 10-15cm",Heavy feeder; high basal
tomato,grain_fill,sandy,123.6,21.3,40.2,high,low,low,59.4,31.3,4.8,MOP + CaNO3,22.5,108.0,Foliar spray or side dress during grain/fruit development,Fruit development + Ca
rabi_maize,vegetative,black_cotton,67.5,33.1,30.8,medium,low,low,49.1,34.8,4.6,Urea,25.0,115.0,Top dress at 20-30 DAS; broadcast and irrigate,Top dress
turmeric,grain_fill,laterite,22.0,27.2,150.2,low,low,high,24.2,20.4,6.4,MOP,10.0,64.0,Foliar spray or side dress during grain/fruit development,Curcumin synthesis
rice,vegetative,laterite,164.3,81.0,144.8,high,high,high,69.7,34.6,1.1,Urea,13.2,14.5,Top dress at 20-30 DAS; broadcast and irrigate,25-30 DAS tillering
rabi_maize,pre_sowing,sandy,226.1,32.1,178.0,high,low,high,74.4,13.6,8.2,DAP + MOP,21.0,172.2,"Apply 7 days before sowing, mix into topsoil 10-15cm",Same as kharif maize
tur_arhar,vegetative,red,110.7,39.9,37.6,high,low,low,57.1,30.8,4.6,Urea,6.0,27.6,Top dress at 20-30 DAS; broadcast and irrigate,Light N if pale
banana,vegetative,sandy,114.2,39.1,27.2,high,low,low,23.6,17.0,4.7,Urea + MOP,37.5,176.2,Top dress at 20-30 DAS; broadcast and irrigate,Sword sucker stage
turmeric,pre_sowing,sandy,173.4,40.9,63.2,high,low,medium,43.9,29.7,7.7,DAP + MOP,48.0,369.6,"Apply 7 days before sowing, mix into topsoil 10-15cm",High K demand
linseed,pre_sowing,alluvial,198.8,111.3,36.1,high,high,low,31.8,24.3,6.3,DAP + MOP,15.0,94.5,"Apply 7 days before sowing, mix into topsoil 10-15cm",Basal
bajra,pre_sowing,sandy,259.2,49.5,198.5,high,medium,high,70.4,25.2,3.7,DAP,20.0,74.0,"Apply 7 days before sowing, mix into topsoil 10-15cm",Basal P
urad,pre_sowing,red,161.4,27.1,39.4,high,low,low,42.9,13.5,6.8,SSP + MOP,27.0,183.6,"Apply 7 days before sowing, mix into topsoil 10-15cm",Basal P+K
sesame,pre_sowing,laterite,121.8,36.4,195.2,high,low,high,70.2,25.7,2.4,DAP,21.6,51.8,"Apply 7 days before sowing, mix into topsoil 10-15cm",Light feeder
turmeric,pre_sowing,laterite,148.6,68.7,173.1,high,medium,high,37.2,17.3,4.0,DAP + MOP,20.0,80.0,"Apply 7 days before sowing, mix into topsoil 10-15cm",High K demand
tur_arhar,flowering,black_cotton,29.8,106.2,119.3,low,high,high,43.0,27.3,0.9,MOP,5.0,4.5,Apply at flower bud initiation; avoid leaf contact,Pod setting
sugarcane,harvest,red,204.2,90.4,199.1,high,high,high,27.0,28.6,9.7,MOP,10.0,97.0,Do not apply; withholding period required,Juice quality
linseed,vegetative,black_cotton,42.6,109.9,141.7,medium,high,high,60.5,35.6,8.2,Urea,12.0,98.4,Top dress at 20-30 DAS; broadcast and irrigate,Top dress
grapes,grain_fill,black_cotton,226.2,97.7,196.8,high,high,high,43.2,32.5,7.5,MOP,10.0,75.0,Foliar spray or side dress during grain/fruit development,Maturity
chilli,grain_fill,red,202.3,115.9,61.4,high,high,medium,24.8,13.5,9.7,MOP,12.0,116.4,Foliar spray or side dress during grain/fruit development,Pungency development
banana,flowering,sandy,14.1,29.8,103.6,low,low,high,50.2,29.7,5.3,Urea + MOP,29.2,154.8,Apply at flower bud initiation; avoid leaf contact,Bunch initiation
linseed,vegetative,laterite,258.9,92.1,101.7,high,high,high,52.8,29.5,2.2,Urea,7.2,15.8,Top dress at 20-30 DAS; broadcast and irrigate,Top dress
safflower,pre_sowing,red,99.9,93.9,76.5,high,high,medium,43.6,18.0,9.5,DAP + MOP,15.0,142.5,"Apply 7 days before sowing, mix into topsoil 10-15cm",Basal
bajra,vegetative,red,149.9,66.5,125.4,high,medium,high,40.5,17.4,4.3,Urea,10.8,46.4,Top dress at 20-30 DAS; broadcast and irrigate,N top dress 3 weeks after sowing
turmeric,grain_fill,black_cotton,139.6,91.5,141.8,high,high,high,20.5,32.0,9.2,MOP,10.0,92.0,Foliar spray or side dress during grain/fruit development,Curcumin synthesis
moong_rabi,flowering,black_cotton,189.9,119.5,175.5,high,high,high,43.3,27.7,3.5,MOP,4.0,14.0,Apply at flower bud initiation; avoid leaf contact,Pod fill
turmeric,grain_fill,laterite,28.4,28.8,31.4,low,low,low,55.8,28.0,6.7,MOP,25.0,167.5,Foliar spray or side dress during grain/fruit development,Curcumin synthesis
urad,pre_sowing,black_cotton,43.1,104.9,25.4,medium,high,low,30.7,36.6,5.7,SSP + MOP,13.5,77.0,"Apply 7 days before sowing, mix into topsoil 10-15cm",Basal P+K
sunflower_kharif,vegetative,laterite,172.5,42.3,46.2,high,low,low,26.6,35.7,9.8,Urea,10.8,105.8,Top dress at 20-30 DAS; broadcast and irrigate,Top dress
safflower,vegetative,alluvial,40.6,26.9,83.4,medium,low,medium,36.6,12.2,2.8,Urea,15.0,42.0,Top dress at 20-30 DAS; broadcast and irrigate,Rosette stage
safflower,pre_sowing,black_cotton,150.0,108.8,101.3,high,high,high,62.4,19.5,5.4,DAP + MOP,7.5,40.5,"Apply 7 days before sowing, mix into topsoil 10-15cm",Basal
maize_kharif,pre_sowing,sandy,145.7,115.8,179.2,high,high,high,45.6,12.8,2.6,DAP + MOP,10.5,27.3,"Apply 7 days before sowing, mix into topsoil 10-15cm",Full P+K; half N basal
jowar_kharif,vegetative,black_cotton,32.7,73.7,69.5,low,medium,medium,77.7,20.2,3.3,Urea,26.0,85.8,Top dress at 20-30 DAS; broadcast and irrigate,Top dress after 3-4 weeks
cotton,flowering,red,192.1,115.5,171.4,high,high,high,29.6,34.4,2.1,Urea,15.0,31.5,Apply at flower bud initiation; avoid leaf contact,Boll development
tur_arhar,flowering,black_cotton,213.4,67.5,44.1,high,medium,low,35.2,16.8,9.2,MOP,12.5,115.0,Apply at flower bud initiation; avoid leaf contact,Pod setting
rice,vegetative,alluvial,179.5,77.1,71.9,high,medium,medium,35.2,27.9,1.0,Urea,13.2,13.2,Top dress at 20-30 DAS; broadcast and irrigate,25-30 DAS tillering
soybean,pre_sowing,alluvial,69.7,112.1,166.7,medium,high,high,31.4,35.1,1.1,SSP + MOP,7.5,8.2,"Apply 7 days before sowing, mix into topsoil 10-15cm","Basal: 0 N, 50 P2O5, 40 K2O kg/ha via SSP+MOP"
cotton,grain_fill,sandy,34.1,62.7,96.9,low,medium,medium,29.1,21.7,7.2,MOP,15.0,108.0,Foliar spray or side dress during grain/fruit development,Fibre quality
watermelon,vegetative,black_cotton,215.2,107.9,163.9,high,high,high,60.9,31.8,1.5,Urea,9.0,13.5,Top dress at 20-30 DAS; broadcast and irrigate,Vine growth
cotton,pre_sowing,sandy,96.7,22.6,91.1,high,low,medium,42.2,14.7,7.8,DAP + MOP,48.0,374.4,"Apply 7 days before sowing, mix into topsoil 10-15cm",Basal: 25N 25P 25K
grapes,grain_fill,red,114.6,24.6,91.0,high,low,medium,33.6,25.0,8.2,MOP,20.0,164.0,Foliar spray or side dress during grain/fruit development,Maturity
linseed,pre_sowing,black_cotton,109.2,118.6,63.6,high,high,medium,44.8,27.7,0.9,DAP + MOP,12.0,10.8,"Apply 7 days before sowing, mix into topsoil 10-15cm",Basal
banana,flowering,red,190.1,41.8,112.8,high,low,high,65.4,21.7,8.1,Urea + MOP,13.5,109.3,Apply at flower bud initiation; avoid leaf contact,Bunch initiation
mustard,vegetative,alluvial,180.2,114.3,198.7,high,high,high,56.0,37.7,6.7,Urea,10.8,72.4,Top dress at 20-30 DAS; broadcast and irrigate,Top dress at 20 DAS
chilli,pre_sowing,laterite,139.5,36.1,159.5,high,low,high,64.6,24.9,5.3,DAP + MOP,21.0,111.3,"Apply 7 days before sowing, mix into topsoil 10-15cm",Basal
cotton,vegetative,red,226.2,43.9,71.3,high,low,medium,47.5,23.9,9.1,Urea + MOP,21.0,191.1,Top dress at 20-30 DAS; broadcast and irrigate,Square formation
linseed,pre_sowing,black_cotton,127.4,35.0,148.7,high,low,high,38.3,18.8,3.7,DAP + MOP,12.0,44.4,"Apply 7 days before sowing, mix into topsoil 10-15cm",Basal
jowar_kharif,pre_sowing,laterite,133.3,47.6,92.0,high,medium,medium,52.9,14.0,7.0,DAP,25.0,175.0,"Apply 7 days before sowing, mix into topsoil 10-15cm",Basal P and N
soybean,flowering,black_cotton,106.8,59.2,96.2,high,medium,medium,61.0,24.4,8.5,MOP,10.0,85.0,Apply at flower bud initiation; avoid leaf contact,K boost for pod setting
rice,vegetative,sandy,109.9,74.5,67.1,high,medium,medium,38.5,34.8,2.4,Urea,13.2,31.7,Top dress at 20-30 DAS; broadcast and irrigate,25-30 DAS tillering
rabi_maize,flowering,black_cotton,244.3,69.3,24.8,high,medium,low,31.3,35.1,3.1,Urea,10.8,33.5,Apply at flower bud initiation; avoid leaf contact,Booster
cucumber,pre_sowing,laterite,40.1,89.8,28.9,medium,high,low,59.5,24.9,8.8,DAP + MOP,18.8,165.4,"Apply 7 days before sowing, mix into topsoil 10-15cm",Basal
moong_kharif,flowering,alluvial,144.9,26.2,180.2,high,low,high,21.4,13.0,2.4,MOP,4.0,9.6,Apply at flower bud initiation; avoid leaf contact,Pod fill
tur_arhar,flowering,alluvial,270.1,106.9,102.3,high,high,high,74.8,12.5,6.7,MOP,5.0,33.5,Apply at flower bud initiation; avoid leaf contact,Pod setting
wheat,vegetative,sandy,123.2,40.3,166.0,high,low,high,76.8,17.7,1.9,Urea,12.0,22.8,Top dress at 20-30 DAS; broadcast and irrigate,Tillering
moong_kharif,germination,black_cotton,85.3,50.3,107.6,medium,medium,high,61.3,37.5,3.5,Rhizobium Biofert,5.0,17.5,Apply at sowing time or within first 7 DAS,Seed treatment
jowar_rabi,flowering,alluvial,178.7,84.2,176.0,high,high,high,22.3,18.5,5.5,Urea,7.2,39.6,Apply at flower bud initiation; avoid leaf contact,Light booster
jowar_rabi,flowering,laterite,269.7,74.8,161.6,high,medium,high,54.1,12.1,4.0,Urea,7.2,28.8,Apply at flower bud initiation; avoid leaf contact,Light booster
groundnut,germination,red,207.3,46.8,121.2,high,medium,high,74.3,20.5,7.7,Rhizobium Biofert,5.0,38.5,Apply at sowing time or within first 7 DAS,Seed inoculation
rice,vegetative,red,236.8,35.9,199.1,high,low,high,47.0,23.8,6.1,Urea,13.2,80.5,Top dress at 20-30 DAS; broadcast and irrigate,25-30 DAS tillering
wheat,vegetative,sandy,205.0,54.5,159.7,high,medium,high,51.2,23.6,7.0,Urea,12.0,84.0,Top dress at 20-30 DAS; broadcast and irrigate,Tillering
onion,vegetative,sandy,76.3,30.0,198.1,medium,low,high,23.3,27.5,0.9,Urea,20.0,18.0,Top dress at 20-30 DAS; broadcast and irrigate,Leaf development
sesame,vegetative,red,48.5,21.2,109.8,medium,low,high,26.2,22.6,7.1,Urea,12.0,85.2,Top dress at 20-30 DAS; broadcast and irrigate,Top dress
linseed,vegetative,laterite,213.3,69.8,124.8,high,medium,high,72.6,14.2,7.6,Urea,7.2,54.7,Top dress at 20-30 DAS; broadcast and irrigate,Top dress
moong_rabi,germination,black_cotton,27.2,50.9,183.8,low,medium,high,62.9,19.7,8.5,Rhizobium Biofert,5.0,42.5,Apply at sowing time or within first 7 DAS,Seed treatment
linseed,vegetative,sandy,215.3,45.3,28.6,high,medium,low,78.8,33.9,3.3,Urea,7.2,23.8,Top dress at 20-30 DAS; broadcast and irrigate,Top dress
safflower,vegetative,black_cotton,121.7,93.4,102.7,high,high,high,45.7,15.3,9.2,Urea,9.0,82.8,Top dress at 20-30 DAS; broadcast and irrigate,Rosette stage
bajra,flowering,sandy,111.0,90.7,115.8,high,high,high,37.2,37.9,4.1,Urea,6.0,24.6,Apply at flower bud initiation; avoid leaf contact,Booster dose
sugarcane,vegetative,sandy,189.4,97.1,162.0,high,high,high,24.1,37.0,7.3,Urea + MOP,15.0,109.5,Top dress at 20-30 DAS; broadcast and irrigate,Grand growth period
groundnut,flowering,alluvial,181.6,59.2,137.7,high,medium,high,32.2,29.9,5.1,Gypsum,25.0,127.5,Apply at flower bud initiation; avoid leaf contact,Peg development
urad,germination,laterite,163.7,111.5,90.8,high,high,medium,43.0,22.7,5.4,Rhizobium Biofert,5.0,27.0,Apply at sowing time or within first 7 DAS,Seed inoculation
cucumber,flowering,laterite,198.4,68.2,21.2,high,medium,low,73.2,14.4,4.3,MOP,15.0,64.5,Apply at flower bud initiation; avoid leaf contact,Fruit quality
tomato,pre_sowing,sandy,43.8,109.4,164.3,medium,high,high,33.9,37.8,4.8,DAP + MOP,12.0,57.6,"Apply 7 days before sowing, mix into topsoil 10-15cm",Full P+K; half N
urad,flowering,red,235.7,112.1,193.3,high,high,high,69.1,37.4,9.8,MOP,4.0,39.2,Apply at flower bud initiation; avoid leaf contact,Pod development
safflower,vegetative,alluvial,33.2,30.0,138.9,low,low,high,45.0,22.5,5.9,Urea,19.5,115.1,Top dress at 20-30 DAS; broadcast and irrigate,Rosette stage
pomegranate,grain_fill,black_cotton,185.3,31.8,189.3,high,low,high,31.2,19.9,4.3,MOP + Calcium,12.5,53.8,Foliar spray or side dress during grain/fruit development,Fruit development
sunflower_kharif,pre_sowing,laterite,187.3,84.2,133.0,high,high,high,65.4,17.0,5.7,DAP + MOP,9.0,51.3,"Apply 7 days before sowing, mix into topsoil 10-15cm",Basal
rice,grain_fill,sandy,102.9,34.7,161.0,high,low,high,33.7,37.2,8.7,MOP,6.0,52.2,Foliar spray or side dress during grain/fruit development,Grain filling stage
onion,grain_fill,alluvial,74.5,40.7,126.2,medium,low,high,77.3,29.5,2.9,MOP,7.5,21.8,Foliar spray or side dress during grain/fruit development,Bulb development
watermelon,flowering,red,237.6,44.0,83.1,high,low,medium,56.3,21.9,0.7,19:19:19 NPK,7.2,5.0,Apply at flower bud initiation; avoid leaf contact,Fruit set
sesame,pre_sowing,sandy,209.1,36.0,158.4,high,low,high,23.1,15.9,9.3,DAP,21.6,200.9,"Apply 7 days before sowing, mix into topsoil 10-15cm",Light feeder
sesame,pre_sowing,sandy,124.6,35.5,167.7,high,low,high,47.4,32.3,7.8,DAP,21.6,168.5,"Apply 7 days before sowing, mix into topsoil 10-15cm",Light feeder
sunflower_kharif,flowering,red,67.7,51.1,73.9,medium,medium,medium,28.3,14.1,4.3,Boron Spray,5.0,21.5,Apply at flower bud initiation; avoid leaf contact,Prevent hollow stem
linseed,pre_sowing,black_cotton,143.4,53.6,152.1,high,medium,high,54.2,25.9,3.6,DAP + MOP,10.0,36.0,"Apply 7 days before sowing, mix into topsoil 10-15cm",Basal
rabi_maize,pre_sowing,laterite,119.0,40.4,59.5,high,low,medium,40.9,27.8,6.6,DAP + MOP,42.0,277.2,"Apply 7 days before sowing, mix into topsoil 10-15cm",Same as kharif maize
rabi_maize,flowering,laterite,201.4,31.3,165.3,high,low,high,53.9,14.3,7.0,Urea,10.8,75.6,Apply at flower bud initiation; avoid leaf contact,Booster
linseed,pre_sowing,black_cotton,218.2,20.1,57.3,high,low,medium,37.1,34.8,6.2,DAP + MOP,24.0,148.8,"Apply 7 days before sowing, mix into topsoil 10-15cm",Basal
orange,grain_fill,red,264.0,104.2,98.3,high,high,medium,67.0,18.5,7.5,MOP + Micronutrient,20.0,150.0,Foliar spray or side dress during grain/fruit development,Fruit color + quality
linseed,pre_sowing,laterite,63.7,75.5,166.8,medium,medium,high,24.3,13.8,3.3,DAP + MOP,10.0,33.0,"Apply 7 days before sowing, mix into topsoil 10-15cm",Basal
jowar_rabi,flowering,laterite,35.0,86.9,88.6,low,high,medium,61.7,28.9,3.2,Urea,15.6,49.9,Apply at flower bud initiation; avoid leaf contact,Light booster
mustard,pre_sowing,sandy,46.0,102.5,131.6,medium,high,high,32.5,21.5,0.6,DAP + MOP,7.5,4.5,"Apply 7 days before sowing, mix into topsoil 10-15cm",Basal; sulfur from SSP
orange,pre_sowing,black_cotton,156.5,39.4,53.0,high,low,medium,21.7,25.3,7.4,DAP + MOP,42.0,310.8,"Apply 7 days before sowing, mix into topsoil 10-15cm",Post-harvest dose
sugarcane,grain_fill,red,52.4,51.0,165.3,medium,medium,high,75.6,25.0,8.1,Urea,30.0,243.0,Foliar spray or side dress during grain/fruit development,Elongation stage
rice,germination,alluvial,246.7,87.0,137.8,high,high,high,32.8,20.6,4.9,Urea,10.8,52.9,Apply at sowing time or within first 7 DAS,7-10 DAS
pomegranate,grain_fill,red,59.8,83.4,197.7,medium,high,high,70.2,23.5,8.3,MOP + Calcium,12.5,103.8,Foliar spray or side dress during grain/fruit development,Fruit development
rice,flowering,red,178.9,98.3,54.3,high,high,medium,39.8,27.5,9.5,Urea + MOP,12.0,114.0,Apply at flower bud initiation; avoid leaf contact,Panicle initiation
moong_rabi,germination,red,170.8,109.8,142.7,high,high,high,64.8,23.2,5.8,Rhizobium Biofert,5.0,29.0,Apply at sowing time or within first 7 DAS,Seed treatment
jowar_rabi,pre_sowing,sandy,152.1,45.3,26.1,high,medium,low,74.3,36.5,9.5,DAP + MOP,37.5,356.2,"Apply 7 days before sowing, mix into topsoil 10-15cm",Full P and K basal
chickpea,pre_sowing,sandy,231.9,113.6,58.4,high,high,medium,72.5,35.8,9.6,SSP + MOP,12.0,115.2,"Apply 7 days before sowing, mix into topsoil 10-15cm",Low N; P and K basal
cotton,flowering,sandy,255.1,61.1,170.5,high,medium,high,52.6,27.8,8.3,Urea,15.0,124.5,Apply at flower bud initiation; avoid leaf contact,Boll development
moong_rabi,flowering,red,164.9,55.2,52.6,high,medium,medium,71.0,22.2,2.5,MOP,8.0,20.0,Apply at flower bud initiation; avoid leaf contact,Pod fill
orange,grain_fill,laterite,111.6,102.7,117.5,high,high,high,47.4,32.3,8.9,MOP + Micronutrient,10.0,89.0,Foliar spray or side dress during grain/fruit development,Fruit color + quality
urad,germination,sandy,119.8,47.4,162.2,high,medium,high,42.9,35.8,7.7,Rhizobium Biofert,5.0,38.5,Apply at sowing time or within first 7 DAS,Seed inoculation
sunflower_kharif,vegetative,sandy,133.4,28.2,60.4,high,low,medium,48.4,26.1,6.0,Urea,10.8,64.8,Top dress at 20-30 DAS; broadcast and irrigate,Top dress
rice,pre_sowing,alluvial,27.5,63.2,173.6,low,medium,high,42.0,30.1,1.5,DAP,30.0,45.0,"Apply 7 days before sowing, mix into topsoil 10-15cm",Basal
orange,grain_fill,alluvial,87.7,76.2,125.1,medium,medium,high,76.4,17.1,5.2,MOP + Micronutrient,10.0,52.0,Foliar spray or side dress during grain/fruit development,Fruit color + quality
sesame,pre_sowing,black_cotton,37.3,23.8,78.7,low,low,medium,37.9,32.0,5.6,DAP,21.6,121.0,"Apply 7 days before sowing, mix into topsoil 10-15cm",Light feeder
moong_rabi,flowering,alluvial,264.0,117.2,119.1,high,high,high,54.8,28.5,6.8,MOP,4.0,27.2,Apply at flower bud initiation; avoid leaf contact,Pod fill
tur_arhar,flowering,red,23.7,89.8,22.2,low,high,low,34.4,18.9,6.7,MOP,12.5,83.8,Apply at flower bud initiation; avoid leaf contact,Pod setting
urad,germination,laterite,224.1,96.4,194.1,high,high,high,58.6,37.9,2.4,Rhizobium Biofert,5.0,12.0,Apply at sowing time or within first 7 DAS,Seed inoculation
moong_kharif,flowering,laterite,21.2,84.7,49.9,low,high,low,66.2,28.5,2.0,MOP,10.0,20.0,Apply at flower bud initiation; avoid leaf contact,Pod fill
chilli,vegetative,alluvial,260.8,70.8,191.0,high,medium,high,43.4,33.3,9.3,Urea,10.8,100.4,Top dress at 20-30 DAS; broadcast and irrigate,Plant establishment
bajra,flowering,sandy,134.0,82.0,30.1,high,high,low,60.2,29.6,2.7,Urea,6.0,16.2,Apply at flower bud initiation; avoid leaf contact,Booster dose
soybean,vegetative,sandy,127.4,66.2,86.7,high,medium,medium,69.4,19.5,6.1,Urea,7.2,43.9,Top dress at 20-30 DAS; broadcast and irrigate,Top dress if N deficiency observed
onion,harvest,laterite,203.2,28.4,90.2,high,low,medium,63.5,12.9,6.9,NO FERTILIZER,0.0,0.0,Do not apply; withholding period required,Stop 3 weeks before harvest
watermelon,vegetative,red,20.8,67.5,168.3,low,medium,high,23.4,25.0,9.6,Urea,19.5,187.2,Top dress at 20-30 DAS; broadcast and irrigate,Vine growth
onion,grain_fill,alluvial,110.6,80.6,129.8,high,high,high,73.8,34.4,4.2,MOP,7.5,31.5,Foliar spray or side dress during grain/fruit development,Bulb development
rice,grain_fill,sandy,206.2,112.7,151.9,high,high,high,63.7,13.6,5.6,MOP,6.0,33.6,Foliar spray or side dress during grain/fruit development,Grain filling stage
sunflower_kharif,pre_sowing,alluvial,157.8,50.6,46.2,high,medium,low,49.3,35.3,8.0,DAP + MOP,37.5,300.0,"Apply 7 days before sowing, mix into topsoil 10-15cm",Basal
maize_kharif,flowering,black_cotton,173.8,72.4,94.1,high,medium,medium,65.3,23.8,0.8,Urea,12.0,9.6,Apply at flower bud initiation; avoid leaf contact,Tasselling stage
jowar_rabi,vegetative,laterite,12.5,112.5,129.4,low,high,high,80.0,20.7,2.9,Urea,26.0,75.4,Top dress at 20-30 DAS; broadcast and irrigate,Split N top dress
sunflower_rabi,flowering,laterite,201.7,61.7,170.4,high,medium,high,68.5,31.8,3.0,Boron Spray,5.0,15.0,Apply at flower bud initiation; avoid leaf contact,Pollination support
tur_arhar,flowering,alluvial,169.1,78.4,23.7,high,medium,low,76.9,15.5,2.9,MOP,12.5,36.2,Apply at flower bud initiation; avoid leaf contact,Pod setting
safflower,vegetative,black_cotton,254.1,49.5,98.9,high,medium,medium,28.8,35.7,6.2,Urea,9.0,55.8,Top dress at 20-30 DAS; broadcast and irrigate,Rosette stage
turmeric,grain_fill,sandy,262.2,95.7,20.4,high,high,low,51.5,17.0,8.3,MOP,25.0,207.5,Foliar spray or side dress during grain/fruit development,Curcumin synthesis
maize_kharif,vegetative,black_cotton,186.1,66.6,152.5,high,medium,high,33.9,30.6,8.1,Urea,15.0,121.5,Top dress at 20-30 DAS; broadcast and irrigate,Knee high stage N
grapes,vegetative,black_cotton,202.0,74.4,184.9,high,medium,high,66.2,22.1,3.7,Urea,12.0,44.4,Top dress at 20-30 DAS; broadcast and irrigate,Shoot growth
banana,vegetative,alluvial,77.7,105.3,81.2,medium,high,medium,58.5,31.0,9.7,Urea + MOP,50.0,485.0,Top dress at 20-30 DAS; broadcast and irrigate,Sword sucker stage
rabi_maize,vegetative,sandy,110.8,46.0,76.0,high,medium,medium,63.0,24.8,6.5,Urea,15.0,97.5,Top dress at 20-30 DAS; broadcast and irrigate,Top dress
bajra,flowering,black_cotton,227.8,110.6,86.3,high,high,medium,62.5,34.5,2.7,Urea,6.0,16.2,Apply at flower bud initiation; avoid leaf contact,Booster dose
urad,germination,laterite,29.6,28.4,195.4,low,low,high,54.6,16.1,9.0,Rhizobium Biofert,5.0,45.0,Apply at sowing time or within first 7 DAS,Seed inoculation
urad,flowering,laterite,247.7,46.8,143.2,high,medium,high,33.0,22.2,3.3,MOP,4.0,13.2,Apply at flower bud initiation; avoid leaf contact,Pod development
soybean,grain_fill,alluvial,101.6,114.5,71.0,high,high,medium,41.7,35.9,2.1,Micronutrient Mix,5.0,10.5,Foliar spray or side dress during grain/fruit development,Zinc + Boron foliar spray
linseed,vegetative,red,239.3,61.9,87.4,high,medium,medium,37.5,18.1,9.2,Urea,7.2,66.2,Top dress at 20-30 DAS; broadcast and irrigate,Top dress
jowar_rabi,flowering,black_cotton,201.0,119.5,117.2,high,high,high,56.2,26.4,1.2,Urea,7.2,8.6,Apply at flower bud initiation; avoid leaf contact,Light booster
sunflower_kharif,pre_sowing,red,137.9,78.2,194.4,high,medium,high,62.9,17.1,5.8,DAP + MOP,15.0,87.0,"Apply 7 days before sowing, mix into topsoil 10-15cm",Basal
sugarcane,pre_sowing,sandy,80.9,62.1,173.3,medium,medium,high,31.3,33.4,4.4,DAP + MOP,25.0,110.0,"Apply 7 days before sowing, mix into topsoil 10-15cm",Heavy feeder; high basal
soybean,germination,alluvial,156.0,112.4,47.9,high,high,low,39.8,13.6,3.6,Rhizobium Biofert,5.0,18.0,Apply at sowing time or within first 7 DAS,Seed treatment reduces N requirement
watermelon,vegetative,sandy,120.5,32.8,55.1,high,low,medium,33.9,13.3,5.1,Urea,9.0,45.9,Top dress at 20-30 DAS; broadcast and irrigate,Vine growth
sunflower_kharif,flowering,black_cotton,264.1,110.1,45.6,high,high,low,54.8,13.8,8.6,Boron Spray,5.0,43.0,Apply at flower bud initiation; avoid leaf contact,Prevent hollow stem
sugarcane,harvest,red,211.4,72.0,143.9,high,medium,high,49.7,23.1,1.8,MOP,10.0,18.0,Do not apply; withholding period required,Juice quality
sunflower_kharif,pre_sowing,alluvial,35.0,53.2,24.3,low,medium,low,77.4,30.4,7.5,DAP + MOP,37.5,281.2,"Apply 7 days before sowing, mix into topsoil 10-15cm",Basal
banana,flowering,alluvial,118.3,108.4,87.4,high,high,medium,30.0,16.0,4.2,Urea + MOP,27.0,113.4,Apply at flower bud initiation; avoid leaf contact,Bunch initiation
sugarcane,harvest,laterite,172.2,23.4,131.7,high,low,high,41.2,15.8,3.6,MOP,10.0,36.0,Do not apply; withholding period required,Juice quality
watermelon,flowering,sandy,185.7,66.2,137.7,high,medium,high,45.0,36.8,1.1,19:19:19 NPK,3.6,4.0,Apply at flower bud initiation; avoid leaf contact,Fruit set
bajra,pre_sowing,sandy,169.0,25.0,65.4,high,low,medium,69.7,25.2,7.2,DAP,24.0,172.8,"Apply 7 days before sowing, mix into topsoil 10-15cm",Basal P
chilli,flowering,laterite,39.4,42.8,171.0,low,low,high,34.3,22.2,8.5,19:19:19 NPK,9.8,83.3,Apply at flower bud initiation; avoid leaf contact,Fruit set
cotton,grain_fill,alluvial,90.6,24.0,168.1,high,low,high,67.4,26.2,9.8,MOP,7.5,73.5,Foliar spray or side dress during grain/fruit development,Fibre quality
moong_rabi,pre_sowing,red,254.0,43.8,80.8,high,low,medium,72.0,30.9,9.3,SSP + MOP,21.6,200.9,"Apply 7 days before sowing, mix into topsoil 10-15cm",Same as kharif moong
jowar_rabi,vegetative,laterite,153.7,97.3,77.2,high,high,medium,33.2,22.5,7.6,Urea,12.0,91.2,Top dress at 20-30 DAS; broadcast and irrigate,Split N top dress
jowar_rabi,pre_sowing,black_cotton,21.7,47.9,170.7,low,medium,high,77.7,15.2,6.7,DAP + MOP,15.0,100.5,"Apply 7 days before sowing, mix into topsoil 10-15cm",Full P and K basal
maize_kharif,flowering,sandy,218.0,76.9,64.5,high,medium,medium,32.9,22.3,1.0,Urea,12.0,12.0,Apply at flower bud initiation; avoid leaf contact,Tasselling stage
jowar_kharif,pre_sowing,red,125.0,88.1,192.8,high,high,high,71.4,21.6,1.9,DAP,15.0,28.5,"Apply 7 days before sowing, mix into topsoil 10-15cm",Basal P and N
rice,grain_fill,alluvial,211.3,62.6,194.5,high,medium,high,78.8,36.9,3.6,MOP,6.0,21.6,Foliar spray or side dress during grain/fruit development,Grain filling stage
onion,harvest,black_cotton,115.5,118.6,126.9,high,high,high,33.9,12.7,4.3,NO FERTILIZER,0.0,0.0,Do not apply; withholding period required,Stop 3 weeks before harvest
grapes,pre_sowing,sandy,192.3,82.6,66.2,high,high,medium,55.7,24.5,5.1,DAP + MOP,18.0,91.8,"Apply 7 days before sowing, mix into topsoil 10-15cm",Pruning time dose
sunflower_rabi,vegetative,red,197.5,84.0,195.8,high,high,high,63.2,15.3,8.0,Urea,10.8,86.4,Top dress at 20-30 DAS; broadcast and irrigate,Top dress
grapes,vegetative,red,128.3,119.3,28.8,high,high,low,46.3,34.6,6.6,Urea,12.0,79.2,Top dress at 20-30 DAS; broadcast and irrigate,Shoot growth
sunflower_kharif,flowering,black_cotton,12.9,81.6,75.0,low,high,medium,45.7,28.8,6.5,Boron Spray,5.0,32.5,Apply at flower bud initiation; avoid leaf contact,Prevent hollow stem
pomegranate,grain_fill,alluvial,105.3,40.9,52.5,high,low,medium,66.9,28.6,9.2,MOP + Calcium,25.0,230.0,Foliar spray or side dress during grain/fruit development,Fruit development
onion,harvest,laterite,96.8,59.4,39.9,high,medium,low,34.5,28.5,7.8,NO FERTILIZER,0.0,0.0,Do not apply; withholding period required,Stop 3 weeks before harvest
jowar_kharif,vegetative,black_cotton,47.5,111.6,184.6,medium,high,high,34.3,12.2,5.1,Urea,20.0,102.0,Top dress at 20-30 DAS; broadcast and irrigate,Top dress after 3-4 weeks
groundnut,germination,alluvial,166.4,59.0,56.8,high,medium,medium,65.7,37.5,5.5,Rhizobium Biofert,5.0,27.5,Apply at sowing time or within first 7 DAS,Seed inoculation
mustard,vegetative,black_cotton,73.7,65.8,128.3,medium,medium,high,67.0,13.1,5.2,Urea,18.0,93.6,Top dress at 20-30 DAS; broadcast and irrigate,Top dress at 20 DAS
sesame,vegetative,alluvial,73.9,74.2,37.2,medium,medium,low,58.0,12.4,7.7,Urea,12.0,92.4,Top dress at 20-30 DAS; broadcast and irrigate,Top dress
bajra,flowering,alluvial,75.1,67.8,119.6,medium,medium,high,76.4,37.2,2.3,Urea,10.0,23.0,Apply at flower bud initiation; avoid leaf contact,Booster dose
moong_rabi,pre_sowing,alluvial,113.1,76.1,87.7,high,medium,medium,76.1,25.4,7.0,SSP + MOP,18.0,126.0,"Apply 7 days before sowing, mix into topsoil 10-15cm",Same as kharif moong
bajra,pre_sowing,alluvial,11.9,54.3,30.3,low,medium,low,60.3,18.6,3.2,DAP,20.0,64.0,"Apply 7 days before sowing, mix into topsoil 10-15cm",Basal P
sugarcane,grain_fill,black_cotton,258.2,67.6,60.6,high,medium,medium,54.5,24.1,8.6,Urea,18.0,154.8,Foliar spray or side dress during grain/fruit development,Elongation stage
jowar_rabi,vegetative,sandy,131.5,60.0,57.2,high,medium,medium,67.4,23.2,1.8,Urea,12.0,21.6,Top dress at 20-30 DAS; broadcast and irrigate,Split N top dress
chilli,flowering,black_cotton,99.2,100.5,55.5,high,high,medium,49.5,21.4,4.9,19:19:19 NPK,9.0,44.1,Apply at flower bud initiation; avoid leaf contact,Fruit set
sunflower_kharif,pre_sowing,alluvial,99.2,35.4,66.8,high,low,medium,27.6,24.1,7.5,DAP + MOP,36.0,270.0,"Apply 7 days before sowing, mix into topsoil 10-15cm",Basal
tur_arhar,germination,alluvial,42.3,96.0,46.5,medium,high,low,34.7,19.3,5.9,Rhizobium Biofert,5.0,29.5,Apply at sowing time or within first 7 DAS,Seed treatment
maize_kharif,vegetative,sandy,54.5,81.7,118.3,medium,high,high,34.9,26.9,7.4,Urea,25.0,185.0,Top dress at 20-30 DAS; broadcast and irrigate,Knee high stage N
sunflower_kharif,pre_sowing,red,227.2,95.7,170.6,high,high,high,29.2,32.0,6.3,DAP + MOP,9.0,56.7,"Apply 7 days before sowing, mix into topsoil 10-15cm",Basal
turmeric,vegetative,laterite,104.2,21.2,149.3,high,low,high,36.5,37.5,3.9,Urea + MOP,9.0,35.1,Top dress at 20-30 DAS; broadcast and irrigate,Rhizome development
tur_arhar,germination,red,104.5,53.6,176.6,high,medium,high,50.5,15.3,9.1,Rhizobium Biofert,5.0,45.5,Apply at sowing time or within first 7 DAS,Seed treatment
bajra,flowering,black_cotton,275.6,45.3,34.6,high,medium,low,26.2,37.3,7.8,Urea,6.0,46.8,Apply at flower bud initiation; avoid leaf contact,Booster dose
orange,flowering,black_cotton,21.4,104.9,134.0,low,high,high,52.4,37.0,9.3,Urea,26.0,241.8,Apply at flower bud initiation; avoid leaf contact,Flush growth
mustard,vegetative,alluvial,46.9,72.7,162.1,medium,medium,high,56.9,27.6,9.2,Urea,18.0,165.6,Top dress at 20-30 DAS; broadcast and irrigate,Top dress at 20 DAS
pomegranate,flowering,red,105.3,74.0,139.0,high,medium,high,44.2,25.7,9.1,Urea + MOP,9.0,81.9,Apply at flower bud initiation; avoid leaf contact,Fruit set
rice,germination,alluvial,223.5,107.9,124.7,high,high,high,46.2,16.7,6.8,Urea,10.8,73.4,Apply at sowing time or within first 7 DAS,7-10 DAS
sunflower_kharif,pre_sowing,sandy,47.0,52.0,36.1,medium,medium,low,20.7,35.2,9.6,DAP + MOP,37.5,360.0,"Apply 7 days before sowing, mix into topsoil 10-15cm",Basal
cucumber,vegetative,sandy,239.8,43.9,107.2,high,low,high,72.7,31.8,7.3,Urea,9.0,65.7,Top dress at 20-30 DAS; broadcast and irrigate,Growth boost
pomegranate,pre_sowing,laterite,226.6,67.4,188.0,high,medium,high,65.1,16.5,9.7,DAP + MOP,17.5,169.8,"Apply 7 days before sowing, mix into topsoil 10-15cm",Pre-bloom
sunflower_rabi,vegetative,red,234.5,109.3,48.4,high,high,low,21.4,16.3,9.1,Urea,10.8,98.3,Top dress at 20-30 DAS; broadcast and irrigate,Top dress
pomegranate,pre_sowing,red,80.2,98.7,26.6,medium,high,low,64.0,16.1,1.2,DAP + MOP,26.2,31.4,"Apply 7 days before sowing, mix into topsoil 10-15cm",Pre-bloom
turmeric,grain_fill,black_cotton,72.0,46.4,97.2,medium,medium,medium,73.4,29.9,5.8,MOP,20.0,116.0,Foliar spray or side dress during grain/fruit development,Curcumin synthesis
urad,pre_sowing,black_cotton,166.7,58.2,176.9,high,medium,high,52.3,35.2,8.7,SSP + MOP,9.0,78.3,"Apply 7 days before sowing, mix into topsoil 10-15cm",Basal P+K
orange,flowering,red,133.2,27.4,146.3,high,low,high,60.9,30.0,1.8,Urea,12.0,21.6,Apply at flower bud initiation; avoid leaf contact,Flush growth
sunflower_kharif,flowering,black_cotton,229.7,103.9,55.0,high,high,medium,52.7,16.7,0.6,Boron Spray,5.0,3.0,Apply at flower bud initiation; avoid leaf contact,Prevent hollow stem
jowar_kharif,vegetative,red,87.0,84.9,138.0,medium,high,high,65.8,26.3,9.1,Urea,20.0,182.0,Top dress at 20-30 DAS; broadcast and irrigate,Top dress after 3-4 weeks
onion,harvest,sandy,220.7,79.8,107.2,high,medium,high,62.7,15.9,7.8,NO FERTILIZER,0.0,0.0,Do not apply; withholding period required,Stop 3 weeks before harvest
rice,germination,sandy,261.4,22.7,100.0,high,low,high,46.6,30.0,3.6,Urea,10.8,38.9,Apply at sowing time or within first 7 DAS,7-10 DAS
mustard,pre_sowing,sandy,231.7,58.6,46.1,high,medium,low,33.6,15.3,1.3,DAP + MOP,31.2,40.6,"Apply 7 days before sowing, mix into topsoil 10-15cm",Basal; sulfur from SSP
pomegranate,grain_fill,red,154.3,107.2,39.1,high,high,low,37.2,32.2,6.2,MOP + Calcium,31.2,193.4,Foliar spray or side dress during grain/fruit development,Fruit development
tomato,pre_sowing,red,220.4,67.6,184.3,high,medium,high,26.5,16.7,1.6,DAP + MOP,20.0,32.0,"Apply 7 days before sowing, mix into topsoil 10-15cm",Full P+K; half N
chilli,grain_fill,sandy,88.8,26.0,40.9,medium,low,low,37.3,12.7,7.1,MOP,15.0,106.5,Foliar spray or side dress during grain/fruit development,Pungency development
urad,pre_sowing,sandy,151.3,42.7,94.9,high,low,medium,45.8,23.6,1.5,SSP + MOP,21.6,32.4,"Apply 7 days before sowing, mix into topsoil 10-15cm",Basal P+K
mustard,flowering,red,133.9,69.2,128.3,high,medium,high,27.9,36.9,5.3,Urea,6.0,31.8,Apply at flower bud initiation; avoid leaf contact,Booster
banana,grain_fill,red,66.3,31.8,122.4,medium,low,high,58.1,21.7,7.1,MOP,20.0,142.0,Foliar spray or side dress during grain/fruit development,Bunch filling
safflower,flowering,red,114.2,24.5,111.6,high,low,high,75.6,20.9,6.9,Urea,6.0,41.4,Apply at flower bud initiation; avoid leaf contact,Capitulum stage
grapes,flowering,red,50.2,38.7,38.3,medium,low,low,43.0,37.9,2.6,13:00:45 NPK,18.8,48.9,Apply at flower bud initiation; avoid leaf contact,Berry set
banana,grain_fill,sandy,264.3,42.9,152.7,high,low,high,48.9,26.6,2.3,MOP,20.0,46.0,Foliar spray or side dress during grain/fruit development,Bunch filling
chickpea,pre_sowing,red,210.1,24.2,194.8,high,low,high,22.8,22.6,3.7,SSP + MOP,12.0,44.4,"Apply 7 days before sowing, mix into topsoil 10-15cm",Low N; P and K basal
rice,flowering,red,157.8,85.2,161.6,high,high,high,31.3,37.1,7.6,Urea + MOP,6.0,45.6,Apply at flower bud initiation; avoid leaf contact,Panicle initiation
orange,pre_sowing,alluvial,229.6,116.6,21.0,high,high,low,78.9,23.9,0.8,DAP + MOP,26.2,21.0,"Apply 7 days before sowing, mix into topsoil 10-15cm",Post-harvest dose
wheat,pre_sowing,alluvial,70.3,46.9,125.5,medium,medium,high,27.9,14.5,5.2,DAP + MOP,17.5,91.0,"Apply 7 days before sowing, mix into topsoil 10-15cm",Full P+K; half N
groundnut,grain_fill,red,183.2,70.9,186.3,high,medium,high,35.1,26.4,2.9,MOP,5.0,14.5,Foliar spray or side dress during grain/fruit development,Kernel filling
urad,pre_sowing,alluvial,67.3,38.9,119.7,medium,low,high,65.4,26.1,7.1,SSP + MOP,10.8,76.7,"Apply 7 days before sowing, mix into topsoil 10-15cm",Basal P+K
turmeric,grain_fill,black_cotton,237.1,105.2,130.0,high,high,high,55.4,23.9,9.8,MOP,10.0,98.0,Foliar spray or side dress during grain/fruit development,Curcumin synthesis
rabi_maize,vegetative,sandy,250.5,48.0,61.0,high,medium,medium,71.0,33.2,3.3,Urea,15.0,49.5,Top dress at 20-30 DAS; broadcast and irrigate,Top dress
sunflower_rabi,flowering,alluvial,226.7,35.7,45.9,high,low,low,41.4,33.5,7.2,Boron Spray,5.0,36.0,Apply at flower bud initiation; avoid leaf contact,Pollination support
maize_kharif,flowering,black_cotton,231.4,113.4,44.6,high,high,low,34.8,29.4,1.0,Urea,12.0,12.0,Apply at flower bud initiation; avoid leaf contact,Tasselling stage
sugarcane,germination,sandy,21.1,87.2,94.4,low,high,medium,47.1,24.5,4.0,Urea,32.5,130.0,Apply at sowing time or within first 7 DAS,Germination boost
linseed,pre_sowing,sandy,219.5,111.6,43.4,high,high,low,57.0,13.3,6.5,DAP + MOP,15.0,97.5,"Apply 7 days before sowing, mix into topsoil 10-15cm",Basal
jowar_kharif,pre_sowing,alluvial,164.6,78.9,48.7,high,medium,low,49.8,18.1,3.2,DAP,25.0,80.0,"Apply 7 days before sowing, mix into topsoil 10-15cm",Basal P and N
moong_rabi,pre_sowing,alluvial,210.8,78.5,133.3,high,medium,high,35.2,17.6,9.4,SSP + MOP,9.0,84.6,"Apply 7 days before sowing, mix into topsoil 10-15cm",Same as kharif moong
rice,flowering,black_cotton,159.5,28.6,86.2,high,low,medium,45.0,17.0,4.2,Urea + MOP,12.0,50.4,Apply at flower bud initiation; avoid leaf contact,Panicle initiation
linseed,vegetative,laterite,124.0,66.2,31.6,high,medium,low,62.0,25.0,2.9,Urea,7.2,20.9,Top dress at 20-30 DAS; broadcast and irrigate,Top dress
moong_rabi,germination,black_cotton,87.9,80.4,41.1,medium,high,low,63.9,24.4,8.6,Rhizobium Biofert,5.0,43.0,Apply at sowing time or within first 7 DAS,Seed treatment
jowar_rabi,flowering,red,242.9,97.2,22.1,high,high,low,70.6,28.6,4.2,Urea,7.2,30.2,Apply at flower bud initiation; avoid leaf contact,Light booster
chickpea,pre_sowing,red,180.9,38.5,176.2,high,low,high,56.8,30.7,4.4,SSP + MOP,12.0,52.8,"Apply 7 days before sowing, mix into topsoil 10-15cm",Low N; P and K basal
moong_rabi,flowering,sandy,191.4,40.7,167.8,high,low,high,20.7,21.4,1.2,MOP,4.0,4.8,Apply at flower bud initiation; avoid leaf contact,Pod fill
sugarcane,vegetative,red,90.4,65.9,182.2,high,medium,high,59.0,29.1,7.1,Urea + MOP,15.0,106.5,Top dress at 20-30 DAS; broadcast and irrigate,Grand growth period
grapes,grain_fill,alluvial,23.9,109.5,125.3,low,high,high,43.4,25.8,8.2,MOP,10.0,82.0,Foliar spray or side dress during grain/fruit development,Maturity
grapes,vegetative,red,210.4,74.3,120.3,high,medium,high,22.1,14.8,7.4,Urea,12.0,88.8,Top dress at 20-30 DAS; broadcast and irrigate,Shoot growth
cucumber,vegetative,black_cotton,73.0,63.5,106.1,medium,medium,high,56.7,21.6,2.1,Urea,15.0,31.5,Top dress at 20-30 DAS; broadcast and irrigate,Growth boost
sesame,vegetative,black_cotton,257.1,24.1,134.7,high,low,high,24.6,18.8,6.1,Urea,7.2,43.9,Top dress at 20-30 DAS; broadcast and irrigate,Top dress
sunflower_kharif,flowering,black_cotton,153.2,88.3,170.2,high,high,high,43.7,29.0,9.4,Boron Spray,5.0,47.0,Apply at flower bud initiation; avoid leaf contact,Prevent hollow stem
grapes,flowering,alluvial,261.5,84.7,120.8,high,high,high,22.9,18.6,1.6,13:00:45 NPK,4.5,7.2,Apply at flower bud initiation; avoid leaf contact,Berry set
bajra,vegetative,laterite,161.8,101.2,50.9,high,high,medium,75.6,23.8,6.5,Urea,10.8,70.2,Top dress at 20-30 DAS; broadcast and irrigate,N top dress 3 weeks after sowing
cotton,grain_fill,laterite,65.8,47.7,125.3,medium,medium,high,70.8,21.5,6.0,MOP,7.5,45.0,Foliar spray or side dress during grain/fruit development,Fibre quality
sesame,pre_sowing,black_cotton,185.4,21.2,155.8,high,low,high,50.6,14.5,0.7,DAP,21.6,15.1,"Apply 7 days before sowing, mix into topsoil 10-15cm",Light feeder
rice,flowering,laterite,267.4,31.6,177.8,high,low,high,39.5,23.9,6.2,Urea + MOP,6.0,37.2,Apply at flower bud initiation; avoid leaf contact,Panicle initiation
moong_kharif,pre_sowing,black_cotton,120.1,40.9,70.2,high,low,medium,33.6,15.0,10.0,SSP + MOP,21.6,216.0,"Apply 7 days before sowing, mix into topsoil 10-15cm",Low N legume
mustard,vegetative,laterite,225.3,84.0,132.7,high,high,high,25.3,24.5,4.3,Urea,10.8,46.4,Top dress at 20-30 DAS; broadcast and irrigate,Top dress at 20 DAS
banana,pre_sowing,alluvial,63.0,86.4,37.2,medium,high,low,52.0,28.2,9.8,DAP + MOP,45.0,441.0,"Apply 7 days before sowing, mix into topsoil 10-15cm",Heavy K feeder; high basal
jowar_rabi,pre_sowing,black_cotton,259.6,90.4,190.7,high,high,high,30.0,17.3,6.4,DAP + MOP,9.0,57.6,"Apply 7 days before sowing, mix into topsoil 10-15cm",Full P and K basal
sunflower_kharif,vegetative,alluvial,162.0,119.0,123.4,high,high,high,48.0,37.3,3.4,Urea,10.8,36.7,Top dress at 20-30 DAS; broadcast and irrigate,Top dress
cucumber,vegetative,black_cotton,229.4,106.7,61.0,high,high,medium,68.2,16.1,5.4,Urea,9.0,48.6,Top dress at 20-30 DAS; broadcast and irrigate,Growth boost
maize_kharif,flowering,black_cotton,124.4,67.0,187.3,high,medium,high,76.8,37.3,6.0,Urea,12.0,72.0,Apply at flower bud initiation; avoid leaf contact,Tasselling stage
rabi_maize,vegetative,alluvial,78.8,34.1,76.1,medium,low,medium,44.2,33.7,9.3,Urea,25.0,232.5,Top dress at 20-30 DAS; broadcast and irrigate,Top dress
tomato,flowering,sandy,217.4,89.9,59.8,high,high,medium,30.9,26.4,9.5,19:19:19 NPK,9.0,85.5,Apply at flower bud initiation; avoid leaf contact,Balanced NPK at fruit set
sugarcane,grain_fill,black_cotton,93.0,89.2,22.9,high,high,low,25.6,35.9,4.2,Urea,18.0,75.6,Foliar spray or side dress during grain/fruit development,Elongation stage
groundnut,pre_sowing,sandy,114.3,72.0,79.3,high,medium,medium,79.2,16.4,8.1,SSP + Gypsum,30.0,243.0,"Apply 7 days before sowing, mix into topsoil 10-15cm",Ca from gypsum for pod fill
wheat,flowering,sandy,141.2,86.1,84.9,high,high,medium,47.5,32.7,6.9,Urea,6.0,41.4,Apply at flower bud initiation; avoid leaf contact,Grain initiation
turmeric,pre_sowing,black_cotton,94.1,102.8,181.5,high,high,high,33.2,29.0,8.1,DAP + MOP,12.0,97.2,"Apply 7 days before sowing, mix into topsoil 10-15cm",High K demand
jowar_rabi,flowering,red,233.6,24.5,64.0,high,low,medium,45.2,25.9,1.3,Urea,7.2,9.4,Apply at flower bud initiation; avoid leaf contact,Light booster
safflower,pre_sowing,black_cotton,20.4,30.0,139.8,low,low,high,54.6,32.9,0.6,DAP + MOP,15.0,9.0,"Apply 7 days before sowing, mix into topsoil 10-15cm",Basal
sugarcane,grain_fill,red,179.2,68.2,121.2,high,medium,high,59.4,30.5,8.4,Urea,18.0,151.2,Foliar spray or side dress during grain/fruit development,Elongation stage
sesame,pre_sowing,sandy,12.7,113.6,178.5,low,high,high,61.5,34.9,5.2,DAP,10.8,56.2,"Apply 7 days before sowing, mix into topsoil 10-15cm",Light feeder
sunflower_rabi,flowering,red,257.2,111.1,82.4,high,high,medium,38.9,35.5,1.4,Boron Spray,5.0,7.0,Apply at flower bud initiation; avoid leaf contact,Pollination support
sugarcane,germination,sandy,218.2,44.5,63.3,high,low,medium,46.3,17.0,2.9,Urea,15.0,43.5,Apply at sowing time or within first 7 DAS,Germination boost
wheat,pre_sowing,red,188.4,81.5,192.8,high,high,high,78.5,26.0,7.5,DAP + MOP,10.5,78.8,"Apply 7 days before sowing, mix into topsoil 10-15cm",Full P+K; half N
onion,grain_fill,alluvial,97.5,117.5,169.1,high,high,high,22.4,21.3,1.4,MOP,7.5,10.5,Foliar spray or side dress during grain/fruit development,Bulb development
sugarcane,germination,laterite,25.1,47.3,47.9,low,medium,low,28.6,32.5,4.5,Urea,32.5,146.2,Apply at sowing time or within first 7 DAS,Germination boost
cucumber,pre_sowing,red,130.3,55.7,100.7,high,medium,high,68.5,18.6,6.5,DAP + MOP,12.5,81.2,"Apply 7 days before sowing, mix into topsoil 10-15cm",Basal
rabi_maize,pre_sowing,red,105.6,45.9,76.7,high,medium,medium,34.3,18.5,3.2,DAP + MOP,35.0,112.0,"Apply 7 days before sowing, mix into topsoil 10-15cm",Same as kharif maize
orange,grain_fill,black_cotton,269.9,66.8,129.4,high,medium,high,78.7,22.7,2.8,MOP + Micronutrient,10.0,28.0,Foliar spray or side dress during grain/fruit development,Fruit color + quality
chilli,pre_sowing,black_cotton,110.0,88.2,197.8,high,high,high,39.8,34.5,4.0,DAP + MOP,10.5,42.0,"Apply 7 days before sowing, mix into topsoil 10-15cm",Basal
sunflower_kharif,pre_sowing,red,21.6,75.5,55.0,low,medium,medium,73.7,19.9,5.6,DAP + MOP,30.0,168.0,"Apply 7 days before sowing, mix into topsoil 10-15cm",Basal
banana,flowering,black_cotton,165.8,91.5,46.0,high,high,low,48.5,15.6,1.6,Urea + MOP,33.8,54.1,Apply at flower bud initiation; avoid leaf contact,Bunch initiation
linseed,pre_sowing,black_cotton,232.0,56.4,25.7,high,medium,low,70.1,29.5,9.4,DAP + MOP,25.0,235.0,"Apply 7 days before sowing, mix into topsoil 10-15cm",Basal
orange,flowering,alluvial,204.8,62.7,135.4,high,medium,high,69.9,14.8,6.3,Urea,12.0,75.6,Apply at flower bud initiation; avoid leaf contact,Flush growth
soybean,grain_fill,red,225.8,40.1,135.6,high,low,high,27.9,13.8,3.8,Micronutrient Mix,5.0,19.0,Foliar spray or side dress during grain/fruit development,Zinc + Boron foliar spray
bajra,flowering,red,104.8,72.6,168.2,high,medium,high,65.7,34.8,7.2,Urea,6.0,43.2,Apply at flower bud initiation; avoid leaf contact,Booster dose
rice,flowering,alluvial,169.0,46.0,35.0,high,medium,low,36.0,18.1,5.6,Urea + MOP,15.0,84.0,Apply at flower bud initiation; avoid leaf contact,Panicle initiation
banana,grain_fill,laterite,249.4,103.0,178.5,high,high,high,36.8,36.1,6.3,MOP,20.0,126.0,Foliar spray or side dress during grain/fruit development,Bunch filling
moong_rabi,germination,alluvial,116.5,73.7,81.9,high,medium,medium,61.1,36.8,0.6,Rhizobium Biofert,5.0,3.0,Apply at sowing time or within first 7 DAS,Seed treatment
pomegranate,grain_fill,laterite,21.8,23.8,37.4,low,low,low,21.3,18.9,6.0,MOP + Calcium,31.2,187.2,Foliar spray or side dress during grain/fruit development,Fruit development
sunflower_rabi,vegetative,laterite,64.0,97.5,110.9,medium,high,high,43.6,24.8,9.9,Urea,18.0,178.2,Top dress at 20-30 DAS; broadcast and irrigate,Top dress
groundnut,flowering,sandy,279.5,56.1,82.2,high,medium,medium,33.7,12.3,7.3,Gypsum,25.0,182.5,Apply at flower bud initiation; avoid leaf contact,Peg development
linseed,vegetative,laterite,218.6,100.0,178.8,high,high,high,68.3,14.6,3.4,Urea,7.2,24.5,Top dress at 20-30 DAS; broadcast and irrigate,Top dress
linseed,pre_sowing,red,167.9,89.9,64.7,high,high,medium,65.1,32.3,7.9,DAP + MOP,12.0,94.8,"Apply 7 days before sowing, mix into topsoil 10-15cm",Basal
turmeric,pre_sowing,alluvial,215.3,64.2,124.1,high,medium,high,27.6,14.0,4.7,DAP + MOP,20.0,94.0,"Apply 7 days before sowing, mix into topsoil 10-15cm",High K demand
maize_kharif,grain_fill,black_cotton,59.2,65.7,138.9,medium,medium,high,75.1,12.5,4.8,MOP,5.0,24.0,Foliar spray or side dress during grain/fruit development,Cob development
rabi_maize,flowering,laterite,47.0,88.7,115.9,medium,high,high,20.1,32.8,8.0,Urea,18.0,144.0,Apply at flower bud initiation; avoid leaf contact,Booster
tomato,harvest,sandy,115.2,60.7,31.2,high,medium,low,23.5,29.9,3.9,13:00:45 NPK,7.5,29.2,Do not apply; withholding period required,Quality booster
banana,grain_fill,alluvial,64.0,20.4,41.9,medium,low,low,71.8,24.8,4.5,MOP,50.0,225.0,Foliar spray or side dress during grain/fruit development,Bunch filling
mustard,vegetative,red,89.3,86.9,126.0,medium,high,high,51.3,19.6,2.9,Urea,18.0,52.2,Top dress at 20-30 DAS; broadcast and irrigate,Top dress at 20 DAS
rabi_maize,flowering,black_cotton,160.8,65.3,28.4,high,medium,low,75.0,19.3,6.5,Urea,10.8,70.2,Apply at flower bud initiation; avoid leaf contact,Booster
sunflower_rabi,pre_sowing,sandy,188.1,81.6,84.8,high,high,medium,42.3,13.3,6.2,DAP + MOP,18.0,111.6,"Apply 7 days before sowing, mix into topsoil 10-15cm",Basal
chilli,flowering,laterite,21.8,115.7,39.6,low,high,low,42.2,22.4,3.9,19:19:19 NPK,24.4,95.2,Apply at flower bud initiation; avoid leaf contact,Fruit set
urad,pre_sowing,red,128.9,91.3,134.9,high,high,high,69.7,12.5,8.7,SSP + MOP,5.4,47.0,"Apply 7 days before sowing, mix into topsoil 10-15cm",Basal P+K
watermelon,vegetative,laterite,221.8,53.7,179.7,high,medium,high,58.0,31.5,8.9,Urea,9.0,80.1,Top dress at 20-30 DAS; broadcast and irrigate,Vine growth
sunflower_kharif,flowering,sandy,41.4,68.1,126.2,medium,medium,high,46.3,22.3,9.6,Boron Spray,5.0,48.0,Apply at flower bud initiation; avoid leaf contact,Prevent hollow stem
tomato,harvest,laterite,156.6,113.3,136.1,high,high,high,23.0,28.4,9.1,13:00:45 NPK,3.0,27.3,Do not apply; withholding period required,Quality booster
groundnut,flowering,black_cotton,67.6,34.6,141.8,medium,low,high,78.5,12.5,7.0,Gypsum,25.0,175.0,Apply at flower bud initiation; avoid leaf contact,Peg development
sunflower_kharif,pre_sowing,laterite,71.7,55.1,186.0,medium,medium,high,37.6,13.3,1.5,DAP + MOP,15.0,22.5,"Apply 7 days before sowing, mix into topsoil 10-15cm",Basal
tur_arhar,germination,laterite,211.0,101.7,99.2,high,high,medium,50.5,25.4,7.6,Rhizobium Biofert,5.0,38.0,Apply at sowing time or within first 7 DAS,Seed treatment
moong_rabi,pre_sowing,red,187.8,57.6,65.3,high,medium,medium,45.1,32.2,6.1,SSP + MOP,18.0,109.8,"Apply 7 days before sowing, mix into topsoil 10-15cm",Same as kharif moong
onion,grain_fill,black_cotton,255.2,40.1,56.6,high,low,medium,64.6,28.3,6.9,MOP,15.0,103.5,Foliar spray or side dress during grain/fruit development,Bulb development
watermelon,pre_sowing,black_cotton,63.1,82.0,82.4,medium,high,medium,37.7,20.8,8.5,DAP + MOP,18.0,153.0,"Apply 7 days before sowing, mix into topsoil 10-15cm",Basal
safflower,vegetative,alluvial,262.5,29.7,59.0,high,low,medium,69.9,14.5,3.5,Urea,9.0,31.5,Top dress at 20-30 DAS; broadcast and irrigate,Rosette stage
sunflower_rabi,pre_sowing,laterite,230.8,114.3,104.2,high,high,high,62.1,28.7,1.8,DAP + MOP,9.0,16.2,"Apply 7 days before sowing, mix into topsoil 10-15cm",Basal
mustard,flowering,black_cotton,237.1,72.7,68.8,high,medium,medium,79.1,32.8,5.8,Urea,6.0,34.8,Apply at flower bud initiation; avoid leaf contact,Booster
rabi_maize,pre_sowing,laterite,90.0,62.1,97.3,high,medium,medium,49.0,37.7,4.3,DAP + MOP,35.0,150.5,"Apply 7 days before sowing, mix into topsoil 10-15cm",Same as kharif maize
banana,flowering,sandy,44.7,29.5,153.5,medium,low,high,31.6,33.7,5.9,Urea + MOP,22.5,132.8,Apply at flower bud initiation; avoid leaf contact,Bunch initiation
grapes,vegetative,black_cotton,199.3,81.5,194.2,high,high,high,46.2,18.7,6.2,Urea,12.0,74.4,Top dress at 20-30 DAS; broadcast and irrigate,Shoot growth
maize_kharif,pre_sowing,alluvial,62.6,56.4,64.4,medium,medium,medium,37.7,21.6,5.6,DAP + MOP,35.0,196.0,"Apply 7 days before sowing, mix into topsoil 10-15cm",Full P+K; half N basal
moong_kharif,flowering,red,252.6,55.7,123.0,high,medium,high,73.3,28.2,1.2,MOP,4.0,4.8,Apply at flower bud initiation; avoid leaf contact,Pod fill
rabi_maize,vegetative,red,145.9,113.7,27.7,high,high,low,49.5,25.2,9.3,Urea,15.0,139.5,Top dress at 20-30 DAS; broadcast and irrigate,Top dress
jowar_kharif,pre_sowing,sandy,16.0,83.8,167.4,low,high,high,74.2,25.4,1.7,DAP,15.0,25.5,"Apply 7 days before sowing, mix into topsoil 10-15cm",Basal P and N
chickpea,pre_sowing,laterite,254.8,74.6,81.8,high,medium,medium,29.0,22.7,2.3,SSP + MOP,20.0,46.0,"Apply 7 days before sowing, mix into topsoil 10-15cm",Low N; P and K basal
pomegranate,flowering,alluvial,64.1,69.6,197.2,medium,medium,high,67.6,15.6,9.1,Urea + MOP,15.0,136.5,Apply at flower bud initiation; avoid leaf contact,Fruit set
rice,grain_fill,alluvial,140.1,32.6,52.7,high,low,medium,70.0,21.4,7.9,MOP,12.0,94.8,Foliar spray or side dress during grain/fruit development,Grain filling stage
wheat,vegetative,sandy,97.1,46.7,163.7,high,medium,high,29.8,13.9,9.7,Urea,12.0,116.4,Top dress at 20-30 DAS; broadcast and irrigate,Tillering
cotton,pre_sowing,red,14.6,105.7,198.6,low,high,high,69.9,37.6,6.2,DAP + MOP,12.0,74.4,"Apply 7 days before sowing, mix into topsoil 10-15cm",Basal: 25N 25P 25K
moong_kharif,pre_sowing,black_cotton,66.8,47.4,118.8,medium,medium,high,46.0,31.7,9.3,SSP + MOP,9.0,83.7,"Apply 7 days before sowing, mix into topsoil 10-15cm",Low N legume
chickpea,flowering,red,34.3,87.3,38.2,low,high,low,55.4,29.4,5.9,MOP,10.0,59.0,Apply at flower bud initiation; avoid leaf contact,Foliar K for pod fill
tur_arhar,pre_sowing,alluvial,218.9,48.3,95.3,high,medium,medium,39.4,32.3,0.8,SSP + MOP,22.0,17.6,"Apply 7 days before sowing, mix into topsoil 10-15cm",Low N; P+K basal
onion,vegetative,alluvial,103.0,60.2,195.6,high,medium,high,57.7,21.2,5.6,Urea,12.0,67.2,Top dress at 20-30 DAS; broadcast and irrigate,Leaf development
turmeric,grain_fill,alluvial,19.4,115.6,123.9,low,high,high,27.4,29.4,1.0,MOP,10.0,10.0,Foliar spray or side dress during grain/fruit development,Curcumin synthesis
soybean,vegetative,sandy,85.9,36.5,124.2,medium,low,high,56.9,28.3,2.0,Urea,12.0,24.0,Top dress at 20-30 DAS; broadcast and irrigate,Top dress if N deficiency observed
tomato,pre_sowing,red,212.4,61.0,125.4,high,medium,high,75.3,13.2,9.7,DAP + MOP,20.0,194.0,"Apply 7 days before sowing, mix into topsoil 10-15cm",Full P+K; half N
rice,vegetative,red,166.4,42.7,155.0,high,low,high,20.6,23.9,7.8,Urea,13.2,103.0,Top dress at 20-30 DAS; broadcast and irrigate,25-30 DAS tillering
urad,flowering,alluvial,229.2,111.7,71.0,high,high,medium,76.3,14.4,4.2,MOP,8.0,33.6,Apply at flower bud initiation; avoid leaf contact,Pod development
pomegranate,flowering,laterite,147.5,79.4,184.5,high,medium,high,69.8,31.5,9.3,Urea + MOP,9.0,83.7,Apply at flower bud initiation; avoid leaf contact,Fruit set
mustard,flowering,laterite,168.1,53.9,105.2,high,medium,high,23.5,28.8,10.0,Urea,6.0,60.0,Apply at flower bud initiation; avoid leaf contact,Booster
cucumber,vegetative,laterite,227.4,43.8,177.6,high,low,high,39.7,26.6,4.0,Urea,9.0,36.0,Top dress at 20-30 DAS; broadcast and irrigate,Growth boost
jowar_kharif,pre_sowing,black_cotton,18.7,77.4,78.1,low,medium,medium,61.5,17.9,4.2,DAP,25.0,105.0,"Apply 7 days before sowing, mix into topsoil 10-15cm",Basal P and N
chilli,pre_sowing,black_cotton,230.2,51.4,167.6,high,medium,high,63.4,16.1,3.5,DAP + MOP,17.5,61.2,"Apply 7 days before sowing, mix into topsoil 10-15cm",Basal
sunflower_rabi,vegetative,laterite,83.8,116.1,94.3,medium,high,medium,58.4,28.3,6.6,Urea,18.0,118.8,Top dress at 20-30 DAS; broadcast and irrigate,Top dress
sugarcane,germination,laterite,17.2,47.6,115.1,low,medium,high,54.1,35.7,7.7,Urea,32.5,250.2,Apply at sowing time or within first 7 DAS,Germination boost
moong_rabi,flowering,sandy,123.1,80.4,144.0,high,high,high,36.8,32.1,3.2,MOP,4.0,12.8,Apply at flower bud initiation; avoid leaf contact,Pod fill
grapes,flowering,sandy,91.4,80.2,111.7,high,high,high,64.7,31.3,6.5,13:00:45 NPK,4.5,29.2,Apply at flower bud initiation; avoid leaf contact,Berry set
cotton,grain_fill,sandy,173.3,96.2,136.1,high,high,high,79.0,27.6,9.9,MOP,7.5,74.2,Foliar spray or side dress during grain/fruit development,Fibre quality
cucumber,pre_sowing,alluvial,87.1,115.8,36.5,medium,high,low,61.0,15.5,6.2,DAP + MOP,18.8,116.6,"Apply 7 days before sowing, mix into topsoil 10-15cm",Basal
tomato,harvest,alluvial,65.5,88.3,150.9,medium,high,high,53.0,26.9,3.0,13:00:45 NPK,5.0,15.0,Do not apply; withholding period required,Quality booster
tomato,pre_sowing,alluvial,170.6,107.1,120.7,high,high,high,76.0,23.0,0.6,DAP + MOP,12.0,7.2,"Apply 7 days before sowing, mix into topsoil 10-15cm",Full P+K; half N
moong_kharif,flowering,black_cotton,147.0,97.2,179.6,high,high,high,64.9,28.9,1.6,MOP,4.0,6.4,Apply at flower bud initiation; avoid leaf contact,Pod fill
bajra,vegetative,sandy,163.3,33.1,47.8,high,low,low,45.5,33.7,7.5,Urea,10.8,81.0,Top dress at 20-30 DAS; broadcast and irrigate,N top dress 3 weeks after sowing
banana,pre_sowing,black_cotton,161.4,88.6,123.1,high,high,high,76.0,30.3,1.0,DAP + MOP,18.0,18.0,"Apply 7 days before sowing, mix into topsoil 10-15cm",Heavy K feeder; high basal
moong_kharif,germination,alluvial,14.9,93.7,66.3,low,high,medium,52.9,29.1,4.6,Rhizobium Biofert,5.0,23.0,Apply at sowing time or within first 7 DAS,Seed treatment
safflower,pre_sowing,black_cotton,138.9,46.5,197.4,high,medium,high,67.8,33.6,6.5,DAP + MOP,12.5,81.2,"Apply 7 days before sowing, mix into topsoil 10-15cm",Basal
groundnut,flowering,red,20.7,88.0,103.2,low,high,high,68.3,30.4,0.9,Gypsum,25.0,22.5,Apply at flower bud initiation; avoid leaf contact,Peg development
sesame,vegetative,sandy,52.9,51.9,82.9,medium,medium,medium,49.7,32.0,2.6,Urea,12.0,31.2,Top dress at 20-30 DAS; broadcast and irrigate,Top dress
cucumber,pre_sowing,sandy,126.4,25.7,75.6,high,low,medium,32.3,20.7,1.1,DAP + MOP,30.0,33.0,"Apply 7 days before sowing, mix into topsoil 10-15cm",Basal
turmeric,pre_sowing,alluvial,40.2,40.7,117.0,medium,low,high,23.0,17.4,1.0,DAP + MOP,24.0,24.0,"Apply 7 days before sowing, mix into topsoil 10-15cm",High K demand
tur_arhar,flowering,alluvial,237.8,63.3,163.0,high,medium,high,56.9,19.8,1.3,MOP,5.0,6.5,Apply at flower bud initiation; avoid leaf contact,Pod setting
moong_kharif,pre_sowing,sandy,128.5,30.8,23.8,high,low,low,42.7,18.5,8.5,SSP + MOP,27.0,229.5,"Apply 7 days before sowing, mix into topsoil 10-15cm",Low N legume
rice,grain_fill,sandy,151.0,115.0,196.1,high,high,high,79.4,25.3,2.4,MOP,6.0,14.4,Foliar spray or side dress during grain/fruit development,Grain filling stage
grapes,pre_sowing,alluvial,192.5,90.5,196.4,high,high,high,53.2,21.6,1.0,DAP + MOP,9.0,9.0,"Apply 7 days before sowing, mix into topsoil 10-15cm",Pruning time dose
linseed,vegetative,sandy,115.9,85.5,106.6,high,high,high,45.9,17.8,10.0,Urea,7.2,72.0,Top dress at 20-30 DAS; broadcast and irrigate,Top dress
soybean,vegetative,alluvial,85.6,116.0,127.9,medium,high,high,75.3,29.2,9.5,Urea,12.0,114.0,Top dress at 20-30 DAS; broadcast and irrigate,Top dress if N deficiency observed
rice,pre_sowing,alluvial,147.8,31.7,110.9,high,low,high,51.8,26.4,9.5,DAP,36.0,342.0,"Apply 7 days before sowing, mix into topsoil 10-15cm",Basal
groundnut,pre_sowing,sandy,36.4,59.1,137.8,low,medium,high,38.1,23.1,9.0,SSP + Gypsum,30.0,270.0,"Apply 7 days before sowing, mix into topsoil 10-15cm",Ca from gypsum for pod fill
jowar_rabi,vegetative,black_cotton,21.9,52.6,49.7,low,medium,low,63.8,25.6,2.7,Urea,26.0,70.2,Top dress at 20-30 DAS; broadcast and irrigate,Split N top dress
turmeric,grain_fill,red,142.5,93.3,158.3,high,high,high,36.7,27.6,2.4,MOP,10.0,24.0,Foliar spray or side dress during grain/fruit development,Curcumin synthesis
linseed,pre_sowing,black_cotton,45.5,95.6,127.6,medium,high,high,43.7,13.3,8.5,DAP + MOP,6.0,51.0,"Apply 7 days before sowing, mix into topsoil 10-15cm",Basal
moong_rabi,pre_sowing,sandy,65.4,87.3,100.7,medium,high,high,23.9,24.9,3.3,SSP + MOP,5.4,17.8,"Apply 7 days before sowing, mix into topsoil 10-15cm",Same as kharif moong
pomegranate,flowering,black_cotton,169.0,80.0,61.1,high,high,medium,43.9,26.7,3.3,Urea + MOP,18.0,59.4,Apply at flower bud initiation; avoid leaf contact,Fruit set
soybean,germination,alluvial,118.9,55.4,100.4,high,medium,high,37.8,14.8,8.2,Rhizobium Biofert,5.0,41.0,Apply at sowing time or within first 7 DAS,Seed treatment reduces N requirement
jowar_rabi,pre_sowing,laterite,16.9,45.7,172.5,low,medium,high,21.7,17.6,7.0,DAP + MOP,15.0,105.0,"Apply 7 days before sowing, mix into topsoil 10-15cm",Full P and K basal
safflower,vegetative,black_cotton,91.5,81.0,144.8,high,high,high,72.8,35.7,5.8,Urea,9.0,52.2,Top dress at 20-30 DAS; broadcast and irrigate,Rosette stage
tomato,pre_sowing,alluvial,16.1,23.7,156.3,low,low,high,48.7,27.9,9.7,DAP + MOP,24.0,232.8,"Apply 7 days before sowing, mix into topsoil 10-15cm",Full P+K; half N
watermelon,flowering,alluvial,173.3,56.5,119.0,high,medium,high,42.9,13.6,9.8,19:19:19 NPK,3.6,35.3,Apply at flower bud initiation; avoid leaf contact,Fruit set
rice,germination,red,197.9,57.8,164.6,high,medium,high,44.5,37.7,8.9,Urea,10.8,96.1,Apply at sowing time or within first 7 DAS,7-10 DAS
jowar_rabi,vegetative,sandy,37.8,92.2,76.5,low,high,medium,48.0,14.8,8.9,Urea,26.0,231.4,Top dress at 20-30 DAS; broadcast and irrigate,Split N top dress
watermelon,grain_fill,alluvial,125.8,47.7,196.9,high,medium,high,72.1,27.0,5.1,MOP,7.5,38.2,Foliar spray or side dress during grain/fruit development,Fruit sweetness
moong_kharif,flowering,red,248.2,64.4,130.0,high,medium,high,59.4,37.2,6.0,MOP,4.0,24.0,Apply at flower bud initiation; avoid leaf contact,Pod fill
jowar_rabi,pre_sowing,alluvial,250.0,33.9,102.1,high,low,high,56.5,35.5,8.7,DAP + MOP,18.0,156.6,"Apply 7 days before sowing, mix into topsoil 10-15cm",Full P and K basal
sugarcane,pre_sowing,red,70.9,86.2,114.4,medium,high,high,70.4,31.5,8.7,DAP + MOP,15.0,130.5,"Apply 7 days before sowing, mix into topsoil 10-15cm",Heavy feeder; high basal
watermelon,pre_sowing,black_cotton,93.4,30.9,85.0,high,low,medium,23.5,16.3,9.9,DAP + MOP,36.0,356.4,"Apply 7 days before sowing, mix into topsoil 10-15cm",Basal
soybean,flowering,black_cotton,14.7,107.7,163.8,low,high,high,26.3,18.0,5.7,MOP,5.0,28.5,Apply at flower bud initiation; avoid leaf contact,K boost for pod setting
jowar_kharif,vegetative,alluvial,125.1,54.6,131.2,high,medium,high,65.7,32.0,5.5,Urea,12.0,66.0,Top dress at 20-30 DAS; broadcast and irrigate,Top dress after 3-4 weeks
cotton,vegetative,red,108.2,81.8,42.6,high,high,low,63.0,28.6,7.9,Urea + MOP,26.2,207.0,Top dress at 20-30 DAS; broadcast and irrigate,Square formation
bajra,pre_sowing,alluvial,81.6,77.8,145.0,medium,medium,high,79.5,12.7,8.5,DAP,20.0,170.0,"Apply 7 days before sowing, mix into topsoil 10-15cm",Basal P
banana,pre_sowing,black_cotton,216.9,105.9,47.7,high,high,low,21.4,13.5,6.8,DAP + MOP,45.0,306.0,"Apply 7 days before sowing, mix into topsoil 10-15cm",Heavy K feeder; high basal
urad,germination,alluvial,236.3,67.8,83.8,high,medium,medium,66.3,26.2,5.7,Rhizobium Biofert,5.0,28.5,Apply at sowing time or within first 7 DAS,Seed inoculation
maize_kharif,flowering,laterite,120.5,85.8,130.0,high,high,high,36.9,29.6,8.9,Urea,12.0,106.8,Apply at flower bud initiation; avoid leaf contact,Tasselling stage
maize_kharif,vegetative,laterite,111.9,115.3,98.6,high,high,medium,67.4,32.7,9.3,Urea,15.0,139.5,Top dress at 20-30 DAS; broadcast and irrigate,Knee high stage N
soybean,grain_fill,black_cotton,85.6,77.5,90.6,medium,medium,medium,49.6,18.3,4.9,Micronutrient Mix,5.0,24.5,Foliar spray or side dress during grain/fruit development,Zinc + Boron foliar spray
chickpea,pre_sowing,laterite,70.9,24.8,48.3,medium,low,low,79.9,18.6,3.9,SSP + MOP,30.0,117.0,"Apply 7 days before sowing, mix into topsoil 10-15cm",Low N; P and K basal
turmeric,pre_sowing,black_cotton,273.9,115.8,123.9,high,high,high,59.2,17.8,7.5,DAP + MOP,12.0,90.0,"Apply 7 days before sowing, mix into topsoil 10-15cm",High K demand
chickpea,flowering,black_cotton,208.8,33.1,193.4,high,low,high,47.8,14.2,1.4,MOP,4.0,5.6,Apply at flower bud initiation; avoid leaf contact,Foliar K for pod fill
tur_arhar,vegetative,sandy,232.3,102.0,88.9,high,high,medium,26.1,17.7,9.5,Urea,6.0,57.0,Top dress at 20-30 DAS; broadcast and irrigate,Light N if pale
moong_rabi,flowering,laterite,160.4,25.0,123.7,high,low,high,32.0,36.8,9.5,MOP,4.0,38.0,Apply at flower bud initiation; avoid leaf contact,Pod fill
soybean,flowering,sandy,212.1,63.7,79.6,high,medium,medium,50.8,17.7,3.2,MOP,10.0,32.0,Apply at flower bud initiation; avoid leaf contact,K boost for pod setting
wheat,pre_sowing,sandy,158.0,104.9,99.9,high,high,medium,55.0,19.0,8.8,DAP + MOP,21.0,184.8,"Apply 7 days before sowing, mix into topsoil 10-15cm",Full P+K; half N
urad,germination,red,197.1,97.3,38.1,high,high,low,53.0,12.9,5.8,Rhizobium Biofert,5.0,29.0,Apply at sowing time or within first 7 DAS,Seed inoculation
rice,vegetative,black_cotton,64.7,49.8,76.5,medium,medium,medium,47.1,28.8,7.1,Urea,22.0,156.2,Top dress at 20-30 DAS; broadcast and irrigate,25-30 DAS tillering
rabi_maize,flowering,laterite,101.4,50.7,67.1,high,medium,medium,38.5,24.1,5.9,Urea,10.8,63.7,Apply at flower bud initiation; avoid leaf contact,Booster
cotton,vegetative,black_cotton,160.4,91.2,197.1,high,high,high,60.5,14.5,9.6,Urea + MOP,10.5,100.8,Top dress at 20-30 DAS; broadcast and irrigate,Square formation
sesame,vegetative,red,26.9,60.3,137.0,low,medium,high,69.5,25.8,1.9,Urea,15.6,29.6,Top dress at 20-30 DAS; broadcast and irrigate,Top dress
sunflower_kharif,flowering,black_cotton,96.0,69.6,149.2,high,medium,high,57.0,24.1,2.4,Boron Spray,5.0,12.0,Apply at flower bud initiation; avoid leaf contact,Prevent hollow stem
linseed,pre_sowing,sandy,255.1,56.4,169.2,high,medium,high,26.2,17.0,6.1,DAP + MOP,10.0,61.0,"Apply 7 days before sowing, mix into topsoil 10-15cm",Basal
moong_kharif,pre_sowing,black_cotton,225.5,86.9,189.0,high,high,high,27.5,23.3,0.8,SSP + MOP,5.4,4.3,"Apply 7 days before sowing, mix into topsoil 10-15cm",Low N legume
wheat,pre_sowing,alluvial,140.0,54.9,53.2,high,medium,medium,36.9,35.8,7.7,DAP + MOP,35.0,269.5,"Apply 7 days before sowing, mix into topsoil 10-15cm",Full P+K; half N
sunflower_rabi,flowering,alluvial,224.3,64.1,134.2,high,medium,high,77.8,19.2,7.8,Boron Spray,5.0,39.0,Apply at flower bud initiation; avoid leaf contact,Pollination support
grapes,vegetative,sandy,277.5,46.5,173.7,high,medium,high,58.1,36.3,1.8,Urea,12.0,21.6,Top dress at 20-30 DAS; broadcast and irrigate,Shoot growth
sugarcane,grain_fill,black_cotton,45.5,118.0,71.2,medium,high,medium,26.8,12.7,1.2,Urea,30.0,36.0,Foliar spray or side dress during grain/fruit development,Elongation stage
watermelon,flowering,laterite,44.2,78.1,79.9,medium,medium,medium,21.4,20.2,1.7,19:19:19 NPK,12.0,20.4,Apply at flower bud initiation; avoid leaf contact,Fruit set
sugarcane,pre_sowing,laterite,118.6,111.0,176.3,high,high,high,73.3,24.9,8.3,DAP + MOP,15.0,124.5,"Apply 7 days before sowing, mix into topsoil 10-15cm",Heavy feeder; high basal
linseed,pre_sowing,laterite,258.5,87.6,54.7,high,high,medium,40.7,12.3,0.8,DAP + MOP,12.0,9.6,"Apply 7 days before sowing, mix into topsoil 10-15cm",Basal
maize_kharif,grain_fill,alluvial,92.1,105.0,61.7,high,high,medium,62.4,27.5,8.1,MOP,10.0,81.0,Foliar spray or side dress during grain/fruit development,Cob development
rabi_maize,flowering,black_cotton,105.6,109.9,143.8,high,high,high,48.8,15.9,4.6,Urea,10.8,49.7,Apply at flower bud initiation; avoid leaf contact,Booster
sunflower_rabi,flowering,red,38.5,42.4,131.6,low,low,high,59.4,35.9,7.1,Boron Spray,5.0,35.5,Apply at flower bud initiation; avoid leaf contact,Pollination support
banana,vegetative,black_cotton,62.4,113.7,61.6,medium,high,medium,42.7,18.6,1.5,Urea + MOP,50.0,75.0,Top dress at 20-30 DAS; broadcast and irrigate,Sword sucker stage
sunflower_kharif,vegetative,alluvial,53.8,76.6,190.4,medium,medium,high,79.0,34.4,5.6,Urea,18.0,100.8,Top dress at 20-30 DAS; broadcast and irrigate,Top dress
moong_rabi,flowering,red,253.1,74.5,189.4,high,medium,high,44.5,16.6,7.7,MOP,4.0,30.8,Apply at flower bud initiation; avoid leaf contact,Pod fill
grapes,vegetative,alluvial,85.6,75.3,196.6,medium,medium,high,23.1,32.0,6.5,Urea,20.0,130.0,Top dress at 20-30 DAS; broadcast and irrigate,Shoot growth
turmeric,pre_sowing,alluvial,271.1,28.3,180.3,high,low,high,75.3,32.6,8.7,DAP + MOP,24.0,208.8,"Apply 7 days before sowing, mix into topsoil 10-15cm",High K demand
sunflower_kharif,vegetative,black_cotton,217.1,90.7,80.7,high,high,medium,52.4,32.9,3.0,Urea,10.8,32.4,Top dress at 20-30 DAS; broadcast and irrigate,Top dress
mustard,pre_sowing,alluvial,26.6,33.3,85.5,low,low,medium,41.8,34.0,2.4,DAP + MOP,30.0,72.0,"Apply 7 days before sowing, mix into topsoil 10-15cm",Basal; sulfur from SSP
turmeric,pre_sowing,sandy,233.0,106.6,94.6,high,high,medium,75.6,14.2,8.7,DAP + MOP,24.0,208.8,"Apply 7 days before sowing, mix into topsoil 10-15cm",High K demand
bajra,flowering,alluvial,195.5,41.4,46.9,high,low,low,20.7,21.6,8.2,Urea,6.0,49.2,Apply at flower bud initiation; avoid leaf contact,Booster dose
chickpea,flowering,black_cotton,261.4,43.4,57.5,high,low,medium,26.6,16.2,5.4,MOP,8.0,43.2,Apply at flower bud initiation; avoid leaf contact,Foliar K for pod fill
cucumber,pre_sowing,alluvial,149.4,59.6,85.7,high,medium,medium,69.7,14.3,3.9,DAP + MOP,25.0,97.5,"Apply 7 days before sowing, mix into topsoil 10-15cm",Basal
orange,flowering,alluvial,255.7,69.7,175.6,high,medium,high,23.6,34.2,1.0,Urea,12.0,12.0,Apply at flower bud initiation; avoid leaf contact,Flush growth
cucumber,flowering,red,82.8,119.8,70.8,medium,high,medium,33.2,24.9,1.3,MOP,12.0,15.6,Apply at flower bud initiation; avoid leaf contact,Fruit quality
tur_arhar,pre_sowing,sandy,268.8,41.3,196.8,high,low,high,70.5,35.1,1.6,SSP + MOP,13.2,21.1,"Apply 7 days before sowing, mix into topsoil 10-15cm",Low N; P+K basal
chilli,vegetative,alluvial,166.3,43.4,182.5,high,low,high,39.9,22.0,3.7,Urea,10.8,40.0,Top dress at 20-30 DAS; broadcast and irrigate,Plant establishment
moong_kharif,pre_sowing,black_cotton,20.5,60.6,85.8,low,medium,medium,47.8,23.4,3.3,SSP + MOP,18.0,59.4,"Apply 7 days before sowing, mix into topsoil 10-15cm",Low N legume
urad,pre_sowing,alluvial,263.9,74.1,60.1,high,medium,medium,36.3,30.1,9.6,SSP + MOP,18.0,172.8,"Apply 7 days before sowing, mix into topsoil 10-15cm",Basal P+K
linseed,pre_sowing,sandy,182.7,116.3,41.9,high,high,low,55.7,22.3,3.5,DAP + MOP,15.0,52.5,"Apply 7 days before sowing, mix into topsoil 10-15cm",Basal
jowar_rabi,flowering,laterite,89.3,61.0,155.9,medium,medium,high,52.9,29.8,8.6,Urea,12.0,103.2,Apply at flower bud initiation; avoid leaf contact,Light booster
soybean,grain_fill,black_cotton,156.8,61.3,155.2,high,medium,high,62.4,38.0,8.3,Micronutrient Mix,5.0,41.5,Foliar spray or side dress during grain/fruit development,Zinc + Boron foliar spray
orange,pre_sowing,red,62.7,33.9,141.5,medium,low,high,38.2,29.3,9.0,DAP + MOP,21.0,189.0,"Apply 7 days before sowing, mix into topsoil 10-15cm",Post-harvest dose
rice,flowering,laterite,273.9,48.9,142.9,high,medium,high,68.0,34.6,9.6,Urea + MOP,6.0,57.6,Apply at flower bud initiation; avoid leaf contact,Panicle initiation
sugarcane,grain_fill,black_cotton,121.9,75.8,119.5,high,medium,high,71.7,28.5,1.0,Urea,18.0,18.0,Foliar spray or side dress during grain/fruit development,Elongation stage
urad,germination,black_cotton,219.0,80.7,28.3,high,high,low,21.1,30.3,5.7,Rhizobium Biofert,5.0,28.5,Apply at sowing time or within first 7 DAS,Seed inoculation
wheat,germination,laterite,109.8,87.7,91.8,high,high,medium,46.1,29.8,5.1,Urea,12.0,61.2,Apply at sowing time or within first 7 DAS,CRI stage
rice,germination,black_cotton,198.1,79.4,137.2,high,medium,high,46.6,25.9,9.5,Urea,10.8,102.6,Apply at sowing time or within first 7 DAS,7-10 DAS
pomegranate,grain_fill,sandy,156.2,95.8,169.2,high,high,high,22.6,28.8,7.7,MOP + Calcium,12.5,96.2,Foliar spray or side dress during grain/fruit development,Fruit development
bajra,flowering,alluvial,49.2,60.0,134.3,medium,medium,high,68.8,36.4,1.7,Urea,10.0,17.0,Apply at flower bud initiation; avoid leaf contact,Booster dose
turmeric,grain_fill,sandy,260.9,76.9,112.5,high,medium,high,44.4,31.0,7.2,MOP,10.0,72.0,Foliar spray or side dress during grain/fruit development,Curcumin synthesis
cucumber,vegetative,laterite,236.6,22.0,42.4,high,low,low,73.9,32.7,4.9,Urea,9.0,44.1,Top dress at 20-30 DAS; broadcast and irrigate,Growth boost
moong_rabi,pre_sowing,laterite,32.2,26.8,123.3,low,low,high,64.4,15.9,7.0,SSP + MOP,10.8,75.6,"Apply 7 days before sowing, mix into topsoil 10-15cm",Same as kharif moong
sunflower_rabi,flowering,laterite,74.2,35.1,183.1,medium,low,high,72.2,32.6,8.0,Boron Spray,5.0,40.0,Apply at flower bud initiation; avoid leaf contact,Pollination support
bajra,flowering,red,109.2,30.6,134.4,high,low,high,69.8,15.8,1.0,Urea,6.0,6.0,Apply at flower bud initiation; avoid leaf contact,Booster dose
moong_kharif,pre_sowing,laterite,47.2,95.2,145.5,medium,high,high,48.4,33.7,6.4,SSP + MOP,5.4,34.6,"Apply 7 days before sowing, mix into topsoil 10-15cm",Low N legume
rabi_maize,flowering,sandy,206.7,39.3,31.0,high,low,low,68.0,31.9,8.0,Urea,10.8,86.4,Apply at flower bud initiation; avoid leaf contact,Booster
bajra,pre_sowing,sandy,208.8,106.3,29.1,high,high,low,41.8,31.5,7.3,DAP,12.0,87.6,"Apply 7 days before sowing, mix into topsoil 10-15cm",Basal P
tur_arhar,pre_sowing,sandy,277.6,80.1,138.4,high,high,high,73.4,29.9,1.0,SSP + MOP,6.6,6.6,"Apply 7 days before sowing, mix into topsoil 10-15cm",Low N; P+K basal
rice,flowering,alluvial,229.0,79.9,104.6,high,medium,high,45.1,32.6,9.1,Urea + MOP,6.0,54.6,Apply at flower bud initiation; avoid leaf contact,Panicle initiation
orange,flowering,black_cotton,244.8,45.1,112.2,high,medium,high,23.3,20.0,2.1,Urea,12.0,25.2,Apply at flower bud initiation; avoid leaf contact,Flush growth
maize_kharif,vegetative,laterite,18.9,115.0,54.6,low,high,medium,37.0,21.1,4.0,Urea,32.5,130.0,Top dress at 20-30 DAS; broadcast and irrigate,Knee high stage N
urad,pre_sowing,sandy,239.2,57.2,147.0,high,medium,high,64.3,16.5,7.4,SSP + MOP,9.0,66.6,"Apply 7 days before sowing, mix into topsoil 10-15cm",Basal P+K
bajra,pre_sowing,alluvial,115.0,119.5,48.5,high,high,low,44.8,19.5,3.6,DAP,12.0,43.2,"Apply 7 days before sowing, mix into topsoil 10-15cm",Basal P
sugarcane,pre_sowing,sandy,35.9,29.1,21.5,low,low,low,20.8,15.2,7.7,DAP + MOP,75.0,577.5,"Apply 7 days before sowing, mix into topsoil 10-15cm",Heavy feeder; high basal
moong_rabi,pre_sowing,laterite,241.6,114.6,115.0,high,high,high,63.1,15.5,1.6,SSP + MOP,5.4,8.6,"Apply 7 days before sowing, mix into topsoil 10-15cm",Same as kharif moong
rice,pre_sowing,sandy,184.7,89.6,118.0,high,high,high,32.1,16.9,7.3,DAP,18.0,131.4,"Apply 7 days before sowing, mix into topsoil 10-15cm",Basal
pomegranate,grain_fill,black_cotton,148.2,74.0,73.0,high,medium,medium,40.0,15.8,1.2,MOP + Calcium,25.0,30.0,Foliar spray or side dress during grain/fruit development,Fruit development
jowar_kharif,pre_sowing,alluvial,19.6,51.0,110.6,low,medium,high,26.2,23.7,5.5,DAP,25.0,137.5,"Apply 7 days before sowing, mix into topsoil 10-15cm",Basal P and N
watermelon,pre_sowing,sandy,266.0,25.8,58.5,high,low,medium,52.6,16.3,2.7,DAP + MOP,36.0,97.2,"Apply 7 days before sowing, mix into topsoil 10-15cm",Basal
tomato,flowering,red,169.6,46.2,169.3,high,medium,high,76.6,12.8,7.9,19:19:19 NPK,4.5,35.6,Apply at flower bud initiation; avoid leaf contact,Balanced NPK at fruit set
tomato,harvest,laterite,215.6,109.7,100.6,high,high,high,49.1,17.6,4.7,13:00:45 NPK,3.0,14.1,Do not apply; withholding period required,Quality booster
jowar_kharif,pre_sowing,black_cotton,14.1,41.7,67.2,low,low,medium,46.8,22.4,3.0,DAP,30.0,90.0,"Apply 7 days before sowing, mix into topsoil 10-15cm",Basal P and N
bajra,vegetative,sandy,108.4,111.1,49.7,high,high,low,29.4,25.8,6.7,Urea,10.8,72.4,Top dress at 20-30 DAS; broadcast and irrigate,N top dress 3 weeks after sowing
sugarcane,vegetative,laterite,108.7,20.9,33.9,high,low,low,48.7,27.4,0.8,Urea + MOP,37.5,30.0,Top dress at 20-30 DAS; broadcast and irrigate,Grand growth period
grapes,vegetative,sandy,158.3,75.7,54.2,high,medium,medium,77.6,33.4,8.2,Urea,12.0,98.4,Top dress at 20-30 DAS; broadcast and irrigate,Shoot growth
rice,grain_fill,laterite,204.1,75.7,105.9,high,medium,high,42.7,27.6,2.8,MOP,6.0,16.8,Foliar spray or side dress during grain/fruit development,Grain filling stage
groundnut,pre_sowing,black_cotton,100.6,42.3,88.9,high,low,medium,68.1,30.2,4.6,SSP + Gypsum,36.0,165.6,"Apply 7 days before sowing, mix into topsoil 10-15cm",Ca from gypsum for pod fill
rabi_maize,vegetative,laterite,68.9,31.4,168.1,medium,low,high,56.6,18.4,6.9,Urea,25.0,172.5,Top dress at 20-30 DAS; broadcast and irrigate,Top dress
jowar_rabi,pre_sowing,red,175.5,92.3,21.8,high,high,low,78.5,14.7,5.1,DAP + MOP,22.5,114.7,"Apply 7 days before sowing, mix into topsoil 10-15cm",Full P and K basal
safflower,vegetative,laterite,103.8,29.7,148.1,high,low,high,55.7,36.3,2.3,Urea,9.0,20.7,Top dress at 20-30 DAS; broadcast and irrigate,Rosette stage
cucumber,flowering,red,43.6,42.2,123.4,medium,low,high,28.5,13.4,1.0,MOP,6.0,6.0,Apply at flower bud initiation; avoid leaf contact,Fruit quality
sunflower_kharif,pre_sowing,sandy,241.6,119.6,189.9,high,high,high,46.7,35.5,4.2,DAP + MOP,9.0,37.8,"Apply 7 days before sowing, mix into topsoil 10-15cm",Basal
sesame,pre_sowing,laterite,106.7,115.7,78.2,high,high,medium,59.3,24.5,3.7,DAP,10.8,40.0,"Apply 7 days before sowing, mix into topsoil 10-15cm",Light feeder
rice,grain_fill,black_cotton,207.0,89.5,104.0,high,high,high,65.4,18.3,2.3,MOP,6.0,13.8,Foliar spray or side dress during grain/fruit development,Grain filling stage
turmeric,grain_fill,red,237.0,32.4,138.2,high,low,high,35.1,29.9,3.7,MOP,10.0,37.0,Foliar spray or side dress during grain/fruit development,Curcumin synthesis
cotton,pre_sowing,red,171.3,94.5,83.5,high,high,medium,69.0,33.0,2.8,DAP + MOP,24.0,67.2,"Apply 7 days before sowing, mix into topsoil 10-15cm",Basal: 25N 25P 25K
maize_kharif,grain_fill,sandy,138.3,116.5,21.5,high,high,low,35.1,23.2,10.0,MOP,12.5,125.0,Foliar spray or side dress during grain/fruit development,Cob development
sunflower_rabi,vegetative,red,203.1,41.2,152.5,high,low,high,51.2,29.7,4.8,Urea,10.8,51.8,Top dress at 20-30 DAS; broadcast and irrigate,Top dress
cucumber,pre_sowing,black_cotton,126.9,21.1,42.6,high,low,low,71.5,14.3,6.8,DAP + MOP,37.5,255.0,"Apply 7 days before sowing, mix into topsoil 10-15cm",Basal
sesame,pre_sowing,black_cotton,42.7,82.3,76.4,medium,high,medium,55.1,23.0,6.2,DAP,10.8,67.0,"Apply 7 days before sowing, mix into topsoil 10-15cm",Light feeder
chilli,pre_sowing,alluvial,17.6,100.4,65.1,low,high,medium,49.8,32.9,9.1,DAP + MOP,21.0,191.1,"Apply 7 days before sowing, mix into topsoil 10-15cm",Basal
linseed,pre_sowing,laterite,265.3,102.5,98.4,high,high,medium,51.7,33.1,6.6,DAP + MOP,12.0,79.2,"Apply 7 days before sowing, mix into topsoil 10-15cm",Basal
chilli,vegetative,laterite,88.2,90.0,194.7,medium,high,high,44.8,17.3,9.7,Urea,18.0,174.6,Top dress at 20-30 DAS; broadcast and irrigate,Plant establishment
moong_kharif,pre_sowing,laterite,221.6,72.7,194.7,high,medium,high,62.2,21.7,5.3,SSP + MOP,9.0,47.7,"Apply 7 days before sowing, mix into topsoil 10-15cm",Low N legume
pomegranate,flowering,laterite,257.5,45.4,104.3,high,medium,high,21.3,17.4,5.6,Urea + MOP,9.0,50.4,Apply at flower bud initiation; avoid leaf contact,Fruit set
safflower,pre_sowing,laterite,63.4,20.4,84.0,medium,low,medium,37.7,34.1,3.7,DAP + MOP,30.0,111.0,"Apply 7 days before sowing, mix into topsoil 10-15cm",Basal
maize_kharif,grain_fill,laterite,217.8,109.0,93.0,high,high,medium,57.3,28.2,4.2,MOP,10.0,42.0,Foliar spray or side dress during grain/fruit development,Cob development
tur_arhar,germination,black_cotton,47.9,55.2,56.9,medium,medium,medium,50.1,24.1,2.0,Rhizobium Biofert,5.0,10.0,Apply at sowing time or within first 7 DAS,Seed treatment
moong_kharif,germination,sandy,276.0,62.9,73.4,high,medium,medium,79.4,26.1,8.9,Rhizobium Biofert,5.0,44.5,Apply at sowing time or within first 7 DAS,Seed treatment
linseed,vegetative,red,154.9,29.3,85.4,high,low,medium,78.1,21.9,1.3,Urea,7.2,9.4,Top dress at 20-30 DAS; broadcast and irrigate,Top dress
banana,vegetative,red,27.8,115.2,110.9,low,high,high,63.5,27.1,7.3,Urea + MOP,32.5,237.2,Top dress at 20-30 DAS; broadcast and irrigate,Sword sucker stage
rice,grain_fill,red,193.5,35.6,52.4,high,low,medium,20.5,12.3,1.2,MOP,12.0,14.4,Foliar spray or side dress during grain/fruit development,Grain filling stage
urad,pre_sowing,alluvial,226.9,36.8,117.8,high,low,high,47.4,15.5,1.2,SSP + MOP,10.8,13.0,"Apply 7 days before sowing, mix into topsoil 10-15cm",Basal P+K
sesame,vegetative,laterite,50.6,31.6,88.8,medium,low,medium,49.7,15.8,2.6,Urea,12.0,31.2,Top dress at 20-30 DAS; broadcast and irrigate,Top dress
orange,grain_fill,red,185.3,94.4,150.8,high,high,high,77.8,33.8,5.2,MOP + Micronutrient,10.0,52.0,Foliar spray or side dress during grain/fruit development,Fruit color + quality
urad,germination,sandy,251.7,74.3,83.7,high,medium,medium,49.2,21.8,4.3,Rhizobium Biofert,5.0,21.5,Apply at sowing time or within first 7 DAS,Seed inoculation
cotton,pre_sowing,red,276.3,40.2,73.7,high,low,medium,41.8,14.0,5.3,DAP + MOP,48.0,254.4,"Apply 7 days before sowing, mix into topsoil 10-15cm",Basal: 25N 25P 25K
watermelon,vegetative,alluvial,65.2,89.1,31.1,medium,high,low,43.4,27.0,8.9,Urea,15.0,133.5,Top dress at 20-30 DAS; broadcast and irrigate,Vine growth
sunflower_kharif,vegetative,laterite,258.8,98.7,86.1,high,high,medium,35.2,31.9,5.4,Urea,10.8,58.3,Top dress at 20-30 DAS; broadcast and irrigate,Top dress
tur_arhar,pre_sowing,laterite,246.0,95.0,128.5,high,high,high,63.5,19.2,5.3,SSP + MOP,6.6,35.0,"Apply 7 days before sowing, mix into topsoil 10-15cm",Low N; P+K basal
linseed,pre_sowing,sandy,106.7,86.9,151.6,high,high,high,35.4,22.7,5.6,DAP + MOP,6.0,33.6,"Apply 7 days before sowing, mix into topsoil 10-15cm",Basal
grapes,grain_fill,sandy,106.2,30.8,147.9,high,low,high,62.6,24.5,3.6,MOP,10.0,36.0,Foliar spray or side dress during grain/fruit development,Maturity
moong_kharif,germination,sandy,183.7,99.3,25.2,high,high,low,48.7,31.6,4.8,Rhizobium Biofert,5.0,24.0,Apply at sowing time or within first 7 DAS,Seed treatment
groundnut,pre_sowing,laterite,35.3,36.1,65.7,low,low,medium,74.3,12.1,0.9,SSP + Gypsum,36.0,32.4,"Apply 7 days before sowing, mix into topsoil 10-15cm",Ca from gypsum for pod fill
sunflower_kharif,vegetative,laterite,138.8,114.8,171.1,high,high,high,72.0,30.7,7.3,Urea,10.8,78.8,Top dress at 20-30 DAS; broadcast and irrigate,Top dress
jowar_kharif,flowering,laterite,40.8,109.5,164.4,medium,high,high,24.4,34.9,9.2,Urea,15.0,138.0,Apply at flower bud initiation; avoid leaf contact,Second top dress
cucumber,vegetative,alluvial,186.2,32.2,180.3,high,low,high,45.2,17.2,1.8,Urea,9.0,16.2,Top dress at 20-30 DAS; broadcast and irrigate,Growth boost
banana,grain_fill,alluvial,146.1,39.4,120.9,high,low,high,41.7,36.6,3.9,MOP,20.0,78.0,Foliar spray or side dress during grain/fruit development,Bunch filling
pomegranate,grain_fill,laterite,232.8,90.2,70.1,high,high,medium,29.8,25.6,1.5,MOP + Calcium,25.0,37.5,Foliar spray or side dress during grain/fruit development,Fruit development
tur_arhar,vegetative,laterite,135.4,90.4,98.2,high,high,medium,63.2,30.1,3.5,Urea,6.0,21.0,Top dress at 20-30 DAS; broadcast and irrigate,Light N if pale
sunflower_kharif,vegetative,black_cotton,178.7,97.7,103.8,high,high,high,49.0,15.7,0.9,Urea,10.8,9.7,Top dress at 20-30 DAS; broadcast and irrigate,Top dress
urad,germination,red,278.5,28.7,73.9,high,low,medium,69.1,12.3,5.6,Rhizobium Biofert,5.0,28.0,Apply at sowing time or within first 7 DAS,Seed inoculation
wheat,flowering,alluvial,193.5,95.5,129.5,high,high,high,62.2,33.8,4.0,Urea,6.0,24.0,Apply at flower bud initiation; avoid leaf contact,Grain initiation
pomegranate,pre_sowing,sandy,73.9,52.1,67.4,medium,medium,medium,73.4,34.4,9.1,DAP + MOP,35.0,318.5,"Apply 7 days before sowing, mix into topsoil 10-15cm",Pre-bloom
watermelon,pre_sowing,laterite,157.6,46.5,51.0,high,medium,medium,77.6,19.3,5.0,DAP + MOP,30.0,150.0,"Apply 7 days before sowing, mix into topsoil 10-15cm",Basal
chilli,flowering,alluvial,185.4,54.1,47.2,high,medium,low,69.9,35.2,2.4,19:19:19 NPK,11.2,26.9,Apply at flower bud initiation; avoid leaf contact,Fruit set
chilli,pre_sowing,alluvial,10.1,115.3,127.7,low,high,high,66.7,19.2,7.3,DAP + MOP,10.5,76.6,"Apply 7 days before sowing, mix into topsoil 10-15cm",Basal
mustard,flowering,alluvial,131.8,79.0,29.7,high,medium,low,72.1,26.2,1.1,Urea,6.0,6.6,Apply at flower bud initiation; avoid leaf contact,Booster
rabi_maize,flowering,laterite,42.1,49.6,198.4,medium,medium,high,44.6,36.0,1.7,Urea,18.0,30.6,Apply at flower bud initiation; avoid leaf contact,Booster
cotton,vegetative,alluvial,277.6,70.0,23.8,high,medium,low,25.4,23.9,4.8,Urea + MOP,26.2,125.8,Top dress at 20-30 DAS; broadcast and irrigate,Square formation
soybean,grain_fill,laterite,258.1,108.3,182.1,high,high,high,40.1,12.1,5.0,Micronutrient Mix,5.0,25.0,Foliar spray or side dress during grain/fruit development,Zinc + Boron foliar spray
grapes,grain_fill,red,54.4,110.1,187.9,medium,high,high,55.8,24.5,8.4,MOP,10.0,84.0,Foliar spray or side dress during grain/fruit development,Maturity
moong_kharif,flowering,black_cotton,98.0,37.9,163.8,high,low,high,67.3,21.8,6.3,MOP,4.0,25.2,Apply at flower bud initiation; avoid leaf contact,Pod fill
sunflower_rabi,pre_sowing,red,55.8,89.9,91.5,medium,high,medium,70.5,36.5,5.6,DAP + MOP,18.0,100.8,"Apply 7 days before sowing, mix into topsoil 10-15cm",Basal
rabi_maize,pre_sowing,alluvial,135.9,23.2,70.3,high,low,medium,23.7,24.5,9.2,DAP + MOP,42.0,386.4,"Apply 7 days before sowing, mix into topsoil 10-15cm",Same as kharif maize
chilli,flowering,alluvial,190.4,25.0,62.5,high,low,medium,49.4,26.2,9.5,19:19:19 NPK,9.0,85.5,Apply at flower bud initiation; avoid leaf contact,Fruit set
watermelon,flowering,black_cotton,257.7,52.7,117.3,high,medium,high,58.7,35.4,5.2,19:19:19 NPK,3.6,18.7,Apply at flower bud initiation; avoid leaf contact,Fruit set
pomegranate,flowering,alluvial,271.6,57.7,68.7,high,medium,medium,33.6,15.9,8.2,Urea + MOP,18.0,147.6,Apply at flower bud initiation; avoid leaf contact,Fruit set
pomegranate,pre_sowing,laterite,275.6,102.9,38.4,high,high,low,79.0,31.1,9.8,DAP + MOP,26.2,256.8,"Apply 7 days before sowing, mix into topsoil 10-15cm",Pre-bloom
sugarcane,germination,sandy,242.5,21.8,189.4,high,low,high,73.4,18.4,1.2,Urea,15.0,18.0,Apply at sowing time or within first 7 DAS,Germination boost
jowar_kharif,vegetative,laterite,114.4,95.3,132.8,high,high,high,57.6,29.5,5.7,Urea,12.0,68.4,Top dress at 20-30 DAS; broadcast and irrigate,Top dress after 3-4 weeks
bajra,vegetative,red,161.7,119.7,162.3,high,high,high,56.8,15.9,5.6,Urea,10.8,60.5,Top dress at 20-30 DAS; broadcast and irrigate,N top dress 3 weeks after sowing
turmeric,vegetative,red,70.2,97.6,190.0,medium,high,high,24.3,14.2,2.8,Urea + MOP,15.0,42.0,Top dress at 20-30 DAS; broadcast and irrigate,Rhizome development
wheat,vegetative,sandy,110.8,29.3,31.4,high,low,low,40.4,14.4,1.3,Urea,12.0,15.6,Top dress at 20-30 DAS; broadcast and irrigate,Tillering
jowar_rabi,pre_sowing,black_cotton,195.9,117.3,88.3,high,high,medium,36.9,12.0,8.9,DAP + MOP,18.0,160.2,"Apply 7 days before sowing, mix into topsoil 10-15cm",Full P and K basal
safflower,pre_sowing,laterite,176.8,31.6,161.5,high,low,high,37.7,12.4,7.3,DAP + MOP,15.0,109.5,"Apply 7 days before sowing, mix into topsoil 10-15cm",Basal
sesame,vegetative,alluvial,234.3,108.8,87.6,high,high,medium,37.3,36.4,2.7,Urea,7.2,19.4,Top dress at 20-30 DAS; broadcast and irrigate,Top dress
tomato,harvest,laterite,270.7,100.8,126.4,high,high,high,76.2,23.6,3.3,13:00:45 NPK,3.0,9.9,Do not apply; withholding period required,Quality booster
onion,harvest,alluvial,241.1,60.6,75.9,high,medium,medium,39.4,27.4,1.7,NO FERTILIZER,0.0,0.0,Do not apply; withholding period required,Stop 3 weeks before harvest
sugarcane,germination,sandy,204.0,116.1,128.7,high,high,high,53.4,30.9,6.2,Urea,15.0,93.0,Apply at sowing time or within first 7 DAS,Germination boost
jowar_kharif,vegetative,sandy,122.3,102.7,92.8,high,high,medium,54.1,32.0,9.6,Urea,12.0,115.2,Top dress at 20-30 DAS; broadcast and irrigate,Top dress after 3-4 weeks
moong_kharif,flowering,alluvial,150.1,61.8,23.3,high,medium,low,37.0,16.5,6.7,MOP,10.0,67.0,Apply at flower bud initiation; avoid leaf contact,Pod fill
cucumber,flowering,laterite,162.2,72.7,92.1,high,medium,medium,27.8,17.2,5.2,MOP,12.0,62.4,Apply at flower bud initiation; avoid leaf contact,Fruit quality
tomato,harvest,black_cotton,155.7,106.2,27.9,high,high,low,31.6,24.1,4.0,13:00:45 NPK,7.5,30.0,Do not apply; withholding period required,Quality booster
maize_kharif,pre_sowing,sandy,200.7,89.1,134.1,high,high,high,37.8,37.8,4.5,DAP + MOP,10.5,47.2,"Apply 7 days before sowing, mix into topsoil 10-15cm",Full P+K; half N basal
orange,flowering,alluvial,213.2,50.8,106.8,high,medium,high,59.4,22.6,1.2,Urea,12.0,14.4,Apply at flower bud initiation; avoid leaf contact,Flush growth
groundnut,germination,red,72.2,101.5,21.6,medium,high,low,32.1,15.6,1.2,Rhizobium Biofert,5.0,6.0,Apply at sowing time or within first 7 DAS,Seed inoculation
orange,flowering,red,37.5,62.2,110.2,low,medium,high,33.1,36.9,2.6,Urea,26.0,67.6,Apply at flower bud initiation; avoid leaf contact,Flush growth
moong_rabi,germination,laterite,244.9,86.6,66.3,high,high,medium,44.4,30.0,4.8,Rhizobium Biofert,5.0,24.0,Apply at sowing time or within first 7 DAS,Seed treatment
linseed,vegetative,red,18.5,63.7,93.9,low,medium,medium,75.9,36.7,4.1,Urea,15.6,64.0,Top dress at 20-30 DAS; broadcast and irrigate,Top dress
jowar_kharif,flowering,red,100.2,24.8,159.7,high,low,high,54.4,23.3,8.3,Urea,9.0,74.7,Apply at flower bud initiation; avoid leaf contact,Second top dress
wheat,flowering,black_cotton,263.1,32.5,69.1,high,low,medium,32.8,33.3,9.7,Urea,6.0,58.2,Apply at flower bud initiation; avoid leaf contact,Grain initiation
turmeric,vegetative,alluvial,126.7,98.7,106.8,high,high,high,29.4,36.5,5.0,Urea + MOP,9.0,45.0,Top dress at 20-30 DAS; broadcast and irrigate,Rhizome development
orange,grain_fill,sandy,189.3,64.7,81.4,high,medium,medium,48.4,37.6,7.7,MOP + Micronutrient,20.0,154.0,Foliar spray or side dress during grain/fruit development,Fruit color + quality
maize_kharif,grain_fill,red,216.4,73.2,68.0,high,medium,medium,59.8,21.0,6.9,MOP,10.0,69.0,Foliar spray or side dress during grain/fruit development,Cob development
sunflower_kharif,pre_sowing,laterite,84.7,21.4,169.9,medium,low,high,51.1,13.9,5.3,DAP + MOP,18.0,95.4,"Apply 7 days before sowing, mix into topsoil 10-15cm",Basal
maize_kharif,vegetative,black_cotton,43.9,69.3,151.6,medium,medium,high,32.3,23.5,5.9,Urea,25.0,147.5,Top dress at 20-30 DAS; broadcast and irrigate,Knee high stage N
jowar_kharif,pre_sowing,laterite,57.7,103.3,131.4,medium,high,high,30.1,16.3,4.3,DAP,15.0,64.5,"Apply 7 days before sowing, mix into topsoil 10-15cm",Basal P and N
mustard,vegetative,black_cotton,76.1,66.9,136.5,medium,medium,high,72.0,27.8,6.8,Urea,18.0,122.4,Top dress at 20-30 DAS; broadcast and irrigate,Top dress at 20 DAS
groundnut,pre_sowing,sandy,189.5,117.6,60.7,high,high,medium,60.5,17.7,3.3,SSP + Gypsum,18.0,59.4,"Apply 7 days before sowing, mix into topsoil 10-15cm",Ca from gypsum for pod fill
mustard,vegetative,alluvial,176.6,64.7,103.9,high,medium,high,46.2,26.2,0.9,Urea,10.8,9.7,Top dress at 20-30 DAS; broadcast and irrigate,Top dress at 20 DAS
sesame,pre_sowing,laterite,212.7,93.3,59.6,high,high,medium,42.5,36.3,9.8,DAP,10.8,105.8,"Apply 7 days before sowing, mix into topsoil 10-15cm",Light feeder
moong_rabi,germination,alluvial,28.9,104.2,101.5,low,high,high,48.9,22.5,7.3,Rhizobium Biofert,5.0,36.5,Apply at sowing time or within first 7 DAS,Seed treatment
wheat,pre_sowing,laterite,51.4,74.4,173.4,medium,medium,high,55.1,15.1,1.5,DAP + MOP,17.5,26.2,"Apply 7 days before sowing, mix into topsoil 10-15cm",Full P+K; half N
tomato,pre_sowing,sandy,104.6,99.3,30.3,high,high,low,72.4,34.8,2.2,DAP + MOP,30.0,66.0,"Apply 7 days before sowing, mix into topsoil 10-15cm",Full P+K; half N
jowar_kharif,pre_sowing,laterite,120.0,102.6,81.8,high,high,medium,52.9,28.9,6.6,DAP,15.0,99.0,"Apply 7 days before sowing, mix into topsoil 10-15cm",Basal P and N
pomegranate,flowering,laterite,105.8,89.7,174.3,high,high,high,56.6,17.0,1.7,Urea + MOP,9.0,15.3,Apply at flower bud initiation; avoid leaf contact,Fruit set
wheat,pre_sowing,black_cotton,173.4,67.5,114.0,high,medium,high,25.4,23.1,0.8,DAP + MOP,17.5,14.0,"Apply 7 days before sowing, mix into topsoil 10-15cm",Full P+K; half N
safflower,flowering,sandy,174.2,66.0,122.0,high,medium,high,22.3,29.5,3.2,Urea,6.0,19.2,Apply at flower bud initiation; avoid leaf contact,Capitulum stage
tomato,pre_sowing,sandy,271.8,53.7,146.3,high,medium,high,49.6,19.0,8.9,DAP + MOP,20.0,178.0,"Apply 7 days before sowing, mix into topsoil 10-15cm",Full P+K; half N
tomato,harvest,alluvial,25.9,49.9,64.0,low,medium,medium,26.1,15.6,8.5,13:00:45 NPK,13.0,110.5,Do not apply; withholding period required,Quality booster
moong_rabi,flowering,laterite,144.9,26.3,100.1,high,low,high,56.5,16.7,3.2,MOP,4.0,12.8,Apply at flower bud initiation; avoid leaf contact,Pod fill
groundnut,flowering,black_cotton,85.2,43.7,151.3,medium,low,high,70.3,17.4,5.0,Gypsum,25.0,125.0,Apply at flower bud initiation; avoid leaf contact,Peg development
onion,vegetative,alluvial,101.8,101.2,163.3,high,high,high,22.4,15.9,9.4,Urea,12.0,112.8,Top dress at 20-30 DAS; broadcast and irrigate,Leaf development
moong_kharif,pre_sowing,alluvial,173.2,21.1,102.6,high,low,high,30.1,24.1,2.0,SSP + MOP,10.8,21.6,"Apply 7 days before sowing, mix into topsoil 10-15cm",Low N legume
safflower,pre_sowing,sandy,221.7,115.0,158.1,high,high,high,64.6,27.9,6.8,DAP + MOP,7.5,51.0,"Apply 7 days before sowing, mix into topsoil 10-15cm",Basal
linseed,pre_sowing,alluvial,177.4,92.4,172.1,high,high,high,25.2,20.4,3.1,DAP + MOP,6.0,18.6,"Apply 7 days before sowing, mix into topsoil 10-15cm",Basal
tur_arhar,flowering,sandy,277.3,116.9,130.6,high,high,high,69.8,16.5,4.9,MOP,5.0,24.5,Apply at flower bud initiation; avoid leaf contact,Pod setting
maize_kharif,flowering,alluvial,30.1,41.3,137.9,low,low,high,50.2,13.0,5.9,Urea,26.0,153.4,Apply at flower bud initiation; avoid leaf contact,Tasselling stage
moong_rabi,pre_sowing,laterite,76.1,90.7,113.8,medium,high,high,79.5,32.8,1.0,SSP + MOP,5.4,5.4,"Apply 7 days before sowing, mix into topsoil 10-15cm",Same as kharif moong
moong_rabi,pre_sowing,laterite,35.7,38.4,124.2,low,low,high,21.0,36.1,2.1,SSP + MOP,10.8,22.7,"Apply 7 days before sowing, mix into topsoil 10-15cm",Same as kharif moong
mustard,pre_sowing,red,108.4,105.1,103.1,high,high,high,68.1,14.3,7.9,DAP + MOP,7.5,59.2,"Apply 7 days before sowing, mix into topsoil 10-15cm",Basal; sulfur from SSP
bajra,pre_sowing,red,34.1,81.5,126.0,low,high,high,39.6,16.8,8.0,DAP,12.0,96.0,"Apply 7 days before sowing, mix into topsoil 10-15cm",Basal P
urad,pre_sowing,laterite,236.0,109.4,167.3,high,high,high,69.2,12.6,9.6,SSP + MOP,5.4,51.8,"Apply 7 days before sowing, mix into topsoil 10-15cm",Basal P+K
turmeric,vegetative,sandy,98.6,105.2,27.4,high,high,low,50.2,36.1,3.6,Urea + MOP,22.5,81.0,Top dress at 20-30 DAS; broadcast and irrigate,Rhizome development
grapes,pre_sowing,alluvial,219.1,106.0,97.5,high,high,medium,38.8,35.5,10.0,DAP + MOP,18.0,180.0,"Apply 7 days before sowing, mix into topsoil 10-15cm",Pruning time dose
urad,pre_sowing,black_cotton,91.8,53.8,148.0,high,medium,high,29.4,15.7,7.1,SSP + MOP,9.0,63.9,"Apply 7 days before sowing, mix into topsoil 10-15cm",Basal P+K
pomegranate,pre_sowing,red,118.9,72.3,122.1,high,medium,high,67.8,32.7,7.7,DAP + MOP,17.5,134.8,"Apply 7 days before sowing, mix into topsoil 10-15cm",Pre-bloom
pomegranate,flowering,sandy,54.3,96.9,150.5,medium,high,high,65.2,31.0,4.4,Urea + MOP,15.0,66.0,Apply at flower bud initiation; avoid leaf contact,Fruit set
rabi_maize,pre_sowing,red,66.2,106.6,41.1,medium,high,low,62.5,23.1,4.9,DAP + MOP,26.2,128.4,"Apply 7 days before sowing, mix into topsoil 10-15cm",Same as kharif maize
sunflower_rabi,pre_sowing,black_cotton,273.2,90.3,42.8,high,high,low,79.4,34.3,9.4,DAP + MOP,22.5,211.5,"Apply 7 days before sowing, mix into topsoil 10-15cm",Basal
groundnut,pre_sowing,sandy,44.9,89.8,51.4,medium,high,medium,70.6,28.9,5.8,SSP + Gypsum,18.0,104.4,"Apply 7 days before sowing, mix into topsoil 10-15cm",Ca from gypsum for pod fill
cotton,pre_sowing,sandy,91.9,110.9,194.9,high,high,high,73.9,13.9,9.2,DAP + MOP,12.0,110.4,"Apply 7 days before sowing, mix into topsoil 10-15cm",Basal: 25N 25P 25K
groundnut,germination,alluvial,152.3,70.2,173.8,high,medium,high,44.7,33.0,7.6,Rhizobium Biofert,5.0,38.0,Apply at sowing time or within first 7 DAS,Seed inoculation
soybean,grain_fill,black_cotton,121.7,81.2,47.4,high,high,low,59.4,12.7,3.5,Micronutrient Mix,5.0,17.5,Foliar spray or side dress during grain/fruit development,Zinc + Boron foliar spray
jowar_rabi,flowering,alluvial,230.0,34.5,77.7,high,low,medium,57.1,15.9,5.8,Urea,7.2,41.8,Apply at flower bud initiation; avoid leaf contact,Light booster
grapes,flowering,alluvial,247.0,81.2,47.1,high,high,low,51.0,18.7,6.9,13:00:45 NPK,11.2,77.3,Apply at flower bud initiation; avoid leaf contact,Berry set
tur_arhar,pre_sowing,red,233.0,73.0,72.4,high,medium,medium,32.6,24.7,1.0,SSP + MOP,22.0,22.0,"Apply 7 days before sowing, mix into topsoil 10-15cm",Low N; P+K basal
onion,harvest,alluvial,58.0,86.7,31.2,medium,high,low,54.7,20.8,4.8,NO FERTILIZER,0.0,0.0,Do not apply; withholding period required,Stop 3 weeks before harvest
chilli,pre_sowing,sandy,158.3,109.3,108.1,high,high,high,75.1,12.5,9.4,DAP + MOP,10.5,98.7,"Apply 7 days before sowing, mix into topsoil 10-15cm",Basal
orange,pre_sowing,red,195.8,26.4,45.2,high,low,low,48.1,15.4,7.3,DAP + MOP,52.5,383.2,"Apply 7 days before sowing, mix into topsoil 10-15cm",Post-harvest dose
rice,flowering,sandy,26.0,61.2,192.6,low,medium,high,51.0,15.6,5.0,Urea + MOP,13.0,65.0,Apply at flower bud initiation; avoid leaf contact,Panicle initiation
groundnut,flowering,sandy,55.8,63.4,28.2,medium,medium,low,59.7,24.3,10.0,Gypsum,25.0,250.0,Apply at flower bud initiation; avoid leaf contact,Peg development
wheat,vegetative,sandy,158.3,77.3,88.7,high,medium,medium,43.0,33.2,5.5,Urea,12.0,66.0,Top dress at 20-30 DAS; broadcast and irrigate,Tillering
linseed,pre_sowing,black_cotton,98.0,33.6,143.6,high,low,high,53.4,32.4,6.9,DAP + MOP,12.0,82.8,"Apply 7 days before sowing, mix into topsoil 10-15cm",Basal
linseed,pre_sowing,alluvial,16.5,41.3,164.4,low,low,high,65.0,25.7,9.8,DAP + MOP,12.0,117.6,"Apply 7 days before sowing, mix into topsoil 10-15cm",Basal
tur_arhar,vegetative,laterite,165.8,115.5,31.8,high,high,low,57.5,15.7,8.0,Urea,6.0,48.0,Top dress at 20-30 DAS; broadcast and irrigate,Light N if pale
rice,pre_sowing,laterite,211.7,80.8,50.9,high,high,medium,53.3,37.1,2.4,DAP,18.0,43.2,"Apply 7 days before sowing, mix into topsoil 10-15cm",Basal
jowar_rabi,pre_sowing,alluvial,63.9,62.7,174.3,medium,medium,high,52.5,25.4,5.3,DAP + MOP,15.0,79.5,"Apply 7 days before sowing, mix into topsoil 10-15cm",Full P and K basal
mustard,vegetative,red,249.8,51.6,24.8,high,medium,low,35.1,22.2,5.0,Urea,10.8,54.0,Top dress at 20-30 DAS; broadcast and irrigate,Top dress at 20 DAS
wheat,pre_sowing,red,124.0,44.1,110.9,high,low,high,48.1,22.0,8.0,DAP + MOP,21.0,168.0,"Apply 7 days before sowing, mix into topsoil 10-15cm",Full P+K; half N
chilli,grain_fill,red,99.6,27.8,34.2,high,low,low,56.8,35.2,4.8,MOP,15.0,72.0,Foliar spray or side dress during grain/fruit development,Pungency development
sunflower_kharif,vegetative,red,66.4,92.0,183.9,medium,high,high,39.0,18.6,5.4,Urea,18.0,97.2,Top dress at 20-30 DAS; broadcast and irrigate,Top dress
tur_arhar,vegetative,alluvial,168.4,83.0,72.0,high,high,medium,32.8,37.8,8.5,Urea,6.0,51.0,Top dress at 20-30 DAS; broadcast and irrigate,Light N if pale
sunflower_rabi,flowering,black_cotton,64.5,66.5,79.4,medium,medium,medium,50.7,13.3,3.7,Boron Spray,5.0,18.5,Apply at flower bud initiation; avoid leaf contact,Pollination support
grapes,vegetative,laterite,72.9,42.1,142.4,medium,low,high,54.5,13.4,2.3,Urea,20.0,46.0,Top dress at 20-30 DAS; broadcast and irrigate,Shoot growth
tomato,flowering,sandy,171.7,44.7,42.6,high,low,low,49.1,17.1,3.2,19:19:19 NPK,11.2,35.8,Apply at flower bud initiation; avoid leaf contact,Balanced NPK at fruit set
safflower,vegetative,red,269.9,33.3,158.8,high,low,high,48.4,32.5,10.0,Urea,9.0,90.0,Top dress at 20-30 DAS; broadcast and irrigate,Rosette stage
sesame,pre_sowing,sandy,257.2,58.6,151.4,high,medium,high,33.1,14.4,3.7,DAP,18.0,66.6,"Apply 7 days before sowing, mix into topsoil 10-15cm",Light feeder
pomegranate,pre_sowing,red,133.7,102.0,157.1,high,high,high,39.5,18.1,9.4,DAP + MOP,10.5,98.7,"Apply 7 days before sowing, mix into topsoil 10-15cm",Pre-bloom
sesame,vegetative,alluvial,60.7,45.8,78.2,medium,medium,medium,70.9,28.5,2.1,Urea,12.0,25.2,Top dress at 20-30 DAS; broadcast and irrigate,Top dress
wheat,germination,sandy,54.8,39.4,84.0,medium,low,medium,65.1,32.2,5.7,Urea,20.0,114.0,Apply at sowing time or within first 7 DAS,CRI stage
onion,grain_fill,red,65.2,75.3,146.7,medium,medium,high,60.0,34.8,5.5,MOP,7.5,41.2,Foliar spray or side dress during grain/fruit development,Bulb development
banana,grain_fill,red,117.9,45.2,145.4,high,medium,high,64.9,19.9,3.2,MOP,20.0,64.0,Foliar spray or side dress during grain/fruit development,Bunch filling
sunflower_kharif,flowering,laterite,77.7,38.0,26.2,medium,low,low,31.7,34.3,2.6,Boron Spray,5.0,13.0,Apply at flower bud initiation; avoid leaf contact,Prevent hollow stem
rice,grain_fill,laterite,145.1,84.0,194.1,high,high,high,41.1,32.8,5.1,MOP,6.0,30.6,Foliar spray or side dress during grain/fruit development,Grain filling stage
chilli,vegetative,laterite,52.0,113.3,83.2,medium,high,medium,73.5,29.4,6.6,Urea,18.0,118.8,Top dress at 20-30 DAS; broadcast and irrigate,Plant establishment
pomegranate,grain_fill,alluvial,62.7,42.7,97.4,medium,low,medium,30.3,13.3,6.0,MOP + Calcium,25.0,150.0,Foliar spray or side dress during grain/fruit development,Fruit development
safflower,vegetative,alluvial,128.0,22.4,151.1,high,low,high,67.5,22.6,2.8,Urea,9.0,25.2,Top dress at 20-30 DAS; broadcast and irrigate,Rosette stage
tomato,grain_fill,laterite,267.0,84.7,137.2,high,high,high,35.3,22.9,7.5,MOP + CaNO3,9.0,67.5,Foliar spray or side dress during grain/fruit development,Fruit development + Ca
chilli,vegetative,black_cotton,145.5,103.3,184.9,high,high,high,41.9,21.4,5.9,Urea,10.8,63.7,Top dress at 20-30 DAS; broadcast and irrigate,Plant establishment
sugarcane,vegetative,alluvial,189.9,78.5,166.0,high,medium,high,37.5,13.6,7.0,Urea + MOP,15.0,105.0,Top dress at 20-30 DAS; broadcast and irrigate,Grand growth period
groundnut,grain_fill,laterite,75.0,93.4,101.0,medium,high,high,44.9,12.8,2.5,MOP,5.0,12.5,Foliar spray or side dress during grain/fruit development,Kernel filling
orange,pre_sowing,sandy,85.8,38.3,175.5,medium,low,high,57.3,22.5,7.7,DAP + MOP,21.0,161.7,"Apply 7 days before sowing, mix into topsoil 10-15cm",Post-harvest dose
cotton,vegetative,sandy,156.7,75.7,127.6,high,medium,high,43.2,33.5,8.6,Urea + MOP,10.5,90.3,Top dress at 20-30 DAS; broadcast and irrigate,Square formation
chickpea,pre_sowing,black_cotton,116.5,27.9,138.6,high,low,high,39.2,27.7,2.1,SSP + MOP,12.0,25.2,"Apply 7 days before sowing, mix into topsoil 10-15cm",Low N; P and K basal
sesame,pre_sowing,alluvial,181.9,42.2,132.8,high,low,high,58.9,36.7,7.5,DAP,21.6,162.0,"Apply 7 days before sowing, mix into topsoil 10-15cm",Light feeder
sugarcane,vegetative,sandy,92.9,34.7,65.7,high,low,medium,54.0,32.0,5.9,Urea + MOP,30.0,177.0,Top dress at 20-30 DAS; broadcast and irrigate,Grand growth period
groundnut,germination,laterite,240.5,108.9,31.1,high,high,low,76.6,33.6,6.5,Rhizobium Biofert,5.0,32.5,Apply at sowing time or within first 7 DAS,Seed inoculation
soybean,germination,red,167.0,111.6,149.7,high,high,high,41.1,14.2,8.5,Rhizobium Biofert,5.0,42.5,Apply at sowing time or within first 7 DAS,Seed treatment reduces N requirement
soybean,germination,black_cotton,202.1,87.6,140.7,high,high,high,26.0,31.0,1.9,Rhizobium Biofert,5.0,9.5,Apply at sowing time or within first 7 DAS,Seed treatment reduces N requirement
jowar_rabi,pre_sowing,sandy,230.6,26.6,90.0,high,low,medium,24.1,32.5,7.7,DAP + MOP,36.0,277.2,"Apply 7 days before sowing, mix into topsoil 10-15cm",Full P and K basal
cucumber,flowering,red,207.3,75.9,166.2,high,medium,high,24.6,36.7,1.6,MOP,6.0,9.6,Apply at flower bud initiation; avoid leaf contact,Fruit quality
onion,vegetative,laterite,15.7,49.2,145.3,low,medium,high,56.2,16.4,4.8,Urea,26.0,124.8,Top dress at 20-30 DAS; broadcast and irrigate,Leaf development
safflower,flowering,sandy,74.2,75.5,76.7,medium,medium,medium,59.4,13.8,10.0,Urea,10.0,100.0,Apply at flower bud initiation; avoid leaf contact,Capitulum stage
turmeric,pre_sowing,laterite,168.6,55.2,134.1,high,medium,high,30.2,35.8,7.3,DAP + MOP,20.0,146.0,"Apply 7 days before sowing, mix into topsoil 10-15cm",High K demand
safflower,flowering,sandy,46.3,44.0,44.8,medium,low,low,58.3,36.0,6.1,Urea,10.0,61.0,Apply at flower bud initiation; avoid leaf contact,Capitulum stage
urad,pre_sowing,black_cotton,108.2,94.1,81.5,high,high,medium,24.0,28.5,9.2,SSP + MOP,10.8,99.4,"Apply 7 days before sowing, mix into topsoil 10-15cm",Basal P+K
rabi_maize,pre_sowing,black_cotton,231.1,71.9,35.5,high,medium,low,75.8,34.3,8.5,DAP + MOP,43.8,372.3,"Apply 7 days before sowing, mix into topsoil 10-15cm",Same as kharif maize
cucumber,flowering,sandy,155.7,72.2,117.9,high,medium,high,41.3,14.7,6.3,MOP,6.0,37.8,Apply at flower bud initiation; avoid leaf contact,Fruit quality
rice,germination,laterite,30.6,76.7,33.3,low,medium,low,62.5,20.5,8.1,Urea,23.4,189.5,Apply at sowing time or within first 7 DAS,7-10 DAS
watermelon,vegetative,black_cotton,254.9,66.1,68.8,high,medium,medium,47.3,13.8,1.9,Urea,9.0,17.1,Top dress at 20-30 DAS; broadcast and irrigate,Vine growth
watermelon,grain_fill,laterite,124.0,90.7,147.4,high,high,high,23.3,25.4,0.7,MOP,7.5,5.2,Foliar spray or side dress during grain/fruit development,Fruit sweetness
cotton,grain_fill,red,72.9,44.0,26.7,medium,low,low,20.4,32.1,1.5,MOP,18.8,28.2,Foliar spray or side dress during grain/fruit development,Fibre quality
chilli,grain_fill,alluvial,147.1,42.4,178.0,high,low,high,52.3,28.8,0.9,MOP,6.0,5.4,Foliar spray or side dress during grain/fruit development,Pungency development
rabi_maize,flowering,laterite,191.2,115.5,70.1,high,high,medium,79.3,29.4,6.0,Urea,10.8,64.8,Apply at flower bud initiation; avoid leaf contact,Booster
sunflower_rabi,flowering,black_cotton,162.0,22.1,22.6,high,low,low,47.3,27.4,2.0,Boron Spray,5.0,10.0,Apply at flower bud initiation; avoid leaf contact,Pollination support
grapes,vegetative,alluvial,114.7,47.2,155.8,high,medium,high,50.0,37.3,5.5,Urea,12.0,66.0,Top dress at 20-30 DAS; broadcast and irrigate,Shoot growth
urad,pre_sowing,alluvial,96.8,76.4,198.0,high,medium,high,75.0,18.6,2.4,SSP + MOP,9.0,21.6,"Apply 7 days before sowing, mix into topsoil 10-15cm",Basal P+K
cotton,grain_fill,sandy,35.5,85.5,46.9,low,high,low,36.0,16.6,0.6,MOP,18.8,11.3,Foliar spray or side dress during grain/fruit development,Fibre quality
moong_rabi,pre_sowing,red,262.9,107.2,198.8,high,high,high,54.2,36.6,4.7,SSP + MOP,5.4,25.4,"Apply 7 days before sowing, mix into topsoil 10-15cm",Same as kharif moong
onion,pre_sowing,red,74.7,100.7,32.8,medium,high,low,53.6,23.2,8.8,DAP + MOP,26.2,230.6,"Apply 7 days before sowing, mix into topsoil 10-15cm",Full P+K; half N
cotton,pre_sowing,black_cotton,11.0,49.8,157.5,low,medium,high,71.2,25.3,1.2,DAP + MOP,20.0,24.0,"Apply 7 days before sowing, mix into topsoil 10-15cm",Basal: 25N 25P 25K
moong_kharif,germination,sandy,161.7,43.4,138.1,high,low,high,68.0,31.3,4.9,Rhizobium Biofert,5.0,24.5,Apply at sowing time or within first 7 DAS,Seed treatment
jowar_kharif,vegetative,sandy,234.0,32.5,71.6,high,low,medium,32.9,19.2,3.5,Urea,12.0,42.0,Top dress at 20-30 DAS; broadcast and irrigate,Top dress after 3-4 weeks
urad,germination,red,237.0,107.1,158.5,high,high,high,30.7,12.6,3.1,Rhizobium Biofert,5.0,15.5,Apply at sowing time or within first 7 DAS,Seed inoculation
orange,pre_sowing,sandy,278.3,119.6,46.5,high,high,low,27.5,32.7,6.5,DAP + MOP,26.2,170.3,"Apply 7 days before sowing, mix into topsoil 10-15cm",Post-harvest dose
cucumber,pre_sowing,black_cotton,154.2,46.7,129.5,high,medium,high,74.8,16.5,6.7,DAP + MOP,12.5,83.8,"Apply 7 days before sowing, mix into topsoil 10-15cm",Basal
sunflower_rabi,vegetative,alluvial,111.7,110.6,68.8,high,high,medium,53.6,14.0,6.7,Urea,10.8,72.4,Top dress at 20-30 DAS; broadcast and irrigate,Top dress
chickpea,pre_sowing,alluvial,263.7,67.4,113.6,high,medium,high,44.9,17.9,4.0,SSP + MOP,10.0,40.0,"Apply 7 days before sowing, mix into topsoil 10-15cm",Low N; P and K basal
moong_kharif,germination,sandy,197.9,54.5,100.1,high,medium,high,50.1,13.1,2.4,Rhizobium Biofert,5.0,12.0,Apply at sowing time or within first 7 DAS,Seed treatment
wheat,pre_sowing,laterite,128.0,82.4,57.7,high,high,medium,45.6,19.8,2.2,DAP + MOP,21.0,46.2,"Apply 7 days before sowing, mix into topsoil 10-15cm",Full P+K; half N
orange,pre_sowing,sandy,161.2,20.1,126.5,high,low,high,31.6,24.7,1.3,DAP + MOP,21.0,27.3,"Apply 7 days before sowing, mix into topsoil 10-15cm",Post-harvest dose
sunflower_kharif,vegetative,red,125.4,118.1,95.4,high,high,medium,49.2,34.8,1.6,Urea,10.8,17.3,Top dress at 20-30 DAS; broadcast and irrigate,Top dress
chickpea,germination,red,223.4,119.3,111.7,high,high,high,58.8,26.5,2.1,Rhizobium Biofert,5.0,10.5,Apply at sowing time or within first 7 DAS,Seed inoculation
safflower,pre_sowing,black_cotton,10.5,102.7,64.8,low,high,medium,49.4,24.7,1.0,DAP + MOP,15.0,15.0,"Apply 7 days before sowing, mix into topsoil 10-15cm",Basal
sunflower_rabi,flowering,alluvial,132.1,83.5,66.4,high,high,medium,72.5,34.9,8.6,Boron Spray,5.0,43.0,Apply at flower bud initiation; avoid leaf contact,Pollination support
cotton,pre_sowing,sandy,180.4,109.5,79.4,high,high,medium,73.5,33.4,5.6,DAP + MOP,24.0,134.4,"Apply 7 days before sowing, mix into topsoil 10-15cm",Basal: 25N 25P 25K
sunflower_kharif,vegetative,red,244.8,98.2,86.7,high,high,medium,56.5,26.6,0.7,Urea,10.8,7.6,Top dress at 20-30 DAS; broadcast and irrigate,Top dress
watermelon,vegetative,black_cotton,36.0,58.3,44.4,low,medium,low,22.8,22.9,1.2,Urea,19.5,23.4,Top dress at 20-30 DAS; broadcast and irrigate,Vine growth
linseed,vegetative,sandy,103.6,99.2,94.1,high,high,medium,48.9,14.8,2.8,Urea,7.2,20.2,Top dress at 20-30 DAS; broadcast and irrigate,Top dress
watermelon,flowering,black_cotton,82.7,67.9,124.4,medium,medium,high,63.8,12.9,2.3,19:19:19 NPK,6.0,13.8,Apply at flower bud initiation; avoid leaf contact,Fruit set
orange,pre_sowing,alluvial,71.0,78.9,46.3,medium,medium,low,43.3,33.3,1.7,DAP + MOP,43.8,74.5,"Apply 7 days before sowing, mix into topsoil 10-15cm",Post-harvest dose
onion,grain_fill,alluvial,206.7,96.6,159.3,high,high,high,30.5,37.3,6.0,MOP,7.5,45.0,Foliar spray or side dress during grain/fruit development,Bulb development
groundnut,pre_sowing,red,130.6,33.7,49.1,high,low,low,23.8,32.3,7.4,SSP + Gypsum,36.0,266.4,"Apply 7 days before sowing, mix into topsoil 10-15cm",Ca from gypsum for pod fill
cotton,flowering,red,234.1,55.5,108.1,high,medium,high,31.6,20.3,8.6,Urea,15.0,129.0,Apply at flower bud initiation; avoid leaf contact,Boll development
jowar_rabi,vegetative,black_cotton,138.2,20.5,108.3,high,low,high,69.6,25.0,2.7,Urea,12.0,32.4,Top dress at 20-30 DAS; broadcast and irrigate,Split N top dress
chickpea,pre_sowing,laterite,109.9,87.2,140.0,high,high,high,45.3,23.7,5.8,SSP + MOP,6.0,34.8,"Apply 7 days before sowing, mix into topsoil 10-15cm",Low N; P and K basal
tomato,vegetative,black_cotton,209.8,88.8,52.7,high,high,medium,34.5,30.2,7.4,Urea,12.0,88.8,Top dress at 20-30 DAS; broadcast and irrigate,Vegetative growth
sunflower_kharif,flowering,black_cotton,221.1,74.6,139.4,high,medium,high,60.7,13.9,5.7,Boron Spray,5.0,28.5,Apply at flower bud initiation; avoid leaf contact,Prevent hollow stem
safflower,pre_sowing,sandy,25.2,28.9,138.9,low,low,high,64.2,32.1,4.2,DAP + MOP,15.0,63.0,"Apply 7 days before sowing, mix into topsoil 10-15cm",Basal
jowar_kharif,vegetative,sandy,153.8,51.3,125.6,high,medium,high,51.3,17.8,8.6,Urea,12.0,103.2,Top dress at 20-30 DAS; broadcast and irrigate,Top dress after 3-4 weeks
sunflower_kharif,flowering,black_cotton,83.3,46.5,156.1,medium,medium,high,58.2,35.5,5.9,Boron Spray,5.0,29.5,Apply at flower bud initiation; avoid leaf contact,Prevent hollow stem
linseed,vegetative,sandy,160.5,42.1,176.6,high,low,high,73.9,21.4,2.1,Urea,7.2,15.1,Top dress at 20-30 DAS; broadcast and irrigate,Top dress
soybean,grain_fill,sandy,89.3,44.8,50.0,medium,low,medium,48.0,33.5,2.2,Micronutrient Mix,5.0,11.0,Foliar spray or side dress during grain/fruit development,Zinc + Boron foliar spray
banana,pre_sowing,sandy,118.2,79.8,34.2,high,medium,low,52.4,37.6,7.6,DAP + MOP,75.0,570.0,"Apply 7 days before sowing, mix into topsoil 10-15cm",Heavy K feeder; high basal
chilli,vegetative,red,35.5,91.2,80.0,low,high,medium,76.4,30.2,6.0,Urea,23.4,140.4,Top dress at 20-30 DAS; broadcast and irrigate,Plant establishment
orange,grain_fill,sandy,81.3,94.1,21.5,medium,high,low,66.9,35.6,6.4,MOP + Micronutrient,25.0,160.0,Foliar spray or side dress during grain/fruit development,Fruit color + quality
tomato,harvest,alluvial,121.3,70.9,21.4,high,medium,low,40.1,30.3,5.0,13:00:45 NPK,7.5,37.5,Do not apply; withholding period required,Quality booster
sesame,vegetative,black_cotton,129.1,87.6,135.9,high,high,high,21.9,13.3,5.3,Urea,7.2,38.2,Top dress at 20-30 DAS; broadcast and irrigate,Top dress
sunflower_rabi,flowering,black_cotton,147.5,108.4,97.4,high,high,medium,32.8,33.7,3.6,Boron Spray,5.0,18.0,Apply at flower bud initiation; avoid leaf contact,Pollination support
safflower,pre_sowing,black_cotton,71.4,115.2,166.1,medium,high,high,37.0,28.3,9.6,DAP + MOP,7.5,72.0,"Apply 7 days before sowing, mix into topsoil 10-15cm",Basal
maize_kharif,flowering,alluvial,168.8,28.9,71.7,high,low,medium,60.9,13.9,7.5,Urea,12.0,90.0,Apply at flower bud initiation; avoid leaf contact,Tasselling stage
watermelon,pre_sowing,laterite,235.8,100.6,88.2,high,high,medium,72.3,37.4,8.3,DAP + MOP,18.0,149.4,"Apply 7 days before sowing, mix into topsoil 10-15cm",Basal
orange,grain_fill,sandy,131.7,86.2,101.0,high,high,high,43.2,12.8,1.6,MOP + Micronutrient,10.0,16.0,Foliar spray or side dress during grain/fruit development,Fruit color + quality
sesame,pre_sowing,sandy,166.2,78.8,86.4,high,medium,medium,40.7,14.7,1.3,DAP,18.0,23.4,"Apply 7 days before sowing, mix into topsoil 10-15cm",Light feeder
rice,flowering,sandy,266.9,50.6,121.6,high,medium,high,24.4,37.3,7.6,Urea + MOP,6.0,45.6,Apply at flower bud initiation; avoid leaf contact,Panicle initiation
moong_kharif,pre_sowing,black_cotton,16.2,22.0,121.0,low,low,high,51.4,19.6,3.1,SSP + MOP,10.8,33.5,"Apply 7 days before sowing, mix into topsoil 10-15cm",Low N legume
rice,grain_fill,red,95.4,48.2,100.0,high,medium,high,44.5,37.7,1.9,MOP,6.0,11.4,Foliar spray or side dress during grain/fruit development,Grain filling stage
sunflower_rabi,flowering,red,122.6,71.5,124.4,high,medium,high,58.0,14.4,4.4,Boron Spray,5.0,22.0,Apply at flower bud initiation; avoid leaf contact,Pollination support
wheat,vegetative,laterite,33.3,73.0,92.6,low,medium,medium,30.0,14.7,3.0,Urea,26.0,78.0,Top dress at 20-30 DAS; broadcast and irrigate,Tillering
soybean,pre_sowing,red,225.7,38.3,196.2,high,low,high,45.3,25.4,9.4,SSP + MOP,15.0,141.0,"Apply 7 days before sowing, mix into topsoil 10-15cm","Basal: 0 N, 50 P2O5, 40 K2O kg/ha via SSP+MOP"
turmeric,vegetative,sandy,28.6,34.8,130.0,low,low,high,48.7,18.4,3.9,Urea + MOP,19.5,76.0,Top dress at 20-30 DAS; broadcast and irrigate,Rhizome development
chickpea,flowering,black_cotton,170.9,70.6,145.1,high,medium,high,72.7,12.0,9.7,MOP,4.0,38.8,Apply at flower bud initiation; avoid leaf contact,Foliar K for pod fill
moong_kharif,germination,laterite,109.8,87.3,80.0,high,high,medium,46.5,25.6,6.5,Rhizobium Biofert,5.0,32.5,Apply at sowing time or within first 7 DAS,Seed treatment
pomegranate,pre_sowing,sandy,176.4,67.1,178.3,high,medium,high,49.6,37.5,9.1,DAP + MOP,17.5,159.2,"Apply 7 days before sowing, mix into topsoil 10-15cm",Pre-bloom
sunflower_rabi,flowering,red,159.0,45.3,168.9,high,medium,high,28.6,28.6,2.9,Boron Spray,5.0,14.5,Apply at flower bud initiation; avoid leaf contact,Pollination support
jowar_rabi,pre_sowing,black_cotton,84.6,84.6,67.5,medium,high,medium,51.3,18.1,9.0,DAP + MOP,18.0,162.0,"Apply 7 days before sowing, mix into topsoil 10-15cm",Full P and K basal
linseed,vegetative,black_cotton,144.0,53.8,152.3,high,medium,high,52.4,30.7,8.4,Urea,7.2,60.5,Top dress at 20-30 DAS; broadcast and irrigate,Top dress
bajra,vegetative,sandy,58.1,71.4,108.4,medium,medium,high,58.9,34.4,6.1,Urea,18.0,109.8,Top dress at 20-30 DAS; broadcast and irrigate,N top dress 3 weeks after sowing
groundnut,grain_fill,sandy,132.3,64.1,74.5,high,medium,medium,55.0,16.7,1.9,MOP,10.0,19.0,Foliar spray or side dress during grain/fruit development,Kernel filling
chickpea,germination,red,13.6,108.0,163.0,low,high,high,36.2,33.7,1.5,Rhizobium Biofert,5.0,7.5,Apply at sowing time or within first 7 DAS,Seed inoculation
sunflower_rabi,vegetative,sandy,197.8,109.0,184.7,high,high,high,71.9,28.8,9.5,Urea,10.8,102.6,Top dress at 20-30 DAS; broadcast and irrigate,Top dress
cotton,pre_sowing,alluvial,229.1,37.2,119.2,high,low,high,70.4,21.4,1.4,DAP + MOP,24.0,33.6,"Apply 7 days before sowing, mix into topsoil 10-15cm",Basal: 25N 25P 25K
cotton,grain_fill,laterite,105.3,29.5,67.1,high,low,medium,30.7,24.6,3.6,MOP,15.0,54.0,Foliar spray or side dress during grain/fruit development,Fibre quality
linseed,pre_sowing,black_cotton,42.9,112.6,39.3,medium,high,low,44.8,26.7,3.2,DAP + MOP,15.0,48.0,"Apply 7 days before sowing, mix into topsoil 10-15cm",Basal
linseed,pre_sowing,laterite,24.7,31.1,192.8,low,low,high,28.4,28.4,0.5,DAP + MOP,12.0,6.0,"Apply 7 days before sowing, mix into topsoil 10-15cm",Basal
tur_arhar,vegetative,sandy,128.9,99.9,103.1,high,high,high,50.7,32.6,7.0,Urea,6.0,42.0,Top dress at 20-30 DAS; broadcast and irrigate,Light N if pale
jowar_rabi,vegetative,red,229.3,42.2,121.9,high,low,high,52.3,22.0,5.5,Urea,12.0,66.0,Top dress at 20-30 DAS; broadcast and irrigate,Split N top dress
watermelon,flowering,laterite,70.2,69.6,56.2,medium,medium,medium,48.1,33.1,4.5,19:19:19 NPK,12.0,54.0,Apply at flower bud initiation; avoid leaf contact,Fruit set
maize_kharif,grain_fill,laterite,244.8,40.8,199.6,high,low,high,66.7,13.4,1.4,MOP,5.0,7.0,Foliar spray or side dress during grain/fruit development,Cob development
banana,flowering,sandy,100.8,71.8,131.0,high,medium,high,47.5,35.8,4.4,Urea + MOP,13.5,59.4,Apply at flower bud initiation; avoid leaf contact,Bunch initiation
cotton,flowering,red,270.8,25.9,159.0,high,low,high,25.7,19.7,8.9,Urea,15.0,133.5,Apply at flower bud initiation; avoid leaf contact,Boll development
rice,grain_fill,laterite,92.5,112.4,75.9,high,high,medium,64.7,29.7,1.8,MOP,12.0,21.6,Foliar spray or side dress during grain/fruit development,Grain filling stage
soybean,vegetative,black_cotton,19.7,112.4,123.1,low,high,high,63.7,30.6,8.6,Urea,15.6,134.2,Top dress at 20-30 DAS; broadcast and irrigate,Top dress if N deficiency observed
linseed,pre_sowing,laterite,262.2,117.6,67.5,high,high,medium,60.9,18.1,3.7,DAP + MOP,12.0,44.4,"Apply 7 days before sowing, mix into topsoil 10-15cm",Basal
grapes,flowering,red,125.6,28.6,60.2,high,low,medium,64.6,34.6,2.5,13:00:45 NPK,9.0,22.5,Apply at flower bud initiation; avoid leaf contact,Berry set
rabi_maize,pre_sowing,black_cotton,155.7,51.8,162.6,high,medium,high,72.7,19.9,2.4,DAP + MOP,17.5,42.0,"Apply 7 days before sowing, mix into topsoil 10-15cm",Same as kharif maize
moong_rabi,flowering,black_cotton,94.3,76.8,115.3,high,medium,high,32.8,29.3,6.7,MOP,4.0,26.8,Apply at flower bud initiation; avoid leaf contact,Pod fill
moong_kharif,flowering,sandy,16.8,22.8,41.2,low,low,low,47.3,14.0,5.8,MOP,10.0,58.0,Apply at flower bud initiation; avoid leaf contact,Pod fill
chickpea,pre_sowing,laterite,275.0,106.5,91.1,high,high,medium,50.3,14.8,3.4,SSP + MOP,12.0,40.8,"Apply 7 days before sowing, mix into topsoil 10-15cm",Low N; P and K basal
sesame,vegetative,alluvial,34.5,59.5,35.5,low,medium,low,39.9,27.3,4.4,Urea,15.6,68.6,Top dress at 20-30 DAS; broadcast and irrigate,Top dress
moong_rabi,pre_sowing,red,250.1,33.1,94.4,high,low,medium,38.0,19.7,8.6,SSP + MOP,21.6,185.8,"Apply 7 days before sowing, mix into topsoil 10-15cm",Same as kharif moong
tur_arhar,pre_sowing,black_cotton,117.0,81.8,116.1,high,high,high,78.3,37.3,2.4,SSP + MOP,6.6,15.8,"Apply 7 days before sowing, mix into topsoil 10-15cm",Low N; P+K basal
turmeric,pre_sowing,alluvial,53.6,30.9,55.1,medium,low,medium,44.4,22.9,8.1,DAP + MOP,48.0,388.8,"Apply 7 days before sowing, mix into topsoil 10-15cm",High K demand
orange,pre_sowing,red,130.4,40.6,41.5,high,low,low,58.9,34.4,2.0,DAP + MOP,52.5,105.0,"Apply 7 days before sowing, mix into topsoil 10-15cm",Post-harvest dose
tur_arhar,flowering,red,199.8,89.3,181.7,high,high,high,41.6,33.8,5.9,MOP,5.0,29.5,Apply at flower bud initiation; avoid leaf contact,Pod setting
moong_kharif,flowering,sandy,54.5,77.0,190.7,medium,medium,high,50.0,34.7,0.7,MOP,4.0,2.8,Apply at flower bud initiation; avoid leaf contact,Pod fill
mustard,pre_sowing,red,228.4,80.0,65.0,high,high,medium,41.3,25.3,5.6,DAP + MOP,15.0,84.0,"Apply 7 days before sowing, mix into topsoil 10-15cm",Basal; sulfur from SSP
soybean,pre_sowing,black_cotton,181.7,71.8,76.9,high,medium,medium,51.4,21.6,2.7,SSP + MOP,25.0,67.5,"Apply 7 days before sowing, mix into topsoil 10-15cm","Basal: 0 N, 50 P2O5, 40 K2O kg/ha via SSP+MOP"
banana,pre_sowing,laterite,65.6,103.2,30.1,medium,high,low,21.8,20.7,6.5,DAP + MOP,45.0,292.5,"Apply 7 days before sowing, mix into topsoil 10-15cm",Heavy K feeder; high basal
jowar_rabi,pre_sowing,sandy,219.7,104.9,124.1,high,high,high,54.0,22.5,5.1,DAP + MOP,9.0,45.9,"Apply 7 days before sowing, mix into topsoil 10-15cm",Full P and K basal
sunflower_kharif,pre_sowing,laterite,185.2,68.2,53.0,high,medium,medium,64.8,22.6,3.3,DAP + MOP,30.0,99.0,"Apply 7 days before sowing, mix into topsoil 10-15cm",Basal
safflower,flowering,alluvial,223.9,86.8,66.3,high,high,medium,49.0,20.4,3.2,Urea,6.0,19.2,Apply at flower bud initiation; avoid leaf contact,Capitulum stage
moong_kharif,flowering,red,86.7,68.6,175.2,medium,medium,high,20.6,26.1,1.0,MOP,4.0,4.0,Apply at flower bud initiation; avoid leaf contact,Pod fill
onion,grain_fill,alluvial,25.1,47.2,99.6,low,medium,medium,26.8,16.4,2.0,MOP,15.0,30.0,Foliar spray or side dress during grain/fruit development,Bulb development
chickpea,flowering,red,239.7,107.7,143.4,high,high,high,56.8,19.9,7.4,MOP,4.0,29.6,Apply at flower bud initiation; avoid leaf contact,Foliar K for pod fill
chilli,vegetative,laterite,189.4,119.1,90.9,high,high,medium,61.4,22.5,4.6,Urea,10.8,49.7,Top dress at 20-30 DAS; broadcast and irrigate,Plant establishment
rabi_maize,vegetative,red,129.6,74.2,130.4,high,medium,high,20.6,15.4,7.5,Urea,15.0,112.5,Top dress at 20-30 DAS; broadcast and irrigate,Top dress
sunflower_rabi,vegetative,black_cotton,93.6,95.9,171.8,high,high,high,69.0,16.5,2.8,Urea,10.8,30.2,Top dress at 20-30 DAS; broadcast and irrigate,Top dress
grapes,flowering,alluvial,109.0,54.5,90.1,high,medium,medium,58.4,31.7,5.7,13:00:45 NPK,9.0,51.3,Apply at flower bud initiation; avoid leaf contact,Berry set
wheat,germination,sandy,46.2,117.0,99.8,medium,high,medium,49.7,23.4,3.6,Urea,20.0,72.0,Apply at sowing time or within first 7 DAS,CRI stage
groundnut,flowering,black_cotton,125.6,72.7,79.7,high,medium,medium,38.3,23.6,4.2,Gypsum,25.0,105.0,Apply at flower bud initiation; avoid leaf contact,Peg development
orange,pre_sowing,laterite,238.1,64.1,157.2,high,medium,high,48.2,22.8,3.1,DAP + MOP,17.5,54.2,"Apply 7 days before sowing, mix into topsoil 10-15cm",Post-harvest dose
orange,grain_fill,alluvial,103.8,85.1,111.5,high,high,high,54.3,27.5,3.5,MOP + Micronutrient,10.0,35.0,Foliar spray or side dress during grain/fruit development,Fruit color + quality
cucumber,pre_sowing,black_cotton,178.0,86.5,44.2,high,high,low,38.0,16.2,7.3,DAP + MOP,18.8,137.2,"Apply 7 days before sowing, mix into topsoil 10-15cm",Basal
cotton,flowering,sandy,155.9,65.1,162.6,high,medium,high,57.9,31.4,5.1,Urea,15.0,76.5,Apply at flower bud initiation; avoid leaf contact,Boll development
chilli,flowering,alluvial,101.7,93.1,36.0,high,high,low,35.0,15.8,1.0,19:19:19 NPK,11.2,11.2,Apply at flower bud initiation; avoid leaf contact,Fruit set
groundnut,grain_fill,black_cotton,58.0,69.6,160.3,medium,medium,high,32.9,23.4,0.6,MOP,5.0,3.0,Foliar spray or side dress during grain/fruit development,Kernel filling
moong_rabi,pre_sowing,red,165.8,96.5,62.3,high,high,medium,61.7,30.7,0.9,SSP + MOP,10.8,9.7,"Apply 7 days before sowing, mix into topsoil 10-15cm",Same as kharif moong
maize_kharif,grain_fill,alluvial,252.0,93.0,166.8,high,high,high,78.1,34.2,4.0,MOP,5.0,20.0,Foliar spray or side dress during grain/fruit development,Cob development
jowar_rabi,flowering,black_cotton,94.6,45.7,56.2,high,medium,medium,73.0,18.1,4.3,Urea,7.2,31.0,Apply at flower bud initiation; avoid leaf contact,Light booster
mustard,pre_sowing,red,56.2,62.6,33.9,medium,medium,low,74.6,34.3,2.4,DAP + MOP,31.2,74.9,"Apply 7 days before sowing, mix into topsoil 10-15cm",Basal; sulfur from SSP
rice,pre_sowing,red,135.9,30.4,43.1,high,low,low,40.5,25.0,5.6,DAP,36.0,201.6,"Apply 7 days before sowing, mix into topsoil 10-15cm",Basal
chickpea,germination,black_cotton,186.8,45.8,178.9,high,medium,high,55.0,30.8,1.3,Rhizobium Biofert,5.0,6.5,Apply at sowing time or within first 7 DAS,Seed inoculation
tomato,harvest,alluvial,14.0,57.9,109.4,low,medium,high,63.6,18.8,4.5,13:00:45 NPK,6.5,29.2,Do not apply; withholding period required,Quality booster
urad,flowering,sandy,26.3,61.3,50.2,low,medium,medium,72.8,17.4,9.3,MOP,8.0,74.4,Apply at flower bud initiation; avoid leaf contact,Pod development
wheat,pre_sowing,alluvial,278.8,81.8,49.4,high,high,low,75.2,21.5,1.4,DAP + MOP,26.2,36.7,"Apply 7 days before sowing, mix into topsoil 10-15cm",Full P+K; half N
bajra,flowering,alluvial,196.4,88.9,118.0,high,high,high,75.7,35.3,5.2,Urea,6.0,31.2,Apply at flower bud initiation; avoid leaf contact,Booster dose
rabi_maize,flowering,alluvial,45.1,113.0,48.1,medium,high,low,71.8,13.4,3.2,Urea,18.0,57.6,Apply at flower bud initiation; avoid leaf contact,Booster
turmeric,vegetative,black_cotton,132.6,36.3,67.7,high,low,medium,20.6,25.1,1.7,Urea + MOP,18.0,30.6,Top dress at 20-30 DAS; broadcast and irrigate,Rhizome development
grapes,flowering,sandy,15.0,36.0,24.7,low,low,low,25.3,28.2,9.6,13:00:45 NPK,24.4,234.2,Apply at flower bud initiation; avoid leaf contact,Berry set
watermelon,grain_fill,alluvial,179.8,97.0,198.3,high,high,high,37.5,14.1,5.4,MOP,7.5,40.5,Foliar spray or side dress during grain/fruit development,Fruit sweetness
bajra,pre_sowing,laterite,208.4,118.1,110.4,high,high,high,54.3,35.7,7.0,DAP,12.0,84.0,"Apply 7 days before sowing, mix into topsoil 10-15cm",Basal P
onion,harvest,black_cotton,58.9,66.1,92.7,medium,medium,medium,42.4,27.6,4.5,NO FERTILIZER,0.0,0.0,Do not apply; withholding period required,Stop 3 weeks before harvest
mustard,flowering,laterite,10.7,79.6,104.8,low,medium,high,70.4,19.9,5.6,Urea,13.0,72.8,Apply at flower bud initiation; avoid leaf contact,Booster
grapes,pre_sowing,laterite,54.8,98.8,54.3,medium,high,medium,56.3,16.3,4.3,DAP + MOP,18.0,77.4,"Apply 7 days before sowing, mix into topsoil 10-15cm",Pruning time dose
jowar_kharif,flowering,alluvial,243.7,51.3,53.9,high,medium,medium,68.4,15.4,3.3,Urea,9.0,29.7,Apply at flower bud initiation; avoid leaf contact,Second top dress
pomegranate,grain_fill,sandy,147.2,77.7,176.2,high,medium,high,24.1,26.6,6.9,MOP + Calcium,12.5,86.2,Foliar spray or side dress during grain/fruit development,Fruit development
jowar_kharif,flowering,laterite,272.5,79.0,106.5,high,medium,high,25.8,25.6,0.6,Urea,9.0,5.4,Apply at flower bud initiation; avoid leaf contact,Second top dress
wheat,vegetative,sandy,204.7,75.1,55.3,high,medium,medium,21.8,29.9,3.6,Urea,12.0,43.2,Top dress at 20-30 DAS; broadcast and irrigate,Tillering
linseed,pre_sowing,black_cotton,163.1,37.9,28.0,high,low,low,20.3,26.7,1.7,DAP + MOP,30.0,51.0,"Apply 7 days before sowing, mix into topsoil 10-15cm",Basal
orange,grain_fill,laterite,183.2,99.4,145.8,high,high,high,52.4,36.8,3.4,MOP + Micronutrient,10.0,34.0,Foliar spray or side dress during grain/fruit development,Fruit color + quality
soybean,pre_sowing,laterite,138.1,35.7,179.9,high,low,high,51.9,12.9,6.5,SSP + MOP,15.0,97.5,"Apply 7 days before sowing, mix into topsoil 10-15cm","Basal: 0 N, 50 P2O5, 40 K2O kg/ha via SSP+MOP"
moong_rabi,germination,alluvial,114.1,24.7,52.3,high,low,medium,31.8,24.0,2.2,Rhizobium Biofert,5.0,11.0,Apply at sowing time or within first 7 DAS,Seed treatment
onion,pre_sowing,laterite,246.0,20.1,188.2,high,low,high,42.7,12.7,1.3,DAP + MOP,21.0,27.3,"Apply 7 days before sowing, mix into topsoil 10-15cm",Full P+K; half N
onion,grain_fill,red,49.6,84.3,113.8,medium,high,high,75.8,18.0,7.5,MOP,7.5,56.2,Foliar spray or side dress during grain/fruit development,Bulb development
moong_rabi,flowering,sandy,15.3,91.1,125.9,low,high,high,45.5,12.7,7.1,MOP,4.0,28.4,Apply at flower bud initiation; avoid leaf contact,Pod fill
cotton,grain_fill,sandy,175.0,56.8,183.9,high,medium,high,46.7,17.2,8.5,MOP,7.5,63.8,Foliar spray or side dress during grain/fruit development,Fibre quality
chilli,vegetative,sandy,135.2,20.5,38.6,high,low,low,25.5,32.0,1.6,Urea,10.8,17.3,Top dress at 20-30 DAS; broadcast and irrigate,Plant establishment
sugarcane,harvest,laterite,14.7,26.7,49.7,low,low,low,23.6,36.1,7.4,MOP,25.0,185.0,Do not apply; withholding period required,Juice quality
jowar_kharif,flowering,red,174.3,68.1,40.8,high,medium,low,42.7,29.0,6.3,Urea,9.0,56.7,Apply at flower bud initiation; avoid leaf contact,Second top dress
banana,flowering,black_cotton,111.5,106.1,35.9,high,high,low,65.7,29.6,1.8,Urea + MOP,33.8,60.8,Apply at flower bud initiation; avoid leaf contact,Bunch initiation
tomato,flowering,alluvial,238.8,54.0,113.8,high,medium,high,51.1,27.5,4.3,19:19:19 NPK,4.5,19.3,Apply at flower bud initiation; avoid leaf contact,Balanced NPK at fruit set
jowar_rabi,flowering,laterite,139.8,24.1,122.9,high,low,high,56.1,12.4,9.8,Urea,7.2,70.6,Apply at flower bud initiation; avoid leaf contact,Light booster
jowar_rabi,pre_sowing,black_cotton,116.9,57.6,47.7,high,medium,low,78.1,30.6,5.8,DAP + MOP,37.5,217.5,"Apply 7 days before sowing, mix into topsoil 10-15cm",Full P and K basal
turmeric,pre_sowing,alluvial,154.7,77.1,94.7,high,medium,medium,67.8,36.6,9.9,DAP + MOP,40.0,396.0,"Apply 7 days before sowing, mix into topsoil 10-15cm",High K demand
onion,pre_sowing,laterite,238.7,59.0,148.4,high,medium,high,66.4,27.8,2.5,DAP + MOP,17.5,43.8,"Apply 7 days before sowing, mix into topsoil 10-15cm",Full P+K; half N
rice,pre_sowing,alluvial,143.9,34.6,104.0,high,low,high,52.5,29.2,5.1,DAP,36.0,183.6,"Apply 7 days before sowing, mix into topsoil 10-15cm",Basal
soybean,flowering,laterite,23.7,28.5,135.9,low,low,high,34.0,18.3,5.7,MOP,5.0,28.5,Apply at flower bud initiation; avoid leaf contact,K boost for pod setting
sugarcane,harvest,black_cotton,245.6,94.2,180.4,high,high,high,56.2,32.3,7.7,MOP,10.0,77.0,Do not apply; withholding period required,Juice quality
bajra,vegetative,alluvial,72.6,53.7,146.5,medium,medium,high,70.0,22.5,4.9,Urea,18.0,88.2,Top dress at 20-30 DAS; broadcast and irrigate,N top dress 3 weeks after sowing
groundnut,pre_sowing,sandy,126.0,34.9,65.8,high,low,medium,37.4,30.5,4.5,SSP + Gypsum,36.0,162.0,"Apply 7 days before sowing, mix into topsoil 10-15cm",Ca from gypsum for pod fill
wheat,vegetative,black_cotton,191.3,106.6,145.1,high,high,high,22.9,12.6,4.4,Urea,12.0,52.8,Top dress at 20-30 DAS; broadcast and irrigate,Tillering
bajra,vegetative,laterite,196.0,33.5,141.9,high,low,high,64.0,26.0,9.7,Urea,10.8,104.8,Top dress at 20-30 DAS; broadcast and irrigate,N top dress 3 weeks after sowing
grapes,pre_sowing,laterite,92.2,75.5,120.3,high,medium,high,47.9,22.5,7.7,DAP + MOP,15.0,115.5,"Apply 7 days before sowing, mix into topsoil 10-15cm",Pruning time dose
sugarcane,harvest,black_cotton,65.6,68.7,40.0,medium,medium,low,22.9,35.8,9.3,MOP,25.0,232.5,Do not apply; withholding period required,Juice quality
maize_kharif,vegetative,alluvial,98.9,26.3,63.7,high,low,medium,29.6,35.2,1.1,Urea,15.0,16.5,Top dress at 20-30 DAS; broadcast and irrigate,Knee high stage N
groundnut,pre_sowing,sandy,95.6,96.8,57.1,high,high,medium,44.5,23.9,3.5,SSP + Gypsum,18.0,63.0,"Apply 7 days before sowing, mix into topsoil 10-15cm",Ca from gypsum for pod fill
bajra,pre_sowing,sandy,165.4,75.2,146.5,high,medium,high,69.8,35.8,6.5,DAP,20.0,130.0,"Apply 7 days before sowing, mix into topsoil 10-15cm",Basal P
groundnut,flowering,black_cotton,114.5,95.2,65.8,high,high,medium,43.7,30.0,7.9,Gypsum,25.0,197.5,Apply at flower bud initiation; avoid leaf contact,Peg development
grapes,vegetative,laterite,46.4,81.1,122.8,medium,high,high,23.9,15.0,1.3,Urea,20.0,26.0,Top dress at 20-30 DAS; broadcast and irrigate,Shoot growth
wheat,vegetative,sandy,134.8,101.9,187.1,high,high,high,26.8,23.0,2.6,Urea,12.0,31.2,Top dress at 20-30 DAS; broadcast and irrigate,Tillering
soybean,grain_fill,laterite,225.6,64.7,74.5,high,medium,medium,20.4,22.9,0.6,Micronutrient Mix,5.0,3.0,Foliar spray or side dress during grain/fruit development,Zinc + Boron foliar spray
maize_kharif,pre_sowing,red,91.0,93.7,140.9,high,high,high,40.1,25.6,2.4,DAP + MOP,10.5,25.2,"Apply 7 days before sowing, mix into topsoil 10-15cm",Full P+K; half N basal
tur_arhar,vegetative,black_cotton,172.3,110.6,57.7,high,high,medium,45.2,24.3,3.9,Urea,6.0,23.4,Top dress at 20-30 DAS; broadcast and irrigate,Light N if pale
bajra,flowering,black_cotton,255.4,89.7,174.3,high,high,high,61.6,33.8,1.1,Urea,6.0,6.6,Apply at flower bud initiation; avoid leaf contact,Booster dose
cucumber,vegetative,black_cotton,271.5,89.1,117.9,high,high,high,37.3,34.4,2.7,Urea,9.0,24.3,Top dress at 20-30 DAS; broadcast and irrigate,Growth boost
linseed,vegetative,sandy,265.5,60.7,28.0,high,medium,low,69.0,21.0,7.1,Urea,7.2,51.1,Top dress at 20-30 DAS; broadcast and irrigate,Top dress
soybean,pre_sowing,red,61.0,115.5,158.9,medium,high,high,35.2,21.0,6.1,SSP + MOP,7.5,45.8,"Apply 7 days before sowing, mix into topsoil 10-15cm","Basal: 0 N, 50 P2O5, 40 K2O kg/ha via SSP+MOP"
rabi_maize,vegetative,laterite,152.6,103.7,33.9,high,high,low,45.1,27.6,1.8,Urea,15.0,27.0,Top dress at 20-30 DAS; broadcast and irrigate,Top dress
soybean,vegetative,laterite,68.8,39.1,76.4,medium,low,medium,73.0,36.6,8.3,Urea,12.0,99.6,Top dress at 20-30 DAS; broadcast and irrigate,Top dress if N deficiency observed
bajra,vegetative,alluvial,189.5,49.1,31.2,high,medium,low,35.9,19.7,6.1,Urea,10.8,65.9,Top dress at 20-30 DAS; broadcast and irrigate,N top dress 3 weeks after sowing
wheat,flowering,black_cotton,68.8,43.7,54.9,medium,low,medium,29.3,35.6,1.3,Urea,10.0,13.0,Apply at flower bud initiation; avoid leaf contact,Grain initiation
soybean,pre_sowing,sandy,25.6,26.0,39.2,low,low,low,26.9,22.9,1.7,SSP + MOP,37.5,63.8,"Apply 7 days before sowing, mix into topsoil 10-15cm","Basal: 0 N, 50 P2O5, 40 K2O kg/ha via SSP+MOP"
urad,germination,laterite,46.4,108.7,171.4,medium,high,high,37.2,30.2,9.0,Rhizobium Biofert,5.0,45.0,Apply at sowing time or within first 7 DAS,Seed inoculation
watermelon,pre_sowing,sandy,82.6,70.4,108.5,medium,medium,high,20.8,35.4,9.8,DAP + MOP,15.0,147.0,"Apply 7 days before sowing, mix into topsoil 10-15cm",Basal
cotton,vegetative,laterite,38.9,64.5,189.3,low,medium,high,47.6,37.9,5.2,Urea + MOP,22.8,118.6,Top dress at 20-30 DAS; broadcast and irrigate,Square formation
tur_arhar,vegetative,laterite,114.6,68.1,170.4,high,medium,high,46.9,28.5,3.8,Urea,6.0,22.8,Top dress at 20-30 DAS; broadcast and irrigate,Light N if pale
rabi_maize,pre_sowing,black_cotton,154.8,69.0,156.3,high,medium,high,34.6,34.1,3.8,DAP + MOP,17.5,66.5,"Apply 7 days before sowing, mix into topsoil 10-15cm",Same as kharif maize
rabi_maize,flowering,alluvial,229.8,68.7,79.6,high,medium,medium,42.3,33.0,6.9,Urea,10.8,74.5,Apply at flower bud initiation; avoid leaf contact,Booster
moong_rabi,pre_sowing,alluvial,65.2,77.9,46.0,medium,medium,low,37.2,30.0,6.1,SSP + MOP,22.5,137.2,"Apply 7 days before sowing, mix into topsoil 10-15cm",Same as kharif moong
tomato,flowering,laterite,200.3,61.0,25.4,high,medium,low,44.6,13.0,2.7,19:19:19 NPK,11.2,30.2,Apply at flower bud initiation; avoid leaf contact,Balanced NPK at fruit set
urad,flowering,alluvial,177.1,83.5,80.0,high,high,medium,57.7,29.8,4.9,MOP,8.0,39.2,Apply at flower bud initiation; avoid leaf contact,Pod development
grapes,pre_sowing,red,14.2,89.6,83.1,low,high,medium,70.1,21.0,3.7,DAP + MOP,18.0,66.6,"Apply 7 days before sowing, mix into topsoil 10-15cm",Pruning time dose
moong_rabi,germination,alluvial,238.6,52.1,25.0,high,medium,low,31.0,14.9,6.6,Rhizobium Biofert,5.0,33.0,Apply at sowing time or within first 7 DAS,Seed treatment
linseed,vegetative,sandy,219.4,20.1,179.9,high,low,high,29.3,21.4,2.7,Urea,7.2,19.4,Top dress at 20-30 DAS; broadcast and irrigate,Top dress
moong_kharif,flowering,black_cotton,82.2,78.2,126.5,medium,medium,high,44.9,25.4,6.6,MOP,4.0,26.4,Apply at flower bud initiation; avoid leaf contact,Pod fill
jowar_kharif,vegetative,red,116.4,84.5,60.8,high,high,medium,27.0,21.2,3.2,Urea,12.0,38.4,Top dress at 20-30 DAS; broadcast and irrigate,Top dress after 3-4 weeks
moong_kharif,pre_sowing,red,21.3,20.9,93.4,low,low,medium,27.7,24.2,4.4,SSP + MOP,21.6,95.0,"Apply 7 days before sowing, mix into topsoil 10-15cm",Low N legume
jowar_kharif,vegetative,red,10.7,59.1,54.5,low,medium,medium,55.9,13.5,6.1,Urea,26.0,158.6,Top dress at 20-30 DAS; broadcast and irrigate,Top dress after 3-4 weeks
sunflower_kharif,flowering,black_cotton,43.6,82.6,27.4,medium,high,low,43.9,14.3,6.5,Boron Spray,5.0,32.5,Apply at flower bud initiation; avoid leaf contact,Prevent hollow stem
tur_arhar,germination,sandy,222.5,115.5,158.2,high,high,high,69.7,26.4,9.2,Rhizobium Biofert,5.0,46.0,Apply at sowing time or within first 7 DAS,Seed treatment
sesame,pre_sowing,sandy,139.2,79.2,135.8,high,medium,high,28.5,13.3,1.3,DAP,18.0,23.4,"Apply 7 days before sowing, mix into topsoil 10-15cm",Light feeder
linseed,pre_sowing,alluvial,17.8,53.9,104.3,low,medium,high,76.8,26.1,0.8,DAP + MOP,10.0,8.0,"Apply 7 days before sowing, mix into topsoil 10-15cm",Basal
bajra,vegetative,sandy,241.4,83.5,120.6,high,high,high,32.7,15.2,4.3,Urea,10.8,46.4,Top dress at 20-30 DAS; broadcast and irrigate,N top dress 3 weeks after sowing
tur_arhar,vegetative,laterite,228.7,119.8,81.4,high,high,medium,53.8,24.7,0.6,Urea,6.0,3.6,Top dress at 20-30 DAS; broadcast and irrigate,Light N if pale
urad,germination,alluvial,37.6,88.3,141.8,low,high,high,25.5,32.1,2.0,Rhizobium Biofert,5.0,10.0,Apply at sowing time or within first 7 DAS,Seed inoculation
pomegranate,flowering,red,145.6,98.3,110.5,high,high,high,70.5,16.2,4.4,Urea + MOP,9.0,39.6,Apply at flower bud initiation; avoid leaf contact,Fruit set
wheat,flowering,alluvial,16.0,29.9,60.1,low,low,medium,23.3,30.7,3.2,Urea,13.0,41.6,Apply at flower bud initiation; avoid leaf contact,Grain initiation
pomegranate,flowering,black_cotton,274.5,94.5,139.9,high,high,high,38.5,31.7,8.4,Urea + MOP,9.0,75.6,Apply at flower bud initiation; avoid leaf contact,Fruit set
cotton,pre_sowing,alluvial,187.6,88.8,129.1,high,high,high,39.5,25.5,0.9,DAP + MOP,12.0,10.8,"Apply 7 days before sowing, mix into topsoil 10-15cm",Basal: 25N 25P 25K
linseed,pre_sowing,sandy,142.3,119.8,27.8,high,high,low,35.7,26.1,9.8,DAP + MOP,15.0,147.0,"Apply 7 days before sowing, mix into topsoil 10-15cm",Basal
groundnut,pre_sowing,black_cotton,93.4,35.1,49.2,high,low,low,79.9,29.6,4.9,SSP + Gypsum,36.0,176.4,"Apply 7 days before sowing, mix into topsoil 10-15cm",Ca from gypsum for pod fill
jowar_kharif,pre_sowing,black_cotton,26.4,63.3,81.3,low,medium,medium,24.4,37.6,6.2,DAP,25.0,155.0,"Apply 7 days before sowing, mix into topsoil 10-15cm",Basal P and N
rice,grain_fill,laterite,270.6,72.0,131.2,high,medium,high,26.3,28.2,5.3,MOP,6.0,31.8,Foliar spray or side dress during grain/fruit development,Grain filling stage
grapes,pre_sowing,sandy,62.2,107.2,25.6,medium,high,low,20.1,37.3,7.2,DAP + MOP,22.5,162.0,"Apply 7 days before sowing, mix into topsoil 10-15cm",Pruning time dose
jowar_rabi,flowering,black_cotton,105.8,98.7,41.3,high,high,low,60.5,19.1,8.4,Urea,7.2,60.5,Apply at flower bud initiation; avoid leaf contact,Light booster
chickpea,pre_sowing,red,17.9,117.1,198.0,low,high,high,20.5,27.9,1.1,SSP + MOP,6.0,6.6,"Apply 7 days before sowing, mix into topsoil 10-15cm",Low N; P and K basal
watermelon,grain_fill,red,210.4,82.8,33.4,high,high,low,45.7,25.0,7.3,MOP,18.8,137.2,Foliar spray or side dress during grain/fruit development,Fruit sweetness
chilli,grain_fill,alluvial,45.3,49.6,30.5,medium,medium,low,67.1,12.6,7.2,MOP,15.0,108.0,Foliar spray or side dress during grain/fruit development,Pungency development
bajra,flowering,laterite,222.4,110.3,47.1,high,high,low,62.6,34.2,5.6,Urea,6.0,33.6,Apply at flower bud initiation; avoid leaf contact,Booster dose
watermelon,vegetative,black_cotton,277.5,98.8,83.5,high,high,medium,63.2,26.0,2.2,Urea,9.0,19.8,Top dress at 20-30 DAS; broadcast and irrigate,Vine growth
turmeric,pre_sowing,red,14.7,94.7,70.5,low,high,medium,25.4,28.8,8.2,DAP + MOP,24.0,196.8,"Apply 7 days before sowing, mix into topsoil 10-15cm",High K demand
bajra,pre_sowing,black_cotton,167.2,79.1,119.5,high,medium,high,50.6,31.8,8.2,DAP,20.0,164.0,"Apply 7 days before sowing, mix into topsoil 10-15cm",Basal P
sunflower_rabi,flowering,alluvial,165.3,31.9,50.0,high,low,medium,59.0,13.6,7.9,Boron Spray,5.0,39.5,Apply at flower bud initiation; avoid leaf contact,Pollination support
sunflower_rabi,vegetative,black_cotton,89.8,101.5,73.8,medium,high,medium,59.3,35.0,7.4,Urea,18.0,133.2,Top dress at 20-30 DAS; broadcast and irrigate,Top dress
maize_kharif,grain_fill,laterite,122.7,50.8,192.0,high,medium,high,66.7,37.7,8.2,MOP,5.0,41.0,Foliar spray or side dress during grain/fruit development,Cob development
linseed,pre_sowing,red,50.5,24.7,159.4,medium,low,high,24.7,16.6,5.2,DAP + MOP,12.0,62.4,"Apply 7 days before sowing, mix into topsoil 10-15cm",Basal
chilli,flowering,laterite,102.2,58.6,48.0,high,medium,low,20.4,29.3,9.6,19:19:19 NPK,11.2,107.5,Apply at flower bud initiation; avoid leaf contact,Fruit set
jowar_rabi,flowering,laterite,236.9,109.7,39.7,high,high,low,37.8,35.7,1.5,Urea,7.2,10.8,Apply at flower bud initiation; avoid leaf contact,Light booster
turmeric,pre_sowing,sandy,190.2,108.9,39.3,high,high,low,77.0,12.0,3.1,DAP + MOP,30.0,93.0,"Apply 7 days before sowing, mix into topsoil 10-15cm",High K demand
tur_arhar,flowering,red,196.8,68.5,43.9,high,medium,low,44.2,29.5,5.1,MOP,12.5,63.7,Apply at flower bud initiation; avoid leaf contact,Pod setting
moong_kharif,germination,black_cotton,143.6,80.5,124.9,high,high,high,58.4,32.5,5.5,Rhizobium Biofert,5.0,27.5,Apply at sowing time or within first 7 DAS,Seed treatment
rice,grain_fill,red,159.3,85.6,52.3,high,high,medium,49.1,31.6,9.7,MOP,12.0,116.4,Foliar spray or side dress during grain/fruit development,Grain filling stage
cucumber,pre_sowing,red,222.0,75.9,139.2,high,medium,high,38.3,24.4,5.8,DAP + MOP,12.5,72.5,"Apply 7 days before sowing, mix into topsoil 10-15cm",Basal
linseed,vegetative,laterite,82.9,38.6,109.5,medium,low,high,34.8,25.3,8.4,Urea,12.0,100.8,Top dress at 20-30 DAS; broadcast and irrigate,Top dress
pomegranate,pre_sowing,alluvial,269.3,79.2,138.1,high,medium,high,54.0,28.8,5.6,DAP + MOP,17.5,98.0,"Apply 7 days before sowing, mix into topsoil 10-15cm",Pre-bloom
chickpea,germination,red,93.4,41.7,122.7,high,low,high,64.1,29.0,7.2,Rhizobium Biofert,5.0,36.0,Apply at sowing time or within first 7 DAS,Seed inoculation
orange,grain_fill,black_cotton,140.0,76.5,172.7,high,medium,high,54.1,12.3,1.7,MOP + Micronutrient,10.0,17.0,Foliar spray or side dress during grain/fruit development,Fruit color + quality
banana,grain_fill,sandy,259.3,96.9,40.1,high,high,low,40.3,23.6,7.8,MOP,50.0,390.0,Foliar spray or side dress during grain/fruit development,Bunch filling
jowar_kharif,pre_sowing,black_cotton,76.4,107.5,193.7,medium,high,high,31.4,22.1,7.1,DAP,15.0,106.5,"Apply 7 days before sowing, mix into topsoil 10-15cm",Basal P and N
orange,flowering,laterite,101.4,39.6,41.3,high,low,low,32.2,26.9,2.4,Urea,12.0,28.8,Apply at flower bud initiation; avoid leaf contact,Flush growth
moong_kharif,pre_sowing,alluvial,102.6,52.2,65.0,high,medium,medium,60.4,25.1,1.7,SSP + MOP,18.0,30.6,"Apply 7 days before sowing, mix into topsoil 10-15cm",Low N legume
sugarcane,grain_fill,red,179.3,70.9,34.6,high,medium,low,71.4,35.9,1.4,Urea,18.0,25.2,Foliar spray or side dress during grain/fruit development,Elongation stage
jowar_rabi,flowering,laterite,119.8,85.6,131.3,high,high,high,48.1,32.5,3.0,Urea,7.2,21.6,Apply at flower bud initiation; avoid leaf contact,Light booster
orange,grain_fill,laterite,30.1,89.6,149.7,low,high,high,64.1,33.6,7.9,MOP + Micronutrient,10.0,79.0,Foliar spray or side dress during grain/fruit development,Fruit color + quality
cotton,grain_fill,red,264.6,41.8,98.1,high,low,medium,26.5,31.3,3.7,MOP,15.0,55.5,Foliar spray or side dress during grain/fruit development,Fibre quality
chickpea,pre_sowing,laterite,61.1,51.2,180.9,medium,medium,high,35.3,14.9,1.2,SSP + MOP,10.0,12.0,"Apply 7 days before sowing, mix into topsoil 10-15cm",Low N; P and K basal
bajra,pre_sowing,alluvial,24.3,103.4,65.9,low,high,medium,44.2,26.1,4.2,DAP,12.0,50.4,"Apply 7 days before sowing, mix into topsoil 10-15cm",Basal P
tomato,pre_sowing,black_cotton,255.5,76.9,144.5,high,medium,high,44.3,33.0,1.9,DAP + MOP,20.0,38.0,"Apply 7 days before sowing, mix into topsoil 10-15cm",Full P+K; half N
mustard,vegetative,alluvial,94.3,118.8,148.9,high,high,high,48.5,26.0,4.7,Urea,10.8,50.8,Top dress at 20-30 DAS; broadcast and irrigate,Top dress at 20 DAS
rabi_maize,pre_sowing,sandy,262.6,112.6,68.1,high,high,medium,23.9,34.3,4.5,DAP + MOP,21.0,94.5,"Apply 7 days before sowing, mix into topsoil 10-15cm",Same as kharif maize
tur_arhar,germination,alluvial,95.5,108.4,193.0,high,high,high,69.7,36.4,7.4,Rhizobium Biofert,5.0,37.0,Apply at sowing time or within first 7 DAS,Seed treatment
urad,germination,black_cotton,113.7,37.7,44.2,high,low,low,24.0,32.3,0.8,Rhizobium Biofert,5.0,4.0,Apply at sowing time or within first 7 DAS,Seed inoculation
wheat,pre_sowing,laterite,252.5,61.2,150.7,high,medium,high,37.3,36.0,7.3,DAP + MOP,17.5,127.8,"Apply 7 days before sowing, mix into topsoil 10-15cm",Full P+K; half N
jowar_kharif,flowering,laterite,275.9,67.5,161.2,high,medium,high,62.0,20.0,1.9,Urea,9.0,17.1,Apply at flower bud initiation; avoid leaf contact,Second top dress
wheat,flowering,black_cotton,157.8,72.7,122.9,high,medium,high,37.9,19.0,7.6,Urea,6.0,45.6,Apply at flower bud initiation; avoid leaf contact,Grain initiation
pomegranate,grain_fill,sandy,17.1,77.3,185.2,low,medium,high,50.8,20.5,1.3,MOP + Calcium,12.5,16.2,Foliar spray or side dress during grain/fruit development,Fruit development
soybean,germination,red,145.3,60.1,180.3,high,medium,high,78.3,13.1,7.9,Rhizobium Biofert,5.0,39.5,Apply at sowing time or within first 7 DAS,Seed treatment reduces N requirement
chickpea,germination,black_cotton,60.1,39.7,27.8,medium,low,low,38.2,18.6,6.9,Rhizobium Biofert,5.0,34.5,Apply at sowing time or within first 7 DAS,Seed inoculation
chickpea,flowering,sandy,52.0,30.7,115.1,medium,low,high,64.8,23.9,8.4,MOP,4.0,33.6,Apply at flower bud initiation; avoid leaf contact,Foliar K for pod fill
tomato,harvest,sandy,117.7,41.4,28.3,high,low,low,60.3,23.8,9.9,13:00:45 NPK,7.5,74.2,Do not apply; withholding period required,Quality booster
tur_arhar,pre_sowing,red,64.0,26.6,113.6,medium,low,high,67.0,12.9,3.2,SSP + MOP,13.2,42.2,"Apply 7 days before sowing, mix into topsoil 10-15cm",Low N; P+K basal
safflower,flowering,black_cotton,21.1,23.6,140.6,low,low,high,51.9,29.2,6.5,Urea,13.0,84.5,Apply at flower bud initiation; avoid leaf contact,Capitulum stage
orange,flowering,red,13.1,80.5,56.4,low,high,medium,26.2,20.3,9.1,Urea,26.0,236.6,Apply at flower bud initiation; avoid leaf contact,Flush growth
jowar_kharif,vegetative,alluvial,169.1,103.4,31.7,high,high,low,54.1,14.7,3.7,Urea,12.0,44.4,Top dress at 20-30 DAS; broadcast and irrigate,Top dress after 3-4 weeks
tomato,flowering,sandy,21.8,70.7,135.1,low,medium,high,72.1,30.1,8.1,19:19:19 NPK,9.8,79.4,Apply at flower bud initiation; avoid leaf contact,Balanced NPK at fruit set
soybean,grain_fill,sandy,32.8,50.5,72.1,low,medium,medium,34.7,16.9,8.4,Micronutrient Mix,5.0,42.0,Foliar spray or side dress during grain/fruit development,Zinc + Boron foliar spray
groundnut,flowering,red,142.1,104.7,196.1,high,high,high,78.6,15.2,8.1,Gypsum,25.0,202.5,Apply at flower bud initiation; avoid leaf contact,Peg development
moong_kharif,flowering,alluvial,53.2,53.5,185.0,medium,medium,high,58.6,35.2,4.2,MOP,4.0,16.8,Apply at flower bud initiation; avoid leaf contact,Pod fill
chilli,flowering,sandy,278.3,63.7,116.9,high,medium,high,20.1,13.5,6.1,19:19:19 NPK,4.5,27.4,Apply at flower bud initiation; avoid leaf contact,Fruit set
safflower,vegetative,alluvial,195.1,105.8,99.2,high,high,medium,43.0,19.2,2.7,Urea,9.0,24.3,Top dress at 20-30 DAS; broadcast and irrigate,Rosette stage
orange,pre_sowing,alluvial,31.2,114.1,169.9,low,high,high,33.2,19.5,7.9,DAP + MOP,10.5,83.0,"Apply 7 days before sowing, mix into topsoil 10-15cm",Post-harvest dose
jowar_kharif,vegetative,alluvial,135.3,64.2,111.4,high,medium,high,66.2,33.5,6.5,Urea,12.0,78.0,Top dress at 20-30 DAS; broadcast and irrigate,Top dress after 3-4 weeks
chickpea,germination,black_cotton,176.2,73.8,129.6,high,medium,high,71.4,28.8,6.1,Rhizobium Biofert,5.0,30.5,Apply at sowing time or within first 7 DAS,Seed inoculation
urad,flowering,black_cotton,231.2,85.2,181.4,high,high,high,36.4,34.7,5.5,MOP,4.0,22.0,Apply at flower bud initiation; avoid leaf contact,Pod development
sesame,pre_sowing,black_cotton,22.7,20.8,24.0,low,low,low,26.2,34.0,5.8,DAP,21.6,125.3,"Apply 7 days before sowing, mix into topsoil 10-15cm",Light feeder
sunflower_rabi,pre_sowing,sandy,131.1,112.5,139.0,high,high,high,33.8,14.4,1.3,DAP + MOP,9.0,11.7,"Apply 7 days before sowing, mix into topsoil 10-15cm",Basal
chickpea,flowering,alluvial,209.4,111.3,186.0,high,high,high,28.1,37.6,0.9,MOP,4.0,3.6,Apply at flower bud initiation; avoid leaf contact,Foliar K for pod fill
tur_arhar,flowering,sandy,217.1,51.1,183.8,high,medium,high,23.6,26.4,6.6,MOP,5.0,33.0,Apply at flower bud initiation; avoid leaf contact,Pod setting
moong_rabi,germination,alluvial,141.0,45.0,163.6,high,medium,high,20.3,16.7,5.6,Rhizobium Biofert,5.0,28.0,Apply at sowing time or within first 7 DAS,Seed treatment
cucumber,flowering,alluvial,181.1,53.3,130.0,high,medium,high,40.7,22.8,5.3,MOP,6.0,31.8,Apply at flower bud initiation; avoid leaf contact,Fruit quality
safflower,vegetative,laterite,76.6,82.3,24.1,medium,high,low,25.3,35.1,1.9,Urea,15.0,28.5,Top dress at 20-30 DAS; broadcast and irrigate,Rosette stage
jowar_rabi,flowering,laterite,68.2,36.4,90.2,medium,low,medium,20.4,25.6,8.3,Urea,12.0,99.6,Apply at flower bud initiation; avoid leaf contact,Light booster
sunflower_rabi,pre_sowing,black_cotton,254.4,70.5,108.3,high,medium,high,74.5,19.6,9.5,DAP + MOP,15.0,142.5,"Apply 7 days before sowing, mix into topsoil 10-15cm",Basal
rice,germination,red,269.0,112.0,28.2,high,high,low,69.2,13.8,9.8,Urea,10.8,105.8,Apply at sowing time or within first 7 DAS,7-10 DAS
linseed,vegetative,laterite,179.0,90.1,140.5,high,high,high,54.4,19.8,1.5,Urea,7.2,10.8,Top dress at 20-30 DAS; broadcast and irrigate,Top dress
safflower,flowering,red,179.5,35.6,114.5,high,low,high,45.0,33.4,3.5,Urea,6.0,21.0,Apply at flower bud initiation; avoid leaf contact,Capitulum stage
wheat,flowering,red,132.8,94.2,133.8,high,high,high,78.4,33.2,1.0,Urea,6.0,6.0,Apply at flower bud initiation; avoid leaf contact,Grain initiation
chickpea,flowering,red,39.6,42.4,126.5,low,low,high,73.9,13.0,1.8,MOP,4.0,7.2,Apply at flower bud initiation; avoid leaf contact,Foliar K for pod fill
sunflower_rabi,flowering,laterite,19.4,97.1,27.0,low,high,low,76.2,19.2,4.1,Boron Spray,5.0,20.5,Apply at flower bud initiation; avoid leaf contact,Pollination support
cucumber,pre_sowing,sandy,238.5,36.1,104.2,high,low,high,78.5,13.4,5.2,DAP + MOP,15.0,78.0,"Apply 7 days before sowing, mix into topsoil 10-15cm",Basal
onion,pre_sowing,black_cotton,195.2,112.1,44.0,high,high,low,60.3,15.9,1.0,DAP + MOP,26.2,26.2,"Apply 7 days before sowing, mix into topsoil 10-15cm",Full P+K; half N
turmeric,vegetative,red,170.8,103.8,143.0,high,high,high,73.0,27.7,2.0,Urea + MOP,9.0,18.0,Top dress at 20-30 DAS; broadcast and irrigate,Rhizome development
wheat,vegetative,black_cotton,67.2,29.9,194.1,medium,low,high,31.6,29.9,6.9,Urea,20.0,138.0,Top dress at 20-30 DAS; broadcast and irrigate,Tillering
orange,pre_sowing,alluvial,256.0,54.1,175.3,high,medium,high,37.0,23.0,5.4,DAP + MOP,17.5,94.5,"Apply 7 days before sowing, mix into topsoil 10-15cm",Post-harvest dose
watermelon,grain_fill,alluvial,156.1,33.7,29.2,high,low,low,56.0,37.2,9.3,MOP,18.8,174.8,Foliar spray or side dress during grain/fruit development,Fruit sweetness
sesame,pre_sowing,black_cotton,53.1,81.9,94.6,medium,high,medium,73.7,37.1,7.3,DAP,10.8,78.8,"Apply 7 days before sowing, mix into topsoil 10-15cm",Light feeder
orange,grain_fill,red,149.1,97.6,164.9,high,high,high,71.5,25.6,7.1,MOP + Micronutrient,10.0,71.0,Foliar spray or side dress during grain/fruit development,Fruit color + quality
sunflower_kharif,flowering,alluvial,131.4,114.9,81.7,high,high,medium,22.5,29.0,4.9,Boron Spray,5.0,24.5,Apply at flower bud initiation; avoid leaf contact,Prevent hollow stem
jowar_kharif,vegetative,red,45.3,25.0,149.6,medium,low,high,57.0,37.1,9.5,Urea,20.0,190.0,Top dress at 20-30 DAS; broadcast and irrigate,Top dress after 3-4 weeks
maize_kharif,vegetative,laterite,167.5,22.6,135.2,high,low,high,36.0,33.9,2.0,Urea,15.0,30.0,Top dress at 20-30 DAS; broadcast and irrigate,Knee high stage N
sugarcane,germination,laterite,35.4,45.2,102.3,low,medium,high,52.9,35.0,4.7,Urea,32.5,152.8,Apply at sowing time or within first 7 DAS,Germination boost
turmeric,grain_fill,alluvial,10.0,36.6,163.5,low,low,high,37.6,34.7,7.4,MOP,10.0,74.0,Foliar spray or side dress during grain/fruit development,Curcumin synthesis
pomegranate,grain_fill,red,183.0,35.6,23.0,high,low,low,47.4,30.0,7.1,MOP + Calcium,31.2,221.5,Foliar spray or side dress during grain/fruit development,Fruit development
moong_kharif,germination,sandy,29.4,59.3,70.8,low,medium,medium,48.3,28.4,8.6,Rhizobium Biofert,5.0,43.0,Apply at sowing time or within first 7 DAS,Seed treatment
tomato,vegetative,alluvial,195.8,65.8,48.7,high,medium,low,57.7,14.6,2.4,Urea,12.0,28.8,Top dress at 20-30 DAS; broadcast and irrigate,Vegetative growth
sunflower_kharif,vegetative,red,191.9,103.4,94.8,high,high,medium,68.8,18.7,1.0,Urea,10.8,10.8,Top dress at 20-30 DAS; broadcast and irrigate,Top dress
jowar_rabi,vegetative,sandy,158.9,37.2,189.5,high,low,high,75.7,36.8,8.8,Urea,12.0,105.6,Top dress at 20-30 DAS; broadcast and irrigate,Split N top dress
cotton,grain_fill,red,88.2,32.2,41.0,medium,low,low,79.2,15.7,4.6,MOP,18.8,86.5,Foliar spray or side dress during grain/fruit development,Fibre quality
moong_kharif,flowering,laterite,104.3,57.8,115.6,high,medium,high,39.3,24.2,6.0,MOP,4.0,24.0,Apply at flower bud initiation; avoid leaf contact,Pod fill
onion,grain_fill,black_cotton,187.8,24.1,31.6,high,low,low,63.0,34.1,3.2,MOP,18.8,60.2,Foliar spray or side dress during grain/fruit development,Bulb development
onion,grain_fill,alluvial,279.8,28.1,163.2,high,low,high,53.5,35.9,3.3,MOP,7.5,24.8,Foliar spray or side dress during grain/fruit development,Bulb development
cucumber,flowering,red,184.2,89.5,187.3,high,high,high,74.1,18.6,4.6,MOP,6.0,27.6,Apply at flower bud initiation; avoid leaf contact,Fruit quality
moong_rabi,germination,red,250.1,118.9,101.5,high,high,high,49.5,14.8,7.0,Rhizobium Biofert,5.0,35.0,Apply at sowing time or within first 7 DAS,Seed treatment
orange,pre_sowing,laterite,120.5,29.1,136.8,high,low,high,45.7,34.2,8.5,DAP + MOP,21.0,178.5,"Apply 7 days before sowing, mix into topsoil 10-15cm",Post-harvest dose
sesame,vegetative,alluvial,269.9,77.7,27.9,high,medium,low,50.9,20.1,2.6,Urea,7.2,18.7,Top dress at 20-30 DAS; broadcast and irrigate,Top dress
tomato,vegetative,alluvial,54.2,53.9,126.7,medium,medium,high,42.1,34.6,7.8,Urea,20.0,156.0,Top dress at 20-30 DAS; broadcast and irrigate,Vegetative growth
jowar_rabi,flowering,red,44.3,74.3,125.5,medium,medium,high,34.0,32.1,6.0,Urea,12.0,72.0,Apply at flower bud initiation; avoid leaf contact,Light booster
moong_kharif,flowering,sandy,158.4,65.0,80.5,high,medium,medium,55.1,32.4,2.6,MOP,8.0,20.8,Apply at flower bud initiation; avoid leaf contact,Pod fill
wheat,flowering,black_cotton,155.7,37.9,103.5,high,low,high,70.7,36.0,1.3,Urea,6.0,7.8,Apply at flower bud initiation; avoid leaf contact,Grain initiation
cucumber,vegetative,black_cotton,192.5,33.5,137.5,high,low,high,50.1,31.3,0.8,Urea,9.0,7.2,Top dress at 20-30 DAS; broadcast and irrigate,Growth boost
sesame,vegetative,alluvial,201.5,85.3,148.1,high,high,high,71.5,34.5,4.8,Urea,7.2,34.6,Top dress at 20-30 DAS; broadcast and irrigate,Top dress
moong_kharif,flowering,alluvial,201.1,41.9,58.6,high,low,medium,26.4,22.2,5.0,MOP,8.0,40.0,Apply at flower bud initiation; avoid leaf contact,Pod fill
safflower,vegetative,black_cotton,274.3,119.7,188.3,high,high,high,29.7,36.1,8.6,Urea,9.0,77.4,Top dress at 20-30 DAS; broadcast and irrigate,Rosette stage
urad,pre_sowing,black_cotton,207.0,48.5,88.0,high,medium,medium,37.6,12.2,5.0,SSP + MOP,18.0,90.0,"Apply 7 days before sowing, mix into topsoil 10-15cm",Basal P+K
sesame,pre_sowing,laterite,175.2,30.5,175.5,high,low,high,66.7,35.3,1.0,DAP,21.6,21.6,"Apply 7 days before sowing, mix into topsoil 10-15cm",Light feeder
rabi_maize,flowering,laterite,54.4,46.1,106.1,medium,medium,high,62.1,37.4,0.8,Urea,18.0,14.4,Apply at flower bud initiation; avoid leaf contact,Booster
sesame,vegetative,alluvial,129.4,88.6,35.3,high,high,low,53.9,35.3,8.1,Urea,7.2,58.3,Top dress at 20-30 DAS; broadcast and irrigate,Top dress
sugarcane,harvest,red,241.7,81.4,71.0,high,high,medium,67.1,23.3,5.7,MOP,20.0,114.0,Do not apply; withholding period required,Juice quality
wheat,flowering,red,144.8,52.1,31.2,high,medium,low,20.7,14.4,2.0,Urea,6.0,12.0,Apply at flower bud initiation; avoid leaf contact,Grain initiation
linseed,pre_sowing,sandy,167.4,29.5,104.2,high,low,high,44.9,17.5,7.9,DAP + MOP,12.0,94.8,"Apply 7 days before sowing, mix into topsoil 10-15cm",Basal
safflower,flowering,alluvial,150.1,33.0,101.1,high,low,high,76.9,37.8,9.5,Urea,6.0,57.0,Apply at flower bud initiation; avoid leaf contact,Capitulum stage
onion,harvest,laterite,74.9,62.4,36.5,medium,medium,low,77.8,13.9,2.4,NO FERTILIZER,0.0,0.0,Do not apply; withholding period required,Stop 3 weeks before harvest
tomato,vegetative,red,158.0,57.1,178.3,high,medium,high,22.9,28.5,2.0,Urea,12.0,24.0,Top dress at 20-30 DAS; broadcast and irrigate,Vegetative growth
groundnut,germination,black_cotton,141.2,43.9,101.7,high,low,high,31.0,14.6,5.8,Rhizobium Biofert,5.0,29.0,Apply at sowing time or within first 7 DAS,Seed inoculation
pomegranate,pre_sowing,laterite,215.5,100.6,87.9,high,high,medium,24.0,34.7,3.0,DAP + MOP,21.0,63.0,"Apply 7 days before sowing, mix into topsoil 10-15cm",Pre-bloom
mustard,pre_sowing,black_cotton,260.2,32.0,199.1,high,low,high,64.4,27.2,8.0,DAP + MOP,15.0,120.0,"Apply 7 days before sowing, mix into topsoil 10-15cm",Basal; sulfur from SSP
tur_arhar,germination,black_cotton,230.4,58.6,52.5,high,medium,medium,79.8,21.7,7.2,Rhizobium Biofert,5.0,36.0,Apply at sowing time or within first 7 DAS,Seed treatment
cucumber,flowering,laterite,267.4,66.1,23.3,high,medium,low,79.5,15.4,6.7,MOP,15.0,100.5,Apply at flower bud initiation; avoid leaf contact,Fruit quality
maize_kharif,grain_fill,alluvial,47.7,39.2,40.4,medium,low,low,57.4,36.5,9.1,MOP,12.5,113.8,Foliar spray or side dress during grain/fruit development,Cob development
pomegranate,grain_fill,sandy,33.3,24.7,153.2,low,low,high,24.3,24.8,1.0,MOP + Calcium,12.5,12.5,Foliar spray or side dress during grain/fruit development,Fruit development
soybean,pre_sowing,black_cotton,77.2,32.3,32.4,medium,low,low,21.1,34.4,2.1,SSP + MOP,37.5,78.8,"Apply 7 days before sowing, mix into topsoil 10-15cm","Basal: 0 N, 50 P2O5, 40 K2O kg/ha via SSP+MOP"
chickpea,pre_sowing,sandy,152.9,36.9,98.0,high,low,medium,26.2,28.1,6.0,SSP + MOP,24.0,144.0,"Apply 7 days before sowing, mix into topsoil 10-15cm",Low N; P and K basal
urad,flowering,laterite,44.7,22.5,30.3,medium,low,low,39.0,20.6,2.8,MOP,10.0,28.0,Apply at flower bud initiation; avoid leaf contact,Pod development
sugarcane,pre_sowing,black_cotton,119.3,37.0,24.1,high,low,low,50.2,20.6,2.0,DAP + MOP,75.0,150.0,"Apply 7 days before sowing, mix into topsoil 10-15cm",Heavy feeder; high basal
urad,germination,black_cotton,190.4,114.1,101.6,high,high,high,50.5,37.6,6.7,Rhizobium Biofert,5.0,33.5,Apply at sowing time or within first 7 DAS,Seed inoculation
linseed,pre_sowing,black_cotton,115.5,56.1,26.7,high,medium,low,28.5,12.4,7.5,DAP + MOP,25.0,187.5,"Apply 7 days before sowing, mix into topsoil 10-15cm",Basal
jowar_rabi,pre_sowing,laterite,13.1,83.8,102.7,low,high,high,35.2,31.6,4.3,DAP + MOP,9.0,38.7,"Apply 7 days before sowing, mix into topsoil 10-15cm",Full P and K basal
tur_arhar,vegetative,laterite,157.9,99.3,43.0,high,high,low,76.1,31.7,1.2,Urea,6.0,7.2,Top dress at 20-30 DAS; broadcast and irrigate,Light N if pale
grapes,grain_fill,red,243.1,58.4,127.2,high,medium,high,64.1,29.1,2.4,MOP,10.0,24.0,Foliar spray or side dress during grain/fruit development,Maturity
jowar_rabi,pre_sowing,red,252.8,26.0,87.5,high,low,medium,25.7,26.1,9.4,DAP + MOP,36.0,338.4,"Apply 7 days before sowing, mix into topsoil 10-15cm",Full P and K basal
chilli,flowering,laterite,125.0,46.7,37.7,high,medium,low,41.9,23.1,3.3,19:19:19 NPK,11.2,37.0,Apply at flower bud initiation; avoid leaf contact,Fruit set
moong_kharif,germination,alluvial,162.5,98.3,171.9,high,high,high,35.4,14.3,4.2,Rhizobium Biofert,5.0,21.0,Apply at sowing time or within first 7 DAS,Seed treatment
orange,grain_fill,sandy,262.6,65.1,140.8,high,medium,high,74.8,22.9,5.2,MOP + Micronutrient,10.0,52.0,Foliar spray or side dress during grain/fruit development,Fruit color + quality
jowar_rabi,vegetative,laterite,243.2,65.9,163.6,high,medium,high,26.3,26.0,6.6,Urea,12.0,79.2,Top dress at 20-30 DAS; broadcast and irrigate,Split N top dress
banana,pre_sowing,black_cotton,74.0,78.6,180.3,medium,medium,high,49.9,18.1,8.5,DAP + MOP,30.0,255.0,"Apply 7 days before sowing, mix into topsoil 10-15cm",Heavy K feeder; high basal
soybean,germination,red,199.0,116.2,62.1,high,high,medium,44.4,22.8,3.4,Rhizobium Biofert,5.0,17.0,Apply at sowing time or within first 7 DAS,Seed treatment reduces N requirement
cucumber,vegetative,alluvial,200.1,53.8,154.7,high,medium,high,28.6,31.5,2.5,Urea,9.0,22.5,Top dress at 20-30 DAS; broadcast and irrigate,Growth boost
chickpea,pre_sowing,red,249.2,96.9,56.3,high,high,medium,74.8,17.2,9.5,SSP + MOP,12.0,114.0,"Apply 7 days before sowing, mix into topsoil 10-15cm",Low N; P and K basal
turmeric,grain_fill,black_cotton,209.1,51.4,44.8,high,medium,low,56.3,25.4,7.3,MOP,25.0,182.5,Foliar spray or side dress during grain/fruit development,Curcumin synthesis
rabi_maize,vegetative,red,84.2,98.5,101.4,medium,high,high,40.3,34.8,4.4,Urea,25.0,110.0,Top dress at 20-30 DAS; broadcast and irrigate,Top dress
jowar_kharif,flowering,alluvial,158.4,88.9,58.9,high,high,medium,34.1,37.9,9.4,Urea,9.0,84.6,Apply at flower bud initiation; avoid leaf contact,Second top dress
tomato,pre_sowing,black_cotton,250.9,34.8,55.3,high,low,medium,62.7,35.7,3.3,DAP + MOP,48.0,158.4,"Apply 7 days before sowing, mix into topsoil 10-15cm",Full P+K; half N
cotton,grain_fill,laterite,38.5,28.7,146.2,low,low,high,23.8,16.3,7.5,MOP,7.5,56.2,Foliar spray or side dress during grain/fruit development,Fibre quality
orange,pre_sowing,red,135.3,64.5,90.0,high,medium,medium,43.5,21.5,1.2,DAP + MOP,35.0,42.0,"Apply 7 days before sowing, mix into topsoil 10-15cm",Post-harvest dose
orange,flowering,sandy,59.3,114.7,131.2,medium,high,high,51.7,22.0,7.9,Urea,20.0,158.0,Apply at flower bud initiation; avoid leaf contact,Flush growth
maize_kharif,grain_fill,red,80.8,30.6,79.5,medium,low,medium,61.9,32.2,9.7,MOP,10.0,97.0,Foliar spray or side dress during grain/fruit development,Cob development
banana,vegetative,alluvial,58.6,62.9,69.5,medium,medium,medium,21.8,24.6,6.9,Urea + MOP,50.0,345.0,Top dress at 20-30 DAS; broadcast and irrigate,Sword sucker stage
rice,vegetative,black_cotton,61.4,83.3,195.7,medium,high,high,38.9,18.4,1.4,Urea,22.0,30.8,Top dress at 20-30 DAS; broadcast and irrigate,25-30 DAS tillering
pomegranate,pre_sowing,red,189.0,31.9,140.1,high,low,high,28.0,36.5,8.7,DAP + MOP,21.0,182.7,"Apply 7 days before sowing, mix into topsoil 10-15cm",Pre-bloom
tomato,pre_sowing,laterite,273.7,52.5,68.8,high,medium,medium,48.2,18.3,4.5,DAP + MOP,40.0,180.0,"Apply 7 days before sowing, mix into topsoil 10-15cm",Full P+K; half N
tur_arhar,flowering,red,34.7,85.5,193.5,low,high,high,74.8,36.8,5.8,MOP,5.0,29.0,Apply at flower bud initiation; avoid leaf contact,Pod setting
rice,grain_fill,sandy,51.0,108.6,116.9,medium,high,high,72.0,18.1,6.0,MOP,6.0,36.0,Foliar spray or side dress during grain/fruit development,Grain filling stage
watermelon,pre_sowing,red,44.0,72.1,83.3,medium,medium,medium,63.8,36.7,7.3,DAP + MOP,30.0,219.0,"Apply 7 days before sowing, mix into topsoil 10-15cm",Basal
jowar_kharif,vegetative,alluvial,50.0,27.8,138.2,medium,low,high,37.2,25.8,8.9,Urea,20.0,178.0,Top dress at 20-30 DAS; broadcast and irrigate,Top dress after 3-4 weeks
jowar_kharif,vegetative,laterite,30.3,50.1,174.0,low,medium,high,65.6,15.9,9.6,Urea,26.0,249.6,Top dress at 20-30 DAS; broadcast and irrigate,Top dress after 3-4 weeks
jowar_rabi,pre_sowing,red,82.8,107.4,122.3,medium,high,high,28.6,16.4,5.4,DAP + MOP,9.0,48.6,"Apply 7 days before sowing, mix into topsoil 10-15cm",Full P and K basal
cucumber,pre_sowing,black_cotton,96.1,89.8,82.3,high,high,medium,34.3,32.0,0.9,DAP + MOP,15.0,13.5,"Apply 7 days before sowing, mix into topsoil 10-15cm",Basal
banana,flowering,black_cotton,152.6,23.8,176.7,high,low,high,32.1,16.8,2.2,Urea + MOP,13.5,29.7,Apply at flower bud initiation; avoid leaf contact,Bunch initiation
rabi_maize,pre_sowing,alluvial,177.8,90.6,50.5,high,high,medium,20.1,16.0,4.3,DAP + MOP,21.0,90.3,"Apply 7 days before sowing, mix into topsoil 10-15cm",Same as kharif maize
onion,grain_fill,alluvial,151.2,69.9,188.4,high,medium,high,56.8,23.3,4.2,MOP,7.5,31.5,Foliar spray or side dress during grain/fruit development,Bulb development
chickpea,pre_sowing,black_cotton,11.8,98.7,87.7,low,high,medium,41.6,22.7,1.5,SSP + MOP,12.0,18.0,"Apply 7 days before sowing, mix into topsoil 10-15cm",Low N; P and K basal
maize_kharif,flowering,black_cotton,107.1,44.0,179.4,high,low,high,23.6,16.2,4.0,Urea,12.0,48.0,Apply at flower bud initiation; avoid leaf contact,Tasselling stage
jowar_rabi,pre_sowing,black_cotton,22.5,40.9,167.0,low,low,high,38.6,18.9,8.5,DAP + MOP,18.0,153.0,"Apply 7 days before sowing, mix into topsoil 10-15cm",Full P and K basal
sugarcane,vegetative,alluvial,157.1,75.9,32.0,high,medium,low,46.2,17.7,7.0,Urea + MOP,37.5,262.5,Top dress at 20-30 DAS; broadcast and irrigate,Grand growth period
moong_rabi,flowering,laterite,96.9,36.9,161.6,high,low,high,22.0,17.4,1.2,MOP,4.0,4.8,Apply at flower bud initiation; avoid leaf contact,Pod fill
orange,pre_sowing,alluvial,92.1,57.0,182.3,high,medium,high,38.8,34.3,9.5,DAP + MOP,17.5,166.2,"Apply 7 days before sowing, mix into topsoil 10-15cm",Post-harvest dose
orange,grain_fill,red,72.4,52.2,157.1,medium,medium,high,40.9,26.5,1.1,MOP + Micronutrient,10.0,11.0,Foliar spray or side dress during grain/fruit development,Fruit color + quality
tur_arhar,pre_sowing,sandy,201.2,72.0,36.6,high,medium,low,51.0,17.1,3.1,SSP + MOP,27.5,85.2,"Apply 7 days before sowing, mix into topsoil 10-15cm",Low N; P+K basal
maize_kharif,vegetative,laterite,176.6,27.8,184.4,high,low,high,32.9,34.2,2.7,Urea,15.0,40.5,Top dress at 20-30 DAS; broadcast and irrigate,Knee high stage N
cotton,flowering,red,224.2,74.0,170.0,high,medium,high,28.8,15.2,3.5,Urea,15.0,52.5,Apply at flower bud initiation; avoid leaf contact,Boll development
rabi_maize,pre_sowing,alluvial,76.0,49.3,85.4,medium,medium,medium,32.8,18.8,6.0,DAP + MOP,35.0,210.0,"Apply 7 days before sowing, mix into topsoil 10-15cm",Same as kharif maize
sesame,vegetative,laterite,88.6,58.5,161.5,medium,medium,high,26.2,30.6,1.1,Urea,12.0,13.2,Top dress at 20-30 DAS; broadcast and irrigate,Top dress
onion,harvest,sandy,112.8,20.5,140.6,high,low,high,40.6,19.8,6.0,NO FERTILIZER,0.0,0.0,Do not apply; withholding period required,Stop 3 weeks before harvest
grapes,vegetative,laterite,231.8,113.8,171.0,high,high,high,46.3,27.4,3.9,Urea,12.0,46.8,Top dress at 20-30 DAS; broadcast and irrigate,Shoot growth
safflower,vegetative,black_cotton,84.7,47.5,69.9,medium,medium,medium,48.8,13.1,2.8,Urea,15.0,42.0,Top dress at 20-30 DAS; broadcast and irrigate,Rosette stage
turmeric,vegetative,alluvial,264.8,40.1,190.8,high,low,high,40.6,34.8,6.3,Urea + MOP,9.0,56.7,Top dress at 20-30 DAS; broadcast and irrigate,Rhizome development
chilli,grain_fill,red,77.8,74.7,72.6,medium,medium,medium,58.3,20.1,9.6,MOP,12.0,115.2,Foliar spray or side dress during grain/fruit development,Pungency development
tomato,vegetative,laterite,236.8,104.5,131.9,high,high,high,20.4,18.3,7.4,Urea,12.0,88.8,Top dress at 20-30 DAS; broadcast and irrigate,Vegetative growth
maize_kharif,grain_fill,red,227.3,39.9,117.7,high,low,high,42.6,26.8,6.1,MOP,5.0,30.5,Foliar spray or side dress during grain/fruit development,Cob development
groundnut,germination,sandy,171.3,36.9,38.6,high,low,low,44.4,18.7,8.0,Rhizobium Biofert,5.0,40.0,Apply at sowing time or within first 7 DAS,Seed inoculation
grapes,vegetative,sandy,50.4,88.2,37.2,medium,high,low,70.1,20.6,1.6,Urea,20.0,32.0,Top dress at 20-30 DAS; broadcast and irrigate,Shoot growth
maize_kharif,vegetative,alluvial,114.3,100.3,102.6,high,high,high,35.6,31.3,7.5,Urea,15.0,112.5,Top dress at 20-30 DAS; broadcast and irrigate,Knee high stage N
tur_arhar,pre_sowing,black_cotton,25.8,84.4,75.8,low,high,medium,54.0,24.8,5.5,SSP + MOP,13.2,72.6,"Apply 7 days before sowing, mix into topsoil 10-15cm",Low N; P+K basal
groundnut,grain_fill,alluvial,29.8,33.4,124.1,low,low,high,65.6,28.9,3.6,MOP,5.0,18.0,Foliar spray or side dress during grain/fruit development,Kernel filling
turmeric,vegetative,sandy,238.4,34.1,188.9,high,low,high,71.2,15.7,9.2,Urea + MOP,9.0,82.8,Top dress at 20-30 DAS; broadcast and irrigate,Rhizome development
safflower,flowering,sandy,92.5,70.4,85.7,high,medium,medium,26.5,23.7,6.0,Urea,6.0,36.0,Apply at flower bud initiation; avoid leaf contact,Capitulum stage
chilli,pre_sowing,black_cotton,172.2,33.1,63.1,high,low,medium,54.9,17.0,8.4,DAP + MOP,42.0,352.8,"Apply 7 days before sowing, mix into topsoil 10-15cm",Basal
sesame,vegetative,black_cotton,96.1,35.8,42.8,high,low,low,26.2,21.3,9.7,Urea,7.2,69.8,Top dress at 20-30 DAS; broadcast and irrigate,Top dress
mustard,flowering,red,79.5,84.8,95.8,medium,high,medium,74.1,13.5,5.3,Urea,10.0,53.0,Apply at flower bud initiation; avoid leaf contact,Booster
chilli,flowering,red,125.7,30.4,148.8,high,low,high,24.2,16.8,0.7,19:19:19 NPK,4.5,3.1,Apply at flower bud initiation; avoid leaf contact,Fruit set
banana,pre_sowing,alluvial,141.9,21.9,169.4,high,low,high,31.8,30.1,2.4,DAP + MOP,36.0,86.4,"Apply 7 days before sowing, mix into topsoil 10-15cm",Heavy K feeder; high basal
tomato,pre_sowing,sandy,169.2,24.5,95.3,high,low,medium,50.7,27.3,4.0,DAP + MOP,48.0,192.0,"Apply 7 days before sowing, mix into topsoil 10-15cm",Full P+K; half N
moong_kharif,pre_sowing,laterite,252.0,105.0,33.4,high,high,low,43.9,28.5,3.1,SSP + MOP,13.5,41.9,"Apply 7 days before sowing, mix into topsoil 10-15cm",Low N legume
grapes,pre_sowing,laterite,276.5,23.1,140.9,high,low,high,74.5,18.7,8.7,DAP + MOP,18.0,156.6,"Apply 7 days before sowing, mix into topsoil 10-15cm",Pruning time dose
watermelon,grain_fill,laterite,142.6,95.7,56.0,high,high,medium,39.7,34.7,9.3,MOP,15.0,139.5,Foliar spray or side dress during grain/fruit development,Fruit sweetness
pomegranate,pre_sowing,black_cotton,102.0,34.4,93.8,high,low,medium,40.8,28.0,8.9,DAP + MOP,42.0,373.8,"Apply 7 days before sowing, mix into topsoil 10-15cm",Pre-bloom
banana,pre_sowing,black_cotton,92.8,32.2,72.6,high,low,medium,66.1,14.1,8.6,DAP + MOP,72.0,619.2,"Apply 7 days before sowing, mix into topsoil 10-15cm",Heavy K feeder; high basal
maize_kharif,pre_sowing,alluvial,58.7,84.5,161.1,medium,high,high,70.6,33.5,9.1,DAP + MOP,10.5,95.5,"Apply 7 days before sowing, mix into topsoil 10-15cm",Full P+K; half N basal
jowar_rabi,vegetative,laterite,55.0,71.7,134.0,medium,medium,high,55.7,20.1,2.7,Urea,20.0,54.0,Top dress at 20-30 DAS; broadcast and irrigate,Split N top dress
cucumber,pre_sowing,alluvial,242.2,91.1,105.1,high,high,high,75.2,29.1,2.6,DAP + MOP,7.5,19.5,"Apply 7 days before sowing, mix into topsoil 10-15cm",Basal
sunflower_kharif,pre_sowing,laterite,185.8,70.0,74.3,high,medium,medium,66.8,37.7,2.7,DAP + MOP,30.0,81.0,"Apply 7 days before sowing, mix into topsoil 10-15cm",Basal
jowar_kharif,pre_sowing,sandy,132.3,29.9,112.5,high,low,high,71.6,18.6,6.0,DAP,30.0,180.0,"Apply 7 days before sowing, mix into topsoil 10-15cm",Basal P and N
linseed,vegetative,red,223.0,23.0,177.8,high,low,high,26.3,35.7,5.8,Urea,7.2,41.8,Top dress at 20-30 DAS; broadcast and irrigate,Top dress
safflower,vegetative,red,110.5,53.5,88.1,high,medium,medium,22.8,21.6,5.2,Urea,9.0,46.8,Top dress at 20-30 DAS; broadcast and irrigate,Rosette stage
sugarcane,vegetative,alluvial,128.0,53.0,165.8,high,medium,high,68.3,37.2,3.9,Urea + MOP,15.0,58.5,Top dress at 20-30 DAS; broadcast and irrigate,Grand growth period
turmeric,vegetative,laterite,36.0,37.3,163.4,low,low,high,62.9,20.6,8.7,Urea + MOP,19.5,169.6,Top dress at 20-30 DAS; broadcast and irrigate,Rhizome development
urad,flowering,black_cotton,118.0,116.9,51.0,high,high,medium,67.6,34.6,7.2,MOP,8.0,57.6,Apply at flower bud initiation; avoid leaf contact,Pod development
rice,grain_fill,alluvial,220.5,49.9,73.6,high,medium,medium,74.9,24.6,3.4,MOP,12.0,40.8,Foliar spray or side dress during grain/fruit development,Grain filling stage
rabi_maize,vegetative,alluvial,231.4,23.7,72.4,high,low,medium,57.2,24.8,6.8,Urea,15.0,102.0,Top dress at 20-30 DAS; broadcast and irrigate,Top dress
cotton,pre_sowing,red,265.8,108.8,177.9,high,high,high,58.1,29.3,4.3,DAP + MOP,12.0,51.6,"Apply 7 days before sowing, mix into topsoil 10-15cm",Basal: 25N 25P 25K
tur_arhar,germination,sandy,161.1,111.5,193.8,high,high,high,22.3,16.7,7.5,Rhizobium Biofert,5.0,37.5,Apply at sowing time or within first 7 DAS,Seed treatment
urad,germination,sandy,278.6,112.2,138.5,high,high,high,49.3,16.7,5.3,Rhizobium Biofert,5.0,26.5,Apply at sowing time or within first 7 DAS,Seed inoculation
soybean,flowering,red,103.0,82.1,198.0,high,high,high,80.0,34.3,5.4,MOP,5.0,27.0,Apply at flower bud initiation; avoid leaf contact,K boost for pod setting
urad,germination,sandy,212.2,103.1,175.9,high,high,high,27.2,30.9,2.8,Rhizobium Biofert,5.0,14.0,Apply at sowing time or within first 7 DAS,Seed inoculation
banana,grain_fill,alluvial,227.7,21.6,63.7,high,low,medium,31.9,38.0,4.3,MOP,40.0,172.0,Foliar spray or side dress during grain/fruit development,Bunch filling
watermelon,grain_fill,laterite,28.7,41.9,124.4,low,low,high,67.4,35.4,8.2,MOP,7.5,61.5,Foliar spray or side dress during grain/fruit development,Fruit sweetness
grapes,vegetative,sandy,247.3,110.8,80.7,high,high,medium,33.6,26.8,1.8,Urea,12.0,21.6,Top dress at 20-30 DAS; broadcast and irrigate,Shoot growth
tomato,vegetative,sandy,266.0,58.1,24.9,high,medium,low,76.7,35.3,0.8,Urea,12.0,9.6,Top dress at 20-30 DAS; broadcast and irrigate,Vegetative growth
safflower,pre_sowing,red,176.3,96.9,56.1,high,high,medium,31.5,24.4,5.6,DAP + MOP,15.0,84.0,"Apply 7 days before sowing, mix into topsoil 10-15cm",Basal
rabi_maize,pre_sowing,black_cotton,105.9,51.7,76.2,high,medium,medium,56.6,19.0,8.5,DAP + MOP,35.0,297.5,"Apply 7 days before sowing, mix into topsoil 10-15cm",Same as kharif maize
moong_kharif,pre_sowing,black_cotton,93.9,88.8,135.4,high,high,high,64.8,15.3,8.6,SSP + MOP,5.4,46.4,"Apply 7 days before sowing, mix into topsoil 10-15cm",Low N legume
rice,flowering,alluvial,160.6,63.6,67.5,high,medium,medium,54.8,30.7,7.2,Urea + MOP,12.0,86.4,Apply at flower bud initiation; avoid leaf contact,Panicle initiation
onion,pre_sowing,red,199.4,26.5,81.6,high,low,medium,72.1,23.9,5.3,DAP + MOP,42.0,222.6,"Apply 7 days before sowing, mix into topsoil 10-15cm",Full P+K; half N
soybean,vegetative,red,106.9,59.6,92.0,high,medium,medium,31.3,19.0,7.4,Urea,7.2,53.3,Top dress at 20-30 DAS; broadcast and irrigate,Top dress if N deficiency observed
sugarcane,vegetative,red,97.0,90.3,154.5,high,high,high,51.0,25.3,2.0,Urea + MOP,15.0,30.0,Top dress at 20-30 DAS; broadcast and irrigate,Grand growth period
soybean,grain_fill,sandy,142.0,27.1,126.3,high,low,high,70.5,34.2,2.9,Micronutrient Mix,5.0,14.5,Foliar spray or side dress during grain/fruit development,Zinc + Boron foliar spray
turmeric,pre_sowing,red,273.1,45.5,147.5,high,medium,high,48.7,37.4,6.7,DAP + MOP,20.0,134.0,"Apply 7 days before sowing, mix into topsoil 10-15cm",High K demand
urad,pre_sowing,alluvial,120.4,23.2,52.8,high,low,medium,63.0,25.7,7.2,SSP + MOP,21.6,155.5,"Apply 7 days before sowing, mix into topsoil 10-15cm",Basal P+K
pomegranate,flowering,alluvial,201.2,63.1,58.5,high,medium,medium,77.1,20.1,7.3,Urea + MOP,18.0,131.4,Apply at flower bud initiation; avoid leaf contact,Fruit set
moong_kharif,germination,alluvial,83.8,44.3,187.5,medium,low,high,33.2,20.5,8.2,Rhizobium Biofert,5.0,41.0,Apply at sowing time or within first 7 DAS,Seed treatment
wheat,flowering,red,171.9,61.6,94.3,high,medium,medium,40.3,29.9,3.9,Urea,6.0,23.4,Apply at flower bud initiation; avoid leaf contact,Grain initiation
cucumber,flowering,red,133.0,59.8,76.4,high,medium,medium,46.7,30.7,8.5,MOP,12.0,102.0,Apply at flower bud initiation; avoid leaf contact,Fruit quality
mustard,vegetative,sandy,171.8,82.8,20.7,high,high,low,30.6,21.3,3.7,Urea,10.8,40.0,Top dress at 20-30 DAS; broadcast and irrigate,Top dress at 20 DAS
grapes,flowering,sandy,222.1,89.1,52.5,high,high,medium,29.4,33.2,1.5,13:00:45 NPK,9.0,13.5,Apply at flower bud initiation; avoid leaf contact,Berry set
soybean,germination,laterite,276.0,109.4,178.5,high,high,high,57.7,17.4,3.4,Rhizobium Biofert,5.0,17.0,Apply at sowing time or within first 7 DAS,Seed treatment reduces N requirement
pomegranate,pre_sowing,laterite,264.2,101.8,93.4,high,high,medium,48.4,23.5,9.1,DAP + MOP,21.0,191.1,"Apply 7 days before sowing, mix into topsoil 10-15cm",Pre-bloom
maize_kharif,grain_fill,sandy,226.8,92.1,119.5,high,high,high,76.3,23.3,1.8,MOP,5.0,9.0,Foliar spray or side dress during grain/fruit development,Cob development
bajra,pre_sowing,alluvial,14.3,105.1,119.8,low,high,high,20.1,22.0,10.0,DAP,12.0,120.0,"Apply 7 days before sowing, mix into topsoil 10-15cm",Basal P
cucumber,pre_sowing,laterite,260.6,60.5,108.1,high,medium,high,31.1,16.0,2.9,DAP + MOP,12.5,36.2,"Apply 7 days before sowing, mix into topsoil 10-15cm",Basal
cucumber,flowering,red,142.2,102.5,190.4,high,high,high,24.6,12.9,0.8,MOP,6.0,4.8,Apply at flower bud initiation; avoid leaf contact,Fruit quality
sugarcane,pre_sowing,laterite,206.5,48.7,104.5,high,medium,high,38.7,36.9,8.7,DAP + MOP,25.0,217.5,"Apply 7 days before sowing, mix into topsoil 10-15cm",Heavy feeder; high basal
sunflower_rabi,pre_sowing,alluvial,225.4,101.7,102.0,high,high,high,20.0,15.5,4.5,DAP + MOP,9.0,40.5,"Apply 7 days before sowing, mix into topsoil 10-15cm",Basal
orange,grain_fill,alluvial,221.0,57.7,42.8,high,medium,low,24.0,32.9,9.0,MOP + Micronutrient,25.0,225.0,Foliar spray or side dress during grain/fruit development,Fruit color + quality
jowar_kharif,pre_sowing,laterite,247.8,27.5,77.6,high,low,medium,59.4,14.2,4.9,DAP,30.0,147.0,"Apply 7 days before sowing, mix into topsoil 10-15cm",Basal P and N
bajra,vegetative,red,108.8,68.2,76.4,high,medium,medium,67.8,19.1,4.6,Urea,10.8,49.7,Top dress at 20-30 DAS; broadcast and irrigate,N top dress 3 weeks after sowing
chickpea,flowering,laterite,153.5,45.6,86.7,high,medium,medium,55.2,16.5,2.0,MOP,8.0,16.0,Apply at flower bud initiation; avoid leaf contact,Foliar K for pod fill
linseed,vegetative,black_cotton,97.6,83.0,75.7,high,high,medium,32.8,18.0,6.0,Urea,7.2,43.2,Top dress at 20-30 DAS; broadcast and irrigate,Top dress
cucumber,vegetative,alluvial,12.9,94.3,112.3,low,high,high,26.7,35.8,2.2,Urea,19.5,42.9,Top dress at 20-30 DAS; broadcast and irrigate,Growth boost
chickpea,germination,laterite,52.6,57.9,114.8,medium,medium,high,47.5,20.2,9.0,Rhizobium Biofert,5.0,45.0,Apply at sowing time or within first 7 DAS,Seed inoculation
sunflower_kharif,vegetative,black_cotton,123.8,30.1,52.7,high,low,medium,50.8,12.8,8.9,Urea,10.8,96.1,Top dress at 20-30 DAS; broadcast and irrigate,Top dress
jowar_rabi,pre_sowing,laterite,107.6,40.7,196.6,high,low,high,79.5,37.8,5.5,DAP + MOP,18.0,99.0,"Apply 7 days before sowing, mix into topsoil 10-15cm",Full P and K basal
urad,flowering,red,21.6,59.3,49.7,low,medium,low,25.3,28.0,9.9,MOP,10.0,99.0,Apply at flower bud initiation; avoid leaf contact,Pod development
soybean,pre_sowing,laterite,136.5,103.0,187.9,high,high,high,55.7,25.3,1.6,SSP + MOP,7.5,12.0,"Apply 7 days before sowing, mix into topsoil 10-15cm","Basal: 0 N, 50 P2O5, 40 K2O kg/ha via SSP+MOP"
sunflower_kharif,flowering,black_cotton,163.6,69.8,82.1,high,medium,medium,77.7,16.2,1.1,Boron Spray,5.0,5.5,Apply at flower bud initiation; avoid leaf contact,Prevent hollow stem
turmeric,pre_sowing,laterite,145.9,41.2,109.2,high,low,high,70.6,34.3,4.7,DAP + MOP,24.0,112.8,"Apply 7 days before sowing, mix into topsoil 10-15cm",High K demand
chilli,grain_fill,red,32.3,104.8,115.6,low,high,high,28.7,17.9,7.5,MOP,6.0,45.0,Foliar spray or side dress during grain/fruit development,Pungency development
onion,vegetative,sandy,147.7,118.6,77.0,high,high,medium,78.7,24.6,8.1,Urea,12.0,97.2,Top dress at 20-30 DAS; broadcast and irrigate,Leaf development
onion,harvest,red,161.9,97.0,100.2,high,high,high,69.8,15.6,7.5,NO FERTILIZER,0.0,0.0,Do not apply; withholding period required,Stop 3 weeks before harvest
banana,vegetative,black_cotton,242.7,63.5,154.2,high,medium,high,37.8,34.4,5.9,Urea + MOP,15.0,88.5,Top dress at 20-30 DAS; broadcast and irrigate,Sword sucker stage
maize_kharif,grain_fill,red,262.6,31.8,117.2,high,low,high,67.5,27.2,4.1,MOP,5.0,20.5,Foliar spray or side dress during grain/fruit development,Cob development
banana,pre_sowing,sandy,194.9,29.6,113.3,high,low,high,63.1,18.3,6.8,DAP + MOP,36.0,244.8,"Apply 7 days before sowing, mix into topsoil 10-15cm",Heavy K feeder; high basal
sugarcane,grain_fill,sandy,225.1,48.3,163.8,high,medium,high,60.5,21.4,1.3,Urea,18.0,23.4,Foliar spray or side dress during grain/fruit development,Elongation stage
orange,flowering,sandy,134.2,35.2,137.5,high,low,high,74.4,33.1,7.9,Urea,12.0,94.8,Apply at flower bud initiation; avoid leaf contact,Flush growth
turmeric,vegetative,laterite,105.6,117.3,68.6,high,high,medium,33.9,29.7,9.9,Urea + MOP,18.0,178.2,Top dress at 20-30 DAS; broadcast and irrigate,Rhizome development
cotton,flowering,alluvial,56.7,88.0,30.9,medium,high,low,40.9,34.9,6.3,Urea,25.0,157.5,Apply at flower bud initiation; avoid leaf contact,Boll development
rice,grain_fill,red,180.9,88.3,58.3,high,high,medium,27.0,13.1,7.7,MOP,12.0,92.4,Foliar spray or side dress during grain/fruit development,Grain filling stage
bajra,flowering,laterite,74.4,106.7,118.6,medium,high,high,63.4,32.1,2.9,Urea,10.0,29.0,Apply at flower bud initiation; avoid leaf contact,Booster dose
watermelon,pre_sowing,alluvial,148.7,96.8,40.6,high,high,low,79.7,28.0,5.1,DAP + MOP,22.5,114.7,"Apply 7 days before sowing, mix into topsoil 10-15cm",Basal
chilli,vegetative,red,179.0,43.6,41.9,high,low,low,37.0,35.9,8.6,Urea,10.8,92.9,Top dress at 20-30 DAS; broadcast and irrigate,Plant establishment
chickpea,pre_sowing,sandy,224.1,107.4,34.4,high,high,low,69.0,34.8,4.7,SSP + MOP,15.0,70.5,"Apply 7 days before sowing, mix into topsoil 10-15cm",Low N; P and K basal
cotton,flowering,sandy,165.1,75.4,132.6,high,medium,high,29.7,33.4,2.6,Urea,15.0,39.0,Apply at flower bud initiation; avoid leaf contact,Boll development
grapes,pre_sowing,laterite,224.4,113.1,52.0,high,high,medium,51.6,28.5,7.0,DAP + MOP,18.0,126.0,"Apply 7 days before sowing, mix into topsoil 10-15cm",Pruning time dose
rabi_maize,vegetative,sandy,265.0,81.6,86.6,high,high,medium,52.3,17.0,6.8,Urea,15.0,102.0,Top dress at 20-30 DAS; broadcast and irrigate,Top dress
moong_kharif,pre_sowing,black_cotton,163.8,111.4,96.9,high,high,medium,48.5,23.9,9.6,SSP + MOP,10.8,103.7,"Apply 7 days before sowing, mix into topsoil 10-15cm",Low N legume
groundnut,germination,sandy,190.9,85.6,47.9,high,high,low,38.3,21.2,7.9,Rhizobium Biofert,5.0,39.5,Apply at sowing time or within first 7 DAS,Seed inoculation
sesame,pre_sowing,laterite,113.1,60.9,29.5,high,medium,low,22.7,25.6,3.8,DAP,18.0,68.4,"Apply 7 days before sowing, mix into topsoil 10-15cm",Light feeder
moong_kharif,pre_sowing,sandy,88.9,48.3,177.9,medium,medium,high,44.6,22.6,9.6,SSP + MOP,9.0,86.4,"Apply 7 days before sowing, mix into topsoil 10-15cm",Low N legume
maize_kharif,pre_sowing,sandy,11.0,91.8,131.6,low,high,high,67.8,24.1,8.6,DAP + MOP,10.5,90.3,"Apply 7 days before sowing, mix into topsoil 10-15cm",Full P+K; half N basal
rice,flowering,alluvial,266.5,38.4,53.0,high,low,medium,51.5,31.6,4.3,Urea + MOP,12.0,51.6,Apply at flower bud initiation; avoid leaf contact,Panicle initiation
rice,germination,black_cotton,51.4,101.8,46.0,medium,high,low,29.6,20.1,3.2,Urea,18.0,57.6,Apply at sowing time or within first 7 DAS,7-10 DAS
moong_rabi,flowering,black_cotton,132.1,83.7,134.0,high,high,high,57.9,15.6,7.3,MOP,4.0,29.2,Apply at flower bud initiation; avoid leaf contact,Pod fill
cotton,pre_sowing,laterite,228.7,108.5,199.7,high,high,high,75.0,14.3,3.5,DAP + MOP,12.0,42.0,"Apply 7 days before sowing, mix into topsoil 10-15cm",Basal: 25N 25P 25K
jowar_kharif,pre_sowing,black_cotton,209.2,51.6,85.7,high,medium,medium,50.8,35.6,9.8,DAP,25.0,245.0,"Apply 7 days before sowing, mix into topsoil 10-15cm",Basal P and N
moong_kharif,flowering,laterite,270.8,88.6,70.0,high,high,medium,26.0,15.6,0.5,MOP,8.0,4.0,Apply at flower bud initiation; avoid leaf contact,Pod fill
chilli,pre_sowing,red,156.8,89.7,96.1,high,high,medium,71.4,17.6,5.8,DAP + MOP,21.0,121.8,"Apply 7 days before sowing, mix into topsoil 10-15cm",Basal
moong_rabi,germination,alluvial,60.3,45.0,94.2,medium,medium,medium,76.4,13.2,1.0,Rhizobium Biofert,5.0,5.0,Apply at sowing time or within first 7 DAS,Seed treatment
banana,grain_fill,alluvial,150.4,42.2,51.0,high,low,medium,22.2,18.7,5.9,MOP,40.0,236.0,Foliar spray or side dress during grain/fruit development,Bunch filling
pomegranate,grain_fill,red,39.9,106.0,94.9,low,high,medium,32.7,12.9,6.3,MOP + Calcium,25.0,157.5,Foliar spray or side dress during grain/fruit development,Fruit development
groundnut,pre_sowing,alluvial,127.0,46.7,155.1,high,medium,high,74.9,19.3,7.4,SSP + Gypsum,30.0,222.0,"Apply 7 days before sowing, mix into topsoil 10-15cm",Ca from gypsum for pod fill
jowar_rabi,flowering,alluvial,254.4,39.5,135.4,high,low,high,78.7,15.7,6.3,Urea,7.2,45.4,Apply at flower bud initiation; avoid leaf contact,Light booster
chilli,vegetative,laterite,248.9,109.8,48.2,high,high,low,25.3,37.1,2.4,Urea,10.8,25.9,Top dress at 20-30 DAS; broadcast and irrigate,Plant establishment
wheat,pre_sowing,sandy,73.2,39.8,94.8,medium,low,medium,73.6,12.4,1.9,DAP + MOP,42.0,79.8,"Apply 7 days before sowing, mix into topsoil 10-15cm",Full P+K; half N
tur_arhar,vegetative,alluvial,47.2,95.5,156.9,medium,high,high,20.8,13.2,5.7,Urea,10.0,57.0,Top dress at 20-30 DAS; broadcast and irrigate,Light N if pale
cotton,flowering,red,71.0,91.8,61.8,medium,high,medium,47.4,20.3,8.7,Urea,25.0,217.5,Apply at flower bud initiation; avoid leaf contact,Boll development
grapes,grain_fill,black_cotton,237.9,116.7,157.1,high,high,high,41.6,37.2,0.7,MOP,10.0,7.0,Foliar spray or side dress during grain/fruit development,Maturity
banana,pre_sowing,alluvial,224.2,60.7,52.6,high,medium,medium,68.3,25.7,7.5,DAP + MOP,60.0,450.0,"Apply 7 days before sowing, mix into topsoil 10-15cm",Heavy K feeder; high basal
onion,vegetative,alluvial,109.8,52.7,114.3,high,medium,high,40.7,26.1,5.7,Urea,12.0,68.4,Top dress at 20-30 DAS; broadcast and irrigate,Leaf development
moong_rabi,germination,red,130.1,35.0,103.6,high,low,high,28.4,25.4,5.2,Rhizobium Biofert,5.0,26.0,Apply at sowing time or within first 7 DAS,Seed treatment
cucumber,pre_sowing,red,140.8,104.1,62.7,high,high,medium,40.4,28.4,0.5,DAP + MOP,15.0,7.5,"Apply 7 days before sowing, mix into topsoil 10-15cm",Basal
soybean,vegetative,alluvial,85.6,29.0,77.4,medium,low,medium,51.4,23.4,7.0,Urea,12.0,84.0,Top dress at 20-30 DAS; broadcast and irrigate,Top dress if N deficiency observed
soybean,grain_fill,sandy,245.2,100.4,20.5,high,high,low,56.7,23.3,4.4,Micronutrient Mix,5.0,22.0,Foliar spray or side dress during grain/fruit development,Zinc + Boron foliar spray
watermelon,flowering,alluvial,15.4,70.7,36.3,low,medium,low,56.3,30.3,3.3,19:19:19 NPK,19.5,64.3,Apply at flower bud initiation; avoid leaf contact,Fruit set
watermelon,pre_sowing,laterite,191.2,117.5,89.4,high,high,medium,32.5,15.8,7.0,DAP + MOP,18.0,126.0,"Apply 7 days before sowing, mix into topsoil 10-15cm",Basal
soybean,pre_sowing,red,231.0,46.3,181.9,high,medium,high,54.7,20.7,4.0,SSP + MOP,12.5,50.0,"Apply 7 days before sowing, mix into topsoil 10-15cm","Basal: 0 N, 50 P2O5, 40 K2O kg/ha via SSP+MOP"
sesame,vegetative,red,149.7,37.9,38.2,high,low,low,44.0,34.6,9.6,Urea,7.2,69.1,Top dress at 20-30 DAS; broadcast and irrigate,Top dress
pomegranate,flowering,black_cotton,86.2,60.4,123.2,medium,medium,high,48.2,22.9,3.8,Urea + MOP,15.0,57.0,Apply at flower bud initiation; avoid leaf contact,Fruit set
pomegranate,flowering,red,37.5,93.1,192.4,low,high,high,22.6,27.1,4.3,Urea + MOP,19.5,83.8,Apply at flower bud initiation; avoid leaf contact,Fruit set
rice,germination,alluvial,76.5,98.9,27.3,medium,high,low,56.5,17.1,6.9,Urea,18.0,124.2,Apply at sowing time or within first 7 DAS,7-10 DAS
watermelon,pre_sowing,alluvial,218.9,72.8,38.1,high,medium,low,66.6,21.3,1.8,DAP + MOP,37.5,67.5,"Apply 7 days before sowing, mix into topsoil 10-15cm",Basal
orange,pre_sowing,alluvial,227.0,56.3,179.7,high,medium,high,36.7,27.7,5.3,DAP + MOP,17.5,92.8,"Apply 7 days before sowing, mix into topsoil 10-15cm",Post-harvest dose
sunflower_rabi,pre_sowing,sandy,202.0,59.3,100.4,high,medium,high,49.1,33.9,7.5,DAP + MOP,15.0,112.5,"Apply 7 days before sowing, mix into topsoil 10-15cm",Basal
turmeric,pre_sowing,red,275.0,99.3,33.1,high,high,low,25.7,17.4,9.8,DAP + MOP,30.0,294.0,"Apply 7 days before sowing, mix into topsoil 10-15cm",High K demand
mustard,flowering,laterite,73.0,108.7,88.8,medium,high,medium,60.7,23.7,4.4,Urea,10.0,44.0,Apply at flower bud initiation; avoid leaf contact,Booster
tur_arhar,vegetative,alluvial,124.6,38.9,95.6,high,low,medium,38.1,25.8,2.5,Urea,6.0,15.0,Top dress at 20-30 DAS; broadcast and irrigate,Light N if pale
safflower,vegetative,sandy,41.7,22.7,183.9,medium,low,high,27.5,36.7,0.9,Urea,15.0,13.5,Top dress at 20-30 DAS; broadcast and irrigate,Rosette stage
rice,germination,alluvial,165.8,21.7,52.5,high,low,medium,71.6,29.3,2.9,Urea,10.8,31.3,Apply at sowing time or within first 7 DAS,7-10 DAS
grapes,flowering,alluvial,15.2,45.5,90.1,low,medium,medium,77.2,25.3,2.3,13:00:45 NPK,19.5,44.8,Apply at flower bud initiation; avoid leaf contact,Berry set
sugarcane,vegetative,alluvial,35.7,54.0,69.1,low,medium,medium,79.9,33.2,3.8,Urea + MOP,65.0,247.0,Top dress at 20-30 DAS; broadcast and irrigate,Grand growth period
cucumber,pre_sowing,black_cotton,217.7,81.9,85.6,high,high,medium,27.4,26.1,3.3,DAP + MOP,15.0,49.5,"Apply 7 days before sowing, mix into topsoil 10-15cm",Basal
bajra,pre_sowing,laterite,168.5,26.2,48.1,high,low,low,24.2,26.9,1.9,DAP,24.0,45.6,"Apply 7 days before sowing, mix into topsoil 10-15cm",Basal P
wheat,vegetative,laterite,134.6,83.3,57.5,high,high,medium,33.3,33.1,7.0,Urea,12.0,84.0,Top dress at 20-30 DAS; broadcast and irrigate,Tillering
sunflower_kharif,vegetative,sandy,65.2,95.9,105.9,medium,high,high,61.3,18.5,9.3,Urea,18.0,167.4,Top dress at 20-30 DAS; broadcast and irrigate,Top dress
soybean,grain_fill,red,38.7,35.8,167.6,low,low,high,60.0,22.3,9.3,Micronutrient Mix,5.0,46.5,Foliar spray or side dress during grain/fruit development,Zinc + Boron foliar spray
linseed,pre_sowing,black_cotton,141.3,107.9,120.5,high,high,high,42.5,25.9,0.9,DAP + MOP,6.0,5.4,"Apply 7 days before sowing, mix into topsoil 10-15cm",Basal
chickpea,pre_sowing,laterite,134.1,71.8,139.6,high,medium,high,35.0,32.7,6.9,SSP + MOP,10.0,69.0,"Apply 7 days before sowing, mix into topsoil 10-15cm",Low N; P and K basal
sunflower_rabi,pre_sowing,alluvial,67.4,66.3,137.4,medium,medium,high,48.8,37.5,1.3,DAP + MOP,15.0,19.5,"Apply 7 days before sowing, mix into topsoil 10-15cm",Basal
sunflower_rabi,flowering,alluvial,219.7,47.8,101.4,high,medium,high,62.8,14.6,2.7,Boron Spray,5.0,13.5,Apply at flower bud initiation; avoid leaf contact,Pollination support
banana,pre_sowing,alluvial,38.4,32.3,74.3,low,low,medium,74.4,33.0,8.2,DAP + MOP,72.0,590.4,"Apply 7 days before sowing, mix into topsoil 10-15cm",Heavy K feeder; high basal
cotton,pre_sowing,alluvial,193.6,60.6,137.8,high,medium,high,73.7,29.0,7.0,DAP + MOP,20.0,140.0,"Apply 7 days before sowing, mix into topsoil 10-15cm",Basal: 25N 25P 25K
chilli,vegetative,alluvial,30.0,117.4,149.9,low,high,high,68.9,22.5,6.5,Urea,23.4,152.1,Top dress at 20-30 DAS; broadcast and irrigate,Plant establishment
jowar_rabi,flowering,red,92.1,60.5,181.7,high,medium,high,35.4,33.5,5.9,Urea,7.2,42.5,Apply at flower bud initiation; avoid leaf contact,Light booster
rice,pre_sowing,red,169.8,119.5,63.5,high,high,medium,30.5,29.1,9.4,DAP,18.0,169.2,"Apply 7 days before sowing, mix into topsoil 10-15cm",Basal
cucumber,vegetative,red,32.7,63.4,121.4,low,medium,high,33.4,26.2,7.6,Urea,19.5,148.2,Top dress at 20-30 DAS; broadcast and irrigate,Growth boost
pomegranate,flowering,black_cotton,75.7,89.5,49.3,medium,high,low,77.9,23.1,4.7,Urea + MOP,37.5,176.2,Apply at flower bud initiation; avoid leaf contact,Fruit set
tomato,grain_fill,alluvial,123.2,52.2,83.3,high,medium,medium,28.2,37.4,8.0,MOP + CaNO3,18.0,144.0,Foliar spray or side dress during grain/fruit development,Fruit development + Ca
jowar_rabi,pre_sowing,black_cotton,149.6,59.4,156.7,high,medium,high,51.4,21.9,5.5,DAP + MOP,15.0,82.5,"Apply 7 days before sowing, mix into topsoil 10-15cm",Full P and K basal
sugarcane,pre_sowing,black_cotton,93.4,53.1,116.3,high,medium,high,27.3,22.9,8.4,DAP + MOP,25.0,210.0,"Apply 7 days before sowing, mix into topsoil 10-15cm",Heavy feeder; high basal
maize_kharif,flowering,sandy,52.4,62.5,104.3,medium,medium,high,79.8,36.7,2.1,Urea,20.0,42.0,Apply at flower bud initiation; avoid leaf contact,Tasselling stage
sugarcane,germination,laterite,54.1,88.5,120.3,medium,high,high,25.5,26.9,9.6,Urea,25.0,240.0,Apply at sowing time or within first 7 DAS,Germination boost
turmeric,vegetative,red,214.1,107.6,62.1,high,high,medium,51.9,16.9,5.9,Urea + MOP,18.0,106.2,Top dress at 20-30 DAS; broadcast and irrigate,Rhizome development
rice,vegetative,sandy,54.8,108.0,66.2,medium,high,medium,60.6,22.1,5.6,Urea,22.0,123.2,Top dress at 20-30 DAS; broadcast and irrigate,25-30 DAS tillering
moong_kharif,flowering,sandy,267.5,36.1,158.6,high,low,high,27.7,33.3,0.9,MOP,4.0,3.6,Apply at flower bud initiation; avoid leaf contact,Pod fill
maize_kharif,vegetative,sandy,212.9,27.5,69.9,high,low,medium,51.4,27.0,8.0,Urea,15.0,120.0,Top dress at 20-30 DAS; broadcast and irrigate,Knee high stage N
chickpea,pre_sowing,black_cotton,47.1,63.1,194.7,medium,medium,high,56.0,18.0,4.3,SSP + MOP,10.0,43.0,"Apply 7 days before sowing, mix into topsoil 10-15cm",Low N; P and K basal
cucumber,vegetative,red,195.3,63.9,30.1,high,medium,low,51.3,27.9,5.9,Urea,9.0,53.1,Top dress at 20-30 DAS; broadcast and irrigate,Growth boost
groundnut,flowering,alluvial,148.4,23.8,74.0,high,low,medium,44.0,18.0,1.9,Gypsum,25.0,47.5,Apply at flower bud initiation; avoid leaf contact,Peg development
sugarcane,pre_sowing,alluvial,245.9,23.3,146.1,high,low,high,53.8,18.9,1.7,DAP + MOP,30.0,51.0,"Apply 7 days before sowing, mix into topsoil 10-15cm",Heavy feeder; high basal
sunflower_kharif,pre_sowing,laterite,152.1,50.3,99.7,high,medium,medium,79.2,12.7,5.9,DAP + MOP,30.0,177.0,"Apply 7 days before sowing, mix into topsoil 10-15cm",Basal
sesame,pre_sowing,laterite,125.2,37.6,37.0,high,low,low,31.1,32.8,7.4,DAP,21.6,159.8,"Apply 7 days before sowing, mix into topsoil 10-15cm",Light feeder
moong_rabi,flowering,red,169.7,60.9,50.3,high,medium,medium,35.5,24.5,3.1,MOP,8.0,24.8,Apply at flower bud initiation; avoid leaf contact,Pod fill
banana,pre_sowing,alluvial,228.5,87.4,64.9,high,high,medium,37.8,31.5,2.6,DAP + MOP,36.0,93.6,"Apply 7 days before sowing, mix into topsoil 10-15cm",Heavy K feeder; high basal
bajra,pre_sowing,sandy,219.4,72.0,180.2,high,medium,high,35.2,25.4,9.3,DAP,20.0,186.0,"Apply 7 days before sowing, mix into topsoil 10-15cm",Basal P
rice,germination,red,99.3,112.1,147.7,high,high,high,50.5,26.4,6.6,Urea,10.8,71.3,Apply at sowing time or within first 7 DAS,7-10 DAS
safflower,flowering,sandy,180.9,96.0,154.6,high,high,high,23.0,16.1,7.6,Urea,6.0,45.6,Apply at flower bud initiation; avoid leaf contact,Capitulum stage
turmeric,grain_fill,sandy,257.4,68.2,20.8,high,medium,low,25.1,31.4,1.4,MOP,25.0,35.0,Foliar spray or side dress during grain/fruit development,Curcumin synthesis
watermelon,vegetative,sandy,168.6,86.2,141.9,high,high,high,33.7,17.4,1.4,Urea,9.0,12.6,Top dress at 20-30 DAS; broadcast and irrigate,Vine growth
onion,vegetative,laterite,157.5,94.5,106.7,high,high,high,52.1,23.1,1.2,Urea,12.0,14.4,Top dress at 20-30 DAS; broadcast and irrigate,Leaf development
orange,pre_sowing,black_cotton,188.1,116.8,168.6,high,high,high,74.2,26.5,2.2,DAP + MOP,10.5,23.1,"Apply 7 days before sowing, mix into topsoil 10-15cm",Post-harvest dose
tomato,pre_sowing,black_cotton,149.5,40.7,129.9,high,low,high,40.8,34.1,2.2,DAP + MOP,24.0,52.8,"Apply 7 days before sowing, mix into topsoil 10-15cm",Full P+K; half N
rabi_maize,pre_sowing,black_cotton,37.5,80.4,22.2,low,high,low,57.5,26.3,4.1,DAP + MOP,26.2,107.4,"Apply 7 days before sowing, mix into topsoil 10-15cm",Same as kharif maize
tomato,flowering,black_cotton,32.4,60.5,140.3,low,medium,high,28.5,36.8,2.6,19:19:19 NPK,9.8,25.5,Apply at flower bud initiation; avoid leaf contact,Balanced NPK at fruit set
banana,pre_sowing,alluvial,135.7,76.0,177.8,high,medium,high,37.7,22.8,9.1,DAP + MOP,30.0,273.0,"Apply 7 days before sowing, mix into topsoil 10-15cm",Heavy K feeder; high basal
tomato,vegetative,red,57.3,39.9,43.4,medium,low,low,23.4,33.6,4.0,Urea,20.0,80.0,Top dress at 20-30 DAS; broadcast and irrigate,Vegetative growth
linseed,pre_sowing,red,18.1,100.4,168.8,low,high,high,62.1,15.6,7.2,DAP + MOP,6.0,43.2,"Apply 7 days before sowing, mix into topsoil 10-15cm",Basal
chilli,flowering,alluvial,81.2,72.6,115.1,medium,medium,high,65.0,21.7,4.0,19:19:19 NPK,7.5,30.0,Apply at flower bud initiation; avoid leaf contact,Fruit set
tur_arhar,vegetative,laterite,51.7,42.7,87.9,medium,low,medium,49.6,23.6,4.2,Urea,10.0,42.0,Top dress at 20-30 DAS; broadcast and irrigate,Light N if pale
tur_arhar,flowering,black_cotton,276.0,70.4,80.9,high,medium,medium,58.0,26.7,8.7,MOP,10.0,87.0,Apply at flower bud initiation; avoid leaf contact,Pod setting
moong_kharif,germination,laterite,153.0,47.3,81.5,high,medium,medium,30.8,29.9,5.9,Rhizobium Biofert,5.0,29.5,Apply at sowing time or within first 7 DAS,Seed treatment
tur_arhar,vegetative,alluvial,83.6,58.4,53.9,medium,medium,medium,45.9,22.6,1.6,Urea,10.0,16.0,Top dress at 20-30 DAS; broadcast and irrigate,Light N if pale
rice,flowering,laterite,159.6,60.9,131.9,high,medium,high,43.6,25.4,9.4,Urea + MOP,6.0,56.4,Apply at flower bud initiation; avoid leaf contact,Panicle initiation
bajra,vegetative,red,85.8,117.4,101.4,medium,high,high,39.9,14.7,9.6,Urea,18.0,172.8,Top dress at 20-30 DAS; broadcast and irrigate,N top dress 3 weeks after sowing
tur_arhar,pre_sowing,red,218.6,57.8,189.4,high,medium,high,65.9,19.1,2.6,SSP + MOP,11.0,28.6,"Apply 7 days before sowing, mix into topsoil 10-15cm",Low N; P+K basal
cucumber,pre_sowing,sandy,266.6,20.7,172.7,high,low,high,70.4,16.7,5.9,DAP + MOP,15.0,88.5,"Apply 7 days before sowing, mix into topsoil 10-15cm",Basal
rabi_maize,flowering,laterite,46.8,51.4,112.9,medium,medium,high,47.2,14.5,9.4,Urea,18.0,169.2,Apply at flower bud initiation; avoid leaf contact,Booster
cucumber,flowering,alluvial,208.8,51.7,70.1,high,medium,medium,71.5,15.3,1.1,MOP,12.0,13.2,Apply at flower bud initiation; avoid leaf contact,Fruit quality
wheat,flowering,laterite,232.2,58.6,45.0,high,medium,low,57.1,13.3,10.0,Urea,6.0,60.0,Apply at flower bud initiation; avoid leaf contact,Grain initiation
jowar_rabi,pre_sowing,sandy,10.1,45.8,52.5,low,medium,medium,59.4,13.0,1.8,DAP + MOP,30.0,54.0,"Apply 7 days before sowing, mix into topsoil 10-15cm",Full P and K basal
mustard,vegetative,black_cotton,156.2,68.0,61.8,high,medium,medium,24.2,28.9,5.2,Urea,10.8,56.2,Top dress at 20-30 DAS; broadcast and irrigate,Top dress at 20 DAS
bajra,vegetative,laterite,111.8,21.9,23.8,high,low,low,70.2,18.4,6.3,Urea,10.8,68.0,Top dress at 20-30 DAS; broadcast and irrigate,N top dress 3 weeks after sowing
moong_rabi,pre_sowing,alluvial,188.3,62.3,189.0,high,medium,high,53.2,29.7,4.7,SSP + MOP,9.0,42.3,"Apply 7 days before sowing, mix into topsoil 10-15cm",Same as kharif moong
rice,grain_fill,sandy,115.7,71.8,137.3,high,medium,high,72.4,32.6,9.0,MOP,6.0,54.0,Foliar spray or side dress during grain/fruit development,Grain filling stage
tomato,harvest,red,201.5,35.1,41.5,high,low,low,65.4,25.7,7.5,13:00:45 NPK,7.5,56.2,Do not apply; withholding period required,Quality booster
moong_rabi,germination,black_cotton,164.9,92.7,163.6,high,high,high,66.9,36.9,4.7,Rhizobium Biofert,5.0,23.5,Apply at sowing time or within first 7 DAS,Seed treatment
sunflower_rabi,pre_sowing,laterite,269.1,22.1,133.2,high,low,high,22.2,15.2,3.6,DAP + MOP,18.0,64.8,"Apply 7 days before sowing, mix into topsoil 10-15cm",Basal
wheat,vegetative,red,274.8,47.8,170.4,high,medium,high,78.9,36.0,5.6,Urea,12.0,67.2,Top dress at 20-30 DAS; broadcast and irrigate,Tillering
rabi_maize,vegetative,red,126.5,56.1,65.1,high,medium,medium,40.3,26.5,9.1,Urea,15.0,136.5,Top dress at 20-30 DAS; broadcast and irrigate,Top dress
sunflower_kharif,vegetative,black_cotton,259.6,92.0,74.1,high,high,medium,58.2,21.6,9.1,Urea,10.8,98.3,Top dress at 20-30 DAS; broadcast and irrigate,Top dress
linseed,vegetative,black_cotton,71.9,87.2,27.9,medium,high,low,36.3,25.7,6.0,Urea,12.0,72.0,Top dress at 20-30 DAS; broadcast and irrigate,Top dress
grapes,pre_sowing,red,136.8,31.9,41.3,high,low,low,40.1,16.9,3.2,DAP + MOP,45.0,144.0,"Apply 7 days before sowing, mix into topsoil 10-15cm",Pruning time dose
pomegranate,grain_fill,alluvial,179.5,57.7,152.5,high,medium,high,33.8,17.8,1.4,MOP + Calcium,12.5,17.5,Foliar spray or side dress during grain/fruit development,Fruit development
moong_rabi,germination,red,160.2,50.5,29.7,high,medium,low,73.9,31.5,4.6,Rhizobium Biofert,5.0,23.0,Apply at sowing time or within first 7 DAS,Seed treatment
turmeric,pre_sowing,laterite,137.1,77.1,74.3,high,medium,medium,58.7,28.8,6.7,DAP + MOP,40.0,268.0,"Apply 7 days before sowing, mix into topsoil 10-15cm",High K demand
pomegranate,pre_sowing,black_cotton,198.2,61.0,113.3,high,medium,high,70.4,12.3,3.1,DAP + MOP,17.5,54.2,"Apply 7 days before sowing, mix into topsoil 10-15cm",Pre-bloom
sunflower_rabi,pre_sowing,alluvial,162.0,102.0,138.4,high,high,high,56.4,13.0,3.3,DAP + MOP,9.0,29.7,"Apply 7 days before sowing, mix into topsoil 10-15cm",Basal
orange,grain_fill,sandy,86.0,95.4,142.0,medium,high,high,58.7,27.7,2.3,MOP + Micronutrient,10.0,23.0,Foliar spray or side dress during grain/fruit development,Fruit color + quality
onion,vegetative,alluvial,225.3,62.9,171.3,high,medium,high,32.6,21.2,4.8,Urea,12.0,57.6,Top dress at 20-30 DAS; broadcast and irrigate,Leaf development
bajra,vegetative,black_cotton,228.4,27.2,65.8,high,low,medium,32.0,32.9,4.6,Urea,10.8,49.7,Top dress at 20-30 DAS; broadcast and irrigate,N top dress 3 weeks after sowing
sugarcane,vegetative,laterite,153.5,111.4,187.7,high,high,high,58.6,22.9,1.8,Urea + MOP,15.0,27.0,Top dress at 20-30 DAS; broadcast and irrigate,Grand growth period
onion,grain_fill,sandy,235.6,41.1,114.9,high,low,high,34.5,36.9,8.2,MOP,7.5,61.5,Foliar spray or side dress during grain/fruit development,Bulb development
soybean,germination,alluvial,28.5,55.8,188.3,low,medium,high,52.7,36.3,3.0,Rhizobium Biofert,5.0,15.0,Apply at sowing time or within first 7 DAS,Seed treatment reduces N requirement
onion,pre_sowing,laterite,244.8,52.2,70.4,high,medium,medium,30.5,29.0,4.8,DAP + MOP,35.0,168.0,"Apply 7 days before sowing, mix into topsoil 10-15cm",Full P+K; half N
sesame,vegetative,black_cotton,114.0,96.2,167.5,high,high,high,34.1,15.8,3.8,Urea,7.2,27.4,Top dress at 20-30 DAS; broadcast and irrigate,Top dress
wheat,pre_sowing,sandy,207.7,68.9,103.8,high,medium,high,47.9,29.7,8.1,DAP + MOP,17.5,141.8,"Apply 7 days before sowing, mix into topsoil 10-15cm",Full P+K; half N
sunflower_kharif,vegetative,laterite,34.1,49.4,41.2,low,medium,low,79.6,13.5,9.5,Urea,23.4,222.3,Top dress at 20-30 DAS; broadcast and irrigate,Top dress
sunflower_kharif,pre_sowing,red,268.3,99.9,173.2,high,high,high,42.8,24.2,8.8,DAP + MOP,9.0,79.2,"Apply 7 days before sowing, mix into topsoil 10-15cm",Basal
sunflower_kharif,vegetative,sandy,228.7,81.2,152.6,high,high,high,35.5,13.5,5.1,Urea,10.8,55.1,Top dress at 20-30 DAS; broadcast and irrigate,Top dress
tur_arhar,flowering,alluvial,248.9,76.8,144.2,high,medium,high,67.9,37.0,9.1,MOP,5.0,45.5,Apply at flower bud initiation; avoid leaf contact,Pod setting
watermelon,pre_sowing,red,113.9,65.0,121.6,high,medium,high,62.1,18.3,7.1,DAP + MOP,15.0,106.5,"Apply 7 days before sowing, mix into topsoil 10-15cm",Basal
jowar_kharif,pre_sowing,black_cotton,205.6,113.2,101.2,high,high,high,58.6,31.8,8.4,DAP,15.0,126.0,"Apply 7 days before sowing, mix into topsoil 10-15cm",Basal P and N
turmeric,pre_sowing,alluvial,48.8,59.6,149.3,medium,medium,high,44.3,19.4,7.2,DAP + MOP,20.0,144.0,"Apply 7 days before sowing, mix into topsoil 10-15cm",High K demand
urad,flowering,black_cotton,274.0,35.3,53.6,high,low,medium,52.8,35.7,2.3,MOP,8.0,18.4,Apply at flower bud initiation; avoid leaf contact,Pod development
banana,vegetative,red,266.8,51.0,124.2,high,medium,high,46.7,37.7,5.4,Urea + MOP,15.0,81.0,Top dress at 20-30 DAS; broadcast and irrigate,Sword sucker stage
jowar_kharif,pre_sowing,red,133.7,107.2,176.4,high,high,high,38.4,32.9,0.9,DAP,15.0,13.5,"Apply 7 days before sowing, mix into topsoil 10-15cm",Basal P and N
rice,grain_fill,black_cotton,174.0,55.5,83.6,high,medium,medium,68.7,34.6,3.8,MOP,12.0,45.6,Foliar spray or side dress during grain/fruit development,Grain filling stage
tur_arhar,flowering,laterite,62.7,32.8,96.1,medium,low,medium,77.2,16.3,7.4,MOP,10.0,74.0,Apply at flower bud initiation; avoid leaf contact,Pod setting
chickpea,germination,black_cotton,181.5,108.7,94.0,high,high,medium,77.5,28.5,5.9,Rhizobium Biofert,5.0,29.5,Apply at sowing time or within first 7 DAS,Seed inoculation
pomegranate,pre_sowing,sandy,271.6,46.0,187.1,high,medium,high,61.7,37.5,8.3,DAP + MOP,17.5,145.2,"Apply 7 days before sowing, mix into topsoil 10-15cm",Pre-bloom
tur_arhar,germination,red,77.7,56.3,104.0,medium,medium,high,57.0,15.9,4.0,Rhizobium Biofert,5.0,20.0,Apply at sowing time or within first 7 DAS,Seed treatment
chickpea,flowering,black_cotton,149.4,80.0,95.8,high,high,medium,32.0,33.4,2.4,MOP,8.0,19.2,Apply at flower bud initiation; avoid leaf contact,Foliar K for pod fill
jowar_kharif,flowering,alluvial,187.1,63.6,165.6,high,medium,high,72.5,26.2,6.9,Urea,9.0,62.1,Apply at flower bud initiation; avoid leaf contact,Second top dress
cotton,vegetative,sandy,184.5,109.3,195.5,high,high,high,45.7,36.5,1.9,Urea + MOP,10.5,19.9,Top dress at 20-30 DAS; broadcast and irrigate,Square formation
chickpea,germination,black_cotton,251.1,41.7,29.8,high,low,low,63.1,26.4,1.1,Rhizobium Biofert,5.0,5.5,Apply at sowing time or within first 7 DAS,Seed inoculation
banana,vegetative,sandy,181.2,88.2,146.8,high,high,high,74.1,25.4,2.8,Urea + MOP,15.0,42.0,Top dress at 20-30 DAS; broadcast and irrigate,Sword sucker stage
mustard,pre_sowing,sandy,39.4,33.5,176.3,low,low,high,58.5,16.5,6.3,DAP + MOP,15.0,94.5,"Apply 7 days before sowing, mix into topsoil 10-15cm",Basal; sulfur from SSP
sugarcane,vegetative,alluvial,210.8,44.5,190.4,high,low,high,74.1,15.6,1.4,Urea + MOP,15.0,21.0,Top dress at 20-30 DAS; broadcast and irrigate,Grand growth period
sunflower_kharif,vegetative,laterite,147.6,52.1,96.9,high,medium,medium,20.5,35.5,9.2,Urea,10.8,99.4,Top dress at 20-30 DAS; broadcast and irrigate,Top dress
soybean,grain_fill,alluvial,80.6,34.8,121.3,medium,low,high,74.5,27.6,3.3,Micronutrient Mix,5.0,16.5,Foliar spray or side dress during grain/fruit development,Zinc + Boron foliar spray
chilli,pre_sowing,laterite,110.5,26.4,141.9,high,low,high,48.8,37.0,3.0,DAP + MOP,21.0,63.0,"Apply 7 days before sowing, mix into topsoil 10-15cm",Basal
chilli,pre_sowing,black_cotton,183.8,35.5,78.1,high,low,medium,63.1,21.2,7.2,DAP + MOP,42.0,302.4,"Apply 7 days before sowing, mix into topsoil 10-15cm",Basal
pomegranate,grain_fill,red,255.1,60.0,133.9,high,medium,high,37.0,29.1,7.9,MOP + Calcium,12.5,98.8,Foliar spray or side dress during grain/fruit development,Fruit development
sunflower_kharif,pre_sowing,laterite,278.7,61.1,146.6,high,medium,high,49.7,34.0,7.4,DAP + MOP,15.0,111.0,"Apply 7 days before sowing, mix into topsoil 10-15cm",Basal
rabi_maize,pre_sowing,sandy,28.9,106.2,153.0,low,high,high,24.9,33.9,9.9,DAP + MOP,10.5,104.0,"Apply 7 days before sowing, mix into topsoil 10-15cm",Same as kharif maize
moong_kharif,pre_sowing,sandy,47.8,41.1,34.9,medium,low,low,52.9,32.6,6.8,SSP + MOP,27.0,183.6,"Apply 7 days before sowing, mix into topsoil 10-15cm",Low N legume
urad,flowering,black_cotton,124.9,26.1,62.7,high,low,medium,40.7,27.5,5.6,MOP,8.0,44.8,Apply at flower bud initiation; avoid leaf contact,Pod development
tur_arhar,germination,red,206.9,37.1,53.2,high,low,medium,49.9,37.8,7.4,Rhizobium Biofert,5.0,37.0,Apply at sowing time or within first 7 DAS,Seed treatment
safflower,pre_sowing,red,248.5,98.6,174.5,high,high,high,31.0,31.8,5.2,DAP + MOP,7.5,39.0,"Apply 7 days before sowing, mix into topsoil 10-15cm",Basal
rabi_maize,flowering,red,240.3,24.7,150.2,high,low,high,65.3,26.8,2.9,Urea,10.8,31.3,Apply at flower bud initiation; avoid leaf contact,Booster
wheat,pre_sowing,red,168.6,32.4,58.1,high,low,medium,57.3,29.5,5.5,DAP + MOP,42.0,231.0,"Apply 7 days before sowing, mix into topsoil 10-15cm",Full P+K; half N
onion,grain_fill,sandy,249.3,26.3,134.8,high,low,high,42.8,22.7,1.6,MOP,7.5,12.0,Foliar spray or side dress during grain/fruit development,Bulb development
safflower,pre_sowing,red,44.2,65.7,150.8,medium,medium,high,33.5,21.8,0.6,DAP + MOP,12.5,7.5,"Apply 7 days before sowing, mix into topsoil 10-15cm",Basal
cucumber,pre_sowing,laterite,262.4,30.3,28.4,high,low,low,45.3,28.7,10.0,DAP + MOP,37.5,375.0,"Apply 7 days before sowing, mix into topsoil 10-15cm",Basal
groundnut,germination,laterite,227.3,66.2,89.4,high,medium,medium,63.9,36.4,6.9,Rhizobium Biofert,5.0,34.5,Apply at sowing time or within first 7 DAS,Seed inoculation
orange,flowering,black_cotton,201.3,99.1,163.5,high,high,high,21.7,24.9,8.4,Urea,12.0,100.8,Apply at flower bud initiation; avoid leaf contact,Flush growth
rabi_maize,pre_sowing,black_cotton,197.6,51.5,77.5,high,medium,medium,21.5,27.4,5.7,DAP + MOP,35.0,199.5,"Apply 7 days before sowing, mix into topsoil 10-15cm",Same as kharif maize
maize_kharif,grain_fill,black_cotton,81.8,85.6,62.2,medium,high,medium,40.7,23.5,5.7,MOP,10.0,57.0,Foliar spray or side dress during grain/fruit development,Cob development
chickpea,germination,laterite,252.2,31.6,137.6,high,low,high,61.1,34.3,9.9,Rhizobium Biofert,5.0,49.5,Apply at sowing time or within first 7 DAS,Seed inoculation
moong_rabi,germination,laterite,63.6,82.1,37.5,medium,high,low,40.8,23.6,1.7,Rhizobium Biofert,5.0,8.5,Apply at sowing time or within first 7 DAS,Seed treatment
pomegranate,grain_fill,alluvial,174.3,82.1,85.9,high,high,medium,29.2,13.1,6.7,MOP + Calcium,25.0,167.5,Foliar spray or side dress during grain/fruit development,Fruit development
rice,pre_sowing,laterite,12.8,26.1,132.8,low,low,high,48.9,31.6,7.9,DAP,36.0,284.4,"Apply 7 days before sowing, mix into topsoil 10-15cm",Basal
tomato,grain_fill,sandy,257.3,99.5,162.9,high,high,high,50.4,23.4,5.8,MOP + CaNO3,9.0,52.2,Foliar spray or side dress during grain/fruit development,Fruit development + Ca
tur_arhar,vegetative,alluvial,29.1,111.9,159.6,low,high,high,30.4,21.2,6.7,Urea,13.0,87.1,Top dress at 20-30 DAS; broadcast and irrigate,Light N if pale
mustard,flowering,black_cotton,131.8,77.2,156.3,high,medium,high,35.2,14.1,2.2,Urea,6.0,13.2,Apply at flower bud initiation; avoid leaf contact,Booster
sunflower_kharif,flowering,black_cotton,237.7,25.2,157.9,high,low,high,40.0,14.9,3.8,Boron Spray,5.0,19.0,Apply at flower bud initiation; avoid leaf contact,Prevent hollow stem
banana,grain_fill,black_cotton,205.5,38.4,64.1,high,low,medium,27.5,23.4,2.7,MOP,40.0,108.0,Foliar spray or side dress during grain/fruit development,Bunch filling
cotton,flowering,red,236.2,69.4,59.5,high,medium,medium,67.8,26.9,3.8,Urea,15.0,57.0,Apply at flower bud initiation; avoid leaf contact,Boll development
watermelon,grain_fill,black_cotton,125.5,108.1,169.4,high,high,high,53.0,34.1,1.8,MOP,7.5,13.5,Foliar spray or side dress during grain/fruit development,Fruit sweetness
jowar_rabi,pre_sowing,sandy,222.3,79.6,69.2,high,medium,medium,61.8,15.8,6.3,DAP + MOP,30.0,189.0,"Apply 7 days before sowing, mix into topsoil 10-15cm",Full P and K basal
cotton,pre_sowing,black_cotton,159.9,32.9,72.6,high,low,medium,21.9,25.2,2.9,DAP + MOP,48.0,139.2,"Apply 7 days before sowing, mix into topsoil 10-15cm",Basal: 25N 25P 25K
mustard,vegetative,black_cotton,151.4,51.8,195.6,high,medium,high,55.8,37.7,7.8,Urea,10.8,84.2,Top dress at 20-30 DAS; broadcast and irrigate,Top dress at 20 DAS
chilli,pre_sowing,alluvial,154.3,30.6,176.6,high,low,high,75.8,12.2,7.4,DAP + MOP,21.0,155.4,"Apply 7 days before sowing, mix into topsoil 10-15cm",Basal
moong_kharif,flowering,black_cotton,111.3,74.5,85.6,high,medium,medium,22.9,18.9,4.1,MOP,8.0,32.8,Apply at flower bud initiation; avoid leaf contact,Pod fill
sunflower_rabi,pre_sowing,red,122.9,95.4,50.6,high,high,medium,77.9,15.1,1.1,DAP + MOP,18.0,19.8,"Apply 7 days before sowing, mix into topsoil 10-15cm",Basal
moong_kharif,germination,sandy,264.4,108.8,41.4,high,high,low,48.5,24.9,1.5,Rhizobium Biofert,5.0,7.5,Apply at sowing time or within first 7 DAS,Seed treatment
safflower,pre_sowing,red,238.0,55.1,101.0,high,medium,high,60.4,33.6,0.6,DAP + MOP,12.5,7.5,"Apply 7 days before sowing, mix into topsoil 10-15cm",Basal
turmeric,pre_sowing,alluvial,45.8,90.5,98.5,medium,high,medium,77.1,21.2,1.3,DAP + MOP,24.0,31.2,"Apply 7 days before sowing, mix into topsoil 10-15cm",High K demand
pomegranate,grain_fill,sandy,168.7,40.4,96.1,high,low,medium,59.4,20.8,9.3,MOP + Calcium,25.0,232.5,Foliar spray or side dress during grain/fruit development,Fruit development
banana,grain_fill,alluvial,187.5,54.4,84.5,high,medium,medium,24.6,20.9,2.5,MOP,40.0,100.0,Foliar spray or side dress during grain/fruit development,Bunch filling
urad,germination,sandy,256.2,76.1,52.7,high,medium,medium,44.1,33.5,5.4,Rhizobium Biofert,5.0,27.0,Apply at sowing time or within first 7 DAS,Seed inoculation
tomato,flowering,laterite,163.0,69.6,151.0,high,medium,high,34.1,37.8,0.7,19:19:19 NPK,4.5,3.1,Apply at flower bud initiation; avoid leaf contact,Balanced NPK at fruit set
grapes,flowering,black_cotton,215.5,91.5,188.9,high,high,high,54.4,35.9,1.5,13:00:45 NPK,4.5,6.8,Apply at flower bud initiation; avoid leaf contact,Berry set
urad,pre_sowing,black_cotton,227.2,100.1,81.0,high,high,medium,65.0,14.4,8.3,SSP + MOP,10.8,89.6,"Apply 7 days before sowing, mix into topsoil 10-15cm",Basal P+K
sesame,vegetative,black_cotton,163.5,107.2,187.5,high,high,high,30.6,30.6,6.5,Urea,7.2,46.8,Top dress at 20-30 DAS; broadcast and irrigate,Top dress
sunflower_kharif,vegetative,black_cotton,159.7,118.2,199.6,high,high,high,37.6,13.2,6.4,Urea,10.8,69.1,Top dress at 20-30 DAS; broadcast and irrigate,Top dress
chickpea,germination,sandy,169.1,51.7,186.2,high,medium,high,57.3,29.9,1.3,Rhizobium Biofert,5.0,6.5,Apply at sowing time or within first 7 DAS,Seed inoculation
orange,grain_fill,alluvial,61.5,67.6,116.1,medium,medium,high,59.2,34.0,1.3,MOP + Micronutrient,10.0,13.0,Foliar spray or side dress during grain/fruit development,Fruit color + quality
rabi_maize,flowering,laterite,184.0,40.5,82.7,high,low,medium,60.5,29.5,1.4,Urea,10.8,15.1,Apply at flower bud initiation; avoid leaf contact,Booster
tur_arhar,flowering,alluvial,188.0,116.4,47.2,high,high,low,73.5,19.5,8.4,MOP,12.5,105.0,Apply at flower bud initiation; avoid leaf contact,Pod setting
tomato,vegetative,alluvial,243.2,94.4,40.3,high,high,low,50.9,21.6,4.4,Urea,12.0,52.8,Top dress at 20-30 DAS; broadcast and irrigate,Vegetative growth
bajra,pre_sowing,laterite,108.3,86.9,83.3,high,high,medium,24.2,17.5,8.2,DAP,12.0,98.4,"Apply 7 days before sowing, mix into topsoil 10-15cm",Basal P
cucumber,vegetative,laterite,129.0,109.7,67.6,high,high,medium,41.3,24.9,2.0,Urea,9.0,18.0,Top dress at 20-30 DAS; broadcast and irrigate,Growth boost
tomato,vegetative,red,81.0,69.4,112.3,medium,medium,high,25.4,32.3,4.0,Urea,20.0,80.0,Top dress at 20-30 DAS; broadcast and irrigate,Vegetative growth
tur_arhar,flowering,alluvial,66.9,32.9,109.1,medium,low,high,34.2,36.6,1.0,MOP,5.0,5.0,Apply at flower bud initiation; avoid leaf contact,Pod setting
pomegranate,pre_sowing,laterite,94.9,100.6,44.3,high,high,low,78.0,24.3,2.4,DAP + MOP,26.2,62.9,"Apply 7 days before sowing, mix into topsoil 10-15cm",Pre-bloom
watermelon,flowering,alluvial,111.9,61.0,131.8,high,medium,high,72.3,16.4,4.2,19:19:19 NPK,3.6,15.1,Apply at flower bud initiation; avoid leaf contact,Fruit set
grapes,grain_fill,laterite,207.1,59.8,109.9,high,medium,high,36.1,19.7,8.0,MOP,10.0,80.0,Foliar spray or side dress during grain/fruit development,Maturity
jowar_rabi,vegetative,red,261.6,74.6,166.1,high,medium,high,20.9,21.8,8.1,Urea,12.0,97.2,Top dress at 20-30 DAS; broadcast and irrigate,Split N top dress
sugarcane,germination,alluvial,98.7,25.4,187.0,high,low,high,73.0,22.8,6.6,Urea,15.0,99.0,Apply at sowing time or within first 7 DAS,Germination boost
soybean,flowering,black_cotton,215.4,119.3,147.0,high,high,high,72.1,20.1,5.0,MOP,5.0,25.0,Apply at flower bud initiation; avoid leaf contact,K boost for pod setting
rabi_maize,vegetative,red,80.5,107.9,148.2,medium,high,high,45.1,21.4,7.2,Urea,25.0,180.0,Top dress at 20-30 DAS; broadcast and irrigate,Top dress
sunflower_rabi,pre_sowing,laterite,105.9,108.1,96.4,high,high,medium,49.1,21.8,1.6,DAP + MOP,18.0,28.8,"Apply 7 days before sowing, mix into topsoil 10-15cm",Basal
linseed,pre_sowing,laterite,176.2,79.1,133.6,high,medium,high,55.8,27.5,4.1,DAP + MOP,10.0,41.0,"Apply 7 days before sowing, mix into topsoil 10-15cm",Basal
maize_kharif,pre_sowing,black_cotton,186.5,38.9,170.5,high,low,high,51.3,19.8,10.0,DAP + MOP,21.0,210.0,"Apply 7 days before sowing, mix into topsoil 10-15cm",Full P+K; half N basal
sugarcane,germination,black_cotton,76.7,109.4,160.2,medium,high,high,39.8,17.6,0.9,Urea,25.0,22.5,Apply at sowing time or within first 7 DAS,Germination boost
sugarcane,harvest,laterite,167.7,83.6,150.2,high,high,high,78.6,23.6,6.4,MOP,10.0,64.0,Do not apply; withholding period required,Juice quality
rice,grain_fill,red,158.7,116.5,20.6,high,high,low,79.7,25.3,9.7,MOP,15.0,145.5,Foliar spray or side dress during grain/fruit development,Grain filling stage
sunflower_kharif,vegetative,red,129.8,29.9,25.7,high,low,low,54.8,37.4,2.1,Urea,10.8,22.7,Top dress at 20-30 DAS; broadcast and irrigate,Top dress
moong_rabi,flowering,laterite,81.6,84.4,159.1,medium,high,high,61.7,16.2,8.9,MOP,4.0,35.6,Apply at flower bud initiation; avoid leaf contact,Pod fill
bajra,flowering,alluvial,188.0,77.6,176.7,high,medium,high,64.9,22.9,5.6,Urea,6.0,33.6,Apply at flower bud initiation; avoid leaf contact,Booster dose
rice,vegetative,black_cotton,68.9,60.5,110.7,medium,medium,high,46.6,37.1,9.7,Urea,22.0,213.4,Top dress at 20-30 DAS; broadcast and irrigate,25-30 DAS tillering
maize_kharif,grain_fill,red,278.4,67.9,89.1,high,medium,medium,30.2,35.2,9.3,MOP,10.0,93.0,Foliar spray or side dress during grain/fruit development,Cob development
jowar_kharif,flowering,alluvial,42.0,40.6,64.2,medium,low,medium,25.1,20.4,7.5,Urea,15.0,112.5,Apply at flower bud initiation; avoid leaf contact,Second top dress
banana,pre_sowing,laterite,149.0,20.8,101.7,high,low,high,67.3,26.5,3.1,DAP + MOP,36.0,111.6,"Apply 7 days before sowing, mix into topsoil 10-15cm",Heavy K feeder; high basal
chickpea,pre_sowing,sandy,214.7,23.8,150.7,high,low,high,79.2,27.6,1.9,SSP + MOP,12.0,22.8,"Apply 7 days before sowing, mix into topsoil 10-15cm",Low N; P and K basal
groundnut,flowering,red,30.8,26.5,26.3,low,low,low,37.7,17.1,0.9,Gypsum,25.0,22.5,Apply at flower bud initiation; avoid leaf contact,Peg development
pomegranate,pre_sowing,laterite,116.1,109.6,75.7,high,high,medium,67.4,25.1,9.8,DAP + MOP,21.0,205.8,"Apply 7 days before sowing, mix into topsoil 10-15cm",Pre-bloom
turmeric,pre_sowing,black_cotton,14.1,38.9,172.6,low,low,high,24.9,36.4,4.7,DAP + MOP,24.0,112.8,"Apply 7 days before sowing, mix into topsoil 10-15cm",High K demand
turmeric,grain_fill,red,68.6,100.4,145.7,medium,high,high,28.4,23.0,3.9,MOP,10.0,39.0,Foliar spray or side dress during grain/fruit development,Curcumin synthesis
jowar_kharif,pre_sowing,red,246.5,49.6,81.9,high,medium,medium,27.9,25.2,2.8,DAP,25.0,70.0,"Apply 7 days before sowing, mix into topsoil 10-15cm",Basal P and N
cotton,pre_sowing,laterite,117.2,105.9,126.8,high,high,high,23.6,32.6,5.0,DAP + MOP,12.0,60.0,"Apply 7 days before sowing, mix into topsoil 10-15cm",Basal: 25N 25P 25K
chilli,flowering,sandy,215.2,26.4,185.4,high,low,high,49.5,33.1,0.9,19:19:19 NPK,4.5,4.0,Apply at flower bud initiation; avoid leaf contact,Fruit set
jowar_rabi,pre_sowing,red,200.4,34.2,20.5,high,low,low,69.5,35.0,2.0,DAP + MOP,45.0,90.0,"Apply 7 days before sowing, mix into topsoil 10-15cm",Full P and K basal
onion,harvest,alluvial,42.2,48.6,23.2,medium,medium,low,41.1,20.6,2.3,NO FERTILIZER,0.0,0.0,Do not apply; withholding period required,Stop 3 weeks before harvest
banana,pre_sowing,alluvial,91.5,47.7,149.4,high,medium,high,34.5,30.6,7.4,DAP + MOP,30.0,222.0,"Apply 7 days before sowing, mix into topsoil 10-15cm",Heavy K feeder; high basal
sunflower_kharif,vegetative,sandy,31.4,116.2,121.1,low,high,high,69.2,13.5,8.0,Urea,23.4,187.2,Top dress at 20-30 DAS; broadcast and irrigate,Top dress
rabi_maize,vegetative,black_cotton,156.3,85.2,98.3,high,high,medium,52.8,14.5,9.8,Urea,15.0,147.0,Top dress at 20-30 DAS; broadcast and irrigate,Top dress
linseed,pre_sowing,red,224.5,117.2,115.6,high,high,high,29.9,31.2,0.5,DAP + MOP,6.0,3.0,"Apply 7 days before sowing, mix into topsoil 10-15cm",Basal
banana,flowering,laterite,34.6,28.5,148.4,low,low,high,38.9,29.6,6.4,Urea + MOP,29.2,186.9,Apply at flower bud initiation; avoid leaf contact,Bunch initiation
grapes,grain_fill,sandy,23.2,64.7,185.5,low,medium,high,29.9,29.7,3.8,MOP,10.0,38.0,Foliar spray or side dress during grain/fruit development,Maturity
watermelon,pre_sowing,laterite,243.1,84.6,125.8,high,high,high,55.1,36.7,6.6,DAP + MOP,9.0,59.4,"Apply 7 days before sowing, mix into topsoil 10-15cm",Basal
onion,vegetative,black_cotton,125.7,94.2,78.0,high,high,medium,77.5,20.7,0.9,Urea,12.0,10.8,Top dress at 20-30 DAS; broadcast and irrigate,Leaf development
pomegranate,grain_fill,red,191.8,79.1,57.3,high,medium,medium,26.1,30.6,4.5,MOP + Calcium,25.0,112.5,Foliar spray or side dress during grain/fruit development,Fruit development
sesame,pre_sowing,alluvial,92.1,46.6,63.3,high,medium,medium,55.7,15.1,6.0,DAP,18.0,108.0,"Apply 7 days before sowing, mix into topsoil 10-15cm",Light feeder
cucumber,vegetative,red,102.6,97.5,72.8,high,high,medium,68.5,22.9,2.8,Urea,9.0,25.2,Top dress at 20-30 DAS; broadcast and irrigate,Growth boost
safflower,pre_sowing,black_cotton,264.3,91.5,40.2,high,high,low,37.1,17.1,5.4,DAP + MOP,18.8,101.5,"Apply 7 days before sowing, mix into topsoil 10-15cm",Basal
jowar_rabi,flowering,red,172.1,63.0,193.9,high,medium,high,66.7,29.4,1.2,Urea,7.2,8.6,Apply at flower bud initiation; avoid leaf contact,Light booster
sugarcane,germination,laterite,19.2,72.9,147.2,low,medium,high,56.2,31.6,3.1,Urea,32.5,100.8,Apply at sowing time or within first 7 DAS,Germination boost
rice,germination,laterite,252.2,45.7,31.0,high,medium,low,23.6,15.3,9.8,Urea,10.8,105.8,Apply at sowing time or within first 7 DAS,7-10 DAS
safflower,pre_sowing,black_cotton,79.0,32.7,156.1,medium,low,high,40.6,32.2,3.9,DAP + MOP,15.0,58.5,"Apply 7 days before sowing, mix into topsoil 10-15cm",Basal
rabi_maize,vegetative,black_cotton,29.6,44.4,38.9,low,low,low,60.7,36.3,4.1,Urea,32.5,133.2,Top dress at 20-30 DAS; broadcast and irrigate,Top dress
linseed,vegetative,laterite,129.7,118.3,126.8,high,high,high,67.5,32.4,1.6,Urea,7.2,11.5,Top dress at 20-30 DAS; broadcast and irrigate,Top dress
chilli,flowering,laterite,171.1,32.4,97.0,high,low,medium,66.2,25.4,2.5,19:19:19 NPK,9.0,22.5,Apply at flower bud initiation; avoid leaf contact,Fruit set
tomato,pre_sowing,alluvial,122.0,102.5,42.9,high,high,low,62.7,24.6,9.6,DAP + MOP,30.0,288.0,"Apply 7 days before sowing, mix into topsoil 10-15cm",Full P+K; half N
rice,germination,sandy,127.8,71.1,23.5,high,medium,low,78.9,33.4,1.4,Urea,10.8,15.1,Apply at sowing time or within first 7 DAS,7-10 DAS
banana,grain_fill,black_cotton,217.8,45.2,63.4,high,medium,medium,21.6,29.3,3.8,MOP,40.0,152.0,Foliar spray or side dress during grain/fruit development,Bunch filling
turmeric,grain_fill,red,104.0,94.0,98.4,high,high,medium,51.0,30.7,2.5,MOP,20.0,50.0,Foliar spray or side dress during grain/fruit development,Curcumin synthesis
moong_rabi,germination,alluvial,144.8,21.5,83.5,high,low,medium,31.9,19.0,7.4,Rhizobium Biofert,5.0,37.0,Apply at sowing time or within first 7 DAS,Seed treatment
sesame,vegetative,sandy,80.5,72.0,98.0,medium,medium,medium,39.3,20.5,3.5,Urea,12.0,42.0,Top dress at 20-30 DAS; broadcast and irrigate,Top dress
orange,pre_sowing,black_cotton,213.4,76.8,40.3,high,medium,low,50.6,18.1,1.9,DAP + MOP,43.8,83.2,"Apply 7 days before sowing, mix into topsoil 10-15cm",Post-harvest dose
moong_rabi,pre_sowing,black_cotton,21.2,118.1,134.1,low,high,high,58.7,23.5,2.8,SSP + MOP,5.4,15.1,"Apply 7 days before sowing, mix into topsoil 10-15cm",Same as kharif moong
turmeric,pre_sowing,sandy,220.1,87.6,91.0,high,high,medium,48.8,25.1,7.3,DAP + MOP,24.0,175.2,"Apply 7 days before sowing, mix into topsoil 10-15cm",High K demand
groundnut,grain_fill,black_cotton,179.5,101.4,170.6,high,high,high,71.1,14.9,5.7,MOP,5.0,28.5,Foliar spray or side dress during grain/fruit development,Kernel filling
soybean,pre_sowing,black_cotton,70.3,31.5,194.0,medium,low,high,52.4,31.3,2.6,SSP + MOP,15.0,39.0,"Apply 7 days before sowing, mix into topsoil 10-15cm","Basal: 0 N, 50 P2O5, 40 K2O kg/ha via SSP+MOP"
chilli,vegetative,alluvial,177.4,57.4,176.4,high,medium,high,21.5,23.6,3.8,Urea,10.8,41.0,Top dress at 20-30 DAS; broadcast and irrigate,Plant establishment
tur_arhar,vegetative,laterite,92.4,46.0,101.4,high,medium,high,76.6,12.7,1.9,Urea,6.0,11.4,Top dress at 20-30 DAS; broadcast and irrigate,Light N if pale
maize_kharif,grain_fill,black_cotton,25.6,63.5,120.6,low,medium,high,30.7,17.6,3.7,MOP,5.0,18.5,Foliar spray or side dress during grain/fruit development,Cob development
turmeric,grain_fill,alluvial,123.1,88.6,129.7,high,high,high,60.4,12.2,2.7,MOP,10.0,27.0,Foliar spray or side dress during grain/fruit development,Curcumin synthesis
tur_arhar,vegetative,black_cotton,219.2,92.0,186.4,high,high,high,44.3,16.6,7.8,Urea,6.0,46.8,Top dress at 20-30 DAS; broadcast and irrigate,Light N if pale
moong_rabi,flowering,black_cotton,13.2,108.1,156.2,low,high,high,57.7,34.9,7.8,MOP,4.0,31.2,Apply at flower bud initiation; avoid leaf contact,Pod fill
turmeric,pre_sowing,alluvial,44.8,117.8,190.9,medium,high,high,79.4,32.7,6.6,DAP + MOP,12.0,79.2,"Apply 7 days before sowing, mix into topsoil 10-15cm",High K demand
moong_kharif,pre_sowing,laterite,197.7,105.6,47.5,high,high,low,62.1,14.9,5.2,SSP + MOP,13.5,70.2,"Apply 7 days before sowing, mix into topsoil 10-15cm",Low N legume
sugarcane,vegetative,black_cotton,189.3,108.2,153.0,high,high,high,40.1,16.4,8.5,Urea + MOP,15.0,127.5,Top dress at 20-30 DAS; broadcast and irrigate,Grand growth period
soybean,pre_sowing,sandy,34.3,36.1,153.4,low,low,high,79.8,23.3,5.4,SSP + MOP,15.0,81.0,"Apply 7 days before sowing, mix into topsoil 10-15cm","Basal: 0 N, 50 P2O5, 40 K2O kg/ha via SSP+MOP"
watermelon,grain_fill,red,19.6,22.3,169.2,low,low,high,48.2,24.4,1.4,MOP,7.5,10.5,Foliar spray or side dress during grain/fruit development,Fruit sweetness
groundnut,pre_sowing,black_cotton,59.3,49.3,22.8,medium,medium,low,71.0,26.8,1.1,SSP + Gypsum,30.0,33.0,"Apply 7 days before sowing, mix into topsoil 10-15cm",Ca from gypsum for pod fill
maize_kharif,flowering,sandy,219.6,119.0,42.2,high,high,low,31.4,31.4,2.8,Urea,12.0,33.6,Apply at flower bud initiation; avoid leaf contact,Tasselling stage
chilli,vegetative,red,25.7,71.5,27.0,low,medium,low,42.8,17.0,4.0,Urea,23.4,93.6,Top dress at 20-30 DAS; broadcast and irrigate,Plant establishment
cucumber,pre_sowing,black_cotton,103.9,44.4,146.1,high,low,high,50.0,14.6,7.0,DAP + MOP,15.0,105.0,"Apply 7 days before sowing, mix into topsoil 10-15cm",Basal
banana,vegetative,black_cotton,111.0,49.7,122.2,high,medium,high,46.5,23.0,6.7,Urea + MOP,15.0,100.5,Top dress at 20-30 DAS; broadcast and irrigate,Sword sucker stage
orange,pre_sowing,sandy,47.9,106.2,56.2,medium,high,medium,50.5,13.9,8.1,DAP + MOP,21.0,170.1,"Apply 7 days before sowing, mix into topsoil 10-15cm",Post-harvest dose
moong_rabi,flowering,black_cotton,159.1,101.9,149.0,high,high,high,63.1,32.9,5.6,MOP,4.0,22.4,Apply at flower bud initiation; avoid leaf contact,Pod fill
maize_kharif,pre_sowing,black_cotton,73.1,96.5,194.6,medium,high,high,69.0,19.7,2.8,DAP + MOP,10.5,29.4,"Apply 7 days before sowing, mix into topsoil 10-15cm",Full P+K; half N basal
jowar_kharif,flowering,sandy,157.8,42.6,110.8,high,low,high,41.7,31.5,9.0,Urea,9.0,81.0,Apply at flower bud initiation; avoid leaf contact,Second top dress
safflower,vegetative,red,76.8,49.7,137.0,medium,medium,high,70.6,19.7,1.0,Urea,15.0,15.0,Top dress at 20-30 DAS; broadcast and irrigate,Rosette stage
grapes,pre_sowing,laterite,188.9,77.4,90.4,high,medium,medium,41.7,27.3,8.9,DAP + MOP,30.0,267.0,"Apply 7 days before sowing, mix into topsoil 10-15cm",Pruning time dose
safflower,pre_sowing,red,115.0,68.3,157.5,high,medium,high,47.2,12.8,8.1,DAP + MOP,12.5,101.2,"Apply 7 days before sowing, mix into topsoil 10-15cm",Basal
linseed,vegetative,black_cotton,89.3,94.1,124.8,medium,high,high,37.3,30.0,8.3,Urea,12.0,99.6,Top dress at 20-30 DAS; broadcast and irrigate,Top dress
tomato,pre_sowing,alluvial,204.6,22.5,103.7,high,low,high,43.6,17.2,9.0,DAP + MOP,24.0,216.0,"Apply 7 days before sowing, mix into topsoil 10-15cm",Full P+K; half N
soybean,flowering,black_cotton,173.3,53.2,196.6,high,medium,high,21.7,23.0,2.9,MOP,5.0,14.5,Apply at flower bud initiation; avoid leaf contact,K boost for pod setting
groundnut,grain_fill,alluvial,279.4,77.3,176.9,high,medium,high,70.4,27.3,7.1,MOP,5.0,35.5,Foliar spray or side dress during grain/fruit development,Kernel filling
chilli,grain_fill,laterite,36.3,77.4,160.2,low,medium,high,63.6,35.3,1.5,MOP,6.0,9.0,Foliar spray or side dress during grain/fruit development,Pungency development
moong_rabi,pre_sowing,red,246.5,115.6,182.6,high,high,high,61.7,20.9,5.7,SSP + MOP,5.4,30.8,"Apply 7 days before sowing, mix into topsoil 10-15cm",Same as kharif moong
groundnut,pre_sowing,laterite,163.9,83.3,79.6,high,high,medium,51.9,22.3,8.9,SSP + Gypsum,18.0,160.2,"Apply 7 days before sowing, mix into topsoil 10-15cm",Ca from gypsum for pod fill
soybean,germination,red,94.5,102.1,63.4,high,high,medium,27.9,27.6,6.0,Rhizobium Biofert,5.0,30.0,Apply at sowing time or within first 7 DAS,Seed treatment reduces N requirement
cotton,pre_sowing,alluvial,82.9,44.7,142.0,medium,low,high,53.6,30.9,9.3,DAP + MOP,24.0,223.2,"Apply 7 days before sowing, mix into topsoil 10-15cm",Basal: 25N 25P 25K
tur_arhar,germination,sandy,244.7,68.0,58.8,high,medium,medium,41.9,29.9,7.2,Rhizobium Biofert,5.0,36.0,Apply at sowing time or within first 7 DAS,Seed treatment
banana,pre_sowing,alluvial,163.4,26.8,153.6,high,low,high,73.7,25.6,4.1,DAP + MOP,36.0,147.6,"Apply 7 days before sowing, mix into topsoil 10-15cm",Heavy K feeder; high basal
jowar_rabi,vegetative,alluvial,139.0,86.8,70.3,high,high,medium,66.2,25.1,7.7,Urea,12.0,92.4,Top dress at 20-30 DAS; broadcast and irrigate,Split N top dress
cucumber,vegetative,sandy,222.6,104.2,113.6,high,high,high,48.2,18.4,3.0,Urea,9.0,27.0,Top dress at 20-30 DAS; broadcast and irrigate,Growth boost
rice,grain_fill,red,146.5,91.3,186.8,high,high,high,65.6,31.7,2.6,MOP,6.0,15.6,Foliar spray or side dress during grain/fruit development,Grain filling stage
chickpea,pre_sowing,alluvial,38.9,83.2,79.5,low,high,medium,52.1,24.9,5.8,SSP + MOP,12.0,69.6,"Apply 7 days before sowing, mix into topsoil 10-15cm",Low N; P and K basal
moong_kharif,flowering,red,255.9,27.3,56.9,high,low,medium,25.8,37.9,2.5,MOP,8.0,20.0,Apply at flower bud initiation; avoid leaf contact,Pod fill
urad,pre_sowing,laterite,101.3,100.0,119.9,high,high,high,77.4,30.0,4.2,SSP + MOP,5.4,22.7,"Apply 7 days before sowing, mix into topsoil 10-15cm",Basal P+K
sunflower_kharif,flowering,alluvial,260.8,106.7,182.6,high,high,high,42.8,32.0,5.4,Boron Spray,5.0,27.0,Apply at flower bud initiation; avoid leaf contact,Prevent hollow stem
jowar_kharif,vegetative,black_cotton,125.8,109.8,191.5,high,high,high,23.0,15.8,2.6,Urea,12.0,31.2,Top dress at 20-30 DAS; broadcast and irrigate,Top dress after 3-4 weeks
sunflower_kharif,pre_sowing,red,118.5,92.6,44.9,high,high,low,61.3,27.1,5.6,DAP + MOP,22.5,126.0,"Apply 7 days before sowing, mix into topsoil 10-15cm",Basal
banana,grain_fill,alluvial,211.0,38.2,165.3,high,low,high,54.5,37.2,2.3,MOP,20.0,46.0,Foliar spray or side dress during grain/fruit development,Bunch filling
cotton,vegetative,laterite,179.9,69.3,25.0,high,medium,low,69.1,17.6,4.7,Urea + MOP,26.2,123.1,Top dress at 20-30 DAS; broadcast and irrigate,Square formation
tur_arhar,flowering,sandy,221.8,76.6,112.2,high,medium,high,56.1,36.7,8.5,MOP,5.0,42.5,Apply at flower bud initiation; avoid leaf contact,Pod setting
tomato,harvest,black_cotton,243.6,77.4,152.0,high,medium,high,69.4,23.9,8.7,13:00:45 NPK,3.0,26.1,Do not apply; withholding period required,Quality booster
safflower,flowering,red,137.6,111.7,141.5,high,high,high,48.4,37.0,4.0,Urea,6.0,24.0,Apply at flower bud initiation; avoid leaf contact,Capitulum stage
tur_arhar,vegetative,black_cotton,40.8,27.6,170.8,medium,low,high,49.0,29.0,8.8,Urea,10.0,88.0,Top dress at 20-30 DAS; broadcast and irrigate,Light N if pale
bajra,pre_sowing,laterite,205.9,117.6,154.9,high,high,high,57.5,28.1,1.8,DAP,12.0,21.6,"Apply 7 days before sowing, mix into topsoil 10-15cm",Basal P
bajra,pre_sowing,laterite,179.9,23.4,98.9,high,low,medium,27.9,14.4,6.3,DAP,24.0,151.2,"Apply 7 days before sowing, mix into topsoil 10-15cm",Basal P
tomato,flowering,sandy,80.5,67.0,164.2,medium,medium,high,33.1,37.4,4.4,19:19:19 NPK,7.5,33.0,Apply at flower bud initiation; avoid leaf contact,Balanced NPK at fruit set
safflower,pre_sowing,laterite,110.4,65.5,35.7,high,medium,low,30.3,20.4,2.5,DAP + MOP,31.2,78.0,"Apply 7 days before sowing, mix into topsoil 10-15cm",Basal
chickpea,germination,laterite,134.1,26.1,46.5,high,low,low,54.8,21.8,1.0,Rhizobium Biofert,5.0,5.0,Apply at sowing time or within first 7 DAS,Seed inoculation
banana,pre_sowing,black_cotton,175.5,62.0,27.2,high,medium,low,26.2,17.4,8.6,DAP + MOP,75.0,645.0,"Apply 7 days before sowing, mix into topsoil 10-15cm",Heavy K feeder; high basal
sunflower_rabi,flowering,sandy,226.8,68.3,62.2,high,medium,medium,71.9,19.3,4.2,Boron Spray,5.0,21.0,Apply at flower bud initiation; avoid leaf contact,Pollination support
sugarcane,pre_sowing,red,173.0,53.9,74.9,high,medium,medium,38.4,19.6,2.5,DAP + MOP,50.0,125.0,"Apply 7 days before sowing, mix into topsoil 10-15cm",Heavy feeder; high basal
tur_arhar,vegetative,laterite,38.5,100.8,180.6,low,high,high,76.1,26.9,9.0,Urea,13.0,117.0,Top dress at 20-30 DAS; broadcast and irrigate,Light N if pale
sunflower_kharif,flowering,alluvial,102.4,68.6,56.1,high,medium,medium,68.9,29.8,7.9,Boron Spray,5.0,39.5,Apply at flower bud initiation; avoid leaf contact,Prevent hollow stem
rabi_maize,vegetative,black_cotton,249.2,89.1,167.0,high,high,high,35.8,29.9,1.9,Urea,15.0,28.5,Top dress at 20-30 DAS; broadcast and irrigate,Top dress
cotton,flowering,laterite,87.5,68.4,186.3,medium,medium,high,75.4,21.4,9.5,Urea,25.0,237.5,Apply at flower bud initiation; avoid leaf contact,Boll development
pomegranate,grain_fill,sandy,143.1,81.2,98.7,high,high,medium,38.1,18.0,9.3,MOP + Calcium,25.0,232.5,Foliar spray or side dress during grain/fruit development,Fruit development
cucumber,flowering,alluvial,48.2,69.4,62.2,medium,medium,medium,51.6,12.6,2.0,MOP,12.0,24.0,Apply at flower bud initiation; avoid leaf contact,Fruit quality
moong_kharif,pre_sowing,sandy,129.7,29.6,116.3,high,low,high,49.1,19.5,3.3,SSP + MOP,10.8,35.6,"Apply 7 days before sowing, mix into topsoil 10-15cm",Low N legume
turmeric,grain_fill,sandy,60.4,34.7,198.8,medium,low,high,76.2,35.7,3.1,MOP,10.0,31.0,Foliar spray or side dress during grain/fruit development,Curcumin synthesis
bajra,flowering,red,72.3,62.7,113.8,medium,medium,high,71.4,27.4,5.2,Urea,10.0,52.0,Apply at flower bud initiation; avoid leaf contact,Booster dose
wheat,germination,red,151.7,42.1,115.0,high,low,high,60.5,12.6,2.4,Urea,12.0,28.8,Apply at sowing time or within first 7 DAS,CRI stage
cotton,flowering,sandy,50.3,94.5,36.9,medium,high,low,57.5,31.6,7.8,Urea,25.0,195.0,Apply at flower bud initiation; avoid leaf contact,Boll development
sugarcane,pre_sowing,laterite,39.0,71.6,118.6,low,medium,high,40.7,35.6,8.5,DAP + MOP,25.0,212.5,"Apply 7 days before sowing, mix into topsoil 10-15cm",Heavy feeder; high basal
cotton,flowering,black_cotton,74.8,100.2,26.4,medium,high,low,51.0,24.3,1.6,Urea,25.0,40.0,Apply at flower bud initiation; avoid leaf contact,Boll development
chickpea,germination,black_cotton,83.2,74.8,65.0,medium,medium,medium,75.7,35.9,1.8,Rhizobium Biofert,5.0,9.0,Apply at sowing time or within first 7 DAS,Seed inoculation
chilli,vegetative,black_cotton,215.4,109.5,188.1,high,high,high,46.3,21.8,1.5,Urea,10.8,16.2,Top dress at 20-30 DAS; broadcast and irrigate,Plant establishment
tur_arhar,flowering,alluvial,113.2,21.9,165.7,high,low,high,71.7,25.4,3.1,MOP,5.0,15.5,Apply at flower bud initiation; avoid leaf contact,Pod setting
safflower,pre_sowing,sandy,160.7,110.4,75.3,high,high,medium,76.0,28.2,8.7,DAP + MOP,15.0,130.5,"Apply 7 days before sowing, mix into topsoil 10-15cm",Basal
soybean,grain_fill,sandy,125.3,72.5,187.4,high,medium,high,71.9,18.2,6.9,Micronutrient Mix,5.0,34.5,Foliar spray or side dress during grain/fruit development,Zinc + Boron foliar spray
bajra,pre_sowing,red,89.9,46.8,95.9,medium,medium,medium,46.4,37.3,1.4,DAP,20.0,28.0,"Apply 7 days before sowing, mix into topsoil 10-15cm",Basal P
orange,grain_fill,red,19.5,110.8,141.1,low,high,high,55.8,32.9,3.0,MOP + Micronutrient,10.0,30.0,Foliar spray or side dress during grain/fruit development,Fruit color + quality
moong_rabi,germination,sandy,18.4,39.3,25.5,low,low,low,44.9,29.4,9.3,Rhizobium Biofert,5.0,46.5,Apply at sowing time or within first 7 DAS,Seed treatment
wheat,vegetative,black_cotton,95.0,106.7,134.3,high,high,high,48.9,17.7,6.2,Urea,12.0,74.4,Top dress at 20-30 DAS; broadcast and irrigate,Tillering
linseed,vegetative,laterite,239.0,35.2,171.7,high,low,high,28.4,30.2,2.8,Urea,7.2,20.2,Top dress at 20-30 DAS; broadcast and irrigate,Top dress
sunflower_kharif,vegetative,laterite,233.0,68.9,148.9,high,medium,high,30.7,22.0,3.8,Urea,10.8,41.0,Top dress at 20-30 DAS; broadcast and irrigate,Top dress
onion,pre_sowing,laterite,108.9,21.1,100.8,high,low,high,76.9,33.8,4.2,DAP + MOP,21.0,88.2,"Apply 7 days before sowing, mix into topsoil 10-15cm",Full P+K; half N
onion,vegetative,red,40.7,115.0,154.7,medium,high,high,46.0,34.7,6.2,Urea,20.0,124.0,Top dress at 20-30 DAS; broadcast and irrigate,Leaf development
wheat,flowering,red,73.3,68.5,198.1,medium,medium,high,72.7,15.2,5.7,Urea,10.0,57.0,Apply at flower bud initiation; avoid leaf contact,Grain initiation
moong_kharif,germination,alluvial,67.5,91.0,31.2,medium,high,low,75.4,15.2,4.6,Rhizobium Biofert,5.0,23.0,Apply at sowing time or within first 7 DAS,Seed treatment
wheat,germination,black_cotton,128.1,75.9,72.3,high,medium,medium,45.6,21.9,6.1,Urea,12.0,73.2,Apply at sowing time or within first 7 DAS,CRI stage
rice,vegetative,sandy,166.0,89.4,143.2,high,high,high,55.0,18.6,1.4,Urea,13.2,18.5,Top dress at 20-30 DAS; broadcast and irrigate,25-30 DAS tillering
urad,germination,red,278.3,85.9,43.6,high,high,low,34.0,32.8,2.0,Rhizobium Biofert,5.0,10.0,Apply at sowing time or within first 7 DAS,Seed inoculation
sesame,vegetative,sandy,64.5,109.2,141.7,medium,high,high,65.3,31.5,4.4,Urea,12.0,52.8,Top dress at 20-30 DAS; broadcast and irrigate,Top dress
jowar_kharif,flowering,alluvial,253.3,103.3,109.2,high,high,high,35.6,28.4,8.3,Urea,9.0,74.7,Apply at flower bud initiation; avoid leaf contact,Second top dress
safflower,flowering,alluvial,85.9,107.6,119.0,medium,high,high,59.0,12.8,9.6,Urea,10.0,96.0,Apply at flower bud initiation; avoid leaf contact,Capitulum stage
linseed,vegetative,laterite,225.6,114.7,171.4,high,high,high,51.4,13.3,4.5,Urea,7.2,32.4,Top dress at 20-30 DAS; broadcast and irrigate,Top dress
watermelon,pre_sowing,alluvial,74.5,82.9,137.5,medium,high,high,65.0,19.9,9.9,DAP + MOP,9.0,89.1,"Apply 7 days before sowing, mix into topsoil 10-15cm",Basal
pomegranate,pre_sowing,black_cotton,208.7,119.5,63.5,high,high,medium,26.8,28.3,9.5,DAP + MOP,21.0,199.5,"Apply 7 days before sowing, mix into topsoil 10-15cm",Pre-bloom
safflower,flowering,black_cotton,251.6,98.8,135.8,high,high,high,27.4,15.8,7.2,Urea,6.0,43.2,Apply at flower bud initiation; avoid leaf contact,Capitulum stage
tomato,flowering,laterite,277.2,99.3,48.8,high,high,low,31.3,36.0,5.7,19:19:19 NPK,11.2,63.8,Apply at flower bud initiation; avoid leaf contact,Balanced NPK at fruit set
jowar_rabi,pre_sowing,sandy,274.5,31.8,82.4,high,low,medium,76.7,23.3,2.7,DAP + MOP,36.0,97.2,"Apply 7 days before sowing, mix into topsoil 10-15cm",Full P and K basal
soybean,pre_sowing,sandy,147.3,41.9,165.6,high,low,high,75.8,17.9,9.1,SSP + MOP,15.0,136.5,"Apply 7 days before sowing, mix into topsoil 10-15cm","Basal: 0 N, 50 P2O5, 40 K2O kg/ha via SSP+MOP"
wheat,vegetative,sandy,102.9,67.5,180.1,high,medium,high,52.0,34.9,2.4,Urea,12.0,28.8,Top dress at 20-30 DAS; broadcast and irrigate,Tillering
sugarcane,pre_sowing,alluvial,226.0,81.3,45.9,high,high,low,35.0,15.9,3.9,DAP + MOP,37.5,146.2,"Apply 7 days before sowing, mix into topsoil 10-15cm",Heavy feeder; high basal
jowar_rabi,vegetative,red,168.6,40.7,46.0,high,low,low,58.7,33.1,1.3,Urea,12.0,15.6,Top dress at 20-30 DAS; broadcast and irrigate,Split N top dress
sugarcane,grain_fill,red,121.0,47.7,116.6,high,medium,high,48.6,24.8,6.1,Urea,18.0,109.8,Foliar spray or side dress during grain/fruit development,Elongation stage
safflower,flowering,sandy,215.9,70.7,63.9,high,medium,medium,38.5,14.1,6.1,Urea,6.0,36.6,Apply at flower bud initiation; avoid leaf contact,Capitulum stage
bajra,flowering,laterite,158.3,79.6,94.6,high,medium,medium,57.4,19.0,2.9,Urea,6.0,17.4,Apply at flower bud initiation; avoid leaf contact,Booster dose
tur_arhar,flowering,red,157.1,56.1,120.9,high,medium,high,29.0,18.3,7.0,MOP,5.0,35.0,Apply at flower bud initiation; avoid leaf contact,Pod setting
banana,flowering,laterite,155.4,88.4,84.8,high,high,medium,33.3,34.8,1.2,Urea + MOP,27.0,32.4,Apply at flower bud initiation; avoid leaf contact,Bunch initiation
sesame,vegetative,alluvial,209.0,64.4,92.9,high,medium,medium,24.4,15.9,1.3,Urea,7.2,9.4,Top dress at 20-30 DAS; broadcast and irrigate,Top dress
cotton,flowering,red,151.4,32.8,74.6,high,low,medium,64.6,14.4,2.8,Urea,15.0,42.0,Apply at flower bud initiation; avoid leaf contact,Boll development
cotton,grain_fill,red,127.2,46.4,115.6,high,medium,high,40.7,18.5,9.2,MOP,7.5,69.0,Foliar spray or side dress during grain/fruit development,Fibre quality
orange,pre_sowing,red,83.3,77.2,132.6,medium,medium,high,66.7,32.7,9.5,DAP + MOP,17.5,166.2,"Apply 7 days before sowing, mix into topsoil 10-15cm",Post-harvest dose
groundnut,flowering,alluvial,17.5,62.1,180.6,low,medium,high,25.3,12.1,3.6,Gypsum,25.0,90.0,Apply at flower bud initiation; avoid leaf contact,Peg development
sunflower_kharif,pre_sowing,sandy,86.4,98.5,166.0,medium,high,high,79.0,31.3,1.4,DAP + MOP,9.0,12.6,"Apply 7 days before sowing, mix into topsoil 10-15cm",Basal
grapes,grain_fill,laterite,160.7,68.9,23.5,high,medium,low,58.0,32.4,7.5,MOP,25.0,187.5,Foliar spray or side dress during grain/fruit development,Maturity
linseed,pre_sowing,alluvial,162.4,112.0,197.4,high,high,high,30.5,35.8,5.0,DAP + MOP,6.0,30.0,"Apply 7 days before sowing, mix into topsoil 10-15cm",Basal
soybean,vegetative,sandy,69.1,53.3,158.2,medium,medium,high,68.0,36.9,4.0,Urea,12.0,48.0,Top dress at 20-30 DAS; broadcast and irrigate,Top dress if N deficiency observed
rabi_maize,flowering,sandy,252.7,24.0,196.0,high,low,high,56.9,35.0,3.4,Urea,10.8,36.7,Apply at flower bud initiation; avoid leaf contact,Booster
sugarcane,pre_sowing,black_cotton,210.8,108.1,20.4,high,high,low,32.0,27.2,1.3,DAP + MOP,37.5,48.8,"Apply 7 days before sowing, mix into topsoil 10-15cm",Heavy feeder; high basal
jowar_rabi,vegetative,alluvial,219.7,46.5,74.1,high,medium,medium,69.3,16.0,9.4,Urea,12.0,112.8,Top dress at 20-30 DAS; broadcast and irrigate,Split N top dress
onion,harvest,alluvial,254.8,63.3,80.3,high,medium,medium,38.0,12.8,7.6,NO FERTILIZER,0.0,0.0,Do not apply; withholding period required,Stop 3 weeks before harvest
jowar_kharif,vegetative,alluvial,131.1,35.9,44.3,high,low,low,74.4,35.9,5.4,Urea,12.0,64.8,Top dress at 20-30 DAS; broadcast and irrigate,Top dress after 3-4 weeks
maize_kharif,grain_fill,sandy,188.8,95.3,150.8,high,high,high,63.1,28.7,9.9,MOP,5.0,49.5,Foliar spray or side dress during grain/fruit development,Cob development
linseed,vegetative,laterite,109.0,111.4,80.8,high,high,medium,37.5,28.8,3.8,Urea,7.2,27.4,Top dress at 20-30 DAS; broadcast and irrigate,Top dress
onion,vegetative,black_cotton,92.5,84.1,52.9,high,high,medium,61.3,24.3,9.4,Urea,12.0,112.8,Top dress at 20-30 DAS; broadcast and irrigate,Leaf development
jowar_kharif,flowering,sandy,129.5,114.2,162.4,high,high,high,77.9,35.3,6.3,Urea,9.0,56.7,Apply at flower bud initiation; avoid leaf contact,Second top dress
urad,germination,red,187.9,63.2,137.5,high,medium,high,53.9,25.0,7.3,Rhizobium Biofert,5.0,36.5,Apply at sowing time or within first 7 DAS,Seed inoculation
moong_kharif,pre_sowing,laterite,275.6,100.8,135.2,high,high,high,57.0,15.2,9.4,SSP + MOP,5.4,50.8,"Apply 7 days before sowing, mix into topsoil 10-15cm",Low N legume
sesame,vegetative,black_cotton,182.5,102.1,56.6,high,high,medium,58.9,25.6,4.1,Urea,7.2,29.5,Top dress at 20-30 DAS; broadcast and irrigate,Top dress
sugarcane,grain_fill,sandy,227.8,39.2,60.3,high,low,medium,34.8,16.3,6.1,Urea,18.0,109.8,Foliar spray or side dress during grain/fruit development,Elongation stage
sesame,vegetative,laterite,141.8,117.3,147.3,high,high,high,22.0,28.4,1.6,Urea,7.2,11.5,Top dress at 20-30 DAS; broadcast and irrigate,Top dress
tomato,grain_fill,sandy,165.9,87.3,82.1,high,high,medium,52.1,25.3,4.1,MOP + CaNO3,18.0,73.8,Foliar spray or side dress during grain/fruit development,Fruit development + Ca
sunflower_rabi,vegetative,sandy,22.9,83.5,66.6,low,high,medium,38.6,30.7,6.7,Urea,23.4,156.8,Top dress at 20-30 DAS; broadcast and irrigate,Top dress
orange,flowering,red,226.1,24.1,113.4,high,low,high,21.6,17.9,1.7,Urea,12.0,20.4,Apply at flower bud initiation; avoid leaf contact,Flush growth
bajra,flowering,sandy,75.7,30.4,109.5,medium,low,high,38.7,22.9,7.1,Urea,10.0,71.0,Apply at flower bud initiation; avoid leaf contact,Booster dose
groundnut,pre_sowing,red,21.9,46.3,136.9,low,medium,high,60.9,18.0,4.0,SSP + Gypsum,30.0,120.0,"Apply 7 days before sowing, mix into topsoil 10-15cm",Ca from gypsum for pod fill
safflower,vegetative,laterite,217.4,31.2,191.5,high,low,high,65.8,24.6,3.7,Urea,9.0,33.3,Top dress at 20-30 DAS; broadcast and irrigate,Rosette stage
moong_kharif,germination,black_cotton,200.0,24.2,53.7,high,low,medium,25.4,32.2,7.4,Rhizobium Biofert,5.0,37.0,Apply at sowing time or within first 7 DAS,Seed treatment
soybean,pre_sowing,black_cotton,266.4,29.3,104.5,high,low,high,25.2,35.4,5.5,SSP + MOP,15.0,82.5,"Apply 7 days before sowing, mix into topsoil 10-15cm","Basal: 0 N, 50 P2O5, 40 K2O kg/ha via SSP+MOP"
onion,grain_fill,laterite,206.4,75.8,61.9,high,medium,medium,44.1,18.2,1.2,MOP,15.0,18.0,Foliar spray or side dress during grain/fruit development,Bulb development
moong_kharif,pre_sowing,alluvial,60.5,57.1,128.1,medium,medium,high,49.0,30.4,1.5,SSP + MOP,9.0,13.5,"Apply 7 days before sowing, mix into topsoil 10-15cm",Low N legume
turmeric,pre_sowing,alluvial,214.2,76.2,141.3,high,medium,high,78.6,26.3,8.9,DAP + MOP,20.0,178.0,"Apply 7 days before sowing, mix into topsoil 10-15cm",High K demand
rice,vegetative,black_cotton,17.9,29.9,135.1,low,low,high,42.8,13.4,7.0,Urea,28.6,200.2,Top dress at 20-30 DAS; broadcast and irrigate,25-30 DAS tillering
safflower,pre_sowing,sandy,52.3,31.7,66.7,medium,low,medium,41.1,35.0,3.7,DAP + MOP,30.0,111.0,"Apply 7 days before sowing, mix into topsoil 10-15cm",Basal
onion,vegetative,black_cotton,215.0,102.8,32.2,high,high,low,64.7,19.2,1.3,Urea,12.0,15.6,Top dress at 20-30 DAS; broadcast and irrigate,Leaf development
pomegranate,flowering,red,153.0,106.9,104.2,high,high,high,25.8,17.8,3.4,Urea + MOP,9.0,30.6,Apply at flower bud initiation; avoid leaf contact,Fruit set
tomato,flowering,red,45.3,93.5,77.7,medium,high,medium,58.2,33.6,3.9,19:19:19 NPK,15.0,58.5,Apply at flower bud initiation; avoid leaf contact,Balanced NPK at fruit set
sunflower_rabi,vegetative,alluvial,277.9,89.4,179.1,high,high,high,41.1,25.7,0.5,Urea,10.8,5.4,Top dress at 20-30 DAS; broadcast and irrigate,Top dress
safflower,vegetative,red,183.5,96.3,51.7,high,high,medium,52.7,30.1,9.2,Urea,9.0,82.8,Top dress at 20-30 DAS; broadcast and irrigate,Rosette stage
tomato,vegetative,alluvial,191.5,110.9,104.5,high,high,high,67.3,17.6,8.8,Urea,12.0,105.6,Top dress at 20-30 DAS; broadcast and irrigate,Vegetative growth
tur_arhar,flowering,sandy,70.2,79.5,42.7,medium,medium,low,68.9,23.2,1.5,MOP,12.5,18.8,Apply at flower bud initiation; avoid leaf contact,Pod setting
rice,pre_sowing,alluvial,70.6,38.7,196.5,medium,low,high,42.7,14.6,1.5,DAP,36.0,54.0,"Apply 7 days before sowing, mix into topsoil 10-15cm",Basal
moong_rabi,flowering,alluvial,278.5,30.6,160.8,high,low,high,36.2,31.4,1.7,MOP,4.0,6.8,Apply at flower bud initiation; avoid leaf contact,Pod fill
onion,grain_fill,red,176.5,85.2,176.0,high,high,high,49.8,23.0,9.3,MOP,7.5,69.8,Foliar spray or side dress during grain/fruit development,Bulb development
tomato,flowering,laterite,236.4,20.4,146.2,high,low,high,68.6,17.7,2.1,19:19:19 NPK,4.5,9.5,Apply at flower bud initiation; avoid leaf contact,Balanced NPK at fruit set
chickpea,pre_sowing,sandy,154.2,86.2,96.9,high,high,medium,60.3,23.9,4.0,SSP + MOP,12.0,48.0,"Apply 7 days before sowing, mix into topsoil 10-15cm",Low N; P and K basal
grapes,vegetative,red,207.1,65.0,100.9,high,medium,high,76.2,24.3,3.3,Urea,12.0,39.6,Top dress at 20-30 DAS; broadcast and irrigate,Shoot growth
chickpea,germination,alluvial,102.0,93.9,107.8,high,high,high,41.8,19.1,6.7,Rhizobium Biofert,5.0,33.5,Apply at sowing time or within first 7 DAS,Seed inoculation
safflower,pre_sowing,black_cotton,203.1,20.3,43.2,high,low,low,33.8,36.9,6.5,DAP + MOP,37.5,243.8,"Apply 7 days before sowing, mix into topsoil 10-15cm",Basal
jowar_rabi,flowering,black_cotton,111.6,111.7,96.4,high,high,medium,25.3,15.2,8.8,Urea,7.2,63.4,Apply at flower bud initiation; avoid leaf contact,Light booster
moong_kharif,flowering,sandy,71.4,23.5,183.3,medium,low,high,60.6,17.1,6.5,MOP,4.0,26.0,Apply at flower bud initiation; avoid leaf contact,Pod fill
wheat,flowering,black_cotton,274.5,54.9,148.5,high,medium,high,76.8,19.7,4.9,Urea,6.0,29.4,Apply at flower bud initiation; avoid leaf contact,Grain initiation
orange,pre_sowing,black_cotton,265.8,93.6,47.1,high,high,low,64.3,36.9,1.5,DAP + MOP,26.2,39.3,"Apply 7 days before sowing, mix into topsoil 10-15cm",Post-harvest dose
moong_kharif,germination,black_cotton,11.0,89.1,189.0,low,high,high,20.4,28.7,8.1,Rhizobium Biofert,5.0,40.5,Apply at sowing time or within first 7 DAS,Seed treatment
tur_arhar,vegetative,red,22.8,38.2,97.6,low,low,medium,37.6,25.7,8.7,Urea,13.0,113.1,Top dress at 20-30 DAS; broadcast and irrigate,Light N if pale
safflower,pre_sowing,red,136.3,48.8,85.7,high,medium,medium,75.4,26.0,8.5,DAP + MOP,25.0,212.5,"Apply 7 days before sowing, mix into topsoil 10-15cm",Basal
turmeric,grain_fill,alluvial,117.6,90.1,34.5,high,high,low,66.5,31.6,4.1,MOP,25.0,102.5,Foliar spray or side dress during grain/fruit development,Curcumin synthesis
sunflower_rabi,pre_sowing,laterite,151.5,60.1,146.4,high,medium,high,29.6,18.6,1.6,DAP + MOP,15.0,24.0,"Apply 7 days before sowing, mix into topsoil 10-15cm",Basal
turmeric,vegetative,red,11.4,82.3,191.4,low,high,high,51.4,12.8,1.4,Urea + MOP,19.5,27.3,Top dress at 20-30 DAS; broadcast and irrigate,Rhizome development
maize_kharif,flowering,red,178.1,39.6,38.3,high,low,low,64.3,15.9,5.7,Urea,12.0,68.4,Apply at flower bud initiation; avoid leaf contact,Tasselling stage
jowar_kharif,vegetative,laterite,63.1,63.6,124.0,medium,medium,high,29.3,28.9,6.2,Urea,20.0,124.0,Top dress at 20-30 DAS; broadcast and irrigate,Top dress after 3-4 weeks
sunflower_kharif,flowering,red,266.1,114.5,84.8,high,high,medium,41.1,37.2,9.0,Boron Spray,5.0,45.0,Apply at flower bud initiation; avoid leaf contact,Prevent hollow stem
soybean,grain_fill,sandy,81.1,39.7,180.2,medium,low,high,26.6,26.5,9.2,Micronutrient Mix,5.0,46.0,Foliar spray or side dress during grain/fruit development,Zinc + Boron foliar spray
tomato,harvest,red,112.7,64.8,160.2,high,medium,high,33.5,28.0,8.1,13:00:45 NPK,3.0,24.3,Do not apply; withholding period required,Quality booster
linseed,pre_sowing,black_cotton,26.1,67.8,83.5,low,medium,medium,42.8,25.8,9.0,DAP + MOP,20.0,180.0,"Apply 7 days before sowing, mix into topsoil 10-15cm",Basal
banana,pre_sowing,alluvial,112.4,45.8,54.5,high,medium,medium,61.0,13.9,6.4,DAP + MOP,60.0,384.0,"Apply 7 days before sowing, mix into topsoil 10-15cm",Heavy K feeder; high basal
pomegranate,flowering,alluvial,146.6,32.7,162.2,high,low,high,35.4,29.2,5.3,Urea + MOP,9.0,47.7,Apply at flower bud initiation; avoid leaf contact,Fruit set
chickpea,germination,laterite,223.6,76.4,44.4,high,medium,low,37.6,28.5,5.3,Rhizobium Biofert,5.0,26.5,Apply at sowing time or within first 7 DAS,Seed inoculation
tur_arhar,vegetative,sandy,266.5,54.9,118.3,high,medium,high,54.3,27.2,5.9,Urea,6.0,35.4,Top dress at 20-30 DAS; broadcast and irrigate,Light N if pale
maize_kharif,pre_sowing,laterite,52.3,66.2,149.2,medium,medium,high,71.1,14.4,2.1,DAP + MOP,17.5,36.8,"Apply 7 days before sowing, mix into topsoil 10-15cm",Full P+K; half N basal
jowar_kharif,pre_sowing,alluvial,111.1,89.7,127.1,high,high,high,27.9,33.9,6.5,DAP,15.0,97.5,"Apply 7 days before sowing, mix into topsoil 10-15cm",Basal P and N
sugarcane,vegetative,black_cotton,231.3,48.4,189.8,high,medium,high,34.8,27.0,4.0,Urea + MOP,15.0,60.0,Top dress at 20-30 DAS; broadcast and irrigate,Grand growth period
tomato,harvest,sandy,261.4,48.5,115.2,high,medium,high,60.5,33.8,8.8,13:00:45 NPK,3.0,26.4,Do not apply; withholding period required,Quality booster
jowar_rabi,vegetative,red,161.2,105.8,162.9,high,high,high,36.1,17.2,5.0,Urea,12.0,60.0,Top dress at 20-30 DAS; broadcast and irrigate,Split N top dress
chickpea,flowering,alluvial,160.0,58.5,111.9,high,medium,high,29.7,13.4,3.2,MOP,4.0,12.8,Apply at flower bud initiation; avoid leaf contact,Foliar K for pod fill
sugarcane,harvest,laterite,186.0,120.0,36.7,high,high,low,42.4,33.0,9.4,MOP,25.0,235.0,Do not apply; withholding period required,Juice quality
maize_kharif,flowering,black_cotton,71.3,46.7,151.1,medium,medium,high,31.0,30.0,10.0,Urea,20.0,200.0,Apply at flower bud initiation; avoid leaf contact,Tasselling stage
cotton,grain_fill,alluvial,150.4,73.9,116.5,high,medium,high,56.1,20.1,4.4,MOP,7.5,33.0,Foliar spray or side dress during grain/fruit development,Fibre quality
sunflower_rabi,pre_sowing,red,256.1,103.0,22.9,high,high,low,66.4,31.8,8.9,DAP + MOP,22.5,200.2,"Apply 7 days before sowing, mix into topsoil 10-15cm",Basal
orange,flowering,black_cotton,57.3,84.1,102.4,medium,high,high,69.3,25.3,2.0,Urea,20.0,40.0,Apply at flower bud initiation; avoid leaf contact,Flush growth
linseed,vegetative,alluvial,58.6,119.2,26.0,medium,high,low,52.4,21.9,1.2,Urea,12.0,14.4,Top dress at 20-30 DAS; broadcast and irrigate,Top dress
rabi_maize,vegetative,red,123.9,47.8,155.5,high,medium,high,57.3,31.7,7.7,Urea,15.0,115.5,Top dress at 20-30 DAS; broadcast and irrigate,Top dress
linseed,vegetative,sandy,234.6,101.6,74.3,high,high,medium,57.5,29.8,0.7,Urea,7.2,5.0,Top dress at 20-30 DAS; broadcast and irrigate,Top dress
jowar_rabi,flowering,laterite,88.7,52.3,161.9,medium,medium,high,22.8,33.8,6.4,Urea,12.0,76.8,Apply at flower bud initiation; avoid leaf contact,Light booster
pomegranate,flowering,black_cotton,137.2,91.4,88.6,high,high,medium,37.1,28.0,3.1,Urea + MOP,18.0,55.8,Apply at flower bud initiation; avoid leaf contact,Fruit set
wheat,pre_sowing,sandy,156.9,78.4,167.2,high,medium,high,63.6,31.1,7.7,DAP + MOP,17.5,134.8,"Apply 7 days before sowing, mix into topsoil 10-15cm",Full P+K; half N
cotton,pre_sowing,red,153.4,34.7,95.3,high,low,medium,76.5,35.7,7.1,DAP + MOP,48.0,340.8,"Apply 7 days before sowing, mix into topsoil 10-15cm",Basal: 25N 25P 25K
soybean,vegetative,alluvial,54.2,50.9,40.3,medium,medium,low,20.2,36.1,6.4,Urea,12.0,76.8,Top dress at 20-30 DAS; broadcast and irrigate,Top dress if N deficiency observed
chilli,pre_sowing,black_cotton,73.2,81.6,77.6,medium,high,medium,69.4,37.9,8.0,DAP + MOP,21.0,168.0,"Apply 7 days before sowing, mix into topsoil 10-15cm",Basal
chickpea,flowering,black_cotton,174.7,26.4,85.8,high,low,medium,65.0,13.5,6.3,MOP,8.0,50.4,Apply at flower bud initiation; avoid leaf contact,Foliar K for pod fill
turmeric,vegetative,sandy,208.4,70.8,102.9,high,medium,high,46.5,12.2,7.3,Urea + MOP,9.0,65.7,Top dress at 20-30 DAS; broadcast and irrigate,Rhizome development
tur_arhar,pre_sowing,black_cotton,141.3,24.2,191.4,high,low,high,34.0,24.9,8.3,SSP + MOP,13.2,109.6,"Apply 7 days before sowing, mix into topsoil 10-15cm",Low N; P+K basal
tomato,grain_fill,alluvial,24.0,61.5,148.4,low,medium,high,40.2,25.2,5.7,MOP + CaNO3,9.0,51.3,Foliar spray or side dress during grain/fruit development,Fruit development + Ca
maize_kharif,vegetative,laterite,32.7,80.2,118.3,low,high,high,59.5,36.5,6.9,Urea,32.5,224.2,Top dress at 20-30 DAS; broadcast and irrigate,Knee high stage N
watermelon,grain_fill,red,97.0,36.3,186.0,high,low,high,25.6,35.6,10.0,MOP,7.5,75.0,Foliar spray or side dress during grain/fruit development,Fruit sweetness
moong_kharif,pre_sowing,alluvial,48.4,78.6,30.1,medium,medium,low,68.8,26.2,8.5,SSP + MOP,22.5,191.2,"Apply 7 days before sowing, mix into topsoil 10-15cm",Low N legume
cucumber,vegetative,black_cotton,182.8,49.7,130.2,high,medium,high,23.7,37.8,8.1,Urea,9.0,72.9,Top dress at 20-30 DAS; broadcast and irrigate,Growth boost
pomegranate,pre_sowing,black_cotton,252.3,110.3,177.6,high,high,high,48.8,36.8,2.5,DAP + MOP,10.5,26.2,"Apply 7 days before sowing, mix into topsoil 10-15cm",Pre-bloom
grapes,vegetative,sandy,255.9,114.9,123.6,high,high,high,63.3,17.2,9.1,Urea,12.0,109.2,Top dress at 20-30 DAS; broadcast and irrigate,Shoot growth
sunflower_rabi,flowering,black_cotton,106.9,79.0,141.3,high,medium,high,77.6,35.9,2.2,Boron Spray,5.0,11.0,Apply at flower bud initiation; avoid leaf contact,Pollination support
cucumber,pre_sowing,alluvial,145.8,35.3,29.8,high,low,low,49.1,28.2,9.7,DAP + MOP,37.5,363.8,"Apply 7 days before sowing, mix into topsoil 10-15cm",Basal
mustard,vegetative,alluvial,151.4,59.5,167.5,high,medium,high,46.3,32.9,9.3,Urea,10.8,100.4,Top dress at 20-30 DAS; broadcast and irrigate,Top dress at 20 DAS
wheat,flowering,black_cotton,256.7,109.3,23.5,high,high,low,24.2,15.7,7.2,Urea,6.0,43.2,Apply at flower bud initiation; avoid leaf contact,Grain initiation
sugarcane,pre_sowing,alluvial,277.0,85.3,23.8,high,high,low,28.3,19.3,5.0,DAP + MOP,37.5,187.5,"Apply 7 days before sowing, mix into topsoil 10-15cm",Heavy feeder; high basal
rabi_maize,vegetative,laterite,173.3,73.0,122.4,high,medium,high,28.7,31.7,5.7,Urea,15.0,85.5,Top dress at 20-30 DAS; broadcast and irrigate,Top dress
sunflower_kharif,pre_sowing,laterite,71.9,69.7,120.9,medium,medium,high,63.1,15.4,3.8,DAP + MOP,15.0,57.0,"Apply 7 days before sowing, mix into topsoil 10-15cm",Basal
bajra,vegetative,black_cotton,25.2,66.8,21.8,low,medium,low,29.9,31.9,7.2,Urea,23.4,168.5,Top dress at 20-30 DAS; broadcast and irrigate,N top dress 3 weeks after sowing
cotton,flowering,black_cotton,213.2,74.4,75.6,high,medium,medium,32.4,15.4,6.5,Urea,15.0,97.5,Apply at flower bud initiation; avoid leaf contact,Boll development
orange,pre_sowing,sandy,195.9,41.2,68.8,high,low,medium,28.4,23.3,7.6,DAP + MOP,42.0,319.2,"Apply 7 days before sowing, mix into topsoil 10-15cm",Post-harvest dose
watermelon,pre_sowing,black_cotton,89.0,32.8,20.9,medium,low,low,49.1,35.8,8.6,DAP + MOP,45.0,387.0,"Apply 7 days before sowing, mix into topsoil 10-15cm",Basal
rabi_maize,vegetative,red,139.2,92.0,184.4,high,high,high,34.7,30.3,3.2,Urea,15.0,48.0,Top dress at 20-30 DAS; broadcast and irrigate,Top dress
banana,vegetative,laterite,147.1,78.6,69.2,high,medium,medium,72.3,14.8,8.0,Urea + MOP,30.0,240.0,Top dress at 20-30 DAS; broadcast and irrigate,Sword sucker stage
bajra,flowering,alluvial,142.3,119.6,35.3,high,high,low,21.2,26.6,4.8,Urea,6.0,28.8,Apply at flower bud initiation; avoid leaf contact,Booster dose
banana,vegetative,red,83.8,34.5,86.8,medium,low,medium,74.3,17.9,1.0,Urea + MOP,50.0,50.0,Top dress at 20-30 DAS; broadcast and irrigate,Sword sucker stage
onion,grain_fill,alluvial,26.2,37.4,110.2,low,low,high,69.0,22.3,9.0,MOP,7.5,67.5,Foliar spray or side dress during grain/fruit development,Bulb development
pomegranate,flowering,laterite,34.5,59.1,86.0,low,medium,medium,77.6,30.9,0.6,Urea + MOP,39.0,23.4,Apply at flower bud initiation; avoid leaf contact,Fruit set
sesame,vegetative,black_cotton,116.6,21.1,136.2,high,low,high,39.4,30.1,1.5,Urea,7.2,10.8,Top dress at 20-30 DAS; broadcast and irrigate,Top dress
orange,pre_sowing,red,99.3,103.3,154.3,high,high,high,27.9,12.1,7.8,DAP + MOP,10.5,81.9,"Apply 7 days before sowing, mix into topsoil 10-15cm",Post-harvest dose
grapes,flowering,sandy,202.0,63.4,198.9,high,medium,high,38.5,32.1,8.3,13:00:45 NPK,4.5,37.4,Apply at flower bud initiation; avoid leaf contact,Berry set
tomato,vegetative,laterite,77.9,31.1,199.4,medium,low,high,74.6,35.4,4.2,Urea,20.0,84.0,Top dress at 20-30 DAS; broadcast and irrigate,Vegetative growth
sunflower_rabi,pre_sowing,alluvial,40.5,33.8,71.1,medium,low,medium,39.4,18.4,3.8,DAP + MOP,36.0,136.8,"Apply 7 days before sowing, mix into topsoil 10-15cm",Basal
cucumber,flowering,black_cotton,173.2,53.8,199.1,high,medium,high,20.1,34.0,1.0,MOP,6.0,6.0,Apply at flower bud initiation; avoid leaf contact,Fruit quality
moong_rabi,flowering,alluvial,131.0,81.1,158.8,high,high,high,32.8,26.1,4.8,MOP,4.0,19.2,Apply at flower bud initiation; avoid leaf contact,Pod fill
chickpea,flowering,sandy,219.5,40.1,157.6,high,low,high,58.1,19.4,1.3,MOP,4.0,5.2,Apply at flower bud initiation; avoid leaf contact,Foliar K for pod fill
moong_rabi,germination,laterite,160.5,69.3,128.1,high,medium,high,45.1,34.3,7.7,Rhizobium Biofert,5.0,38.5,Apply at sowing time or within first 7 DAS,Seed treatment
banana,flowering,black_cotton,57.6,41.2,144.6,medium,low,high,23.7,30.0,6.3,Urea + MOP,22.5,141.8,Apply at flower bud initiation; avoid leaf contact,Bunch initiation
banana,pre_sowing,laterite,125.9,86.5,133.8,high,high,high,66.3,34.1,3.6,DAP + MOP,18.0,64.8,"Apply 7 days before sowing, mix into topsoil 10-15cm",Heavy K feeder; high basal
jowar_kharif,flowering,red,249.3,87.3,34.0,high,high,low,40.8,21.9,6.0,Urea,9.0,54.0,Apply at flower bud initiation; avoid leaf contact,Second top dress
rice,vegetative,red,147.2,29.9,152.8,high,low,high,59.5,12.2,1.7,Urea,13.2,22.4,Top dress at 20-30 DAS; broadcast and irrigate,25-30 DAS tillering
moong_kharif,pre_sowing,alluvial,141.8,113.4,163.4,high,high,high,41.9,33.8,8.8,SSP + MOP,5.4,47.5,"Apply 7 days before sowing, mix into topsoil 10-15cm",Low N legume
orange,flowering,red,175.6,90.6,160.8,high,high,high,23.6,26.3,0.8,Urea,12.0,9.6,Apply at flower bud initiation; avoid leaf contact,Flush growth
grapes,vegetative,laterite,251.9,88.0,199.2,high,high,high,25.1,35.1,9.4,Urea,12.0,112.8,Top dress at 20-30 DAS; broadcast and irrigate,Shoot growth
chickpea,pre_sowing,alluvial,126.3,82.6,178.3,high,high,high,59.3,28.9,9.5,SSP + MOP,6.0,57.0,"Apply 7 days before sowing, mix into topsoil 10-15cm",Low N; P and K basal
sunflower_rabi,vegetative,red,21.9,39.4,71.2,low,low,medium,79.5,15.5,9.1,Urea,23.4,212.9,Top dress at 20-30 DAS; broadcast and irrigate,Top dress
jowar_rabi,pre_sowing,alluvial,161.0,77.3,176.5,high,medium,high,66.9,37.9,4.2,DAP + MOP,15.0,63.0,"Apply 7 days before sowing, mix into topsoil 10-15cm",Full P and K basal
orange,pre_sowing,red,146.2,78.6,136.0,high,medium,high,46.5,18.3,4.8,DAP + MOP,17.5,84.0,"Apply 7 days before sowing, mix into topsoil 10-15cm",Post-harvest dose
soybean,grain_fill,sandy,138.9,78.5,74.4,high,medium,medium,55.2,15.5,8.4,Micronutrient Mix,5.0,42.0,Foliar spray or side dress during grain/fruit development,Zinc + Boron foliar spray
bajra,pre_sowing,red,178.2,116.6,197.0,high,high,high,20.7,32.4,9.3,DAP,12.0,111.6,"Apply 7 days before sowing, mix into topsoil 10-15cm",Basal P
sesame,vegetative,alluvial,60.3,21.7,139.6,medium,low,high,59.0,27.9,2.8,Urea,12.0,33.6,Top dress at 20-30 DAS; broadcast and irrigate,Top dress
sugarcane,germination,alluvial,95.4,69.2,64.2,high,medium,medium,78.3,27.8,9.1,Urea,15.0,136.5,Apply at sowing time or within first 7 DAS,Germination boost
cucumber,pre_sowing,alluvial,165.0,54.1,188.0,high,medium,high,30.1,19.7,5.3,DAP + MOP,12.5,66.2,"Apply 7 days before sowing, mix into topsoil 10-15cm",Basal
jowar_kharif,flowering,red,113.8,77.5,133.8,high,medium,high,65.0,30.0,6.2,Urea,9.0,55.8,Apply at flower bud initiation; avoid leaf contact,Second top dress
rabi_maize,pre_sowing,black_cotton,254.4,109.4,120.2,high,high,high,71.3,32.0,0.6,DAP + MOP,10.5,6.3,"Apply 7 days before sowing, mix into topsoil 10-15cm",Same as kharif maize
tomato,pre_sowing,laterite,248.6,59.7,185.1,high,medium,high,76.8,33.3,2.8,DAP + MOP,20.0,56.0,"Apply 7 days before sowing, mix into topsoil 10-15cm",Full P+K; half N
rabi_maize,pre_sowing,sandy,38.2,108.0,74.9,low,high,medium,50.3,35.9,1.5,DAP + MOP,21.0,31.5,"Apply 7 days before sowing, mix into topsoil 10-15cm",Same as kharif maize
sunflower_kharif,flowering,alluvial,112.9,62.2,23.2,high,medium,low,55.8,34.6,4.5,Boron Spray,5.0,22.5,Apply at flower bud initiation; avoid leaf contact,Prevent hollow stem
moong_rabi,pre_sowing,alluvial,33.3,61.6,60.3,low,medium,medium,64.5,35.5,2.0,SSP + MOP,18.0,36.0,"Apply 7 days before sowing, mix into topsoil 10-15cm",Same as kharif moong
moong_kharif,flowering,black_cotton,229.7,114.8,33.1,high,high,low,79.8,34.2,6.5,MOP,10.0,65.0,Apply at flower bud initiation; avoid leaf contact,Pod fill
grapes,pre_sowing,sandy,190.3,57.7,39.7,high,medium,low,67.9,14.9,9.2,DAP + MOP,37.5,345.0,"Apply 7 days before sowing, mix into topsoil 10-15cm",Pruning time dose
wheat,vegetative,sandy,220.5,48.1,114.8,high,medium,high,42.4,26.0,2.4,Urea,12.0,28.8,Top dress at 20-30 DAS; broadcast and irrigate,Tillering
turmeric,pre_sowing,sandy,68.6,94.6,189.1,medium,high,high,28.1,14.7,9.7,DAP + MOP,12.0,116.4,"Apply 7 days before sowing, mix into topsoil 10-15cm",High K demand
jowar_kharif,pre_sowing,black_cotton,57.1,105.4,73.0,medium,high,medium,54.8,12.9,3.8,DAP,15.0,57.0,"Apply 7 days before sowing, mix into topsoil 10-15cm",Basal P and N
jowar_rabi,flowering,black_cotton,124.5,44.0,110.0,high,low,high,55.3,18.5,4.2,Urea,7.2,30.2,Apply at flower bud initiation; avoid leaf contact,Light booster
pomegranate,grain_fill,sandy,202.5,112.2,127.4,high,high,high,63.2,30.6,8.2,MOP + Calcium,12.5,102.5,Foliar spray or side dress during grain/fruit development,Fruit development
watermelon,grain_fill,alluvial,208.7,42.1,191.9,high,low,high,75.8,24.4,1.7,MOP,7.5,12.8,Foliar spray or side dress during grain/fruit development,Fruit sweetness
turmeric,grain_fill,alluvial,198.8,87.5,133.2,high,high,high,77.1,30.8,1.7,MOP,10.0,17.0,Foliar spray or side dress during grain/fruit development,Curcumin synthesis
pomegranate,grain_fill,alluvial,240.3,93.8,105.1,high,high,high,29.4,19.5,4.9,MOP + Calcium,12.5,61.3,Foliar spray or side dress during grain/fruit development,Fruit development
rabi_maize,vegetative,sandy,168.7,39.6,77.6,high,low,medium,49.4,37.0,6.2,Urea,15.0,93.0,Top dress at 20-30 DAS; broadcast and irrigate,Top dress
pomegranate,grain_fill,alluvial,91.5,92.9,189.2,high,high,high,37.4,13.8,1.0,MOP + Calcium,12.5,12.5,Foliar spray or side dress during grain/fruit development,Fruit development
moong_kharif,flowering,sandy,275.5,41.4,76.8,high,low,medium,62.1,12.8,4.6,MOP,8.0,36.8,Apply at flower bud initiation; avoid leaf contact,Pod fill
urad,pre_sowing,red,177.6,108.2,103.1,high,high,high,73.1,26.2,8.0,SSP + MOP,5.4,43.2,"Apply 7 days before sowing, mix into topsoil 10-15cm",Basal P+K
pomegranate,grain_fill,black_cotton,106.8,56.0,129.5,high,medium,high,77.9,19.8,2.9,MOP + Calcium,12.5,36.2,Foliar spray or side dress during grain/fruit development,Fruit development
jowar_rabi,flowering,sandy,251.6,21.1,125.1,high,low,high,74.9,30.9,7.0,Urea,7.2,50.4,Apply at flower bud initiation; avoid leaf contact,Light booster
chickpea,germination,red,144.2,88.3,35.5,high,high,low,53.9,14.8,7.3,Rhizobium Biofert,5.0,36.5,Apply at sowing time or within first 7 DAS,Seed inoculation
soybean,grain_fill,red,208.9,49.1,179.9,high,medium,high,52.4,24.8,2.4,Micronutrient Mix,5.0,12.0,Foliar spray or side dress during grain/fruit development,Zinc + Boron foliar spray
mustard,flowering,sandy,104.0,24.3,78.5,high,low,medium,74.8,36.5,3.8,Urea,6.0,22.8,Apply at flower bud initiation; avoid leaf contact,Booster
soybean,vegetative,red,261.0,99.2,146.2,high,high,high,56.6,19.6,3.0,Urea,7.2,21.6,Top dress at 20-30 DAS; broadcast and irrigate,Top dress if N deficiency observed
tur_arhar,vegetative,laterite,90.5,45.0,94.9,high,medium,medium,73.8,15.2,7.3,Urea,6.0,43.8,Top dress at 20-30 DAS; broadcast and irrigate,Light N if pale
rabi_maize,pre_sowing,sandy,21.1,23.3,114.6,low,low,high,38.3,35.9,5.0,DAP + MOP,21.0,105.0,"Apply 7 days before sowing, mix into topsoil 10-15cm",Same as kharif maize
jowar_rabi,vegetative,alluvial,124.4,113.4,90.6,high,high,medium,77.1,20.3,4.1,Urea,12.0,49.2,Top dress at 20-30 DAS; broadcast and irrigate,Split N top dress
maize_kharif,pre_sowing,laterite,249.8,70.2,47.1,high,medium,low,79.3,32.5,1.6,DAP + MOP,43.8,70.1,"Apply 7 days before sowing, mix into topsoil 10-15cm",Full P+K; half N basal
jowar_rabi,pre_sowing,red,153.5,40.5,112.1,high,low,high,45.6,33.5,4.0,DAP + MOP,18.0,72.0,"Apply 7 days before sowing, mix into topsoil 10-15cm",Full P and K basal
cotton,flowering,red,75.7,31.1,117.3,medium,low,high,64.8,17.8,6.0,Urea,25.0,150.0,Apply at flower bud initiation; avoid leaf contact,Boll development
rabi_maize,vegetative,sandy,122.5,78.0,53.9,high,medium,medium,50.6,13.9,0.7,Urea,15.0,10.5,Top dress at 20-30 DAS; broadcast and irrigate,Top dress
safflower,vegetative,red,219.4,78.9,41.9,high,medium,low,49.7,27.3,2.3,Urea,9.0,20.7,Top dress at 20-30 DAS; broadcast and irrigate,Rosette stage
chickpea,germination,red,138.3,91.2,56.3,high,high,medium,61.7,22.4,3.1,Rhizobium Biofert,5.0,15.5,Apply at sowing time or within first 7 DAS,Seed inoculation
groundnut,pre_sowing,sandy,226.6,33.0,71.9,high,low,medium,54.3,19.1,8.1,SSP + Gypsum,36.0,291.6,"Apply 7 days before sowing, mix into topsoil 10-15cm",Ca from gypsum for pod fill
cotton,pre_sowing,red,200.7,109.7,57.6,high,high,medium,33.7,24.4,7.6,DAP + MOP,24.0,182.4,"Apply 7 days before sowing, mix into topsoil 10-15cm",Basal: 25N 25P 25K
maize_kharif,grain_fill,red,253.9,69.4,57.0,high,medium,medium,30.4,35.6,8.4,MOP,10.0,84.0,Foliar spray or side dress during grain/fruit development,Cob development
pomegranate,pre_sowing,alluvial,206.9,93.9,118.4,high,high,high,34.6,30.0,9.3,DAP + MOP,10.5,97.7,"Apply 7 days before sowing, mix into topsoil 10-15cm",Pre-bloom
rabi_maize,flowering,sandy,277.5,70.3,144.8,high,medium,high,30.3,15.9,6.3,Urea,10.8,68.0,Apply at flower bud initiation; avoid leaf contact,Booster
chickpea,pre_sowing,laterite,247.3,59.4,121.8,high,medium,high,39.3,15.2,4.6,SSP + MOP,10.0,46.0,"Apply 7 days before sowing, mix into topsoil 10-15cm",Low N; P and K basal
moong_kharif,pre_sowing,black_cotton,150.6,99.7,103.2,high,high,high,53.3,24.7,8.5,SSP + MOP,5.4,45.9,"Apply 7 days before sowing, mix into topsoil 10-15cm",Low N legume
onion,pre_sowing,alluvial,188.5,81.4,75.3,high,high,medium,63.4,37.8,1.1,DAP + MOP,21.0,23.1,"Apply 7 days before sowing, mix into topsoil 10-15cm",Full P+K; half N
rabi_maize,pre_sowing,alluvial,161.5,117.7,105.2,high,high,high,57.5,35.3,4.9,DAP + MOP,10.5,51.5,"Apply 7 days before sowing, mix into topsoil 10-15cm",Same as kharif maize
watermelon,pre_sowing,black_cotton,154.7,69.0,182.9,high,medium,high,56.1,18.2,1.9,DAP + MOP,15.0,28.5,"Apply 7 days before sowing, mix into topsoil 10-15cm",Basal
groundnut,flowering,red,89.8,25.0,76.9,medium,low,medium,38.8,36.5,3.7,Gypsum,25.0,92.5,Apply at flower bud initiation; avoid leaf contact,Peg development
soybean,flowering,sandy,245.9,77.4,50.9,high,medium,medium,75.5,28.9,3.9,MOP,10.0,39.0,Apply at flower bud initiation; avoid leaf contact,K boost for pod setting
linseed,pre_sowing,sandy,158.6,97.9,198.9,high,high,high,64.3,24.3,5.2,DAP + MOP,6.0,31.2,"Apply 7 days before sowing, mix into topsoil 10-15cm",Basal
soybean,pre_sowing,black_cotton,183.0,85.6,185.3,high,high,high,74.6,28.7,7.0,SSP + MOP,7.5,52.5,"Apply 7 days before sowing, mix into topsoil 10-15cm","Basal: 0 N, 50 P2O5, 40 K2O kg/ha via SSP+MOP"
mustard,pre_sowing,sandy,100.8,63.2,56.5,high,medium,medium,36.8,17.3,5.2,DAP + MOP,25.0,130.0,"Apply 7 days before sowing, mix into topsoil 10-15cm",Basal; sulfur from SSP
safflower,vegetative,sandy,172.5,96.3,124.5,high,high,high,38.9,18.7,4.3,Urea,9.0,38.7,Top dress at 20-30 DAS; broadcast and irrigate,Rosette stage
sugarcane,harvest,black_cotton,156.8,92.7,32.0,high,high,low,46.8,15.3,4.8,MOP,25.0,120.0,Do not apply; withholding period required,Juice quality
watermelon,vegetative,alluvial,99.5,76.3,67.0,high,medium,medium,61.9,13.1,5.8,Urea,9.0,52.2,Top dress at 20-30 DAS; broadcast and irrigate,Vine growth
soybean,germination,black_cotton,63.0,40.7,174.5,medium,low,high,45.7,16.8,9.2,Rhizobium Biofert,5.0,46.0,Apply at sowing time or within first 7 DAS,Seed treatment reduces N requirement
sesame,vegetative,black_cotton,258.3,109.3,47.7,high,high,low,33.8,31.3,5.5,Urea,7.2,39.6,Top dress at 20-30 DAS; broadcast and irrigate,Top dress
bajra,vegetative,black_cotton,136.8,51.7,160.3,high,medium,high,73.4,18.5,5.8,Urea,10.8,62.6,Top dress at 20-30 DAS; broadcast and irrigate,N top dress 3 weeks after sowing
soybean,grain_fill,laterite,207.4,69.8,43.0,high,medium,low,79.3,36.9,9.4,Micronutrient Mix,5.0,47.0,Foliar spray or side dress during grain/fruit development,Zinc + Boron foliar spray
onion,vegetative,sandy,90.8,81.1,129.0,high,high,high,76.8,35.3,4.0,Urea,12.0,48.0,Top dress at 20-30 DAS; broadcast and irrigate,Leaf development
tomato,flowering,red,70.1,48.6,126.4,medium,medium,high,74.0,27.2,5.4,19:19:19 NPK,7.5,40.5,Apply at flower bud initiation; avoid leaf contact,Balanced NPK at fruit set
bajra,vegetative,alluvial,242.9,66.8,35.5,high,medium,low,57.8,22.5,2.5,Urea,10.8,27.0,Top dress at 20-30 DAS; broadcast and irrigate,N top dress 3 weeks after sowing
cucumber,pre_sowing,laterite,132.2,60.7,128.8,high,medium,high,44.0,12.9,7.8,DAP + MOP,12.5,97.5,"Apply 7 days before sowing, mix into topsoil 10-15cm",Basal
sugarcane,harvest,black_cotton,198.6,37.1,91.0,high,low,medium,69.2,26.0,3.6,MOP,20.0,72.0,Do not apply; withholding period required,Juice quality
banana,grain_fill,alluvial,125.5,78.6,46.1,high,medium,low,22.4,20.4,6.8,MOP,50.0,340.0,Foliar spray or side dress during grain/fruit development,Bunch filling
groundnut,grain_fill,red,220.9,111.0,134.4,high,high,high,48.5,21.9,0.7,MOP,5.0,3.5,Foliar spray or side dress during grain/fruit development,Kernel filling
urad,germination,sandy,134.9,36.3,175.0,high,low,high,73.4,30.2,5.3,Rhizobium Biofert,5.0,26.5,Apply at sowing time or within first 7 DAS,Seed inoculation
wheat,pre_sowing,sandy,103.8,94.4,131.3,high,high,high,46.8,13.0,2.7,DAP + MOP,10.5,28.4,"Apply 7 days before sowing, mix into topsoil 10-15cm",Full P+K; half N
rice,pre_sowing,alluvial,193.1,71.6,100.5,high,medium,high,36.9,35.4,4.8,DAP,30.0,144.0,"Apply 7 days before sowing, mix into topsoil 10-15cm",Basal
chilli,pre_sowing,laterite,202.8,54.4,129.0,high,medium,high,67.6,25.1,8.8,DAP + MOP,17.5,154.0,"Apply 7 days before sowing, mix into topsoil 10-15cm",Basal
soybean,germination,black_cotton,41.8,116.0,160.1,medium,high,high,75.7,33.8,1.0,Rhizobium Biofert,5.0,5.0,Apply at sowing time or within first 7 DAS,Seed treatment reduces N requirement
chickpea,germination,sandy,197.5,36.2,186.5,high,low,high,61.4,22.4,1.3,Rhizobium Biofert,5.0,6.5,Apply at sowing time or within first 7 DAS,Seed inoculation
grapes,vegetative,laterite,254.2,119.6,68.4,high,high,medium,57.0,34.2,2.4,Urea,12.0,28.8,Top dress at 20-30 DAS; broadcast and irrigate,Shoot growth
tomato,flowering,laterite,242.7,44.6,38.5,high,low,low,64.9,31.5,7.0,19:19:19 NPK,11.2,78.4,Apply at flower bud initiation; avoid leaf contact,Balanced NPK at fruit set
tomato,grain_fill,sandy,112.3,65.8,65.7,high,medium,medium,43.2,21.4,4.1,MOP + CaNO3,18.0,73.8,Foliar spray or side dress during grain/fruit development,Fruit development + Ca
groundnut,germination,red,190.0,107.9,58.4,high,high,medium,54.7,37.8,5.1,Rhizobium Biofert,5.0,25.5,Apply at sowing time or within first 7 DAS,Seed inoculation
tomato,harvest,black_cotton,225.1,118.8,93.5,high,high,medium,40.8,16.1,5.4,13:00:45 NPK,6.0,32.4,Do not apply; withholding period required,Quality booster
tomato,grain_fill,alluvial,99.1,119.5,99.3,high,high,medium,52.0,16.5,9.8,MOP + CaNO3,18.0,176.4,Foliar spray or side dress during grain/fruit development,Fruit development + Ca
bajra,flowering,alluvial,160.0,40.5,97.9,high,low,medium,29.9,36.6,7.0,Urea,6.0,42.0,Apply at flower bud initiation; avoid leaf contact,Booster dose
sugarcane,pre_sowing,alluvial,92.3,78.3,180.1,high,medium,high,25.4,18.6,8.2,DAP + MOP,25.0,205.0,"Apply 7 days before sowing, mix into topsoil 10-15cm",Heavy feeder; high basal
sesame,vegetative,alluvial,160.2,89.6,36.5,high,high,low,29.4,19.2,9.0,Urea,7.2,64.8,Top dress at 20-30 DAS; broadcast and irrigate,Top dress
rabi_maize,pre_sowing,laterite,189.8,28.5,188.5,high,low,high,36.6,34.7,6.3,DAP + MOP,21.0,132.3,"Apply 7 days before sowing, mix into topsoil 10-15cm",Same as kharif maize
groundnut,grain_fill,red,25.2,80.4,137.5,low,high,high,52.4,32.6,8.8,MOP,5.0,44.0,Foliar spray or side dress during grain/fruit development,Kernel filling
soybean,germination,black_cotton,165.3,82.7,151.7,high,high,high,45.8,22.3,7.9,Rhizobium Biofert,5.0,39.5,Apply at sowing time or within first 7 DAS,Seed treatment reduces N requirement
sugarcane,vegetative,sandy,75.8,114.0,125.7,medium,high,high,67.8,25.3,8.7,Urea + MOP,25.0,217.5,Top dress at 20-30 DAS; broadcast and irrigate,Grand growth period
chickpea,germination,black_cotton,149.9,28.6,99.3,high,low,medium,71.6,33.6,2.2,Rhizobium Biofert,5.0,11.0,Apply at sowing time or within first 7 DAS,Seed inoculation
cotton,flowering,black_cotton,99.9,23.6,192.2,high,low,high,58.6,34.6,5.7,Urea,15.0,85.5,Apply at flower bud initiation; avoid leaf contact,Boll development
groundnut,pre_sowing,sandy,89.4,98.2,133.4,medium,high,high,25.8,36.0,8.5,SSP + Gypsum,18.0,153.0,"Apply 7 days before sowing, mix into topsoil 10-15cm",Ca from gypsum for pod fill
moong_kharif,germination,black_cotton,224.7,24.8,153.9,high,low,high,71.9,12.8,4.3,Rhizobium Biofert,5.0,21.5,Apply at sowing time or within first 7 DAS,Seed treatment
groundnut,flowering,black_cotton,51.9,47.2,189.1,medium,medium,high,50.2,29.3,4.9,Gypsum,25.0,122.5,Apply at flower bud initiation; avoid leaf contact,Peg development
groundnut,germination,sandy,92.3,33.3,88.9,high,low,medium,60.4,37.8,3.3,Rhizobium Biofert,5.0,16.5,Apply at sowing time or within first 7 DAS,Seed inoculation
sunflower_rabi,flowering,alluvial,43.0,85.1,96.1,medium,high,medium,77.5,28.3,6.1,Boron Spray,5.0,30.5,Apply at flower bud initiation; avoid leaf contact,Pollination support
bajra,vegetative,black_cotton,109.3,51.3,62.6,high,medium,medium,27.5,29.3,9.2,Urea,10.8,99.4,Top dress at 20-30 DAS; broadcast and irrigate,N top dress 3 weeks after sowing
soybean,pre_sowing,black_cotton,62.2,99.8,192.1,medium,high,high,52.8,32.1,6.0,SSP + MOP,7.5,45.0,"Apply 7 days before sowing, mix into topsoil 10-15cm","Basal: 0 N, 50 P2O5, 40 K2O kg/ha via SSP+MOP"
grapes,vegetative,red,227.5,76.8,133.0,high,medium,high,77.7,16.6,4.2,Urea,12.0,50.4,Top dress at 20-30 DAS; broadcast and irrigate,Shoot growth
linseed,pre_sowing,black_cotton,82.9,44.4,26.7,medium,low,low,32.7,16.5,1.7,DAP + MOP,30.0,51.0,"Apply 7 days before sowing, mix into topsoil 10-15cm",Basal
cucumber,flowering,red,85.4,33.3,71.8,medium,low,medium,58.2,22.0,9.0,MOP,12.0,108.0,Apply at flower bud initiation; avoid leaf contact,Fruit quality
onion,harvest,black_cotton,266.3,75.2,148.0,high,medium,high,46.9,27.8,3.5,NO FERTILIZER,0.0,0.0,Do not apply; withholding period required,Stop 3 weeks before harvest
jowar_kharif,flowering,black_cotton,39.7,105.4,83.4,low,high,medium,60.7,33.6,8.2,Urea,19.5,159.9,Apply at flower bud initiation; avoid leaf contact,Second top dress
onion,harvest,sandy,83.9,107.8,167.4,medium,high,high,67.3,31.3,6.7,NO FERTILIZER,0.0,0.0,Do not apply; withholding period required,Stop 3 weeks before harvest
urad,germination,red,222.9,30.4,199.2,high,low,high,37.7,16.6,3.9,Rhizobium Biofert,5.0,19.5,Apply at sowing time or within first 7 DAS,Seed inoculation
jowar_kharif,flowering,black_cotton,268.1,64.8,147.8,high,medium,high,31.6,17.8,3.6,Urea,9.0,32.4,Apply at flower bud initiation; avoid leaf contact,Second top dress
linseed,vegetative,sandy,148.3,102.1,152.9,high,high,high,34.6,19.2,2.7,Urea,7.2,19.4,Top dress at 20-30 DAS; broadcast and irrigate,Top dress
pomegranate,grain_fill,alluvial,176.6,30.5,156.3,high,low,high,62.5,27.6,9.8,MOP + Calcium,12.5,122.5,Foliar spray or side dress during grain/fruit development,Fruit development
chickpea,flowering,black_cotton,215.0,69.1,137.0,high,medium,high,69.0,21.3,8.4,MOP,4.0,33.6,Apply at flower bud initiation; avoid leaf contact,Foliar K for pod fill
moong_kharif,germination,red,213.4,88.1,160.5,high,high,high,34.7,22.1,3.5,Rhizobium Biofert,5.0,17.5,Apply at sowing time or within first 7 DAS,Seed treatment
chilli,vegetative,black_cotton,232.9,51.3,120.3,high,medium,high,62.5,34.0,0.5,Urea,10.8,5.4,Top dress at 20-30 DAS; broadcast and irrigate,Plant establishment
tomato,vegetative,alluvial,249.2,50.5,128.4,high,medium,high,72.0,33.5,7.8,Urea,12.0,93.6,Top dress at 20-30 DAS; broadcast and irrigate,Vegetative growth
sunflower_kharif,flowering,sandy,245.5,32.1,66.0,high,low,medium,21.0,20.7,7.6,Boron Spray,5.0,38.0,Apply at flower bud initiation; avoid leaf contact,Prevent hollow stem
chickpea,flowering,black_cotton,60.1,94.5,145.4,medium,high,high,43.9,21.6,4.4,MOP,4.0,17.6,Apply at flower bud initiation; avoid leaf contact,Foliar K for pod fill
maize_kharif,flowering,red,240.5,74.9,85.6,high,medium,medium,59.6,36.5,3.2,Urea,12.0,38.4,Apply at flower bud initiation; avoid leaf contact,Tasselling stage
groundnut,grain_fill,alluvial,128.0,20.5,108.5,high,low,high,75.3,16.7,7.2,MOP,5.0,36.0,Foliar spray or side dress during grain/fruit development,Kernel filling
sunflower_kharif,pre_sowing,black_cotton,203.1,46.8,91.0,high,medium,medium,46.7,25.7,1.5,DAP + MOP,30.0,45.0,"Apply 7 days before sowing, mix into topsoil 10-15cm",Basal
sugarcane,pre_sowing,sandy,19.7,33.9,61.8,low,low,medium,65.0,20.5,5.8,DAP + MOP,60.0,348.0,"Apply 7 days before sowing, mix into topsoil 10-15cm",Heavy feeder; high basal
bajra,flowering,black_cotton,69.8,75.9,82.8,medium,medium,medium,28.6,24.3,7.3,Urea,10.0,73.0,Apply at flower bud initiation; avoid leaf contact,Booster dose
pomegranate,pre_sowing,sandy,211.4,72.0,83.1,high,medium,medium,40.7,30.0,8.3,DAP + MOP,35.0,290.5,"Apply 7 days before sowing, mix into topsoil 10-15cm",Pre-bloom
tomato,flowering,red,112.1,92.4,39.0,high,high,low,34.6,30.1,1.5,19:19:19 NPK,11.2,16.8,Apply at flower bud initiation; avoid leaf contact,Balanced NPK at fruit set
tur_arhar,germination,laterite,230.5,49.0,34.7,high,medium,low,61.1,37.1,9.3,Rhizobium Biofert,5.0,46.5,Apply at sowing time or within first 7 DAS,Seed treatment
jowar_rabi,vegetative,sandy,194.9,104.8,64.6,high,high,medium,41.8,21.8,1.9,Urea,12.0,22.8,Top dress at 20-30 DAS; broadcast and irrigate,Split N top dress
sugarcane,germination,sandy,173.1,73.9,105.5,high,medium,high,54.4,18.6,3.0,Urea,15.0,45.0,Apply at sowing time or within first 7 DAS,Germination boost
cucumber,vegetative,alluvial,67.9,71.5,125.7,medium,medium,high,31.7,33.7,6.2,Urea,15.0,93.0,Top dress at 20-30 DAS; broadcast and irrigate,Growth boost
pomegranate,flowering,black_cotton,140.7,86.2,49.2,high,high,low,33.8,25.4,9.1,Urea + MOP,22.5,204.8,Apply at flower bud initiation; avoid leaf contact,Fruit set
jowar_rabi,flowering,alluvial,120.2,79.4,174.2,high,medium,high,23.1,14.6,8.7,Urea,7.2,62.6,Apply at flower bud initiation; avoid leaf contact,Light booster
sunflower_kharif,flowering,alluvial,186.0,108.6,129.8,high,high,high,47.7,12.0,2.9,Boron Spray,5.0,14.5,Apply at flower bud initiation; avoid leaf contact,Prevent hollow stem
watermelon,grain_fill,laterite,68.5,27.0,57.8,medium,low,medium,24.9,21.8,5.8,MOP,15.0,87.0,Foliar spray or side dress during grain/fruit development,Fruit sweetness
banana,flowering,laterite,163.2,63.1,167.9,high,medium,high,46.4,22.5,6.7,Urea + MOP,13.5,90.5,Apply at flower bud initiation; avoid leaf contact,Bunch initiation
bajra,vegetative,red,161.4,57.8,162.8,high,medium,high,33.6,36.7,8.8,Urea,10.8,95.0,Top dress at 20-30 DAS; broadcast and irrigate,N top dress 3 weeks after sowing
bajra,pre_sowing,laterite,76.8,22.8,25.4,medium,low,low,33.3,16.8,4.7,DAP,24.0,112.8,"Apply 7 days before sowing, mix into topsoil 10-15cm",Basal P
linseed,pre_sowing,sandy,84.7,79.9,94.0,medium,medium,medium,71.5,21.0,7.7,DAP + MOP,20.0,154.0,"Apply 7 days before sowing, mix into topsoil 10-15cm",Basal
soybean,grain_fill,red,235.6,90.9,21.2,high,high,low,77.6,30.5,9.9,Micronutrient Mix,5.0,49.5,Foliar spray or side dress during grain/fruit development,Zinc + Boron foliar spray
linseed,vegetative,red,237.9,73.9,37.8,high,medium,low,43.0,34.2,5.3,Urea,7.2,38.2,Top dress at 20-30 DAS; broadcast and irrigate,Top dress
sunflower_rabi,flowering,laterite,81.0,34.1,41.0,medium,low,low,39.7,12.8,8.8,Boron Spray,5.0,44.0,Apply at flower bud initiation; avoid leaf contact,Pollination support
urad,flowering,black_cotton,229.1,112.1,186.9,high,high,high,42.1,21.9,5.2,MOP,4.0,20.8,Apply at flower bud initiation; avoid leaf contact,Pod development
moong_rabi,germination,sandy,44.8,35.4,74.5,medium,low,medium,39.5,22.2,9.5,Rhizobium Biofert,5.0,47.5,Apply at sowing time or within first 7 DAS,Seed treatment
tomato,flowering,sandy,129.4,71.9,91.8,high,medium,medium,30.2,24.9,2.3,19:19:19 NPK,9.0,20.7,Apply at flower bud initiation; avoid leaf contact,Balanced NPK at fruit set
jowar_kharif,pre_sowing,red,206.2,63.8,60.5,high,medium,medium,22.7,34.2,5.0,DAP,25.0,125.0,"Apply 7 days before sowing, mix into topsoil 10-15cm",Basal P and N
cotton,pre_sowing,sandy,170.0,100.1,166.5,high,high,high,50.9,20.1,4.0,DAP + MOP,12.0,48.0,"Apply 7 days before sowing, mix into topsoil 10-15cm",Basal: 25N 25P 25K
rabi_maize,pre_sowing,black_cotton,67.2,54.4,66.1,medium,medium,medium,76.5,28.8,0.8,DAP + MOP,35.0,28.0,"Apply 7 days before sowing, mix into topsoil 10-15cm",Same as kharif maize
cucumber,vegetative,red,134.9,45.7,37.5,high,medium,low,74.4,22.1,6.8,Urea,9.0,61.2,Top dress at 20-30 DAS; broadcast and irrigate,Growth boost
groundnut,pre_sowing,red,170.6,23.1,76.9,high,low,medium,57.9,16.3,5.3,SSP + Gypsum,36.0,190.8,"Apply 7 days before sowing, mix into topsoil 10-15cm",Ca from gypsum for pod fill
sunflower_kharif,pre_sowing,black_cotton,210.6,42.3,146.6,high,low,high,22.8,30.3,9.2,DAP + MOP,18.0,165.6,"Apply 7 days before sowing, mix into topsoil 10-15cm",Basal
turmeric,pre_sowing,sandy,244.4,106.8,90.3,high,high,medium,46.4,20.7,3.9,DAP + MOP,24.0,93.6,"Apply 7 days before sowing, mix into topsoil 10-15cm",High K demand
mustard,vegetative,red,210.0,28.9,192.2,high,low,high,22.8,16.4,5.6,Urea,10.8,60.5,Top dress at 20-30 DAS; broadcast and irrigate,Top dress at 20 DAS
watermelon,flowering,sandy,271.7,33.5,40.6,high,low,low,50.7,17.7,1.2,19:19:19 NPK,9.0,10.8,Apply at flower bud initiation; avoid leaf contact,Fruit set
cotton,flowering,laterite,25.6,55.4,93.9,low,medium,medium,21.0,23.8,5.8,Urea,32.5,188.5,Apply at flower bud initiation; avoid leaf contact,Boll development
safflower,pre_sowing,red,154.6,24.5,124.9,high,low,high,32.6,14.5,7.4,DAP + MOP,15.0,111.0,"Apply 7 days before sowing, mix into topsoil 10-15cm",Basal
groundnut,germination,laterite,276.5,110.7,137.0,high,high,high,64.9,35.1,1.1,Rhizobium Biofert,5.0,5.5,Apply at sowing time or within first 7 DAS,Seed inoculation
pomegranate,flowering,red,231.4,61.9,141.7,high,medium,high,40.9,28.4,1.6,Urea + MOP,9.0,14.4,Apply at flower bud initiation; avoid leaf contact,Fruit set
bajra,vegetative,sandy,208.1,30.8,30.5,high,low,low,69.4,17.6,4.8,Urea,10.8,51.8,Top dress at 20-30 DAS; broadcast and irrigate,N top dress 3 weeks after sowing
sunflower_kharif,pre_sowing,laterite,146.6,116.1,129.1,high,high,high,37.4,37.2,4.0,DAP + MOP,9.0,36.0,"Apply 7 days before sowing, mix into topsoil 10-15cm",Basal
pomegranate,pre_sowing,laterite,175.8,61.6,175.1,high,medium,high,56.4,21.2,4.5,DAP + MOP,17.5,78.8,"Apply 7 days before sowing, mix into topsoil 10-15cm",Pre-bloom
jowar_kharif,pre_sowing,alluvial,61.1,50.6,77.4,medium,medium,medium,36.4,13.9,7.4,DAP,25.0,185.0,"Apply 7 days before sowing, mix into topsoil 10-15cm",Basal P and N
soybean,grain_fill,alluvial,205.3,35.4,104.8,high,low,high,63.7,21.6,9.2,Micronutrient Mix,5.0,46.0,Foliar spray or side dress during grain/fruit development,Zinc + Boron foliar spray
turmeric,pre_sowing,laterite,53.1,92.8,151.8,medium,high,high,64.2,20.6,4.6,DAP + MOP,12.0,55.2,"Apply 7 days before sowing, mix into topsoil 10-15cm",High K demand
mustard,pre_sowing,alluvial,151.4,32.3,74.8,high,low,medium,57.3,16.8,1.4,DAP + MOP,30.0,42.0,"Apply 7 days before sowing, mix into topsoil 10-15cm",Basal; sulfur from SSP
onion,harvest,alluvial,81.5,93.9,31.7,medium,high,low,58.5,24.4,6.2,NO FERTILIZER,0.0,0.0,Do not apply; withholding period required,Stop 3 weeks before harvest
cucumber,pre_sowing,laterite,263.9,84.8,95.5,high,high,medium,29.9,27.1,1.9,DAP + MOP,15.0,28.5,"Apply 7 days before sowing, mix into topsoil 10-15cm",Basal
watermelon,flowering,alluvial,213.8,62.5,144.5,high,medium,high,47.7,35.4,5.3,19:19:19 NPK,3.6,19.1,Apply at flower bud initiation; avoid leaf contact,Fruit set
sesame,pre_sowing,alluvial,38.8,97.5,102.1,low,high,high,66.1,23.7,7.5,DAP,10.8,81.0,"Apply 7 days before sowing, mix into topsoil 10-15cm",Light feeder
turmeric,vegetative,sandy,168.8,106.1,135.5,high,high,high,77.4,12.1,5.8,Urea + MOP,9.0,52.2,Top dress at 20-30 DAS; broadcast and irrigate,Rhizome development
sugarcane,pre_sowing,laterite,259.8,48.4,194.3,high,medium,high,65.1,25.8,3.2,DAP + MOP,25.0,80.0,"Apply 7 days before sowing, mix into topsoil 10-15cm",Heavy feeder; high basal
tur_arhar,vegetative,sandy,40.6,51.4,85.4,medium,medium,medium,57.9,24.4,3.9,Urea,10.0,39.0,Top dress at 20-30 DAS; broadcast and irrigate,Light N if pale
sunflower_rabi,vegetative,black_cotton,179.7,22.0,25.0,high,low,low,59.3,37.6,9.5,Urea,10.8,102.6,Top dress at 20-30 DAS; broadcast and irrigate,Top dress
rice,pre_sowing,black_cotton,196.4,45.0,142.5,high,medium,high,62.8,15.4,7.2,DAP,30.0,216.0,"Apply 7 days before sowing, mix into topsoil 10-15cm",Basal
turmeric,grain_fill,black_cotton,61.1,88.0,129.7,medium,high,high,34.8,32.1,5.1,MOP,10.0,51.0,Foliar spray or side dress during grain/fruit development,Curcumin synthesis
tur_arhar,vegetative,black_cotton,269.2,111.8,106.9,high,high,high,48.3,33.3,6.8,Urea,6.0,40.8,Top dress at 20-30 DAS; broadcast and irrigate,Light N if pale
chilli,pre_sowing,alluvial,186.4,104.8,189.2,high,high,high,77.3,22.5,6.3,DAP + MOP,10.5,66.1,"Apply 7 days before sowing, mix into topsoil 10-15cm",Basal
linseed,pre_sowing,black_cotton,178.6,58.4,70.0,high,medium,medium,26.8,12.6,1.5,DAP + MOP,20.0,30.0,"Apply 7 days before sowing, mix into topsoil 10-15cm",Basal
banana,pre_sowing,laterite,145.2,100.3,121.7,high,high,high,77.6,36.5,7.9,DAP + MOP,18.0,142.2,"Apply 7 days before sowing, mix into topsoil 10-15cm",Heavy K feeder; high basal
moong_kharif,germination,red,104.9,38.8,69.8,high,low,medium,67.7,32.3,7.6,Rhizobium Biofert,5.0,38.0,Apply at sowing time or within first 7 DAS,Seed treatment
sunflower_kharif,pre_sowing,sandy,147.3,36.7,34.8,high,low,low,42.4,15.6,6.5,DAP + MOP,45.0,292.5,"Apply 7 days before sowing, mix into topsoil 10-15cm",Basal
banana,vegetative,sandy,105.4,112.9,166.7,high,high,high,23.1,36.0,0.6,Urea + MOP,15.0,9.0,Top dress at 20-30 DAS; broadcast and irrigate,Sword sucker stage
orange,pre_sowing,black_cotton,94.1,119.4,137.4,high,high,high,76.5,37.8,6.6,DAP + MOP,10.5,69.3,"Apply 7 days before sowing, mix into topsoil 10-15cm",Post-harvest dose
sunflower_kharif,flowering,laterite,128.3,49.0,45.7,high,medium,low,43.2,34.5,2.6,Boron Spray,5.0,13.0,Apply at flower bud initiation; avoid leaf contact,Prevent hollow stem
soybean,vegetative,black_cotton,254.7,72.2,197.6,high,medium,high,30.2,21.7,5.3,Urea,7.2,38.2,Top dress at 20-30 DAS; broadcast and irrigate,Top dress if N deficiency observed
maize_kharif,flowering,sandy,237.4,20.7,81.4,high,low,medium,31.4,19.0,4.3,Urea,12.0,51.6,Apply at flower bud initiation; avoid leaf contact,Tasselling stage
maize_kharif,vegetative,red,27.8,117.5,170.4,low,high,high,60.6,23.7,1.3,Urea,32.5,42.2,Top dress at 20-30 DAS; broadcast and irrigate,Knee high stage N
moong_rabi,pre_sowing,sandy,278.2,45.6,25.4,high,medium,low,71.7,36.0,1.7,SSP + MOP,22.5,38.2,"Apply 7 days before sowing, mix into topsoil 10-15cm",Same as kharif moong
chilli,grain_fill,black_cotton,105.3,21.7,61.5,high,low,medium,69.8,23.9,7.9,MOP,12.0,94.8,Foliar spray or side dress during grain/fruit development,Pungency development
banana,pre_sowing,sandy,110.4,69.1,114.7,high,medium,high,35.3,17.4,7.7,DAP + MOP,30.0,231.0,"Apply 7 days before sowing, mix into topsoil 10-15cm",Heavy K feeder; high basal
sugarcane,germination,red,137.0,51.1,83.9,high,medium,medium,72.7,24.9,5.6,Urea,15.0,84.0,Apply at sowing time or within first 7 DAS,Germination boost
chickpea,pre_sowing,alluvial,275.1,93.2,46.9,high,high,low,33.5,20.9,9.7,SSP + MOP,15.0,145.5,"Apply 7 days before sowing, mix into topsoil 10-15cm",Low N; P and K basal
cucumber,pre_sowing,black_cotton,102.9,95.4,45.8,high,high,low,57.8,20.6,9.3,DAP + MOP,18.8,174.8,"Apply 7 days before sowing, mix into topsoil 10-15cm",Basal
cotton,grain_fill,alluvial,87.4,52.9,23.6,medium,medium,low,34.1,30.7,6.1,MOP,18.8,114.7,Foliar spray or side dress during grain/fruit development,Fibre quality
grapes,grain_fill,black_cotton,86.1,116.1,45.0,medium,high,low,39.7,19.9,8.5,MOP,25.0,212.5,Foliar spray or side dress during grain/fruit development,Maturity
chilli,flowering,laterite,109.3,114.0,125.0,high,high,high,47.3,36.2,4.8,19:19:19 NPK,4.5,21.6,Apply at flower bud initiation; avoid leaf contact,Fruit set
grapes,vegetative,alluvial,276.7,36.8,43.2,high,low,low,38.2,36.9,6.1,Urea,12.0,73.2,Top dress at 20-30 DAS; broadcast and irrigate,Shoot growth
linseed,pre_sowing,sandy,218.8,115.0,65.0,high,high,medium,47.0,24.4,0.7,DAP + MOP,12.0,8.4,"Apply 7 days before sowing, mix into topsoil 10-15cm",Basal
sunflower_rabi,vegetative,alluvial,24.5,49.9,157.2,low,medium,high,59.0,35.1,2.7,Urea,23.4,63.2,Top dress at 20-30 DAS; broadcast and irrigate,Top dress
sesame,vegetative,alluvial,166.0,42.7,174.5,high,low,high,75.0,29.9,7.0,Urea,7.2,50.4,Top dress at 20-30 DAS; broadcast and irrigate,Top dress
grapes,vegetative,sandy,218.1,83.2,154.2,high,high,high,38.9,17.2,5.4,Urea,12.0,64.8,Top dress at 20-30 DAS; broadcast and irrigate,Shoot growth
watermelon,vegetative,red,134.9,50.8,63.6,high,medium,medium,76.6,27.0,9.6,Urea,9.0,86.4,Top dress at 20-30 DAS; broadcast and irrigate,Vine growth
sugarcane,germination,sandy,106.4,28.1,146.7,high,low,high,37.2,29.3,9.5,Urea,15.0,142.5,Apply at sowing time or within first 7 DAS,Germination boost
orange,flowering,black_cotton,108.1,63.9,48.6,high,medium,low,39.5,37.0,7.9,Urea,12.0,94.8,Apply at flower bud initiation; avoid leaf contact,Flush growth
soybean,vegetative,sandy,198.5,74.5,81.7,high,medium,medium,72.0,18.6,8.2,Urea,7.2,59.0,Top dress at 20-30 DAS; broadcast and irrigate,Top dress if N deficiency observed
tur_arhar,flowering,laterite,199.3,35.3,128.3,high,low,high,59.2,14.6,1.5,MOP,5.0,7.5,Apply at flower bud initiation; avoid leaf contact,Pod setting
sesame,pre_sowing,alluvial,111.3,73.2,122.3,high,medium,high,35.7,22.1,4.3,DAP,18.0,77.4,"Apply 7 days before sowing, mix into topsoil 10-15cm",Light feeder
orange,grain_fill,red,56.4,36.5,70.2,medium,low,medium,27.1,33.7,9.6,MOP + Micronutrient,20.0,192.0,Foliar spray or side dress during grain/fruit development,Fruit color + quality
orange,pre_sowing,laterite,82.3,85.1,112.8,medium,high,high,49.5,18.7,9.8,DAP + MOP,10.5,102.9,"Apply 7 days before sowing, mix into topsoil 10-15cm",Post-harvest dose
urad,pre_sowing,black_cotton,227.7,27.6,25.8,high,low,low,23.5,19.8,10.0,SSP + MOP,27.0,270.0,"Apply 7 days before sowing, mix into topsoil 10-15cm",Basal P+K
moong_rabi,germination,laterite,236.4,53.3,118.7,high,medium,high,60.5,22.8,7.9,Rhizobium Biofert,5.0,39.5,Apply at sowing time or within first 7 DAS,Seed treatment
wheat,pre_sowing,red,181.6,94.8,41.9,high,high,low,54.5,19.7,3.2,DAP + MOP,26.2,83.8,"Apply 7 days before sowing, mix into topsoil 10-15cm",Full P+K; half N
tur_arhar,germination,black_cotton,109.1,100.2,46.2,high,high,low,46.9,17.2,0.6,Rhizobium Biofert,5.0,3.0,Apply at sowing time or within first 7 DAS,Seed treatment
moong_kharif,flowering,alluvial,149.8,98.9,125.5,high,high,high,45.1,21.5,7.2,MOP,4.0,28.8,Apply at flower bud initiation; avoid leaf contact,Pod fill
wheat,flowering,red,176.1,81.9,136.3,high,high,high,60.9,24.0,7.1,Urea,6.0,42.6,Apply at flower bud initiation; avoid leaf contact,Grain initiation
onion,vegetative,laterite,66.6,63.6,122.9,medium,medium,high,40.7,13.1,5.4,Urea,20.0,108.0,Top dress at 20-30 DAS; broadcast and irrigate,Leaf development
cotton,grain_fill,laterite,108.5,43.0,166.3,high,low,high,31.5,18.7,4.0,MOP,7.5,30.0,Foliar spray or side dress during grain/fruit development,Fibre quality
jowar_kharif,flowering,red,97.1,71.8,135.1,high,medium,high,55.3,26.5,7.0,Urea,9.0,63.0,Apply at flower bud initiation; avoid leaf contact,Second top dress
rice,germination,alluvial,94.1,32.5,199.2,high,low,high,77.7,37.9,6.5,Urea,10.8,70.2,Apply at sowing time or within first 7 DAS,7-10 DAS
turmeric,vegetative,alluvial,137.3,66.8,79.5,high,medium,medium,39.8,32.6,5.0,Urea + MOP,18.0,90.0,Top dress at 20-30 DAS; broadcast and irrigate,Rhizome development
rice,vegetative,sandy,57.1,79.9,141.4,medium,medium,high,49.2,24.1,8.3,Urea,22.0,182.6,Top dress at 20-30 DAS; broadcast and irrigate,25-30 DAS tillering
moong_rabi,germination,black_cotton,33.5,94.6,22.1,low,high,low,41.1,15.5,8.7,Rhizobium Biofert,5.0,43.5,Apply at sowing time or within first 7 DAS,Seed treatment
sunflower_rabi,flowering,sandy,184.6,77.3,65.7,high,medium,medium,70.8,20.9,6.0,Boron Spray,5.0,30.0,Apply at flower bud initiation; avoid leaf contact,Pollination support
turmeric,pre_sowing,laterite,158.5,77.2,67.8,high,medium,medium,31.1,18.0,2.7,DAP + MOP,40.0,108.0,"Apply 7 days before sowing, mix into topsoil 10-15cm",High K demand
wheat,flowering,black_cotton,139.9,24.9,63.3,high,low,medium,69.0,12.8,9.2,Urea,6.0,55.2,Apply at flower bud initiation; avoid leaf contact,Grain initiation
sugarcane,vegetative,laterite,278.5,24.8,194.5,high,low,high,56.9,33.9,1.8,Urea + MOP,15.0,27.0,Top dress at 20-30 DAS; broadcast and irrigate,Grand growth period
moong_kharif,flowering,sandy,123.0,71.3,170.5,high,medium,high,48.9,32.3,6.1,MOP,4.0,24.4,Apply at flower bud initiation; avoid leaf contact,Pod fill
watermelon,flowering,sandy,133.0,114.6,182.0,high,high,high,75.4,16.8,7.6,19:19:19 NPK,3.6,27.4,Apply at flower bud initiation; avoid leaf contact,Fruit set
chilli,vegetative,red,49.1,43.6,62.9,medium,low,medium,27.7,32.8,6.6,Urea,18.0,118.8,Top dress at 20-30 DAS; broadcast and irrigate,Plant establishment
cotton,vegetative,black_cotton,175.0,75.6,156.7,high,medium,high,39.7,37.4,9.0,Urea + MOP,10.5,94.5,Top dress at 20-30 DAS; broadcast and irrigate,Square formation
jowar_kharif,flowering,laterite,86.1,72.9,24.5,medium,medium,low,38.9,13.4,4.3,Urea,15.0,64.5,Apply at flower bud initiation; avoid leaf contact,Second top dress
tur_arhar,vegetative,red,246.3,84.9,47.5,high,high,low,35.5,28.0,5.5,Urea,6.0,33.0,Top dress at 20-30 DAS; broadcast and irrigate,Light N if pale
turmeric,pre_sowing,sandy,76.1,100.5,197.1,medium,high,high,44.1,19.6,6.0,DAP + MOP,12.0,72.0,"Apply 7 days before sowing, mix into topsoil 10-15cm",High K demand
sunflower_rabi,pre_sowing,black_cotton,165.0,50.2,34.9,high,medium,low,43.4,14.6,3.6,DAP + MOP,37.5,135.0,"Apply 7 days before sowing, mix into topsoil 10-15cm",Basal
sunflower_rabi,flowering,red,157.4,53.0,150.2,high,medium,high,56.6,36.2,9.7,Boron Spray,5.0,48.5,Apply at flower bud initiation; avoid leaf contact,Pollination support
chickpea,pre_sowing,alluvial,21.9,104.5,162.0,low,high,high,47.4,12.9,4.7,SSP + MOP,6.0,28.2,"Apply 7 days before sowing, mix into topsoil 10-15cm",Low N; P and K basal
sugarcane,grain_fill,red,92.6,103.4,50.6,high,high,medium,49.0,13.1,7.0,Urea,18.0,126.0,Foliar spray or side dress during grain/fruit development,Elongation stage
urad,flowering,laterite,278.5,86.3,195.9,high,high,high,52.1,18.9,4.3,MOP,4.0,17.2,Apply at flower bud initiation; avoid leaf contact,Pod development
jowar_kharif,vegetative,alluvial,28.7,84.1,196.6,low,high,high,68.8,35.3,2.1,Urea,26.0,54.6,Top dress at 20-30 DAS; broadcast and irrigate,Top dress after 3-4 weeks
onion,vegetative,black_cotton,39.5,96.8,111.8,low,high,high,50.7,32.0,4.9,Urea,26.0,127.4,Top dress at 20-30 DAS; broadcast and irrigate,Leaf development
bajra,flowering,red,108.3,55.9,130.2,high,medium,high,45.3,12.7,7.8,Urea,6.0,46.8,Apply at flower bud initiation; avoid leaf contact,Booster dose
sunflower_rabi,flowering,laterite,215.8,24.3,124.3,high,low,high,37.4,36.7,2.9,Boron Spray,5.0,14.5,Apply at flower bud initiation; avoid leaf contact,Pollination support
watermelon,grain_fill,black_cotton,142.9,53.8,164.7,high,medium,high,60.4,33.0,2.7,MOP,7.5,20.2,Foliar spray or side dress during grain/fruit development,Fruit sweetness
maize_kharif,vegetative,black_cotton,94.9,71.7,54.9,high,medium,medium,45.3,27.6,2.7,Urea,15.0,40.5,Top dress at 20-30 DAS; broadcast and irrigate,Knee high stage N
sugarcane,germination,laterite,157.6,79.7,20.7,high,medium,low,38.0,28.8,2.7,Urea,15.0,40.5,Apply at sowing time or within first 7 DAS,Germination boost
chickpea,pre_sowing,laterite,186.4,77.9,118.3,high,medium,high,62.6,25.8,6.9,SSP + MOP,10.0,69.0,"Apply 7 days before sowing, mix into topsoil 10-15cm",Low N; P and K basal
moong_kharif,flowering,sandy,82.6,71.2,139.3,medium,medium,high,22.8,14.4,6.4,MOP,4.0,25.6,Apply at flower bud initiation; avoid leaf contact,Pod fill
bajra,pre_sowing,laterite,53.0,91.8,137.2,medium,high,high,27.4,15.5,3.0,DAP,12.0,36.0,"Apply 7 days before sowing, mix into topsoil 10-15cm",Basal P
wheat,vegetative,laterite,62.8,32.5,73.2,medium,low,medium,47.1,12.4,4.8,Urea,20.0,96.0,Top dress at 20-30 DAS; broadcast and irrigate,Tillering
groundnut,germination,black_cotton,230.4,38.2,188.1,high,low,high,49.7,15.9,4.2,Rhizobium Biofert,5.0,21.0,Apply at sowing time or within first 7 DAS,Seed inoculation
jowar_rabi,flowering,laterite,135.4,73.4,183.1,high,medium,high,36.1,29.8,3.0,Urea,7.2,21.6,Apply at flower bud initiation; avoid leaf contact,Light booster
tomato,vegetative,sandy,118.7,71.0,103.1,high,medium,high,78.2,30.7,0.5,Urea,12.0,6.0,Top dress at 20-30 DAS; broadcast and irrigate,Vegetative growth
turmeric,pre_sowing,black_cotton,192.2,20.9,173.0,high,low,high,78.5,36.7,2.3,DAP + MOP,24.0,55.2,"Apply 7 days before sowing, mix into topsoil 10-15cm",High K demand
rabi_maize,vegetative,sandy,245.2,112.5,175.4,high,high,high,70.0,35.5,1.1,Urea,15.0,16.5,Top dress at 20-30 DAS; broadcast and irrigate,Top dress
linseed,vegetative,sandy,32.2,37.1,114.1,low,low,high,29.9,18.3,6.2,Urea,15.6,96.7,Top dress at 20-30 DAS; broadcast and irrigate,Top dress
onion,grain_fill,sandy,27.2,65.9,194.1,low,medium,high,31.5,24.8,4.4,MOP,7.5,33.0,Foliar spray or side dress during grain/fruit development,Bulb development
chilli,grain_fill,alluvial,87.1,41.6,163.1,medium,low,high,30.0,16.4,4.4,MOP,6.0,26.4,Foliar spray or side dress during grain/fruit development,Pungency development
urad,pre_sowing,alluvial,184.3,71.6,69.9,high,medium,medium,22.6,17.8,9.4,SSP + MOP,18.0,169.2,"Apply 7 days before sowing, mix into topsoil 10-15cm",Basal P+K
moong_rabi,pre_sowing,red,231.1,52.7,31.1,high,medium,low,72.7,17.6,2.9,SSP + MOP,22.5,65.2,"Apply 7 days before sowing, mix into topsoil 10-15cm",Same as kharif moong
linseed,vegetative,sandy,203.8,106.3,71.2,high,high,medium,25.1,21.4,1.5,Urea,7.2,10.8,Top dress at 20-30 DAS; broadcast and irrigate,Top dress
sugarcane,germination,alluvial,231.4,107.6,38.7,high,high,low,39.1,13.7,1.5,Urea,15.0,22.5,Apply at sowing time or within first 7 DAS,Germination boost
chickpea,germination,alluvial,163.6,74.3,154.3,high,medium,high,47.7,12.7,9.1,Rhizobium Biofert,5.0,45.5,Apply at sowing time or within first 7 DAS,Seed inoculation
sunflower_kharif,flowering,laterite,273.5,104.7,162.5,high,high,high,49.3,35.7,5.3,Boron Spray,5.0,26.5,Apply at flower bud initiation; avoid leaf contact,Prevent hollow stem
jowar_rabi,pre_sowing,black_cotton,183.2,75.9,82.6,high,medium,medium,24.2,20.5,1.0,DAP + MOP,30.0,30.0,"Apply 7 days before sowing, mix into topsoil 10-15cm",Full P and K basal
groundnut,pre_sowing,laterite,83.8,40.9,127.7,medium,low,high,53.4,36.0,7.2,SSP + Gypsum,36.0,259.2,"Apply 7 days before sowing, mix into topsoil 10-15cm",Ca from gypsum for pod fill
rice,pre_sowing,laterite,96.1,91.0,69.2,high,high,medium,75.3,20.0,9.6,DAP,18.0,172.8,"Apply 7 days before sowing, mix into topsoil 10-15cm",Basal
tomato,vegetative,laterite,166.1,108.5,178.0,high,high,high,40.8,20.3,2.8,Urea,12.0,33.6,Top dress at 20-30 DAS; broadcast and irrigate,Vegetative growth
moong_rabi,germination,black_cotton,63.6,61.6,96.8,medium,medium,medium,36.5,29.4,0.7,Rhizobium Biofert,5.0,3.5,Apply at sowing time or within first 7 DAS,Seed treatment
linseed,vegetative,red,161.1,106.4,28.7,high,high,low,78.4,30.3,8.0,Urea,7.2,57.6,Top dress at 20-30 DAS; broadcast and irrigate,Top dress
safflower,pre_sowing,laterite,168.6,100.9,45.5,high,high,low,20.5,36.7,1.4,DAP + MOP,18.8,26.3,"Apply 7 days before sowing, mix into topsoil 10-15cm",Basal
tomato,flowering,red,222.8,23.3,57.8,high,low,medium,23.4,18.7,1.1,19:19:19 NPK,9.0,9.9,Apply at flower bud initiation; avoid leaf contact,Balanced NPK at fruit set
soybean,pre_sowing,alluvial,261.1,50.9,46.5,high,medium,low,59.0,25.7,7.1,SSP + MOP,31.2,221.5,"Apply 7 days before sowing, mix into topsoil 10-15cm","Basal: 0 N, 50 P2O5, 40 K2O kg/ha via SSP+MOP"
sunflower_rabi,vegetative,alluvial,42.0,92.5,175.8,medium,high,high,79.4,22.6,0.9,Urea,18.0,16.2,Top dress at 20-30 DAS; broadcast and irrigate,Top dress
sunflower_rabi,pre_sowing,black_cotton,168.5,109.6,99.4,high,high,medium,20.4,12.7,3.3,DAP + MOP,18.0,59.4,"Apply 7 days before sowing, mix into topsoil 10-15cm",Basal
turmeric,grain_fill,black_cotton,144.6,113.5,170.7,high,high,high,53.8,26.9,0.6,MOP,10.0,6.0,Foliar spray or side dress during grain/fruit development,Curcumin synthesis
cucumber,pre_sowing,black_cotton,213.0,74.3,56.2,high,medium,medium,32.3,28.8,9.8,DAP + MOP,25.0,245.0,"Apply 7 days before sowing, mix into topsoil 10-15cm",Basal
onion,harvest,black_cotton,141.1,21.6,167.7,high,low,high,67.9,14.0,7.2,NO FERTILIZER,0.0,0.0,Do not apply; withholding period required,Stop 3 weeks before harvest
rice,pre_sowing,alluvial,19.4,70.1,187.5,low,medium,high,39.4,13.8,7.7,DAP,30.0,231.0,"Apply 7 days before sowing, mix into topsoil 10-15cm",Basal
maize_kharif,pre_sowing,alluvial,39.7,25.4,21.6,low,low,low,31.0,29.9,5.2,DAP + MOP,52.5,273.0,"Apply 7 days before sowing, mix into topsoil 10-15cm",Full P+K; half N basal
soybean,grain_fill,alluvial,50.9,60.4,164.8,medium,medium,high,71.6,29.8,3.4,Micronutrient Mix,5.0,17.0,Foliar spray or side dress during grain/fruit development,Zinc + Boron foliar spray
sesame,vegetative,alluvial,174.9,20.0,142.0,high,low,high,73.7,16.0,8.1,Urea,7.2,58.3,Top dress at 20-30 DAS; broadcast and irrigate,Top dress
onion,pre_sowing,sandy,126.8,76.6,114.2,high,medium,high,29.3,20.5,6.1,DAP + MOP,17.5,106.8,"Apply 7 days before sowing, mix into topsoil 10-15cm",Full P+K; half N
chilli,vegetative,laterite,162.3,28.8,92.0,high,low,medium,22.8,14.6,9.0,Urea,10.8,97.2,Top dress at 20-30 DAS; broadcast and irrigate,Plant establishment
safflower,pre_sowing,laterite,35.7,97.5,67.0,low,high,medium,78.5,37.1,9.6,DAP + MOP,15.0,144.0,"Apply 7 days before sowing, mix into topsoil 10-15cm",Basal
rice,pre_sowing,black_cotton,235.4,115.7,155.4,high,high,high,59.5,12.7,6.5,DAP,18.0,117.0,"Apply 7 days before sowing, mix into topsoil 10-15cm",Basal
watermelon,vegetative,red,144.0,107.0,69.9,high,high,medium,35.1,29.7,6.1,Urea,9.0,54.9,Top dress at 20-30 DAS; broadcast and irrigate,Vine growth
chilli,pre_sowing,red,98.2,26.9,197.4,high,low,high,39.3,34.6,9.4,DAP + MOP,21.0,197.4,"Apply 7 days before sowing, mix into topsoil 10-15cm",Basal
urad,germination,alluvial,115.1,71.9,180.5,high,medium,high,20.8,27.4,5.3,Rhizobium Biofert,5.0,26.5,Apply at sowing time or within first 7 DAS,Seed inoculation
jowar_rabi,pre_sowing,red,123.0,35.3,163.1,high,low,high,64.9,32.0,4.5,DAP + MOP,18.0,81.0,"Apply 7 days before sowing, mix into topsoil 10-15cm",Full P and K basal
turmeric,vegetative,black_cotton,271.1,33.9,52.2,high,low,medium,65.3,23.6,1.2,Urea + MOP,18.0,21.6,Top dress at 20-30 DAS; broadcast and irrigate,Rhizome development
orange,pre_sowing,alluvial,75.1,79.0,35.6,medium,medium,low,78.0,23.4,0.7,DAP + MOP,43.8,30.7,"Apply 7 days before sowing, mix into topsoil 10-15cm",Post-harvest dose
orange,flowering,laterite,203.7,86.0,116.5,high,high,high,64.5,27.2,3.1,Urea,12.0,37.2,Apply at flower bud initiation; avoid leaf contact,Flush growth
chickpea,germination,black_cotton,130.1,90.3,123.8,high,high,high,72.4,36.2,1.1,Rhizobium Biofert,5.0,5.5,Apply at sowing time or within first 7 DAS,Seed inoculation
sesame,pre_sowing,sandy,213.6,68.2,159.5,high,medium,high,24.2,19.0,6.7,DAP,18.0,120.6,"Apply 7 days before sowing, mix into topsoil 10-15cm",Light feeder
sunflower_rabi,vegetative,alluvial,238.1,44.1,68.4,high,low,medium,25.2,15.4,4.3,Urea,10.8,46.4,Top dress at 20-30 DAS; broadcast and irrigate,Top dress
grapes,grain_fill,laterite,47.9,36.7,25.4,medium,low,low,55.2,36.3,3.5,MOP,25.0,87.5,Foliar spray or side dress during grain/fruit development,Maturity
cotton,pre_sowing,red,140.6,31.9,116.0,high,low,high,39.8,33.7,0.7,DAP + MOP,24.0,16.8,"Apply 7 days before sowing, mix into topsoil 10-15cm",Basal: 25N 25P 25K
sesame,pre_sowing,alluvial,229.2,51.9,20.0,high,medium,low,61.4,23.2,2.7,DAP,18.0,48.6,"Apply 7 days before sowing, mix into topsoil 10-15cm",Light feeder
cucumber,pre_sowing,laterite,244.8,91.3,145.2,high,high,high,40.0,26.8,9.9,DAP + MOP,7.5,74.2,"Apply 7 days before sowing, mix into topsoil 10-15cm",Basal
sesame,pre_sowing,sandy,135.2,63.4,111.5,high,medium,high,31.7,12.3,5.9,DAP,18.0,106.2,"Apply 7 days before sowing, mix into topsoil 10-15cm",Light feeder
orange,pre_sowing,alluvial,50.2,82.4,36.9,medium,high,low,32.0,19.3,0.9,DAP + MOP,26.2,23.6,"Apply 7 days before sowing, mix into topsoil 10-15cm",Post-harvest dose
pomegranate,grain_fill,black_cotton,276.9,39.5,35.5,high,low,low,41.5,25.3,0.6,MOP + Calcium,31.2,18.7,Foliar spray or side dress during grain/fruit development,Fruit development
pomegranate,pre_sowing,laterite,213.5,106.5,122.5,high,high,high,46.2,35.6,4.5,DAP + MOP,10.5,47.2,"Apply 7 days before sowing, mix into topsoil 10-15cm",Pre-bloom
jowar_rabi,vegetative,black_cotton,46.8,108.5,146.3,medium,high,high,72.8,23.1,9.9,Urea,20.0,198.0,Top dress at 20-30 DAS; broadcast and irrigate,Split N top dress
sunflower_kharif,pre_sowing,red,65.9,107.2,188.4,medium,high,high,73.9,32.5,9.8,DAP + MOP,9.0,88.2,"Apply 7 days before sowing, mix into topsoil 10-15cm",Basal
sunflower_kharif,flowering,laterite,279.8,28.0,172.3,high,low,high,52.0,14.3,6.2,Boron Spray,5.0,31.0,Apply at flower bud initiation; avoid leaf contact,Prevent hollow stem
sugarcane,germination,laterite,110.6,92.3,194.8,high,high,high,29.7,30.5,4.2,Urea,15.0,63.0,Apply at sowing time or within first 7 DAS,Germination boost
chickpea,pre_sowing,black_cotton,163.6,45.6,93.1,high,medium,medium,33.9,14.7,2.4,SSP + MOP,20.0,48.0,"Apply 7 days before sowing, mix into topsoil 10-15cm",Low N; P and K basal
linseed,vegetative,laterite,253.5,118.9,167.6,high,high,high,20.4,15.7,9.2,Urea,7.2,66.2,Top dress at 20-30 DAS; broadcast and irrigate,Top dress
bajra,vegetative,alluvial,32.9,104.4,96.6,low,high,medium,48.0,24.5,6.5,Urea,23.4,152.1,Top dress at 20-30 DAS; broadcast and irrigate,N top dress 3 weeks after sowing
linseed,pre_sowing,alluvial,69.3,100.5,131.8,medium,high,high,36.1,20.3,2.7,DAP + MOP,6.0,16.2,"Apply 7 days before sowing, mix into topsoil 10-15cm",Basal
watermelon,flowering,red,174.5,67.2,102.3,high,medium,high,24.3,32.9,4.1,19:19:19 NPK,3.6,14.8,Apply at flower bud initiation; avoid leaf contact,Fruit set
safflower,vegetative,laterite,73.1,45.0,43.2,medium,medium,low,57.0,31.1,0.7,Urea,15.0,10.5,Top dress at 20-30 DAS; broadcast and irrigate,Rosette stage
tomato,pre_sowing,red,236.3,55.9,68.2,high,medium,medium,36.2,18.6,3.0,DAP + MOP,40.0,120.0,"Apply 7 days before sowing, mix into topsoil 10-15cm",Full P+K; half N
urad,pre_sowing,sandy,218.4,109.5,82.0,high,high,medium,79.9,37.5,8.1,SSP + MOP,10.8,87.5,"Apply 7 days before sowing, mix into topsoil 10-15cm",Basal P+K
jowar_rabi,pre_sowing,alluvial,29.1,44.6,174.3,low,low,high,60.5,24.8,9.8,DAP + MOP,18.0,176.4,"Apply 7 days before sowing, mix into topsoil 10-15cm",Full P and K basal
maize_kharif,pre_sowing,sandy,109.9,116.9,174.5,high,high,high,72.1,27.1,8.6,DAP + MOP,10.5,90.3,"Apply 7 days before sowing, mix into topsoil 10-15cm",Full P+K; half N basal
safflower,pre_sowing,laterite,71.6,24.2,31.2,medium,low,low,77.6,26.9,3.2,DAP + MOP,37.5,120.0,"Apply 7 days before sowing, mix into topsoil 10-15cm",Basal
sunflower_rabi,flowering,laterite,215.2,38.6,54.5,high,low,medium,78.0,35.6,2.8,Boron Spray,5.0,14.0,Apply at flower bud initiation; avoid leaf contact,Pollination support
cotton,grain_fill,red,86.7,80.8,93.1,medium,high,medium,47.6,25.4,4.9,MOP,15.0,73.5,Foliar spray or side dress during grain/fruit development,Fibre quality
sunflower_kharif,pre_sowing,red,56.5,46.4,124.1,medium,medium,high,73.5,24.3,1.4,DAP + MOP,15.0,21.0,"Apply 7 days before sowing, mix into topsoil 10-15cm",Basal
sunflower_kharif,pre_sowing,black_cotton,222.3,82.3,80.3,high,high,medium,51.2,26.7,5.3,DAP + MOP,18.0,95.4,"Apply 7 days before sowing, mix into topsoil 10-15cm",Basal
rice,pre_sowing,red,116.7,58.1,137.6,high,medium,high,65.5,12.3,3.5,DAP,30.0,105.0,"Apply 7 days before sowing, mix into topsoil 10-15cm",Basal
sunflower_rabi,flowering,alluvial,100.6,50.5,171.0,high,medium,high,34.4,20.9,2.8,Boron Spray,5.0,14.0,Apply at flower bud initiation; avoid leaf contact,Pollination support
watermelon,vegetative,black_cotton,44.7,82.9,89.8,medium,high,medium,50.2,15.7,9.7,Urea,15.0,145.5,Top dress at 20-30 DAS; broadcast and irrigate,Vine growth
banana,pre_sowing,laterite,125.2,101.8,148.2,high,high,high,28.1,13.7,8.9,DAP + MOP,18.0,160.2,"Apply 7 days before sowing, mix into topsoil 10-15cm",Heavy K feeder; high basal
mustard,pre_sowing,sandy,185.0,26.6,43.3,high,low,low,56.0,33.8,3.5,DAP + MOP,37.5,131.2,"Apply 7 days before sowing, mix into topsoil 10-15cm",Basal; sulfur from SSP
sunflower_kharif,vegetative,alluvial,195.2,47.9,139.5,high,medium,high,44.1,30.3,4.1,Urea,10.8,44.3,Top dress at 20-30 DAS; broadcast and irrigate,Top dress
sunflower_rabi,vegetative,red,10.7,102.9,118.9,low,high,high,28.6,36.4,8.8,Urea,23.4,205.9,Top dress at 20-30 DAS; broadcast and irrigate,Top dress
sugarcane,harvest,black_cotton,157.8,97.1,59.9,high,high,medium,24.9,17.1,6.6,MOP,20.0,132.0,Do not apply; withholding period required,Juice quality
pomegranate,grain_fill,black_cotton,21.0,89.3,47.4,low,high,low,71.5,37.8,1.6,MOP + Calcium,31.2,49.9,Foliar spray or side dress during grain/fruit development,Fruit development
groundnut,germination,black_cotton,240.1,112.0,30.3,high,high,low,51.0,16.2,1.9,Rhizobium Biofert,5.0,9.5,Apply at sowing time or within first 7 DAS,Seed inoculation
rabi_maize,pre_sowing,alluvial,63.2,99.7,154.0,medium,high,high,35.9,12.1,8.8,DAP + MOP,10.5,92.4,"Apply 7 days before sowing, mix into topsoil 10-15cm",Same as kharif maize
cotton,flowering,laterite,42.5,26.9,155.1,medium,low,high,74.0,13.7,4.3,Urea,25.0,107.5,Apply at flower bud initiation; avoid leaf contact,Boll development
rice,pre_sowing,sandy,228.9,100.2,168.5,high,high,high,36.7,30.8,5.7,DAP,18.0,102.6,"Apply 7 days before sowing, mix into topsoil 10-15cm",Basal
moong_rabi,germination,black_cotton,114.4,49.7,132.3,high,medium,high,35.9,18.5,9.7,Rhizobium Biofert,5.0,48.5,Apply at sowing time or within first 7 DAS,Seed treatment
cotton,flowering,alluvial,104.5,46.5,64.0,high,medium,medium,71.8,27.6,6.1,Urea,15.0,91.5,Apply at flower bud initiation; avoid leaf contact,Boll development
tur_arhar,vegetative,laterite,110.6,54.4,198.5,high,medium,high,50.2,19.6,6.8,Urea,6.0,40.8,Top dress at 20-30 DAS; broadcast and irrigate,Light N if pale
groundnut,pre_sowing,black_cotton,258.3,64.7,139.0,high,medium,high,54.8,26.1,2.3,SSP + Gypsum,30.0,69.0,"Apply 7 days before sowing, mix into topsoil 10-15cm",Ca from gypsum for pod fill
sunflower_rabi,flowering,sandy,258.3,88.1,155.8,high,high,high,72.1,19.7,4.5,Boron Spray,5.0,22.5,Apply at flower bud initiation; avoid leaf contact,Pollination support
chickpea,germination,laterite,83.1,37.4,35.1,medium,low,low,53.0,34.2,3.3,Rhizobium Biofert,5.0,16.5,Apply at sowing time or within first 7 DAS,Seed inoculation
mustard,vegetative,alluvial,191.6,102.7,141.5,high,high,high,77.8,17.0,8.0,Urea,10.8,86.4,Top dress at 20-30 DAS; broadcast and irrigate,Top dress at 20 DAS
banana,pre_sowing,red,54.7,25.4,179.1,medium,low,high,34.6,17.9,4.0,DAP + MOP,36.0,144.0,"Apply 7 days before sowing, mix into topsoil 10-15cm",Heavy K feeder; high basal
mustard,pre_sowing,black_cotton,44.3,21.1,30.4,medium,low,low,22.3,34.0,1.7,DAP + MOP,37.5,63.8,"Apply 7 days before sowing, mix into topsoil 10-15cm",Basal; sulfur from SSP
sunflower_kharif,pre_sowing,sandy,118.0,115.7,37.1,high,high,low,79.4,23.7,7.5,DAP + MOP,22.5,168.8,"Apply 7 days before sowing, mix into topsoil 10-15cm",Basal
wheat,vegetative,alluvial,18.0,101.6,132.6,low,high,high,77.9,18.6,1.9,Urea,26.0,49.4,Top dress at 20-30 DAS; broadcast and irrigate,Tillering
sunflower_kharif,vegetative,black_cotton,237.2,114.9,75.2,high,high,medium,51.9,16.9,7.0,Urea,10.8,75.6,Top dress at 20-30 DAS; broadcast and irrigate,Top dress
maize_kharif,vegetative,laterite,27.2,63.5,180.9,low,medium,high,79.1,33.6,6.5,Urea,32.5,211.2,Top dress at 20-30 DAS; broadcast and irrigate,Knee high stage N
rice,vegetative,laterite,263.1,82.0,51.5,high,high,medium,62.1,30.4,3.2,Urea,13.2,42.2,Top dress at 20-30 DAS; broadcast and irrigate,25-30 DAS tillering
groundnut,grain_fill,black_cotton,173.9,27.4,195.2,high,low,high,63.9,16.3,3.1,MOP,5.0,15.5,Foliar spray or side dress during grain/fruit development,Kernel filling
cotton,pre_sowing,sandy,107.6,28.3,75.2,high,low,medium,61.3,35.7,2.2,DAP + MOP,48.0,105.6,"Apply 7 days before sowing, mix into topsoil 10-15cm",Basal: 25N 25P 25K
moong_rabi,pre_sowing,laterite,180.0,73.7,127.5,high,medium,high,54.4,16.2,6.6,SSP + MOP,9.0,59.4,"Apply 7 days before sowing, mix into topsoil 10-15cm",Same as kharif moong
jowar_kharif,vegetative,laterite,129.1,66.0,82.1,high,medium,medium,27.3,26.0,9.4,Urea,12.0,112.8,Top dress at 20-30 DAS; broadcast and irrigate,Top dress after 3-4 weeks
bajra,flowering,laterite,210.5,100.9,23.6,high,high,low,48.3,13.2,2.4,Urea,6.0,14.4,Apply at flower bud initiation; avoid leaf contact,Booster dose
jowar_kharif,flowering,alluvial,169.5,87.2,103.1,high,high,high,38.8,35.3,7.4,Urea,9.0,66.6,Apply at flower bud initiation; avoid leaf contact,Second top dress
moong_kharif,germination,red,128.7,94.6,188.4,high,high,high,70.4,26.1,5.5,Rhizobium Biofert,5.0,27.5,Apply at sowing time or within first 7 DAS,Seed treatment
chickpea,germination,sandy,131.3,22.8,38.5,high,low,low,58.8,19.8,4.4,Rhizobium Biofert,5.0,22.0,Apply at sowing time or within first 7 DAS,Seed inoculation
jowar_kharif,vegetative,red,231.4,115.3,22.2,high,high,low,22.7,33.9,4.9,Urea,12.0,58.8,Top dress at 20-30 DAS; broadcast and irrigate,Top dress after 3-4 weeks
watermelon,pre_sowing,laterite,196.0,64.0,108.2,high,medium,high,49.0,28.2,9.4,DAP + MOP,15.0,141.0,"Apply 7 days before sowing, mix into topsoil 10-15cm",Basal
soybean,germination,black_cotton,206.3,39.1,141.7,high,low,high,72.9,37.8,7.4,Rhizobium Biofert,5.0,37.0,Apply at sowing time or within first 7 DAS,Seed treatment reduces N requirement
moong_kharif,flowering,laterite,253.7,64.4,195.9,high,medium,high,52.5,29.1,6.5,MOP,4.0,26.0,Apply at flower bud initiation; avoid leaf contact,Pod fill
soybean,grain_fill,sandy,128.4,51.6,185.7,high,medium,high,47.1,12.4,3.3,Micronutrient Mix,5.0,16.5,Foliar spray or side dress during grain/fruit development,Zinc + Boron foliar spray
linseed,vegetative,sandy,30.9,41.5,103.4,low,low,high,47.0,28.1,4.9,Urea,15.6,76.4,Top dress at 20-30 DAS; broadcast and irrigate,Top dress
bajra,flowering,black_cotton,186.1,68.5,130.0,high,medium,high,34.5,37.8,8.1,Urea,6.0,48.6,Apply at flower bud initiation; avoid leaf contact,Booster dose
bajra,flowering,red,267.8,34.2,112.1,high,low,high,22.0,12.8,1.5,Urea,6.0,9.0,Apply at flower bud initiation; avoid leaf contact,Booster dose
linseed,vegetative,laterite,241.7,86.9,48.0,high,high,low,49.2,27.2,5.5,Urea,7.2,39.6,Top dress at 20-30 DAS; broadcast and irrigate,Top dress
safflower,pre_sowing,sandy,76.8,67.8,126.2,medium,medium,high,20.7,31.6,6.2,DAP + MOP,12.5,77.5,"Apply 7 days before sowing, mix into topsoil 10-15cm",Basal
sunflower_rabi,vegetative,laterite,23.7,105.7,106.9,low,high,high,42.2,19.9,5.1,Urea,23.4,119.3,Top dress at 20-30 DAS; broadcast and irrigate,Top dress
urad,pre_sowing,black_cotton,227.4,48.4,54.4,high,medium,medium,39.9,13.7,5.5,SSP + MOP,18.0,99.0,"Apply 7 days before sowing, mix into topsoil 10-15cm",Basal P+K
safflower,flowering,black_cotton,13.8,50.8,86.0,low,medium,medium,59.1,24.0,4.1,Urea,13.0,53.3,Apply at flower bud initiation; avoid leaf contact,Capitulum stage
chickpea,germination,laterite,37.3,117.3,20.7,low,high,low,55.8,28.7,5.8,Rhizobium Biofert,5.0,29.0,Apply at sowing time or within first 7 DAS,Seed inoculation
safflower,pre_sowing,sandy,10.5,25.4,46.4,low,low,low,43.9,15.2,1.8,DAP + MOP,37.5,67.5,"Apply 7 days before sowing, mix into topsoil 10-15cm",Basal
mustard,flowering,laterite,263.9,30.1,136.7,high,low,high,46.3,29.1,7.7,Urea,6.0,46.2,Apply at flower bud initiation; avoid leaf contact,Booster
safflower,pre_sowing,black_cotton,137.9,28.8,70.6,high,low,medium,28.3,30.5,5.9,DAP + MOP,30.0,177.0,"Apply 7 days before sowing, mix into topsoil 10-15cm",Basal
maize_kharif,flowering,laterite,19.4,53.3,197.8,low,medium,high,35.4,22.6,4.1,Urea,26.0,106.6,Apply at flower bud initiation; avoid leaf contact,Tasselling stage
wheat,flowering,alluvial,83.9,105.8,32.9,medium,high,low,45.5,26.2,3.1,Urea,10.0,31.0,Apply at flower bud initiation; avoid leaf contact,Grain initiation
pomegranate,flowering,alluvial,125.4,95.0,122.7,high,high,high,61.3,23.9,1.6,Urea + MOP,9.0,14.4,Apply at flower bud initiation; avoid leaf contact,Fruit set
orange,pre_sowing,sandy,267.2,95.1,178.5,high,high,high,75.3,37.1,6.7,DAP + MOP,10.5,70.4,"Apply 7 days before sowing, mix into topsoil 10-15cm",Post-harvest dose
urad,germination,laterite,107.9,61.8,87.9,high,medium,medium,70.4,35.9,8.6,Rhizobium Biofert,5.0,43.0,Apply at sowing time or within first 7 DAS,Seed inoculation
pomegranate,flowering,black_cotton,184.4,24.3,76.7,high,low,medium,78.1,27.3,8.3,Urea + MOP,18.0,149.4,Apply at flower bud initiation; avoid leaf contact,Fruit set
chilli,pre_sowing,sandy,34.5,101.1,183.2,low,high,high,43.9,32.5,5.4,DAP + MOP,10.5,56.7,"Apply 7 days before sowing, mix into topsoil 10-15cm",Basal
watermelon,pre_sowing,red,271.3,99.3,118.9,high,high,high,37.6,26.4,1.5,DAP + MOP,9.0,13.5,"Apply 7 days before sowing, mix into topsoil 10-15cm",Basal
pomegranate,grain_fill,red,108.6,111.6,122.8,high,high,high,56.7,37.2,6.9,MOP + Calcium,12.5,86.2,Foliar spray or side dress during grain/fruit development,Fruit development
linseed,pre_sowing,alluvial,14.0,100.3,182.3,low,high,high,57.2,22.4,4.5,DAP + MOP,6.0,27.0,"Apply 7 days before sowing, mix into topsoil 10-15cm",Basal
moong_rabi,germination,sandy,144.3,113.2,97.6,high,high,medium,66.5,24.8,5.1,Rhizobium Biofert,5.0,25.5,Apply at sowing time or within first 7 DAS,Seed treatment
bajra,vegetative,red,188.0,50.7,27.7,high,medium,low,33.0,17.2,7.0,Urea,10.8,75.6,Top dress at 20-30 DAS; broadcast and irrigate,N top dress 3 weeks after sowing
sunflower_rabi,pre_sowing,black_cotton,187.4,90.7,190.5,high,high,high,61.0,17.1,1.8,DAP + MOP,9.0,16.2,"Apply 7 days before sowing, mix into topsoil 10-15cm",Basal
sunflower_kharif,pre_sowing,alluvial,139.0,117.3,36.7,high,high,low,46.5,13.3,4.5,DAP + MOP,22.5,101.2,"Apply 7 days before sowing, mix into topsoil 10-15cm",Basal
tur_arhar,germination,black_cotton,124.3,108.6,161.9,high,high,high,41.9,31.6,9.5,Rhizobium Biofert,5.0,47.5,Apply at sowing time or within first 7 DAS,Seed treatment
onion,grain_fill,red,105.0,89.6,179.3,high,high,high,49.1,35.6,4.9,MOP,7.5,36.8,Foliar spray or side dress during grain/fruit development,Bulb development
linseed,vegetative,red,208.3,104.0,110.0,high,high,high,60.2,15.4,3.2,Urea,7.2,23.0,Top dress at 20-30 DAS; broadcast and irrigate,Top dress
rice,grain_fill,black_cotton,207.1,74.0,185.9,high,medium,high,30.9,28.6,7.2,MOP,6.0,43.2,Foliar spray or side dress during grain/fruit development,Grain filling stage
safflower,vegetative,sandy,111.1,68.4,89.9,high,medium,medium,79.3,18.0,6.0,Urea,9.0,54.0,Top dress at 20-30 DAS; broadcast and irrigate,Rosette stage
moong_kharif,flowering,sandy,191.2,90.5,104.8,high,high,high,79.4,37.5,6.0,MOP,4.0,24.0,Apply at flower bud initiation; avoid leaf contact,Pod fill
jowar_kharif,flowering,black_cotton,137.9,34.1,116.8,high,low,high,28.6,36.5,2.6,Urea,9.0,23.4,Apply at flower bud initiation; avoid leaf contact,Second top dress
wheat,vegetative,red,271.8,38.8,59.3,high,low,medium,59.3,27.2,10.0,Urea,12.0,120.0,Top dress at 20-30 DAS; broadcast and irrigate,Tillering
rice,grain_fill,alluvial,230.1,91.7,192.3,high,high,high,24.5,23.5,10.0,MOP,6.0,60.0,Foliar spray or side dress during grain/fruit development,Grain filling stage
onion,grain_fill,sandy,224.1,117.4,160.7,high,high,high,43.5,27.7,1.6,MOP,7.5,12.0,Foliar spray or side dress during grain/fruit development,Bulb development
grapes,grain_fill,red,124.6,104.9,87.3,high,high,medium,42.3,26.1,6.4,MOP,20.0,128.0,Foliar spray or side dress during grain/fruit development,Maturity
jowar_kharif,flowering,laterite,12.1,99.6,65.3,low,high,medium,67.2,34.6,0.9,Urea,19.5,17.6,Apply at flower bud initiation; avoid leaf contact,Second top dress
sunflower_kharif,pre_sowing,red,214.4,35.2,99.5,high,low,medium,30.2,16.9,7.1,DAP + MOP,36.0,255.6,"Apply 7 days before sowing, mix into topsoil 10-15cm",Basal
urad,flowering,laterite,15.9,103.5,82.1,low,high,medium,29.2,12.5,3.9,MOP,8.0,31.2,Apply at flower bud initiation; avoid leaf contact,Pod development
soybean,pre_sowing,sandy,124.8,102.7,127.2,high,high,high,59.5,15.2,0.6,SSP + MOP,7.5,4.5,"Apply 7 days before sowing, mix into topsoil 10-15cm","Basal: 0 N, 50 P2O5, 40 K2O kg/ha via SSP+MOP"
rabi_maize,vegetative,sandy,166.6,106.1,49.7,high,high,low,36.7,37.3,6.6,Urea,15.0,99.0,Top dress at 20-30 DAS; broadcast and irrigate,Top dress
pomegranate,grain_fill,black_cotton,174.4,118.6,91.6,high,high,medium,60.7,19.0,1.7,MOP + Calcium,25.0,42.5,Foliar spray or side dress during grain/fruit development,Fruit development
jowar_rabi,pre_sowing,red,259.5,49.3,189.4,high,medium,high,35.9,35.5,1.4,DAP + MOP,15.0,21.0,"Apply 7 days before sowing, mix into topsoil 10-15cm",Full P and K basal
sugarcane,germination,alluvial,84.5,24.3,177.8,medium,low,high,58.5,23.6,4.8,Urea,25.0,120.0,Apply at sowing time or within first 7 DAS,Germination boost
sunflower_rabi,pre_sowing,sandy,246.2,43.3,187.3,high,low,high,68.9,23.8,8.5,DAP + MOP,18.0,153.0,"Apply 7 days before sowing, mix into topsoil 10-15cm",Basal
linseed,pre_sowing,alluvial,223.2,115.9,172.6,high,high,high,46.2,33.3,3.9,DAP + MOP,6.0,23.4,"Apply 7 days before sowing, mix into topsoil 10-15cm",Basal
tur_arhar,flowering,red,134.5,57.2,84.3,high,medium,medium,65.2,27.7,1.0,MOP,10.0,10.0,Apply at flower bud initiation; avoid leaf contact,Pod setting
sugarcane,harvest,red,186.5,20.2,119.3,high,low,high,69.8,22.8,4.0,MOP,10.0,40.0,Do not apply; withholding period required,Juice quality
orange,grain_fill,red,240.7,77.2,47.6,high,medium,low,51.9,37.0,8.9,MOP + Micronutrient,25.0,222.5,Foliar spray or side dress during grain/fruit development,Fruit color + quality
tur_arhar,germination,sandy,123.5,59.0,137.9,high,medium,high,32.1,17.0,8.8,Rhizobium Biofert,5.0,44.0,Apply at sowing time or within first 7 DAS,Seed treatment
bajra,vegetative,black_cotton,233.6,101.3,67.1,high,high,medium,71.7,19.4,4.6,Urea,10.8,49.7,Top dress at 20-30 DAS; broadcast and irrigate,N top dress 3 weeks after sowing
mustard,flowering,laterite,153.8,21.5,50.2,high,low,medium,61.3,12.9,6.5,Urea,6.0,39.0,Apply at flower bud initiation; avoid leaf contact,Booster
wheat,pre_sowing,sandy,23.0,103.9,91.7,low,high,medium,33.4,26.7,6.9,DAP + MOP,21.0,144.9,"Apply 7 days before sowing, mix into topsoil 10-15cm",Full P+K; half N
bajra,pre_sowing,red,255.9,32.0,83.8,high,low,medium,64.0,17.4,7.0,DAP,24.0,168.0,"Apply 7 days before sowing, mix into topsoil 10-15cm",Basal P
safflower,vegetative,red,120.8,67.0,120.5,high,medium,high,75.2,31.2,6.4,Urea,9.0,57.6,Top dress at 20-30 DAS; broadcast and irrigate,Rosette stage
groundnut,flowering,sandy,213.4,60.6,117.7,high,medium,high,56.1,27.7,8.3,Gypsum,25.0,207.5,Apply at flower bud initiation; avoid leaf contact,Peg development
orange,grain_fill,sandy,12.4,103.2,101.8,low,high,high,31.6,20.0,8.4,MOP + Micronutrient,10.0,84.0,Foliar spray or side dress during grain/fruit development,Fruit color + quality
soybean,grain_fill,laterite,86.2,34.4,119.3,medium,low,high,77.2,22.6,2.6,Micronutrient Mix,5.0,13.0,Foliar spray or side dress during grain/fruit development,Zinc + Boron foliar spray
moong_rabi,germination,sandy,202.9,84.6,164.7,high,high,high,64.1,24.0,1.7,Rhizobium Biofert,5.0,8.5,Apply at sowing time or within first 7 DAS,Seed treatment
onion,harvest,sandy,250.0,113.2,56.0,high,high,medium,44.5,22.6,8.2,NO FERTILIZER,0.0,0.0,Do not apply; withholding period required,Stop 3 weeks before harvest
mustard,pre_sowing,alluvial,129.8,87.4,118.8,high,high,high,29.8,17.2,7.3,DAP + MOP,7.5,54.8,"Apply 7 days before sowing, mix into topsoil 10-15cm",Basal; sulfur from SSP
watermelon,grain_fill,alluvial,163.6,50.9,143.0,high,medium,high,64.7,35.2,4.5,MOP,7.5,33.8,Foliar spray or side dress during grain/fruit development,Fruit sweetness
jowar_rabi,vegetative,red,123.2,70.4,51.1,high,medium,medium,40.5,30.5,3.2,Urea,12.0,38.4,Top dress at 20-30 DAS; broadcast and irrigate,Split N top dress
sunflower_rabi,pre_sowing,alluvial,278.7,48.5,51.7,high,medium,medium,47.4,25.5,9.7,DAP + MOP,30.0,291.0,"Apply 7 days before sowing, mix into topsoil 10-15cm",Basal
safflower,flowering,sandy,261.0,77.9,111.7,high,medium,high,45.7,30.6,3.8,Urea,6.0,22.8,Apply at flower bud initiation; avoid leaf contact,Capitulum stage
safflower,vegetative,sandy,87.9,27.2,174.6,medium,low,high,41.5,14.5,8.6,Urea,15.0,129.0,Top dress at 20-30 DAS; broadcast and irrigate,Rosette stage
sesame,pre_sowing,alluvial,39.8,108.3,155.9,low,high,high,53.6,36.8,7.9,DAP,10.8,85.3,"Apply 7 days before sowing, mix into topsoil 10-15cm",Light feeder
moong_rabi,pre_sowing,alluvial,73.3,118.9,58.4,medium,high,medium,66.2,36.1,7.4,SSP + MOP,10.8,79.9,"Apply 7 days before sowing, mix into topsoil 10-15cm",Same as kharif moong
tur_arhar,germination,black_cotton,170.0,87.6,62.3,high,high,medium,76.0,27.7,6.7,Rhizobium Biofert,5.0,33.5,Apply at sowing time or within first 7 DAS,Seed treatment
mustard,flowering,laterite,25.2,32.9,132.3,low,low,high,54.2,35.2,2.5,Urea,13.0,32.5,Apply at flower bud initiation; avoid leaf contact,Booster
bajra,flowering,red,108.1,86.6,163.5,high,high,high,21.0,23.9,9.7,Urea,6.0,58.2,Apply at flower bud initiation; avoid leaf contact,Booster dose
cucumber,flowering,alluvial,73.5,87.6,45.0,medium,high,low,79.0,23.3,1.7,MOP,15.0,25.5,Apply at flower bud initiation; avoid leaf contact,Fruit quality
chickpea,germination,laterite,186.7,95.4,107.1,high,high,high,57.3,25.4,7.3,Rhizobium Biofert,5.0,36.5,Apply at sowing time or within first 7 DAS,Seed inoculation
mustard,vegetative,black_cotton,130.9,57.6,96.0,high,medium,medium,28.4,25.0,9.0,Urea,10.8,97.2,Top dress at 20-30 DAS; broadcast and irrigate,Top dress at 20 DAS
chilli,pre_sowing,red,228.4,114.8,47.8,high,high,low,47.8,14.7,6.5,DAP + MOP,26.2,170.3,"Apply 7 days before sowing, mix into topsoil 10-15cm",Basal
pomegranate,pre_sowing,laterite,100.8,52.8,58.4,high,medium,medium,26.9,36.3,4.1,DAP + MOP,35.0,143.5,"Apply 7 days before sowing, mix into topsoil 10-15cm",Pre-bloom
moong_kharif,pre_sowing,sandy,268.3,29.4,181.6,high,low,high,72.4,35.1,8.0,SSP + MOP,10.8,86.4,"Apply 7 days before sowing, mix into topsoil 10-15cm",Low N legume
moong_kharif,germination,black_cotton,262.0,117.5,68.8,high,high,medium,44.7,34.0,4.1,Rhizobium Biofert,5.0,20.5,Apply at sowing time or within first 7 DAS,Seed treatment
linseed,vegetative,laterite,48.1,95.1,139.2,medium,high,high,53.4,36.7,8.0,Urea,12.0,96.0,Top dress at 20-30 DAS; broadcast and irrigate,Top dress
jowar_rabi,vegetative,sandy,232.0,70.1,167.8,high,medium,high,61.6,28.5,8.3,Urea,12.0,99.6,Top dress at 20-30 DAS; broadcast and irrigate,Split N top dress
moong_kharif,germination,alluvial,119.7,25.8,144.6,high,low,high,46.1,23.1,7.2,Rhizobium Biofert,5.0,36.0,Apply at sowing time or within first 7 DAS,Seed treatment
bajra,pre_sowing,sandy,182.1,110.1,65.8,high,high,medium,70.1,33.0,8.9,DAP,12.0,106.8,"Apply 7 days before sowing, mix into topsoil 10-15cm",Basal P
sunflower_rabi,vegetative,sandy,24.7,80.1,150.0,low,high,high,78.2,13.9,2.3,Urea,23.4,53.8,Top dress at 20-30 DAS; broadcast and irrigate,Top dress
chilli,pre_sowing,laterite,134.1,82.4,35.8,high,high,low,73.9,13.7,1.9,DAP + MOP,26.2,49.8,"Apply 7 days before sowing, mix into topsoil 10-15cm",Basal
moong_kharif,flowering,laterite,16.2,96.1,141.0,low,high,high,23.4,14.1,1.8,MOP,4.0,7.2,Apply at flower bud initiation; avoid leaf contact,Pod fill
rabi_maize,vegetative,black_cotton,160.4,49.7,128.6,high,medium,high,44.6,37.0,8.1,Urea,15.0,121.5,Top dress at 20-30 DAS; broadcast and irrigate,Top dress
onion,vegetative,black_cotton,32.5,54.9,180.5,low,medium,high,23.3,31.2,4.9,Urea,26.0,127.4,Top dress at 20-30 DAS; broadcast and irrigate,Leaf development
chilli,grain_fill,laterite,55.6,95.1,41.0,medium,high,low,57.8,16.8,0.7,MOP,15.0,10.5,Foliar spray or side dress during grain/fruit development,Pungency development
soybean,vegetative,black_cotton,182.3,119.2,140.0,high,high,high,68.7,27.7,8.7,Urea,7.2,62.6,Top dress at 20-30 DAS; broadcast and irrigate,Top dress if N deficiency observed
moong_kharif,pre_sowing,alluvial,279.1,42.1,73.5,high,low,medium,42.9,37.9,9.4,SSP + MOP,21.6,203.0,"Apply 7 days before sowing, mix into topsoil 10-15cm",Low N legume
linseed,pre_sowing,alluvial,29.7,28.5,174.0,low,low,high,38.3,15.6,8.6,DAP + MOP,12.0,103.2,"Apply 7 days before sowing, mix into topsoil 10-15cm",Basal
turmeric,vegetative,red,14.0,90.7,58.3,low,high,medium,68.5,32.1,3.0,Urea + MOP,39.0,117.0,Top dress at 20-30 DAS; broadcast and irrigate,Rhizome development
moong_kharif,flowering,red,170.5,74.5,137.9,high,medium,high,66.2,32.3,5.8,MOP,4.0,23.2,Apply at flower bud initiation; avoid leaf contact,Pod fill
tomato,grain_fill,red,97.3,84.6,50.8,high,high,medium,63.0,35.3,8.1,MOP + CaNO3,18.0,145.8,Foliar spray or side dress during grain/fruit development,Fruit development + Ca
jowar_rabi,flowering,red,265.8,91.0,53.8,high,high,medium,40.8,28.7,4.6,Urea,7.2,33.1,Apply at flower bud initiation; avoid leaf contact,Light booster
cucumber,pre_sowing,laterite,134.8,44.7,66.5,high,low,medium,35.7,32.6,8.3,DAP + MOP,30.0,249.0,"Apply 7 days before sowing, mix into topsoil 10-15cm",Basal
rice,germination,alluvial,14.7,80.7,82.5,low,high,medium,31.2,28.6,1.0,Urea,23.4,23.4,Apply at sowing time or within first 7 DAS,7-10 DAS
sugarcane,vegetative,black_cotton,88.0,32.4,54.4,medium,low,medium,21.2,14.7,6.4,Urea + MOP,50.0,320.0,Top dress at 20-30 DAS; broadcast and irrigate,Grand growth period
urad,pre_sowing,red,38.2,43.5,20.4,low,low,low,56.2,27.0,1.6,SSP + MOP,27.0,43.2,"Apply 7 days before sowing, mix into topsoil 10-15cm",Basal P+K
jowar_rabi,pre_sowing,laterite,92.5,90.7,87.0,high,high,medium,22.9,18.0,4.8,DAP + MOP,18.0,86.4,"Apply 7 days before sowing, mix into topsoil 10-15cm",Full P and K basal
sesame,pre_sowing,alluvial,166.1,105.4,134.7,high,high,high,72.0,22.2,4.1,DAP,10.8,44.3,"Apply 7 days before sowing, mix into topsoil 10-15cm",Light feeder
chickpea,flowering,laterite,81.9,41.8,60.5,medium,low,medium,62.4,13.5,5.5,MOP,8.0,44.0,Apply at flower bud initiation; avoid leaf contact,Foliar K for pod fill
cucumber,pre_sowing,red,174.3,91.1,68.0,high,high,medium,21.2,33.4,5.0,DAP + MOP,15.0,75.0,"Apply 7 days before sowing, mix into topsoil 10-15cm",Basal
cucumber,flowering,laterite,262.1,65.5,78.5,high,medium,medium,59.3,31.3,6.1,MOP,12.0,73.2,Apply at flower bud initiation; avoid leaf contact,Fruit quality
urad,pre_sowing,laterite,18.7,57.5,129.0,low,medium,high,39.3,32.3,8.2,SSP + MOP,9.0,73.8,"Apply 7 days before sowing, mix into topsoil 10-15cm",Basal P+K
jowar_kharif,pre_sowing,alluvial,12.2,110.8,195.2,low,high,high,38.4,36.4,5.1,DAP,15.0,76.5,"Apply 7 days before sowing, mix into topsoil 10-15cm",Basal P and N
turmeric,pre_sowing,red,40.2,80.8,135.9,medium,high,high,52.3,25.9,6.2,DAP + MOP,12.0,74.4,"Apply 7 days before sowing, mix into topsoil 10-15cm",High K demand
safflower,vegetative,black_cotton,236.9,44.9,45.3,high,low,low,69.3,25.1,3.1,Urea,9.0,27.9,Top dress at 20-30 DAS; broadcast and irrigate,Rosette stage
turmeric,grain_fill,alluvial,172.0,93.7,68.5,high,high,medium,66.5,25.1,1.1,MOP,20.0,22.0,Foliar spray or side dress during grain/fruit development,Curcumin synthesis
sesame,vegetative,sandy,24.6,111.1,189.2,low,high,high,37.7,23.7,1.6,Urea,15.6,25.0,Top dress at 20-30 DAS; broadcast and irrigate,Top dress
sunflower_kharif,pre_sowing,laterite,63.4,94.7,155.7,medium,high,high,26.2,24.5,3.5,DAP + MOP,9.0,31.5,"Apply 7 days before sowing, mix into topsoil 10-15cm",Basal
wheat,germination,red,217.3,73.6,141.9,high,medium,high,46.4,27.8,8.4,Urea,12.0,100.8,Apply at sowing time or within first 7 DAS,CRI stage
sesame,vegetative,red,232.9,85.8,137.3,high,high,high,47.8,16.8,4.3,Urea,7.2,31.0,Top dress at 20-30 DAS; broadcast and irrigate,Top dress
banana,grain_fill,red,249.7,97.1,106.9,high,high,high,74.6,12.9,3.3,MOP,20.0,66.0,Foliar spray or side dress during grain/fruit development,Bunch filling
chickpea,pre_sowing,alluvial,43.3,42.0,138.0,medium,low,high,30.7,34.7,5.9,SSP + MOP,12.0,70.8,"Apply 7 days before sowing, mix into topsoil 10-15cm",Low N; P and K basal
cucumber,vegetative,laterite,98.7,41.6,31.6,high,low,low,33.4,28.3,5.6,Urea,9.0,50.4,Top dress at 20-30 DAS; broadcast and irrigate,Growth boost
cotton,flowering,sandy,151.2,101.9,181.8,high,high,high,61.3,26.2,2.3,Urea,15.0,34.5,Apply at flower bud initiation; avoid leaf contact,Boll development
tomato,harvest,black_cotton,108.6,91.1,43.4,high,high,low,29.0,28.8,6.8,13:00:45 NPK,7.5,51.0,Do not apply; withholding period required,Quality booster
watermelon,pre_sowing,sandy,153.4,49.7,132.6,high,medium,high,49.8,29.3,2.4,DAP + MOP,15.0,36.0,"Apply 7 days before sowing, mix into topsoil 10-15cm",Basal
moong_kharif,germination,laterite,79.4,64.8,49.2,medium,medium,low,65.2,25.5,6.4,Rhizobium Biofert,5.0,32.0,Apply at sowing time or within first 7 DAS,Seed treatment
linseed,pre_sowing,black_cotton,118.9,27.2,44.8,high,low,low,37.6,17.0,9.0,DAP + MOP,30.0,270.0,"Apply 7 days before sowing, mix into topsoil 10-15cm",Basal
rabi_maize,pre_sowing,black_cotton,246.6,73.2,162.6,high,medium,high,73.1,22.3,4.1,DAP + MOP,17.5,71.8,"Apply 7 days before sowing, mix into topsoil 10-15cm",Same as kharif maize
groundnut,germination,alluvial,138.9,116.8,110.2,high,high,high,55.2,12.1,3.8,Rhizobium Biofert,5.0,19.0,Apply at sowing time or within first 7 DAS,Seed inoculation
rabi_maize,pre_sowing,laterite,174.1,23.9,48.1,high,low,low,68.2,13.8,6.3,DAP + MOP,52.5,330.8,"Apply 7 days before sowing, mix into topsoil 10-15cm",Same as kharif maize
orange,flowering,laterite,114.6,64.6,69.2,high,medium,medium,56.9,31.2,3.7,Urea,12.0,44.4,Apply at flower bud initiation; avoid leaf contact,Flush growth
sunflower_rabi,pre_sowing,red,124.2,20.5,192.8,high,low,high,41.8,37.5,4.7,DAP + MOP,18.0,84.6,"Apply 7 days before sowing, mix into topsoil 10-15cm",Basal
moong_rabi,flowering,black_cotton,34.5,43.7,83.0,low,low,medium,46.9,26.2,0.7,MOP,8.0,5.6,Apply at flower bud initiation; avoid leaf contact,Pod fill
sunflower_rabi,pre_sowing,red,115.9,77.7,90.5,high,medium,medium,63.6,35.0,2.7,DAP + MOP,30.0,81.0,"Apply 7 days before sowing, mix into topsoil 10-15cm",Basal
rice,grain_fill,black_cotton,160.3,95.8,44.2,high,high,low,68.7,25.7,7.6,MOP,15.0,114.0,Foliar spray or side dress during grain/fruit development,Grain filling stage
groundnut,grain_fill,alluvial,260.9,89.4,119.5,high,high,high,74.3,36.9,5.5,MOP,5.0,27.5,Foliar spray or side dress during grain/fruit development,Kernel filling
grapes,pre_sowing,black_cotton,24.1,119.9,187.8,low,high,high,45.2,34.7,1.4,DAP + MOP,9.0,12.6,"Apply 7 days before sowing, mix into topsoil 10-15cm",Pruning time dose
pomegranate,pre_sowing,black_cotton,85.4,107.4,93.5,medium,high,medium,63.5,18.1,3.0,DAP + MOP,21.0,63.0,"Apply 7 days before sowing, mix into topsoil 10-15cm",Pre-bloom
linseed,vegetative,sandy,262.9,21.6,146.3,high,low,high,54.1,37.4,6.2,Urea,7.2,44.6,Top dress at 20-30 DAS; broadcast and irrigate,Top dress
rabi_maize,flowering,alluvial,48.1,108.9,196.3,medium,high,high,24.2,27.3,9.3,Urea,18.0,167.4,Apply at flower bud initiation; avoid leaf contact,Booster
grapes,flowering,black_cotton,11.7,47.7,167.4,low,medium,high,40.4,31.5,8.1,13:00:45 NPK,9.8,79.4,Apply at flower bud initiation; avoid leaf contact,Berry set
moong_kharif,germination,red,168.8,53.0,30.1,high,medium,low,49.7,24.4,2.8,Rhizobium Biofert,5.0,14.0,Apply at sowing time or within first 7 DAS,Seed treatment
pomegranate,grain_fill,laterite,234.0,46.5,66.7,high,medium,medium,33.3,12.9,3.2,MOP + Calcium,25.0,80.0,Foliar spray or side dress during grain/fruit development,Fruit development
turmeric,vegetative,sandy,137.5,21.5,160.1,high,low,high,59.4,28.7,4.2,Urea + MOP,9.0,37.8,Top dress at 20-30 DAS; broadcast and irrigate,Rhizome development
jowar_kharif,vegetative,sandy,138.3,87.9,113.1,high,high,high,71.6,23.9,6.5,Urea,12.0,78.0,Top dress at 20-30 DAS; broadcast and irrigate,Top dress after 3-4 weeks
sunflower_rabi,pre_sowing,sandy,273.0,94.6,84.6,high,high,medium,67.4,12.3,9.6,DAP + MOP,18.0,172.8,"Apply 7 days before sowing, mix into topsoil 10-15cm",Basal
rabi_maize,flowering,sandy,56.8,56.8,108.4,medium,medium,high,22.4,17.4,6.6,Urea,18.0,118.8,Apply at flower bud initiation; avoid leaf contact,Booster
mustard,vegetative,black_cotton,44.3,71.7,39.8,medium,medium,low,34.0,25.9,8.7,Urea,18.0,156.6,Top dress at 20-30 DAS; broadcast and irrigate,Top dress at 20 DAS
chickpea,pre_sowing,alluvial,123.1,38.0,138.9,high,low,high,60.4,34.1,3.0,SSP + MOP,12.0,36.0,"Apply 7 days before sowing, mix into topsoil 10-15cm",Low N; P and K basal
rice,germination,alluvial,261.6,87.5,157.3,high,high,high,56.9,18.4,9.4,Urea,10.8,101.5,Apply at sowing time or within first 7 DAS,7-10 DAS
soybean,flowering,black_cotton,228.7,84.4,153.4,high,high,high,71.5,17.5,7.9,MOP,5.0,39.5,Apply at flower bud initiation; avoid leaf contact,K boost for pod setting
cucumber,flowering,laterite,90.2,41.6,173.1,high,low,high,42.2,37.3,1.7,MOP,6.0,10.2,Apply at flower bud initiation; avoid leaf contact,Fruit quality
linseed,pre_sowing,red,221.2,103.6,153.2,high,high,high,75.2,27.7,6.1,DAP + MOP,6.0,36.6,"Apply 7 days before sowing, mix into topsoil 10-15cm",Basal
moong_rabi,pre_sowing,alluvial,125.6,109.9,59.9,high,high,medium,43.5,28.8,8.7,SSP + MOP,10.8,94.0,"Apply 7 days before sowing, mix into topsoil 10-15cm",Same as kharif moong
chickpea,flowering,red,67.6,97.1,74.9,medium,high,medium,55.0,26.6,6.3,MOP,8.0,50.4,Apply at flower bud initiation; avoid leaf contact,Foliar K for pod fill
grapes,flowering,sandy,275.7,64.0,168.4,high,medium,high,25.8,23.8,6.4,13:00:45 NPK,4.5,28.8,Apply at flower bud initiation; avoid leaf contact,Berry set
mustard,vegetative,alluvial,29.0,33.2,192.3,low,low,high,29.7,33.7,9.2,Urea,23.4,215.3,Top dress at 20-30 DAS; broadcast and irrigate,Top dress at 20 DAS
mustard,flowering,alluvial,19.8,76.8,154.7,low,medium,high,33.3,15.1,6.1,Urea,13.0,79.3,Apply at flower bud initiation; avoid leaf contact,Booster
chilli,pre_sowing,laterite,95.6,95.2,192.7,high,high,high,21.1,15.7,6.3,DAP + MOP,10.5,66.1,"Apply 7 days before sowing, mix into topsoil 10-15cm",Basal
rabi_maize,pre_sowing,laterite,222.2,71.4,85.6,high,medium,medium,35.3,31.8,3.1,DAP + MOP,35.0,108.5,"Apply 7 days before sowing, mix into topsoil 10-15cm",Same as kharif maize
maize_kharif,pre_sowing,black_cotton,17.6,85.9,179.5,low,high,high,51.0,33.0,1.6,DAP + MOP,10.5,16.8,"Apply 7 days before sowing, mix into topsoil 10-15cm",Full P+K; half N basal
grapes,vegetative,alluvial,264.8,64.5,99.6,high,medium,medium,66.9,17.8,8.8,Urea,12.0,105.6,Top dress at 20-30 DAS; broadcast and irrigate,Shoot growth
tur_arhar,vegetative,sandy,261.1,93.8,20.7,high,high,low,60.7,31.8,1.8,Urea,6.0,10.8,Top dress at 20-30 DAS; broadcast and irrigate,Light N if pale
watermelon,flowering,sandy,193.6,56.2,196.3,high,medium,high,64.9,36.2,8.5,19:19:19 NPK,3.6,30.6,Apply at flower bud initiation; avoid leaf contact,Fruit set
linseed,pre_sowing,alluvial,211.2,61.0,23.0,high,medium,low,26.6,29.0,3.7,DAP + MOP,25.0,92.5,"Apply 7 days before sowing, mix into topsoil 10-15cm",Basal
groundnut,flowering,red,96.8,116.0,183.1,high,high,high,38.6,27.8,2.3,Gypsum,25.0,57.5,Apply at flower bud initiation; avoid leaf contact,Peg development
wheat,germination,black_cotton,194.8,78.5,141.7,high,medium,high,57.7,35.0,1.7,Urea,12.0,20.4,Apply at sowing time or within first 7 DAS,CRI stage
watermelon,flowering,alluvial,87.6,35.6,109.5,medium,low,high,43.8,16.6,6.0,19:19:19 NPK,6.0,36.0,Apply at flower bud initiation; avoid leaf contact,Fruit set
sunflower_kharif,vegetative,laterite,165.3,75.8,76.5,high,medium,medium,54.3,34.8,8.6,Urea,10.8,92.9,Top dress at 20-30 DAS; broadcast and irrigate,Top dress
rice,grain_fill,black_cotton,51.4,70.3,55.2,medium,medium,medium,59.5,18.1,1.1,MOP,12.0,13.2,Foliar spray or side dress during grain/fruit development,Grain filling stage
banana,pre_sowing,laterite,87.6,23.4,30.3,medium,low,low,78.3,15.2,6.8,DAP + MOP,90.0,612.0,"Apply 7 days before sowing, mix into topsoil 10-15cm",Heavy K feeder; high basal
chilli,grain_fill,black_cotton,180.0,50.4,78.3,high,medium,medium,68.0,31.8,5.6,MOP,12.0,67.2,Foliar spray or side dress during grain/fruit development,Pungency development
pomegranate,pre_sowing,black_cotton,205.2,101.7,112.6,high,high,high,39.0,37.3,7.8,DAP + MOP,10.5,81.9,"Apply 7 days before sowing, mix into topsoil 10-15cm",Pre-bloom
sugarcane,germination,alluvial,15.7,50.5,180.3,low,medium,high,39.8,23.8,2.7,Urea,32.5,87.8,Apply at sowing time or within first 7 DAS,Germination boost
groundnut,germination,laterite,218.7,98.4,65.0,high,high,medium,38.6,20.0,3.0,Rhizobium Biofert,5.0,15.0,Apply at sowing time or within first 7 DAS,Seed inoculation
turmeric,vegetative,red,110.0,45.8,126.4,high,medium,high,37.7,19.8,3.3,Urea + MOP,9.0,29.7,Top dress at 20-30 DAS; broadcast and irrigate,Rhizome development
jowar_rabi,pre_sowing,laterite,206.9,46.2,81.1,high,medium,medium,20.4,16.7,4.1,DAP + MOP,30.0,123.0,"Apply 7 days before sowing, mix into topsoil 10-15cm",Full P and K basal
soybean,vegetative,red,44.5,21.1,180.1,medium,low,high,31.1,29.7,3.9,Urea,12.0,46.8,Top dress at 20-30 DAS; broadcast and irrigate,Top dress if N deficiency observed
bajra,flowering,alluvial,239.9,47.8,121.6,high,medium,high,43.4,16.3,6.0,Urea,6.0,36.0,Apply at flower bud initiation; avoid leaf contact,Booster dose
safflower,vegetative,red,48.0,97.0,67.1,medium,high,medium,60.8,27.2,5.0,Urea,15.0,75.0,Top dress at 20-30 DAS; broadcast and irrigate,Rosette stage
sunflower_kharif,flowering,red,192.5,117.8,138.5,high,high,high,66.8,30.0,6.2,Boron Spray,5.0,31.0,Apply at flower bud initiation; avoid leaf contact,Prevent hollow stem
jowar_kharif,vegetative,laterite,141.1,73.0,105.7,high,medium,high,39.7,27.6,5.8,Urea,12.0,69.6,Top dress at 20-30 DAS; broadcast and irrigate,Top dress after 3-4 weeks
moong_rabi,germination,laterite,136.5,24.8,146.6,high,low,high,63.7,34.2,2.8,Rhizobium Biofert,5.0,14.0,Apply at sowing time or within first 7 DAS,Seed treatment
moong_rabi,pre_sowing,laterite,125.1,118.7,84.6,high,high,medium,52.5,20.9,6.1,SSP + MOP,10.8,65.9,"Apply 7 days before sowing, mix into topsoil 10-15cm",Same as kharif moong
turmeric,pre_sowing,black_cotton,207.2,109.8,117.2,high,high,high,44.7,29.7,2.0,DAP + MOP,12.0,24.0,"Apply 7 days before sowing, mix into topsoil 10-15cm",High K demand
wheat,flowering,laterite,23.7,86.2,35.8,low,high,low,73.6,19.7,6.7,Urea,13.0,87.1,Apply at flower bud initiation; avoid leaf contact,Grain initiation
sugarcane,harvest,black_cotton,265.3,42.9,151.5,high,low,high,59.8,27.0,5.1,MOP,10.0,51.0,Do not apply; withholding period required,Juice quality
cotton,grain_fill,sandy,11.6,66.4,57.7,low,medium,medium,32.7,34.7,2.0,MOP,15.0,30.0,Foliar spray or side dress during grain/fruit development,Fibre quality
maize_kharif,pre_sowing,black_cotton,186.2,58.8,42.5,high,medium,low,29.0,26.2,2.6,DAP + MOP,43.8,113.9,"Apply 7 days before sowing, mix into topsoil 10-15cm",Full P+K; half N basal
sunflower_kharif,vegetative,black_cotton,196.3,50.7,23.0,high,medium,low,72.6,27.8,8.9,Urea,10.8,96.1,Top dress at 20-30 DAS; broadcast and irrigate,Top dress
chickpea,pre_sowing,sandy,23.9,48.9,116.5,low,medium,high,32.5,19.1,7.1,SSP + MOP,10.0,71.0,"Apply 7 days before sowing, mix into topsoil 10-15cm",Low N; P and K basal
banana,grain_fill,black_cotton,230.1,30.7,106.8,high,low,high,78.9,22.3,8.6,MOP,20.0,172.0,Foliar spray or side dress during grain/fruit development,Bunch filling
pomegranate,flowering,sandy,243.0,112.5,142.5,high,high,high,45.3,20.3,9.0,Urea + MOP,9.0,81.0,Apply at flower bud initiation; avoid leaf contact,Fruit set
moong_kharif,pre_sowing,alluvial,173.8,42.9,63.9,high,low,medium,64.0,20.3,3.1,SSP + MOP,21.6,67.0,"Apply 7 days before sowing, mix into topsoil 10-15cm",Low N legume
tomato,pre_sowing,alluvial,180.0,23.4,51.1,high,low,medium,41.6,13.8,6.9,DAP + MOP,48.0,331.2,"Apply 7 days before sowing, mix into topsoil 10-15cm",Full P+K; half N
sunflower_kharif,vegetative,laterite,208.9,109.7,111.3,high,high,high,61.6,33.7,8.5,Urea,10.8,91.8,Top dress at 20-30 DAS; broadcast and irrigate,Top dress
rabi_maize,pre_sowing,black_cotton,29.3,54.0,128.1,low,medium,high,26.5,35.9,6.9,DAP + MOP,17.5,120.8,"Apply 7 days before sowing, mix into topsoil 10-15cm",Same as kharif maize
jowar_kharif,flowering,alluvial,264.0,119.7,142.3,high,high,high,56.0,33.4,4.8,Urea,9.0,43.2,Apply at flower bud initiation; avoid leaf contact,Second top dress
turmeric,pre_sowing,sandy,227.9,51.1,169.9,high,medium,high,73.9,37.2,2.9,DAP + MOP,20.0,58.0,"Apply 7 days before sowing, mix into topsoil 10-15cm",High K demand
pomegranate,grain_fill,sandy,93.2,56.7,109.6,high,medium,high,66.8,22.4,7.2,MOP + Calcium,12.5,90.0,Foliar spray or side dress during grain/fruit development,Fruit development
chickpea,pre_sowing,sandy,213.1,91.3,180.3,high,high,high,37.1,35.2,5.2,SSP + MOP,6.0,31.2,"Apply 7 days before sowing, mix into topsoil 10-15cm",Low N; P and K basal
moong_rabi,flowering,black_cotton,227.8,86.8,89.5,high,high,medium,45.7,21.0,8.9,MOP,8.0,71.2,Apply at flower bud initiation; avoid leaf contact,Pod fill
moong_rabi,pre_sowing,black_cotton,271.4,82.6,150.6,high,high,high,43.0,25.2,2.0,SSP + MOP,5.4,10.8,"Apply 7 days before sowing, mix into topsoil 10-15cm",Same as kharif moong
rice,vegetative,alluvial,217.8,112.4,73.9,high,high,medium,24.7,23.2,9.3,Urea,13.2,122.8,Top dress at 20-30 DAS; broadcast and irrigate,25-30 DAS tillering
sugarcane,pre_sowing,alluvial,41.1,81.7,135.8,medium,high,high,27.6,29.0,8.6,DAP + MOP,15.0,129.0,"Apply 7 days before sowing, mix into topsoil 10-15cm",Heavy feeder; high basal
jowar_kharif,pre_sowing,sandy,155.0,40.8,194.4,high,low,high,47.7,13.2,4.8,DAP,30.0,144.0,"Apply 7 days before sowing, mix into topsoil 10-15cm",Basal P and N
wheat,vegetative,sandy,197.5,31.8,159.3,high,low,high,72.5,32.4,6.9,Urea,12.0,82.8,Top dress at 20-30 DAS; broadcast and irrigate,Tillering
maize_kharif,vegetative,laterite,156.2,22.9,41.9,high,low,low,36.1,26.5,7.7,Urea,15.0,115.5,Top dress at 20-30 DAS; broadcast and irrigate,Knee high stage N
urad,pre_sowing,red,47.7,111.4,21.8,medium,high,low,39.0,17.5,4.0,SSP + MOP,13.5,54.0,"Apply 7 days before sowing, mix into topsoil 10-15cm",Basal P+K
jowar_kharif,vegetative,laterite,164.0,94.0,182.4,high,high,high,35.3,20.0,2.4,Urea,12.0,28.8,Top dress at 20-30 DAS; broadcast and irrigate,Top dress after 3-4 weeks
chilli,pre_sowing,red,200.7,41.2,76.2,high,low,medium,20.2,16.8,9.3,DAP + MOP,42.0,390.6,"Apply 7 days before sowing, mix into topsoil 10-15cm",Basal
onion,harvest,laterite,109.8,56.6,194.5,high,medium,high,21.9,18.3,5.0,NO FERTILIZER,0.0,0.0,Do not apply; withholding period required,Stop 3 weeks before harvest
grapes,grain_fill,black_cotton,32.8,84.5,93.5,low,high,medium,34.1,34.8,6.1,MOP,20.0,122.0,Foliar spray or side dress during grain/fruit development,Maturity
tomato,harvest,black_cotton,115.6,86.8,52.3,high,high,medium,78.3,32.8,9.7,13:00:45 NPK,6.0,58.2,Do not apply; withholding period required,Quality booster
safflower,vegetative,alluvial,132.5,75.7,188.7,high,medium,high,60.0,32.9,5.9,Urea,9.0,53.1,Top dress at 20-30 DAS; broadcast and irrigate,Rosette stage
wheat,pre_sowing,black_cotton,167.1,40.7,145.7,high,low,high,63.5,31.1,1.2,DAP + MOP,21.0,25.2,"Apply 7 days before sowing, mix into topsoil 10-15cm",Full P+K; half N
sunflower_rabi,pre_sowing,black_cotton,89.9,35.1,91.3,medium,low,medium,35.9,15.9,7.1,DAP + MOP,36.0,255.6,"Apply 7 days before sowing, mix into topsoil 10-15cm",Basal
maize_kharif,grain_fill,sandy,159.3,110.6,178.9,high,high,high,65.6,34.3,8.6,MOP,5.0,43.0,Foliar spray or side dress during grain/fruit development,Cob development
linseed,pre_sowing,alluvial,27.5,114.8,112.5,low,high,high,71.4,28.9,2.3,DAP + MOP,6.0,13.8,"Apply 7 days before sowing, mix into topsoil 10-15cm",Basal
turmeric,vegetative,alluvial,143.7,73.9,38.0,high,medium,low,53.5,24.9,5.6,Urea + MOP,22.5,126.0,Top dress at 20-30 DAS; broadcast and irrigate,Rhizome development
moong_rabi,germination,laterite,191.1,55.2,65.7,high,medium,medium,51.0,15.4,5.2,Rhizobium Biofert,5.0,26.0,Apply at sowing time or within first 7 DAS,Seed treatment
chilli,grain_fill,red,223.1,52.1,165.1,high,medium,high,28.5,30.0,7.0,MOP,6.0,42.0,Foliar spray or side dress during grain/fruit development,Pungency development
tur_arhar,pre_sowing,alluvial,35.5,42.8,181.9,low,low,high,49.1,23.0,2.9,SSP + MOP,13.2,38.3,"Apply 7 days before sowing, mix into topsoil 10-15cm",Low N; P+K basal
chilli,pre_sowing,alluvial,216.6,100.8,51.2,high,high,medium,63.4,23.1,3.4,DAP + MOP,21.0,71.4,"Apply 7 days before sowing, mix into topsoil 10-15cm",Basal
safflower,vegetative,red,235.6,26.3,128.7,high,low,high,41.0,17.2,8.1,Urea,9.0,72.9,Top dress at 20-30 DAS; broadcast and irrigate,Rosette stage
chickpea,germination,sandy,234.5,88.9,97.3,high,high,medium,79.4,23.2,6.8,Rhizobium Biofert,5.0,34.0,Apply at sowing time or within first 7 DAS,Seed inoculation
rabi_maize,flowering,alluvial,240.9,101.1,166.6,high,high,high,62.7,28.5,9.6,Urea,10.8,103.7,Apply at flower bud initiation; avoid leaf contact,Booster
sunflower_rabi,pre_sowing,red,25.1,101.6,123.8,low,high,high,72.8,37.9,8.3,DAP + MOP,9.0,74.7,"Apply 7 days before sowing, mix into topsoil 10-15cm",Basal
banana,vegetative,red,266.0,26.9,147.0,high,low,high,33.1,20.1,8.3,Urea + MOP,15.0,124.5,Top dress at 20-30 DAS; broadcast and irrigate,Sword sucker stage
sunflower_kharif,flowering,laterite,60.3,52.2,56.6,medium,medium,medium,28.3,31.7,0.6,Boron Spray,5.0,3.0,Apply at flower bud initiation; avoid leaf contact,Prevent hollow stem
sugarcane,pre_sowing,black_cotton,15.5,57.7,81.0,low,medium,medium,32.0,13.3,2.7,DAP + MOP,50.0,135.0,"Apply 7 days before sowing, mix into topsoil 10-15cm",Heavy feeder; high basal
sunflower_kharif,pre_sowing,red,86.5,93.7,153.6,medium,high,high,61.5,15.1,5.7,DAP + MOP,9.0,51.3,"Apply 7 days before sowing, mix into topsoil 10-15cm",Basal
groundnut,grain_fill,laterite,267.5,58.8,27.3,high,medium,low,20.2,30.3,9.0,MOP,12.5,112.5,Foliar spray or side dress during grain/fruit development,Kernel filling
tomato,pre_sowing,alluvial,183.7,70.7,139.9,high,medium,high,47.3,14.2,1.1,DAP + MOP,20.0,22.0,"Apply 7 days before sowing, mix into topsoil 10-15cm",Full P+K; half N
soybean,grain_fill,red,249.2,69.5,177.5,high,medium,high,64.0,36.1,4.3,Micronutrient Mix,5.0,21.5,Foliar spray or side dress during grain/fruit development,Zinc + Boron foliar spray
jowar_kharif,flowering,alluvial,218.9,50.3,55.8,high,medium,medium,64.4,37.1,9.1,Urea,9.0,81.9,Apply at flower bud initiation; avoid leaf contact,Second top dress
grapes,pre_sowing,laterite,264.9,109.0,30.2,high,high,low,37.1,36.4,4.1,DAP + MOP,22.5,92.2,"Apply 7 days before sowing, mix into topsoil 10-15cm",Pruning time dose
turmeric,pre_sowing,laterite,257.2,82.0,157.1,high,high,high,64.1,28.8,7.2,DAP + MOP,12.0,86.4,"Apply 7 days before sowing, mix into topsoil 10-15cm",High K demand
tur_arhar,germination,laterite,54.1,112.2,134.9,medium,high,high,21.2,37.9,9.3,Rhizobium Biofert,5.0,46.5,Apply at sowing time or within first 7 DAS,Seed treatment
safflower,flowering,red,47.9,105.1,22.8,medium,high,low,25.5,16.0,6.2,Urea,10.0,62.0,Apply at flower bud initiation; avoid leaf contact,Capitulum stage
rabi_maize,flowering,sandy,227.8,90.3,37.6,high,high,low,69.0,35.2,6.7,Urea,10.8,72.4,Apply at flower bud initiation; avoid leaf contact,Booster
cucumber,flowering,laterite,120.8,59.5,151.0,high,medium,high,31.5,24.2,7.2,MOP,6.0,43.2,Apply at flower bud initiation; avoid leaf contact,Fruit quality
grapes,grain_fill,red,189.3,66.2,20.9,high,medium,low,74.3,27.0,6.5,MOP,25.0,162.5,Foliar spray or side dress during grain/fruit development,Maturity
rice,grain_fill,laterite,230.6,60.5,41.2,high,medium,low,37.6,28.2,6.1,MOP,15.0,91.5,Foliar spray or side dress during grain/fruit development,Grain filling stage
tur_arhar,vegetative,red,18.5,35.8,32.3,low,low,low,26.0,15.0,9.9,Urea,13.0,128.7,Top dress at 20-30 DAS; broadcast and irrigate,Light N if pale
sugarcane,harvest,alluvial,128.6,89.6,95.2,high,high,medium,68.3,15.0,2.0,MOP,20.0,40.0,Do not apply; withholding period required,Juice quality
urad,germination,black_cotton,121.3,62.8,104.4,high,medium,high,44.7,12.5,3.7,Rhizobium Biofert,5.0,18.5,Apply at sowing time or within first 7 DAS,Seed inoculation
safflower,pre_sowing,laterite,20.1,40.4,139.6,low,low,high,67.7,27.5,6.8,DAP + MOP,15.0,102.0,"Apply 7 days before sowing, mix into topsoil 10-15cm",Basal
moong_kharif,flowering,sandy,26.5,68.4,95.6,low,medium,medium,20.8,22.5,7.6,MOP,8.0,60.8,Apply at flower bud initiation; avoid leaf contact,Pod fill
rice,flowering,laterite,150.5,83.5,109.2,high,high,high,69.4,33.2,3.1,Urea + MOP,6.0,18.6,Apply at flower bud initiation; avoid leaf contact,Panicle initiation
safflower,vegetative,sandy,229.1,24.6,51.0,high,low,medium,33.7,20.6,4.1,Urea,9.0,36.9,Top dress at 20-30 DAS; broadcast and irrigate,Rosette stage
bajra,flowering,sandy,30.5,56.2,111.0,low,medium,high,29.9,35.1,1.6,Urea,13.0,20.8,Apply at flower bud initiation; avoid leaf contact,Booster dose
sunflower_kharif,flowering,alluvial,131.7,101.9,125.5,high,high,high,70.8,33.0,6.8,Boron Spray,5.0,34.0,Apply at flower bud initiation; avoid leaf contact,Prevent hollow stem
safflower,flowering,alluvial,109.4,79.4,197.1,high,medium,high,64.3,28.1,1.6,Urea,6.0,9.6,Apply at flower bud initiation; avoid leaf contact,Capitulum stage
cucumber,pre_sowing,red,231.2,87.8,49.4,high,high,low,38.9,28.0,0.5,DAP + MOP,18.8,9.4,"Apply 7 days before sowing, mix into topsoil 10-15cm",Basal
orange,pre_sowing,red,255.9,31.0,28.6,high,low,low,41.0,26.2,7.0,DAP + MOP,52.5,367.5,"Apply 7 days before sowing, mix into topsoil 10-15cm",Post-harvest dose
soybean,pre_sowing,sandy,223.6,51.2,103.6,high,medium,high,67.5,14.0,6.4,SSP + MOP,12.5,80.0,"Apply 7 days before sowing, mix into topsoil 10-15cm","Basal: 0 N, 50 P2O5, 40 K2O kg/ha via SSP+MOP"
tomato,flowering,alluvial,42.2,99.3,34.5,medium,high,low,59.2,34.5,2.4,19:19:19 NPK,18.8,45.1,Apply at flower bud initiation; avoid leaf contact,Balanced NPK at fruit set
soybean,flowering,alluvial,177.8,51.6,145.0,high,medium,high,24.4,19.9,2.1,MOP,5.0,10.5,Apply at flower bud initiation; avoid leaf contact,K boost for pod setting
chilli,vegetative,sandy,126.8,98.4,27.3,high,high,low,27.2,31.4,8.4,Urea,10.8,90.7,Top dress at 20-30 DAS; broadcast and irrigate,Plant establishment
cucumber,pre_sowing,sandy,133.1,115.1,60.5,high,high,medium,36.9,29.8,5.3,DAP + MOP,15.0,79.5,"Apply 7 days before sowing, mix into topsoil 10-15cm",Basal
maize_kharif,pre_sowing,sandy,117.0,82.9,37.9,high,high,low,52.7,20.3,5.2,DAP + MOP,26.2,136.2,"Apply 7 days before sowing, mix into topsoil 10-15cm",Full P+K; half N basal
tomato,harvest,laterite,44.4,56.5,135.6,medium,medium,high,57.7,28.0,5.6,13:00:45 NPK,5.0,28.0,Do not apply; withholding period required,Quality booster
onion,harvest,alluvial,212.3,80.6,193.8,high,high,high,37.7,32.4,8.6,NO FERTILIZER,0.0,0.0,Do not apply; withholding period required,Stop 3 weeks before harvest
rabi_maize,flowering,sandy,228.6,92.0,72.1,high,high,medium,75.3,34.1,1.7,Urea,10.8,18.4,Apply at flower bud initiation; avoid leaf contact,Booster
chilli,grain_fill,black_cotton,29.6,46.4,26.9,low,medium,low,35.7,15.8,8.1,MOP,15.0,121.5,Foliar spray or side dress during grain/fruit development,Pungency development
chilli,vegetative,laterite,272.2,48.1,181.2,high,medium,high,42.5,34.4,9.3,Urea,10.8,100.4,Top dress at 20-30 DAS; broadcast and irrigate,Plant establishment
chickpea,pre_sowing,black_cotton,161.6,101.6,183.2,high,high,high,79.9,34.1,3.8,SSP + MOP,6.0,22.8,"Apply 7 days before sowing, mix into topsoil 10-15cm",Low N; P and K basal
urad,pre_sowing,sandy,226.1,69.8,147.8,high,medium,high,37.2,19.1,8.9,SSP + MOP,9.0,80.1,"Apply 7 days before sowing, mix into topsoil 10-15cm",Basal P+K
watermelon,vegetative,alluvial,134.7,82.6,165.2,high,high,high,72.4,30.8,1.9,Urea,9.0,17.1,Top dress at 20-30 DAS; broadcast and irrigate,Vine growth
linseed,vegetative,sandy,270.5,99.9,58.4,high,high,medium,55.7,32.5,8.0,Urea,7.2,57.6,Top dress at 20-30 DAS; broadcast and irrigate,Top dress
rabi_maize,flowering,alluvial,54.6,79.1,171.0,medium,medium,high,55.2,25.8,7.2,Urea,18.0,129.6,Apply at flower bud initiation; avoid leaf contact,Booster
soybean,grain_fill,alluvial,30.5,71.0,100.4,low,medium,high,59.4,14.7,5.7,Micronutrient Mix,5.0,28.5,Foliar spray or side dress during grain/fruit development,Zinc + Boron foliar spray
grapes,grain_fill,black_cotton,44.3,35.5,173.2,medium,low,high,75.8,34.8,7.5,MOP,10.0,75.0,Foliar spray or side dress during grain/fruit development,Maturity
cucumber,pre_sowing,laterite,176.0,92.2,48.3,high,high,low,75.9,24.6,3.1,DAP + MOP,18.8,58.3,"Apply 7 days before sowing, mix into topsoil 10-15cm",Basal
banana,grain_fill,red,182.1,100.6,25.2,high,high,low,41.0,20.7,6.7,MOP,50.0,335.0,Foliar spray or side dress during grain/fruit development,Bunch filling
cucumber,flowering,black_cotton,219.3,38.9,168.2,high,low,high,61.2,22.1,6.1,MOP,6.0,36.6,Apply at flower bud initiation; avoid leaf contact,Fruit quality
banana,grain_fill,alluvial,249.2,53.2,77.2,high,medium,medium,58.1,20.1,0.9,MOP,40.0,36.0,Foliar spray or side dress during grain/fruit development,Bunch filling
onion,grain_fill,black_cotton,130.5,87.2,114.6,high,high,high,62.0,37.1,7.4,MOP,7.5,55.5,Foliar spray or side dress during grain/fruit development,Bulb development
banana,vegetative,alluvial,53.6,96.5,93.0,medium,high,medium,55.2,29.8,1.5,Urea + MOP,50.0,75.0,Top dress at 20-30 DAS; broadcast and irrigate,Sword sucker stage
jowar_rabi,flowering,sandy,203.5,108.2,114.8,high,high,high,21.1,35.3,9.2,Urea,7.2,66.2,Apply at flower bud initiation; avoid leaf contact,Light booster
soybean,vegetative,sandy,43.4,62.7,33.0,medium,medium,low,41.2,27.8,3.3,Urea,12.0,39.6,Top dress at 20-30 DAS; broadcast and irrigate,Top dress if N deficiency observed
chickpea,flowering,sandy,171.2,57.3,65.1,high,medium,medium,70.1,24.3,5.8,MOP,8.0,46.4,Apply at flower bud initiation; avoid leaf contact,Foliar K for pod fill
jowar_kharif,pre_sowing,red,139.2,64.3,107.1,high,medium,high,26.8,20.7,1.1,DAP,25.0,27.5,"Apply 7 days before sowing, mix into topsoil 10-15cm",Basal P and N
rice,vegetative,red,67.1,33.7,106.0,medium,low,high,35.3,35.7,5.5,Urea,22.0,121.0,Top dress at 20-30 DAS; broadcast and irrigate,25-30 DAS tillering
turmeric,grain_fill,black_cotton,107.4,69.1,156.4,high,medium,high,78.7,35.2,2.9,MOP,10.0,29.0,Foliar spray or side dress during grain/fruit development,Curcumin synthesis
wheat,vegetative,red,212.3,76.8,183.8,high,medium,high,69.3,32.8,4.0,Urea,12.0,48.0,Top dress at 20-30 DAS; broadcast and irrigate,Tillering
orange,grain_fill,sandy,190.4,73.4,113.6,high,medium,high,45.4,23.2,3.3,MOP + Micronutrient,10.0,33.0,Foliar spray or side dress during grain/fruit development,Fruit color + quality
jowar_rabi,pre_sowing,alluvial,64.0,36.4,88.8,medium,low,medium,29.0,26.2,2.2,DAP + MOP,36.0,79.2,"Apply 7 days before sowing, mix into topsoil 10-15cm",Full P and K basal
rabi_maize,vegetative,red,104.9,89.6,186.8,high,high,high,65.2,34.5,6.9,Urea,15.0,103.5,Top dress at 20-30 DAS; broadcast and irrigate,Top dress
sesame,vegetative,sandy,109.2,90.2,123.0,high,high,high,24.3,13.5,5.6,Urea,7.2,40.3,Top dress at 20-30 DAS; broadcast and irrigate,Top dress
rice,pre_sowing,red,108.8,116.9,109.0,high,high,high,45.1,19.0,6.2,DAP,18.0,111.6,"Apply 7 days before sowing, mix into topsoil 10-15cm",Basal
mustard,flowering,laterite,160.2,95.4,127.9,high,high,high,60.9,36.4,4.2,Urea,6.0,25.2,Apply at flower bud initiation; avoid leaf contact,Booster
jowar_kharif,pre_sowing,red,176.7,54.3,113.7,high,medium,high,75.3,33.7,5.4,DAP,25.0,135.0,"Apply 7 days before sowing, mix into topsoil 10-15cm",Basal P and N
tur_arhar,pre_sowing,alluvial,115.4,92.7,82.6,high,high,medium,38.3,21.8,3.7,SSP + MOP,13.2,48.8,"Apply 7 days before sowing, mix into topsoil 10-15cm",Low N; P+K basal
moong_rabi,pre_sowing,black_cotton,161.7,60.4,57.8,high,medium,medium,70.7,37.6,2.4,SSP + MOP,18.0,43.2,"Apply 7 days before sowing, mix into topsoil 10-15cm",Same as kharif moong
maize_kharif,flowering,sandy,12.0,67.5,141.9,low,medium,high,30.9,14.5,7.1,Urea,26.0,184.6,Apply at flower bud initiation; avoid leaf contact,Tasselling stage
jowar_rabi,vegetative,alluvial,156.8,53.0,63.9,high,medium,medium,61.1,23.2,9.5,Urea,12.0,114.0,Top dress at 20-30 DAS; broadcast and irrigate,Split N top dress
rice,germination,red,51.6,32.9,194.8,medium,low,high,28.9,17.2,5.4,Urea,18.0,97.2,Apply at sowing time or within first 7 DAS,7-10 DAS
cucumber,flowering,laterite,208.9,37.8,128.4,high,low,high,31.4,35.1,8.4,MOP,6.0,50.4,Apply at flower bud initiation; avoid leaf contact,Fruit quality
chickpea,pre_sowing,sandy,141.7,113.3,136.7,high,high,high,64.3,14.7,8.0,SSP + MOP,6.0,48.0,"Apply 7 days before sowing, mix into topsoil 10-15cm",Low N; P and K basal
linseed,pre_sowing,sandy,216.8,92.6,59.7,high,high,medium,32.7,23.1,8.1,DAP + MOP,12.0,97.2,"Apply 7 days before sowing, mix into topsoil 10-15cm",Basal
orange,grain_fill,laterite,109.6,74.2,82.4,high,medium,medium,44.7,19.0,4.1,MOP + Micronutrient,20.0,82.0,Foliar spray or side dress during grain/fruit development,Fruit color + quality
tomato,pre_sowing,red,96.6,33.8,76.2,high,low,medium,33.1,23.5,3.5,DAP + MOP,48.0,168.0,"Apply 7 days before sowing, mix into topsoil 10-15cm",Full P+K; half N
soybean,vegetative,laterite,274.7,74.6,124.2,high,medium,high,48.9,15.7,5.2,Urea,7.2,37.4,Top dress at 20-30 DAS; broadcast and irrigate,Top dress if N deficiency observed
cotton,grain_fill,alluvial,203.9,86.0,95.3,high,high,medium,48.2,25.7,5.5,MOP,15.0,82.5,Foliar spray or side dress during grain/fruit development,Fibre quality
rice,flowering,black_cotton,206.7,99.1,136.9,high,high,high,57.0,19.1,5.1,Urea + MOP,6.0,30.6,Apply at flower bud initiation; avoid leaf contact,Panicle initiation
urad,germination,alluvial,31.2,24.8,52.9,low,low,medium,43.5,34.6,8.7,Rhizobium Biofert,5.0,43.5,Apply at sowing time or within first 7 DAS,Seed inoculation
moong_kharif,flowering,alluvial,150.7,27.6,70.3,high,low,medium,45.5,26.2,4.2,MOP,8.0,33.6,Apply at flower bud initiation; avoid leaf contact,Pod fill
chickpea,germination,black_cotton,191.5,39.5,118.1,high,low,high,64.5,23.9,7.8,Rhizobium Biofert,5.0,39.0,Apply at sowing time or within first 7 DAS,Seed inoculation
grapes,vegetative,alluvial,17.2,25.1,53.2,low,low,medium,57.4,20.0,8.7,Urea,26.0,226.2,Top dress at 20-30 DAS; broadcast and irrigate,Shoot growth
moong_rabi,germination,red,121.4,77.2,25.5,high,medium,low,31.3,35.6,6.1,Rhizobium Biofert,5.0,30.5,Apply at sowing time or within first 7 DAS,Seed treatment
sugarcane,pre_sowing,black_cotton,252.1,86.7,71.9,high,high,medium,78.8,27.1,8.5,DAP + MOP,30.0,255.0,"Apply 7 days before sowing, mix into topsoil 10-15cm",Heavy feeder; high basal
grapes,vegetative,alluvial,124.6,99.0,99.3,high,high,medium,32.7,32.0,8.7,Urea,12.0,104.4,Top dress at 20-30 DAS; broadcast and irrigate,Shoot growth
turmeric,grain_fill,red,218.4,51.7,89.2,high,medium,medium,29.8,16.5,8.0,MOP,20.0,160.0,Foliar spray or side dress during grain/fruit development,Curcumin synthesis
cotton,pre_sowing,black_cotton,30.2,56.6,64.0,low,medium,medium,39.6,19.4,5.1,DAP + MOP,40.0,204.0,"Apply 7 days before sowing, mix into topsoil 10-15cm",Basal: 25N 25P 25K
groundnut,grain_fill,red,126.0,34.0,70.3,high,low,medium,29.6,31.2,7.1,MOP,10.0,71.0,Foliar spray or side dress during grain/fruit development,Kernel filling
orange,grain_fill,sandy,147.5,85.9,131.0,high,high,high,75.6,37.9,6.4,MOP + Micronutrient,10.0,64.0,Foliar spray or side dress during grain/fruit development,Fruit color + quality
mustard,pre_sowing,sandy,275.0,47.8,141.9,high,medium,high,20.4,22.7,1.1,DAP + MOP,12.5,13.8,"Apply 7 days before sowing, mix into topsoil 10-15cm",Basal; sulfur from SSP
rabi_maize,pre_sowing,laterite,70.4,23.9,31.0,medium,low,low,38.2,17.5,5.9,DAP + MOP,52.5,309.8,"Apply 7 days before sowing, mix into topsoil 10-15cm",Same as kharif maize
groundnut,flowering,black_cotton,108.7,54.0,108.4,high,medium,high,54.2,32.2,4.0,Gypsum,25.0,100.0,Apply at flower bud initiation; avoid leaf contact,Peg development
cotton,flowering,alluvial,174.4,23.2,151.2,high,low,high,33.0,27.8,3.8,Urea,15.0,57.0,Apply at flower bud initiation; avoid leaf contact,Boll development
maize_kharif,vegetative,sandy,57.6,82.1,88.7,medium,high,medium,68.7,35.9,2.5,Urea,25.0,62.5,Top dress at 20-30 DAS; broadcast and irrigate,Knee high stage N
soybean,pre_sowing,black_cotton,246.8,24.9,170.6,high,low,high,36.0,13.3,8.6,SSP + MOP,15.0,129.0,"Apply 7 days before sowing, mix into topsoil 10-15cm","Basal: 0 N, 50 P2O5, 40 K2O kg/ha via SSP+MOP"
banana,pre_sowing,alluvial,56.7,23.1,29.9,medium,low,low,54.5,35.0,8.7,DAP + MOP,90.0,783.0,"Apply 7 days before sowing, mix into topsoil 10-15cm",Heavy K feeder; high basal
mustard,flowering,sandy,179.1,95.4,22.0,high,high,low,41.5,30.5,2.9,Urea,6.0,17.4,Apply at flower bud initiation; avoid leaf contact,Booster
rice,pre_sowing,red,134.5,79.7,128.0,high,medium,high,72.2,31.2,4.1,DAP,30.0,123.0,"Apply 7 days before sowing, mix into topsoil 10-15cm",Basal
jowar_kharif,vegetative,alluvial,197.4,25.5,176.9,high,low,high,29.6,33.1,2.1,Urea,12.0,25.2,Top dress at 20-30 DAS; broadcast and irrigate,Top dress after 3-4 weeks
orange,pre_sowing,laterite,66.6,90.7,164.3,medium,high,high,62.1,14.6,3.2,DAP + MOP,10.5,33.6,"Apply 7 days before sowing, mix into topsoil 10-15cm",Post-harvest dose
pomegranate,flowering,laterite,263.6,42.9,149.7,high,low,high,34.6,26.4,5.3,Urea + MOP,9.0,47.7,Apply at flower bud initiation; avoid leaf contact,Fruit set
linseed,pre_sowing,laterite,229.5,116.3,157.5,high,high,high,31.5,37.1,8.3,DAP + MOP,6.0,49.8,"Apply 7 days before sowing, mix into topsoil 10-15cm",Basal
moong_kharif,flowering,laterite,15.2,45.4,194.9,low,medium,high,28.7,29.7,5.3,MOP,4.0,21.2,Apply at flower bud initiation; avoid leaf contact,Pod fill
maize_kharif,pre_sowing,sandy,102.6,23.3,40.5,high,low,low,30.5,15.8,3.3,DAP + MOP,52.5,173.2,"Apply 7 days before sowing, mix into topsoil 10-15cm",Full P+K; half N basal
safflower,pre_sowing,black_cotton,147.2,21.6,21.9,high,low,low,51.1,23.9,8.5,DAP + MOP,37.5,318.8,"Apply 7 days before sowing, mix into topsoil 10-15cm",Basal
rice,vegetative,laterite,126.2,110.0,105.2,high,high,high,54.6,35.1,7.3,Urea,13.2,96.4,Top dress at 20-30 DAS; broadcast and irrigate,25-30 DAS tillering
grapes,vegetative,laterite,107.9,106.6,59.8,high,high,medium,55.7,14.6,7.4,Urea,12.0,88.8,Top dress at 20-30 DAS; broadcast and irrigate,Shoot growth
jowar_kharif,vegetative,sandy,180.4,100.1,44.7,high,high,low,50.7,36.1,5.1,Urea,12.0,61.2,Top dress at 20-30 DAS; broadcast and irrigate,Top dress after 3-4 weeks
chickpea,germination,laterite,199.7,100.8,183.9,high,high,high,44.7,25.9,6.9,Rhizobium Biofert,5.0,34.5,Apply at sowing time or within first 7 DAS,Seed inoculation
moong_kharif,flowering,alluvial,55.7,101.0,71.3,medium,high,medium,73.7,30.2,8.1,MOP,8.0,64.8,Apply at flower bud initiation; avoid leaf contact,Pod fill
mustard,vegetative,laterite,194.6,96.5,126.6,high,high,high,75.2,32.1,4.9,Urea,10.8,52.9,Top dress at 20-30 DAS; broadcast and irrigate,Top dress at 20 DAS
jowar_kharif,vegetative,laterite,52.4,48.9,53.2,medium,medium,medium,78.6,16.4,0.6,Urea,20.0,12.0,Top dress at 20-30 DAS; broadcast and irrigate,Top dress after 3-4 weeks
cotton,grain_fill,alluvial,151.8,24.6,158.1,high,low,high,71.3,12.2,9.9,MOP,7.5,74.2,Foliar spray or side dress during grain/fruit development,Fibre quality
tomato,vegetative,sandy,229.4,66.0,59.6,high,medium,medium,66.2,28.1,1.8,Urea,12.0,21.6,Top dress at 20-30 DAS; broadcast and irrigate,Vegetative growth
moong_rabi,pre_sowing,red,242.8,55.2,113.3,high,medium,high,37.3,27.1,3.4,SSP + MOP,9.0,30.6,"Apply 7 days before sowing, mix into topsoil 10-15cm",Same as kharif moong
jowar_kharif,pre_sowing,sandy,138.5,108.2,110.2,high,high,high,68.2,28.8,9.3,DAP,15.0,139.5,"Apply 7 days before sowing, mix into topsoil 10-15cm",Basal P and N
orange,flowering,red,213.4,43.5,50.4,high,low,medium,43.6,20.0,3.4,Urea,12.0,40.8,Apply at flower bud initiation; avoid leaf contact,Flush growth
safflower,flowering,laterite,193.9,85.0,180.2,high,high,high,73.1,20.9,9.3,Urea,6.0,55.8,Apply at flower bud initiation; avoid leaf contact,Capitulum stage
moong_rabi,germination,black_cotton,80.2,95.4,168.3,medium,high,high,66.5,35.1,3.0,Rhizobium Biofert,5.0,15.0,Apply at sowing time or within first 7 DAS,Seed treatment
cucumber,vegetative,red,269.5,113.5,106.1,high,high,high,52.8,13.6,9.9,Urea,9.0,89.1,Top dress at 20-30 DAS; broadcast and irrigate,Growth boost
sunflower_kharif,vegetative,black_cotton,109.6,113.1,27.2,high,high,low,75.1,34.1,5.0,Urea,10.8,54.0,Top dress at 20-30 DAS; broadcast and irrigate,Top dress
rice,flowering,black_cotton,204.1,25.0,21.7,high,low,low,70.3,37.0,5.9,Urea + MOP,15.0,88.5,Apply at flower bud initiation; avoid leaf contact,Panicle initiation
chickpea,germination,sandy,125.4,58.5,146.7,high,medium,high,62.0,35.7,1.3,Rhizobium Biofert,5.0,6.5,Apply at sowing time or within first 7 DAS,Seed inoculation
urad,flowering,sandy,171.5,88.6,47.2,high,high,low,21.7,13.3,8.4,MOP,10.0,84.0,Apply at flower bud initiation; avoid leaf contact,Pod development
sugarcane,germination,alluvial,272.1,61.0,90.4,high,medium,medium,36.8,32.4,6.3,Urea,15.0,94.5,Apply at sowing time or within first 7 DAS,Germination boost
moong_kharif,pre_sowing,black_cotton,158.2,54.9,97.7,high,medium,medium,24.1,17.0,9.7,SSP + MOP,18.0,174.6,"Apply 7 days before sowing, mix into topsoil 10-15cm",Low N legume
urad,germination,sandy,234.4,115.7,62.3,high,high,medium,67.5,15.3,7.7,Rhizobium Biofert,5.0,38.5,Apply at sowing time or within first 7 DAS,Seed inoculation
safflower,vegetative,laterite,245.6,36.1,42.7,high,low,low,49.5,15.4,9.0,Urea,9.0,81.0,Top dress at 20-30 DAS; broadcast and irrigate,Rosette stage
moong_kharif,pre_sowing,black_cotton,195.6,23.4,174.0,high,low,high,46.1,15.1,5.2,SSP + MOP,10.8,56.2,"Apply 7 days before sowing, mix into topsoil 10-15cm",Low N legume
wheat,vegetative,red,96.6,31.7,90.1,high,low,medium,37.3,36.1,8.6,Urea,12.0,103.2,Top dress at 20-30 DAS; broadcast and irrigate,Tillering
mustard,flowering,alluvial,65.1,71.8,67.7,medium,medium,medium,56.4,36.7,2.4,Urea,10.0,24.0,Apply at flower bud initiation; avoid leaf contact,Booster
tur_arhar,flowering,red,263.9,86.4,62.5,high,high,medium,72.0,32.1,5.1,MOP,10.0,51.0,Apply at flower bud initiation; avoid leaf contact,Pod setting
chickpea,germination,alluvial,64.7,31.2,88.9,medium,low,medium,72.1,12.1,1.3,Rhizobium Biofert,5.0,6.5,Apply at sowing time or within first 7 DAS,Seed inoculation
pomegranate,grain_fill,black_cotton,253.4,57.4,158.6,high,medium,high,35.5,18.7,6.7,MOP + Calcium,12.5,83.8,Foliar spray or side dress during grain/fruit development,Fruit development
maize_kharif,pre_sowing,red,260.6,95.5,28.0,high,high,low,55.4,26.5,2.8,DAP + MOP,26.2,73.4,"Apply 7 days before sowing, mix into topsoil 10-15cm",Full P+K; half N basal
banana,vegetative,red,207.7,37.1,38.4,high,low,low,43.0,20.8,5.1,Urea + MOP,37.5,191.2,Top dress at 20-30 DAS; broadcast and irrigate,Sword sucker stage
banana,pre_sowing,sandy,82.7,102.1,179.2,medium,high,high,60.1,37.3,7.0,DAP + MOP,18.0,126.0,"Apply 7 days before sowing, mix into topsoil 10-15cm",Heavy K feeder; high basal
safflower,flowering,red,88.6,55.5,61.6,medium,medium,medium,22.1,26.3,3.0,Urea,10.0,30.0,Apply at flower bud initiation; avoid leaf contact,Capitulum stage
cotton,flowering,alluvial,259.7,69.5,187.0,high,medium,high,30.4,33.1,5.0,Urea,15.0,75.0,Apply at flower bud initiation; avoid leaf contact,Boll development
soybean,vegetative,red,270.2,56.2,105.3,high,medium,high,54.6,27.5,3.5,Urea,7.2,25.2,Top dress at 20-30 DAS; broadcast and irrigate,Top dress if N deficiency observed
cotton,pre_sowing,red,273.9,100.9,129.0,high,high,high,21.4,31.4,1.5,DAP + MOP,12.0,18.0,"Apply 7 days before sowing, mix into topsoil 10-15cm",Basal: 25N 25P 25K
banana,grain_fill,laterite,125.7,81.0,97.3,high,high,medium,31.2,13.7,5.0,MOP,40.0,200.0,Foliar spray or side dress during grain/fruit development,Bunch filling
maize_kharif,vegetative,red,188.3,75.9,56.5,high,medium,medium,47.4,19.3,7.5,Urea,15.0,112.5,Top dress at 20-30 DAS; broadcast and irrigate,Knee high stage N
groundnut,pre_sowing,alluvial,46.6,25.7,42.1,medium,low,low,37.4,25.4,7.0,SSP + Gypsum,36.0,252.0,"Apply 7 days before sowing, mix into topsoil 10-15cm",Ca from gypsum for pod fill
urad,germination,black_cotton,35.5,65.2,49.3,low,medium,low,44.4,22.5,3.3,Rhizobium Biofert,5.0,16.5,Apply at sowing time or within first 7 DAS,Seed inoculation
maize_kharif,grain_fill,red,52.8,87.5,94.5,medium,high,medium,50.2,31.0,5.2,MOP,10.0,52.0,Foliar spray or side dress during grain/fruit development,Cob development
tur_arhar,germination,alluvial,208.2,98.6,191.4,high,high,high,20.2,27.5,5.7,Rhizobium Biofert,5.0,28.5,Apply at sowing time or within first 7 DAS,Seed treatment
cucumber,vegetative,alluvial,160.6,50.5,58.7,high,medium,medium,64.6,23.3,4.9,Urea,9.0,44.1,Top dress at 20-30 DAS; broadcast and irrigate,Growth boost
moong_kharif,flowering,sandy,181.3,78.9,56.5,high,medium,medium,25.6,30.1,2.0,MOP,8.0,16.0,Apply at flower bud initiation; avoid leaf contact,Pod fill
turmeric,pre_sowing,sandy,50.6,69.9,175.9,medium,medium,high,70.1,26.0,9.6,DAP + MOP,20.0,192.0,"Apply 7 days before sowing, mix into topsoil 10-15cm",High K demand
groundnut,pre_sowing,red,58.2,112.7,182.9,medium,high,high,27.2,37.2,3.6,SSP + Gypsum,18.0,64.8,"Apply 7 days before sowing, mix into topsoil 10-15cm",Ca from gypsum for pod fill
jowar_kharif,vegetative,black_cotton,242.9,105.2,29.5,high,high,low,22.4,32.8,1.2,Urea,12.0,14.4,Top dress at 20-30 DAS; broadcast and irrigate,Top dress after 3-4 weeks
bajra,pre_sowing,alluvial,74.7,68.4,184.9,medium,medium,high,73.5,18.7,2.9,DAP,20.0,58.0,"Apply 7 days before sowing, mix into topsoil 10-15cm",Basal P
wheat,germination,sandy,163.3,98.8,182.5,high,high,high,28.6,34.0,8.5,Urea,12.0,102.0,Apply at sowing time or within first 7 DAS,CRI stage
rabi_maize,flowering,red,35.8,69.0,62.5,low,medium,medium,39.4,22.9,7.0,Urea,23.4,163.8,Apply at flower bud initiation; avoid leaf contact,Booster
sesame,pre_sowing,alluvial,177.6,112.0,180.1,high,high,high,78.2,13.8,7.8,DAP,10.8,84.2,"Apply 7 days before sowing, mix into topsoil 10-15cm",Light feeder
grapes,pre_sowing,black_cotton,243.4,92.1,97.4,high,high,medium,76.9,29.7,1.6,DAP + MOP,18.0,28.8,"Apply 7 days before sowing, mix into topsoil 10-15cm",Pruning time dose
rice,pre_sowing,laterite,198.0,90.9,81.0,high,high,medium,26.6,26.6,3.7,DAP,18.0,66.6,"Apply 7 days before sowing, mix into topsoil 10-15cm",Basal
sunflower_kharif,vegetative,sandy,253.6,68.3,158.3,high,medium,high,63.4,22.0,8.2,Urea,10.8,88.6,Top dress at 20-30 DAS; broadcast and irrigate,Top dress
wheat,flowering,sandy,54.2,98.0,79.4,medium,high,medium,48.4,14.9,2.0,Urea,10.0,20.0,Apply at flower bud initiation; avoid leaf contact,Grain initiation
rabi_maize,flowering,red,37.1,49.7,136.2,low,medium,high,20.9,13.9,5.9,Urea,23.4,138.1,Apply at flower bud initiation; avoid leaf contact,Booster
turmeric,vegetative,red,154.9,84.4,166.2,high,high,high,53.7,34.2,5.7,Urea + MOP,9.0,51.3,Top dress at 20-30 DAS; broadcast and irrigate,Rhizome development
maize_kharif,vegetative,red,213.5,81.8,91.3,high,high,medium,20.9,14.6,1.9,Urea,15.0,28.5,Top dress at 20-30 DAS; broadcast and irrigate,Knee high stage N
chickpea,flowering,sandy,267.1,35.8,39.4,high,low,low,55.7,29.1,2.4,MOP,10.0,24.0,Apply at flower bud initiation; avoid leaf contact,Foliar K for pod fill
rabi_maize,vegetative,black_cotton,257.3,81.9,21.9,high,high,low,57.6,13.0,2.6,Urea,15.0,39.0,Top dress at 20-30 DAS; broadcast and irrigate,Top dress
moong_rabi,germination,black_cotton,203.1,42.9,166.8,high,low,high,74.0,12.6,6.2,Rhizobium Biofert,5.0,31.0,Apply at sowing time or within first 7 DAS,Seed treatment
chilli,pre_sowing,black_cotton,211.2,95.6,38.7,high,high,low,55.7,12.1,1.4,DAP + MOP,26.2,36.7,"Apply 7 days before sowing, mix into topsoil 10-15cm",Basal
banana,vegetative,laterite,48.8,25.4,91.2,medium,low,medium,32.6,19.0,6.4,Urea + MOP,50.0,320.0,Top dress at 20-30 DAS; broadcast and irrigate,Sword sucker stage
cucumber,pre_sowing,laterite,17.9,72.9,154.7,low,medium,high,54.4,34.5,3.9,DAP + MOP,12.5,48.8,"Apply 7 days before sowing, mix into topsoil 10-15cm",Basal
sunflower_rabi,pre_sowing,sandy,164.7,64.0,51.8,high,medium,medium,36.9,31.1,1.3,DAP + MOP,30.0,39.0,"Apply 7 days before sowing, mix into topsoil 10-15cm",Basal
jowar_kharif,vegetative,laterite,122.2,23.1,78.6,high,low,medium,41.9,37.9,1.4,Urea,12.0,16.8,Top dress at 20-30 DAS; broadcast and irrigate,Top dress after 3-4 weeks
moong_rabi,flowering,laterite,201.6,84.9,48.8,high,high,low,43.5,17.9,8.1,MOP,10.0,81.0,Apply at flower bud initiation; avoid leaf contact,Pod fill
linseed,vegetative,sandy,189.3,22.2,134.1,high,low,high,44.1,26.6,9.7,Urea,7.2,69.8,Top dress at 20-30 DAS; broadcast and irrigate,Top dress
tomato,vegetative,black_cotton,222.6,23.5,143.5,high,low,high,67.3,32.5,8.2,Urea,12.0,98.4,Top dress at 20-30 DAS; broadcast and irrigate,Vegetative growth
tomato,vegetative,alluvial,238.2,80.1,86.3,high,high,medium,32.7,30.9,4.5,Urea,12.0,54.0,Top dress at 20-30 DAS; broadcast and irrigate,Vegetative growth
tur_arhar,vegetative,laterite,111.1,32.8,97.2,high,low,medium,69.2,24.2,4.1,Urea,6.0,24.6,Top dress at 20-30 DAS; broadcast and irrigate,Light N if pale
safflower,vegetative,red,212.0,87.8,62.3,high,high,medium,60.4,13.6,5.9,Urea,9.0,53.1,Top dress at 20-30 DAS; broadcast and irrigate,Rosette stage
chickpea,germination,black_cotton,36.3,68.2,21.2,low,medium,low,47.2,13.3,3.3,Rhizobium Biofert,5.0,16.5,Apply at sowing time or within first 7 DAS,Seed inoculation
sunflower_rabi,pre_sowing,sandy,191.0,109.7,173.6,high,high,high,30.2,26.4,5.3,DAP + MOP,9.0,47.7,"Apply 7 days before sowing, mix into topsoil 10-15cm",Basal
cucumber,flowering,sandy,142.6,45.7,40.6,high,medium,low,64.7,35.0,2.1,MOP,15.0,31.5,Apply at flower bud initiation; avoid leaf contact,Fruit quality
sunflower_rabi,flowering,red,86.7,37.6,33.1,medium,low,low,34.9,29.3,9.9,Boron Spray,5.0,49.5,Apply at flower bud initiation; avoid leaf contact,Pollination support
jowar_rabi,pre_sowing,laterite,59.2,57.1,144.4,medium,medium,high,37.7,17.0,4.3,DAP + MOP,15.0,64.5,"Apply 7 days before sowing, mix into topsoil 10-15cm",Full P and K basal
rabi_maize,pre_sowing,red,52.4,65.9,53.3,medium,medium,medium,46.9,15.1,8.4,DAP + MOP,35.0,294.0,"Apply 7 days before sowing, mix into topsoil 10-15cm",Same as kharif maize
rice,pre_sowing,black_cotton,20.6,48.9,138.8,low,medium,high,31.9,28.4,6.0,DAP,30.0,180.0,"Apply 7 days before sowing, mix into topsoil 10-15cm",Basal
tur_arhar,vegetative,alluvial,75.3,48.7,73.9,medium,medium,medium,30.0,31.1,5.0,Urea,10.0,50.0,Top dress at 20-30 DAS; broadcast and irrigate,Light N if pale
linseed,pre_sowing,laterite,249.1,32.9,25.8,high,low,low,56.4,30.6,6.0,DAP + MOP,30.0,180.0,"Apply 7 days before sowing, mix into topsoil 10-15cm",Basal
orange,grain_fill,black_cotton,200.7,43.5,97.4,high,low,medium,53.6,31.4,6.1,MOP + Micronutrient,20.0,122.0,Foliar spray or side dress during grain/fruit development,Fruit color + quality
cucumber,pre_sowing,sandy,35.9,62.7,199.4,low,medium,high,26.1,30.4,7.1,DAP + MOP,12.5,88.8,"Apply 7 days before sowing, mix into topsoil 10-15cm",Basal
rabi_maize,flowering,laterite,12.7,100.2,39.0,low,high,low,77.0,35.9,1.7,Urea,23.4,39.8,Apply at flower bud initiation; avoid leaf contact,Booster
onion,pre_sowing,red,140.0,113.1,94.0,high,high,medium,68.1,22.4,3.5,DAP + MOP,21.0,73.5,"Apply 7 days before sowing, mix into topsoil 10-15cm",Full P+K; half N
maize_kharif,grain_fill,red,189.0,78.6,23.2,high,medium,low,27.3,20.3,4.5,MOP,12.5,56.2,Foliar spray or side dress during grain/fruit development,Cob development
groundnut,grain_fill,alluvial,277.0,118.7,145.6,high,high,high,49.8,26.6,4.2,MOP,5.0,21.0,Foliar spray or side dress during grain/fruit development,Kernel filling
linseed,pre_sowing,black_cotton,217.3,33.9,176.9,high,low,high,45.5,20.9,8.2,DAP + MOP,12.0,98.4,"Apply 7 days before sowing, mix into topsoil 10-15cm",Basal
jowar_kharif,flowering,alluvial,41.6,115.5,48.1,medium,high,low,41.2,23.6,5.4,Urea,15.0,81.0,Apply at flower bud initiation; avoid leaf contact,Second top dress
linseed,pre_sowing,black_cotton,171.4,95.7,26.0,high,high,low,66.5,21.6,9.8,DAP + MOP,15.0,147.0,"Apply 7 days before sowing, mix into topsoil 10-15cm",Basal
wheat,flowering,black_cotton,22.4,101.8,74.2,low,high,medium,31.7,13.6,5.2,Urea,13.0,67.6,Apply at flower bud initiation; avoid leaf contact,Grain initiation
sunflower_rabi,vegetative,sandy,125.3,69.1,112.9,high,medium,high,20.7,15.9,1.9,Urea,10.8,20.5,Top dress at 20-30 DAS; broadcast and irrigate,Top dress
tomato,flowering,black_cotton,202.1,100.8,103.1,high,high,high,29.0,17.1,5.7,19:19:19 NPK,4.5,25.7,Apply at flower bud initiation; avoid leaf contact,Balanced NPK at fruit set
wheat,pre_sowing,alluvial,97.3,71.3,48.0,high,medium,low,31.1,31.8,9.9,DAP + MOP,43.8,433.6,"Apply 7 days before sowing, mix into topsoil 10-15cm",Full P+K; half N
cotton,vegetative,laterite,142.6,20.9,148.4,high,low,high,57.2,15.6,9.7,Urea + MOP,10.5,101.8,Top dress at 20-30 DAS; broadcast and irrigate,Square formation
bajra,vegetative,sandy,141.0,115.8,125.9,high,high,high,23.1,33.8,2.2,Urea,10.8,23.8,Top dress at 20-30 DAS; broadcast and irrigate,N top dress 3 weeks after sowing
watermelon,grain_fill,black_cotton,78.8,57.8,118.0,medium,medium,high,27.2,14.3,3.4,MOP,7.5,25.5,Foliar spray or side dress during grain/fruit development,Fruit sweetness
soybean,flowering,laterite,47.1,78.9,114.0,medium,medium,high,75.4,25.7,8.9,MOP,5.0,44.5,Apply at flower bud initiation; avoid leaf contact,K boost for pod setting
mustard,vegetative,alluvial,102.0,106.0,183.3,high,high,high,22.0,30.1,9.3,Urea,10.8,100.4,Top dress at 20-30 DAS; broadcast and irrigate,Top dress at 20 DAS
tomato,grain_fill,black_cotton,44.9,110.1,115.6,medium,high,high,70.4,21.5,4.7,MOP + CaNO3,9.0,42.3,Foliar spray or side dress during grain/fruit development,Fruit development + Ca
chilli,vegetative,red,70.8,82.8,170.8,medium,high,high,66.9,35.6,8.3,Urea,18.0,149.4,Top dress at 20-30 DAS; broadcast and irrigate,Plant establishment
sunflower_kharif,flowering,black_cotton,251.2,77.2,137.6,high,medium,high,52.2,35.8,3.1,Boron Spray,5.0,15.5,Apply at flower bud initiation; avoid leaf contact,Prevent hollow stem
tur_arhar,flowering,alluvial,240.5,61.2,84.9,high,medium,medium,69.8,36.1,4.2,MOP,10.0,42.0,Apply at flower bud initiation; avoid leaf contact,Pod setting
mustard,vegetative,alluvial,43.7,63.1,82.8,medium,medium,medium,25.8,12.5,9.7,Urea,18.0,174.6,Top dress at 20-30 DAS; broadcast and irrigate,Top dress at 20 DAS
jowar_kharif,vegetative,sandy,253.5,59.6,138.4,high,medium,high,74.1,21.7,5.4,Urea,12.0,64.8,Top dress at 20-30 DAS; broadcast and irrigate,Top dress after 3-4 weeks
rabi_maize,pre_sowing,black_cotton,48.1,52.7,63.1,medium,medium,medium,73.3,25.1,8.4,DAP + MOP,35.0,294.0,"Apply 7 days before sowing, mix into topsoil 10-15cm",Same as kharif maize
sesame,pre_sowing,laterite,268.4,32.9,141.7,high,low,high,66.2,14.5,9.6,DAP,21.6,207.4,"Apply 7 days before sowing, mix into topsoil 10-15cm",Light feeder
watermelon,pre_sowing,alluvial,244.7,91.3,61.8,high,high,medium,55.9,29.8,6.3,DAP + MOP,18.0,113.4,"Apply 7 days before sowing, mix into topsoil 10-15cm",Basal
rabi_maize,flowering,black_cotton,28.6,58.2,141.9,low,medium,high,64.2,34.0,6.3,Urea,23.4,147.4,Apply at flower bud initiation; avoid leaf contact,Booster
onion,grain_fill,laterite,171.6,20.6,104.8,high,low,high,30.8,21.6,1.8,MOP,7.5,13.5,Foliar spray or side dress during grain/fruit development,Bulb development
linseed,pre_sowing,alluvial,140.3,61.2,63.9,high,medium,medium,65.7,30.7,4.2,DAP + MOP,20.0,84.0,"Apply 7 days before sowing, mix into topsoil 10-15cm",Basal
pomegranate,grain_fill,sandy,195.0,109.6,117.6,high,high,high,50.6,32.8,3.5,MOP + Calcium,12.5,43.8,Foliar spray or side dress during grain/fruit development,Fruit development
grapes,pre_sowing,red,195.6,100.7,112.9,high,high,high,79.6,25.7,9.3,DAP + MOP,9.0,83.7,"Apply 7 days before sowing, mix into topsoil 10-15cm",Pruning time dose
cotton,grain_fill,red,27.4,84.3,131.4,low,high,high,61.8,12.7,3.0,MOP,7.5,22.5,Foliar spray or side dress during grain/fruit development,Fibre quality
moong_rabi,flowering,alluvial,167.4,71.3,171.7,high,medium,high,58.7,25.0,7.8,MOP,4.0,31.2,Apply at flower bud initiation; avoid leaf contact,Pod fill
orange,pre_sowing,laterite,221.3,57.4,27.1,high,medium,low,74.2,27.4,7.7,DAP + MOP,43.8,337.3,"Apply 7 days before sowing, mix into topsoil 10-15cm",Post-harvest dose
safflower,pre_sowing,laterite,138.7,56.7,154.3,high,medium,high,51.1,23.4,9.6,DAP + MOP,12.5,120.0,"Apply 7 days before sowing, mix into topsoil 10-15cm",Basal
cucumber,pre_sowing,black_cotton,279.4,119.0,45.2,high,high,low,25.9,20.5,0.8,DAP + MOP,18.8,15.0,"Apply 7 days before sowing, mix into topsoil 10-15cm",Basal
turmeric,vegetative,red,151.4,65.3,30.4,high,medium,low,72.0,31.5,5.7,Urea + MOP,22.5,128.2,Top dress at 20-30 DAS; broadcast and irrigate,Rhizome development
tur_arhar,vegetative,black_cotton,199.4,49.2,117.8,high,medium,high,49.0,18.1,6.9,Urea,6.0,41.4,Top dress at 20-30 DAS; broadcast and irrigate,Light N if pale
turmeric,grain_fill,sandy,260.5,60.6,197.2,high,medium,high,32.7,14.2,9.5,MOP,10.0,95.0,Foliar spray or side dress during grain/fruit development,Curcumin synthesis
sesame,pre_sowing,alluvial,111.9,88.4,179.5,high,high,high,45.1,23.7,1.4,DAP,10.8,15.1,"Apply 7 days before sowing, mix into topsoil 10-15cm",Light feeder
soybean,pre_sowing,alluvial,274.8,114.0,29.6,high,high,low,48.3,28.5,4.9,SSP + MOP,18.8,92.1,"Apply 7 days before sowing, mix into topsoil 10-15cm","Basal: 0 N, 50 P2O5, 40 K2O kg/ha via SSP+MOP"
tur_arhar,flowering,red,271.7,111.2,89.2,high,high,medium,41.2,26.7,2.4,MOP,10.0,24.0,Apply at flower bud initiation; avoid leaf contact,Pod setting
wheat,flowering,sandy,121.8,112.2,90.6,high,high,medium,77.8,13.3,7.6,Urea,6.0,45.6,Apply at flower bud initiation; avoid leaf contact,Grain initiation
sugarcane,pre_sowing,black_cotton,119.9,30.8,147.6,high,low,high,23.8,33.2,9.8,DAP + MOP,30.0,294.0,"Apply 7 days before sowing, mix into topsoil 10-15cm",Heavy feeder; high basal
grapes,flowering,laterite,102.6,105.7,69.7,high,high,medium,54.5,36.2,6.0,13:00:45 NPK,9.0,54.0,Apply at flower bud initiation; avoid leaf contact,Berry set
orange,grain_fill,laterite,76.0,72.9,127.2,medium,medium,high,41.8,33.8,3.1,MOP + Micronutrient,10.0,31.0,Foliar spray or side dress during grain/fruit development,Fruit color + quality
soybean,flowering,alluvial,265.0,117.2,54.5,high,high,medium,77.4,34.5,5.0,MOP,10.0,50.0,Apply at flower bud initiation; avoid leaf contact,K boost for pod setting
turmeric,vegetative,red,238.2,105.2,175.0,high,high,high,77.1,12.1,2.7,Urea + MOP,9.0,24.3,Top dress at 20-30 DAS; broadcast and irrigate,Rhizome development
jowar_kharif,vegetative,black_cotton,49.1,55.6,104.5,medium,medium,high,79.6,19.1,6.2,Urea,20.0,124.0,Top dress at 20-30 DAS; broadcast and irrigate,Top dress after 3-4 weeks
soybean,flowering,red,113.7,28.5,169.4,high,low,high,31.3,36.5,4.9,MOP,5.0,24.5,Apply at flower bud initiation; avoid leaf contact,K boost for pod setting
cucumber,pre_sowing,red,90.8,26.1,170.7,high,low,high,43.5,13.4,5.9,DAP + MOP,15.0,88.5,"Apply 7 days before sowing, mix into topsoil 10-15cm",Basal
safflower,pre_sowing,sandy,158.1,40.5,197.5,high,low,high,47.0,31.8,8.9,DAP + MOP,15.0,133.5,"Apply 7 days before sowing, mix into topsoil 10-15cm",Basal
sunflower_kharif,pre_sowing,black_cotton,186.4,35.7,60.6,high,low,medium,54.1,35.0,6.1,DAP + MOP,36.0,219.6,"Apply 7 days before sowing, mix into topsoil 10-15cm",Basal
rice,pre_sowing,alluvial,189.9,97.1,128.0,high,high,high,79.2,29.1,2.6,DAP,18.0,46.8,"Apply 7 days before sowing, mix into topsoil 10-15cm",Basal
chickpea,pre_sowing,red,31.8,36.8,105.0,low,low,high,28.9,23.9,4.0,SSP + MOP,12.0,48.0,"Apply 7 days before sowing, mix into topsoil 10-15cm",Low N; P and K basal
rabi_maize,pre_sowing,laterite,142.3,83.5,93.2,high,high,medium,53.1,16.3,1.7,DAP + MOP,21.0,35.7,"Apply 7 days before sowing, mix into topsoil 10-15cm",Same as kharif maize
sunflower_rabi,pre_sowing,black_cotton,155.9,58.6,182.3,high,medium,high,23.7,27.8,0.8,DAP + MOP,15.0,12.0,"Apply 7 days before sowing, mix into topsoil 10-15cm",Basal
pomegranate,pre_sowing,black_cotton,235.7,92.3,98.2,high,high,medium,21.6,34.9,7.8,DAP + MOP,21.0,163.8,"Apply 7 days before sowing, mix into topsoil 10-15cm",Pre-bloom
orange,pre_sowing,black_cotton,135.0,98.7,114.8,high,high,high,68.5,23.4,9.5,DAP + MOP,10.5,99.8,"Apply 7 days before sowing, mix into topsoil 10-15cm",Post-harvest dose
banana,grain_fill,laterite,261.8,33.0,41.9,high,low,low,74.5,19.2,0.6,MOP,50.0,30.0,Foliar spray or side dress during grain/fruit development,Bunch filling
grapes,vegetative,black_cotton,39.7,90.3,22.2,low,high,low,69.1,23.2,0.8,Urea,26.0,20.8,Top dress at 20-30 DAS; broadcast and irrigate,Shoot growth
sesame,pre_sowing,red,232.9,45.8,198.8,high,medium,high,37.4,14.2,9.8,DAP,18.0,176.4,"Apply 7 days before sowing, mix into topsoil 10-15cm",Light feeder
grapes,grain_fill,red,245.5,24.6,110.1,high,low,high,44.2,37.0,6.5,MOP,10.0,65.0,Foliar spray or side dress during grain/fruit development,Maturity
rice,flowering,black_cotton,19.8,71.2,178.1,low,medium,high,71.0,18.3,4.1,Urea + MOP,13.0,53.3,Apply at flower bud initiation; avoid leaf contact,Panicle initiation
safflower,vegetative,black_cotton,163.3,116.6,167.0,high,high,high,62.0,16.2,4.2,Urea,9.0,37.8,Top dress at 20-30 DAS; broadcast and irrigate,Rosette stage
soybean,grain_fill,alluvial,54.8,78.8,28.5,medium,medium,low,22.2,20.9,4.4,Micronutrient Mix,5.0,22.0,Foliar spray or side dress during grain/fruit development,Zinc + Boron foliar spray
soybean,flowering,sandy,61.6,106.3,70.3,medium,high,medium,37.2,35.2,1.5,MOP,10.0,15.0,Apply at flower bud initiation; avoid leaf contact,K boost for pod setting
turmeric,vegetative,sandy,23.3,43.6,104.2,low,low,high,58.7,35.0,3.3,Urea + MOP,19.5,64.3,Top dress at 20-30 DAS; broadcast and irrigate,Rhizome development
safflower,vegetative,black_cotton,209.4,41.3,65.6,high,low,medium,77.2,19.9,0.8,Urea,9.0,7.2,Top dress at 20-30 DAS; broadcast and irrigate,Rosette stage
moong_rabi,flowering,sandy,150.1,33.0,158.7,high,low,high,78.4,26.0,9.7,MOP,4.0,38.8,Apply at flower bud initiation; avoid leaf contact,Pod fill
banana,grain_fill,sandy,264.9,92.2,92.5,high,high,medium,70.4,12.4,4.0,MOP,40.0,160.0,Foliar spray or side dress during grain/fruit development,Bunch filling
banana,flowering,alluvial,145.7,34.7,50.7,high,low,medium,79.8,21.1,3.8,Urea + MOP,27.0,102.6,Apply at flower bud initiation; avoid leaf contact,Bunch initiation
maize_kharif,flowering,sandy,238.4,106.2,110.3,high,high,high,69.7,18.6,5.1,Urea,12.0,61.2,Apply at flower bud initiation; avoid leaf contact,Tasselling stage
tomato,vegetative,sandy,96.2,75.3,114.1,high,medium,high,44.8,15.2,0.6,Urea,12.0,7.2,Top dress at 20-30 DAS; broadcast and irrigate,Vegetative growth
soybean,grain_fill,red,263.1,119.0,63.8,high,high,medium,66.0,18.9,9.4,Micronutrient Mix,5.0,47.0,Foliar spray or side dress during grain/fruit development,Zinc + Boron foliar spray
tomato,pre_sowing,laterite,158.3,22.1,62.8,high,low,medium,62.6,29.5,6.8,DAP + MOP,48.0,326.4,"Apply 7 days before sowing, mix into topsoil 10-15cm",Full P+K; half N
sunflower_kharif,vegetative,sandy,253.0,48.3,179.0,high,medium,high,55.9,37.7,2.5,Urea,10.8,27.0,Top dress at 20-30 DAS; broadcast and irrigate,Top dress
maize_kharif,pre_sowing,alluvial,74.5,112.6,78.7,medium,high,medium,67.2,14.9,8.1,DAP + MOP,21.0,170.1,"Apply 7 days before sowing, mix into topsoil 10-15cm",Full P+K; half N basal
sesame,pre_sowing,alluvial,224.9,66.1,173.3,high,medium,high,23.1,17.4,6.0,DAP,18.0,108.0,"Apply 7 days before sowing, mix into topsoil 10-15cm",Light feeder
chilli,grain_fill,black_cotton,147.4,89.2,86.9,high,high,medium,24.0,35.1,0.7,MOP,12.0,8.4,Foliar spray or side dress during grain/fruit development,Pungency development
sesame,pre_sowing,alluvial,186.4,61.2,49.3,high,medium,low,56.6,22.0,5.8,DAP,18.0,104.4,"Apply 7 days before sowing, mix into topsoil 10-15cm",Light feeder
pomegranate,pre_sowing,alluvial,233.7,102.7,47.1,high,high,low,21.9,18.0,6.9,DAP + MOP,26.2,180.8,"Apply 7 days before sowing, mix into topsoil 10-15cm",Pre-bloom
mustard,vegetative,sandy,228.0,20.8,118.6,high,low,high,74.0,32.1,6.3,Urea,10.8,68.0,Top dress at 20-30 DAS; broadcast and irrigate,Top dress at 20 DAS
turmeric,grain_fill,sandy,179.1,62.6,96.4,high,medium,medium,31.4,13.3,7.4,MOP,20.0,148.0,Foliar spray or side dress during grain/fruit development,Curcumin synthesis
sugarcane,vegetative,sandy,96.3,64.3,193.3,high,medium,high,79.5,35.9,5.3,Urea + MOP,15.0,79.5,Top dress at 20-30 DAS; broadcast and irrigate,Grand growth period
jowar_rabi,pre_sowing,red,69.7,76.0,63.0,medium,medium,medium,50.7,22.8,8.3,DAP + MOP,30.0,249.0,"Apply 7 days before sowing, mix into topsoil 10-15cm",Full P and K basal
safflower,flowering,alluvial,166.7,47.5,197.8,high,medium,high,36.8,18.9,2.7,Urea,6.0,16.2,Apply at flower bud initiation; avoid leaf contact,Capitulum stage
linseed,pre_sowing,red,67.8,52.4,154.2,medium,medium,high,77.9,14.0,2.2,DAP + MOP,10.0,22.0,"Apply 7 days before sowing, mix into topsoil 10-15cm",Basal
soybean,vegetative,alluvial,46.3,60.8,166.9,medium,medium,high,22.4,36.9,7.7,Urea,12.0,92.4,Top dress at 20-30 DAS; broadcast and irrigate,Top dress if N deficiency observed
cotton,flowering,laterite,25.0,55.1,144.7,low,medium,high,50.4,30.2,4.6,Urea,32.5,149.5,Apply at flower bud initiation; avoid leaf contact,Boll development
safflower,pre_sowing,laterite,175.7,49.2,90.7,high,medium,medium,26.8,17.2,7.7,DAP + MOP,25.0,192.5,"Apply 7 days before sowing, mix into topsoil 10-15cm",Basal
safflower,vegetative,laterite,62.4,91.1,61.0,medium,high,medium,54.5,12.9,1.9,Urea,15.0,28.5,Top dress at 20-30 DAS; broadcast and irrigate,Rosette stage
grapes,grain_fill,sandy,173.5,39.1,40.2,high,low,low,20.8,35.2,7.0,MOP,25.0,175.0,Foliar spray or side dress during grain/fruit development,Maturity
maize_kharif,grain_fill,sandy,141.7,82.1,26.2,high,high,low,79.9,20.6,9.4,MOP,12.5,117.5,Foliar spray or side dress during grain/fruit development,Cob development
sunflower_kharif,flowering,alluvial,140.1,32.2,107.5,high,low,high,30.6,29.6,1.6,Boron Spray,5.0,8.0,Apply at flower bud initiation; avoid leaf contact,Prevent hollow stem
moong_kharif,flowering,laterite,189.2,20.5,140.8,high,low,high,36.1,30.4,5.7,MOP,4.0,22.8,Apply at flower bud initiation; avoid leaf contact,Pod fill
onion,pre_sowing,red,94.8,107.9,190.0,high,high,high,50.9,36.9,7.1,DAP + MOP,10.5,74.5,"Apply 7 days before sowing, mix into topsoil 10-15cm",Full P+K; half N
maize_kharif,grain_fill,red,91.6,114.3,98.3,high,high,medium,22.7,25.4,6.0,MOP,10.0,60.0,Foliar spray or side dress during grain/fruit development,Cob development
rice,germination,sandy,227.9,83.2,64.4,high,high,medium,75.0,26.2,2.7,Urea,10.8,29.2,Apply at sowing time or within first 7 DAS,7-10 DAS
moong_kharif,germination,red,77.1,87.0,58.5,medium,high,medium,45.7,31.2,7.0,Rhizobium Biofert,5.0,35.0,Apply at sowing time or within first 7 DAS,Seed treatment
cucumber,pre_sowing,red,73.0,24.7,24.2,medium,low,low,48.1,36.7,6.2,DAP + MOP,37.5,232.5,"Apply 7 days before sowing, mix into topsoil 10-15cm",Basal
moong_rabi,pre_sowing,sandy,215.4,105.4,74.5,high,high,medium,58.8,35.7,7.2,SSP + MOP,10.8,77.8,"Apply 7 days before sowing, mix into topsoil 10-15cm",Same as kharif moong
jowar_kharif,flowering,black_cotton,219.4,74.1,23.8,high,medium,low,77.3,18.6,7.1,Urea,9.0,63.9,Apply at flower bud initiation; avoid leaf contact,Second top dress
tur_arhar,germination,alluvial,136.5,104.6,181.0,high,high,high,56.1,28.7,3.3,Rhizobium Biofert,5.0,16.5,Apply at sowing time or within first 7 DAS,Seed treatment
urad,germination,red,18.0,88.8,153.5,low,high,high,63.8,15.2,0.5,Rhizobium Biofert,5.0,2.5,Apply at sowing time or within first 7 DAS,Seed inoculation
linseed,vegetative,alluvial,140.0,51.9,133.7,high,medium,high,39.7,15.7,7.5,Urea,7.2,54.0,Top dress at 20-30 DAS; broadcast and irrigate,Top dress
linseed,vegetative,alluvial,216.6,46.0,88.6,high,medium,medium,23.1,16.2,8.1,Urea,7.2,58.3,Top dress at 20-30 DAS; broadcast and irrigate,Top dress
moong_kharif,germination,laterite,84.2,73.5,158.7,medium,medium,high,64.6,17.4,5.8,Rhizobium Biofert,5.0,29.0,Apply at sowing time or within first 7 DAS,Seed treatment
groundnut,pre_sowing,black_cotton,89.7,81.3,69.6,medium,high,medium,58.7,12.3,1.2,SSP + Gypsum,18.0,21.6,"Apply 7 days before sowing, mix into topsoil 10-15cm",Ca from gypsum for pod fill
jowar_rabi,vegetative,red,103.9,46.1,50.1,high,medium,medium,57.1,19.6,2.3,Urea,12.0,27.6,Top dress at 20-30 DAS; broadcast and irrigate,Split N top dress
cucumber,flowering,laterite,150.9,47.4,79.1,high,medium,medium,79.2,32.8,4.7,MOP,12.0,56.4,Apply at flower bud initiation; avoid leaf contact,Fruit quality
sunflower_kharif,vegetative,red,251.3,82.2,29.3,high,high,low,68.0,33.5,5.8,Urea,10.8,62.6,Top dress at 20-30 DAS; broadcast and irrigate,Top dress
onion,grain_fill,alluvial,170.1,73.0,169.9,high,medium,high,79.6,27.3,5.8,MOP,7.5,43.5,Foliar spray or side dress during grain/fruit development,Bulb development
watermelon,vegetative,red,263.6,37.0,74.5,high,low,medium,24.7,32.6,2.3,Urea,9.0,20.7,Top dress at 20-30 DAS; broadcast and irrigate,Vine growth
rabi_maize,pre_sowing,red,166.2,101.3,63.0,high,high,medium,30.9,12.4,7.7,DAP + MOP,21.0,161.7,"Apply 7 days before sowing, mix into topsoil 10-15cm",Same as kharif maize
tur_arhar,germination,red,257.2,77.2,100.3,high,medium,high,42.4,13.6,4.3,Rhizobium Biofert,5.0,21.5,Apply at sowing time or within first 7 DAS,Seed treatment
sunflower_kharif,flowering,black_cotton,132.6,111.4,109.2,high,high,high,27.9,29.1,1.8,Boron Spray,5.0,9.0,Apply at flower bud initiation; avoid leaf contact,Prevent hollow stem
urad,germination,alluvial,23.1,77.1,100.5,low,medium,high,57.7,12.1,5.9,Rhizobium Biofert,5.0,29.5,Apply at sowing time or within first 7 DAS,Seed inoculation
moong_rabi,germination,red,265.7,80.7,69.7,high,high,medium,77.2,33.4,5.1,Rhizobium Biofert,5.0,25.5,Apply at sowing time or within first 7 DAS,Seed treatment
banana,pre_sowing,red,112.4,77.7,124.9,high,medium,high,40.0,32.1,7.2,DAP + MOP,30.0,216.0,"Apply 7 days before sowing, mix into topsoil 10-15cm",Heavy K feeder; high basal
onion,pre_sowing,alluvial,185.7,104.4,148.1,high,high,high,63.6,28.3,8.7,DAP + MOP,10.5,91.3,"Apply 7 days before sowing, mix into topsoil 10-15cm",Full P+K; half N
grapes,flowering,sandy,74.7,61.0,135.8,medium,medium,high,26.2,31.2,3.9,13:00:45 NPK,7.5,29.2,Apply at flower bud initiation; avoid leaf contact,Berry set
banana,flowering,red,88.9,89.6,108.6,medium,high,high,80.0,19.3,9.4,Urea + MOP,22.5,211.5,Apply at flower bud initiation; avoid leaf contact,Bunch initiation
mustard,flowering,black_cotton,191.4,25.3,174.4,high,low,high,32.4,15.1,9.2,Urea,6.0,55.2,Apply at flower bud initiation; avoid leaf contact,Booster
cotton,pre_sowing,black_cotton,62.0,55.8,179.4,medium,medium,high,23.1,23.3,2.3,DAP + MOP,20.0,46.0,"Apply 7 days before sowing, mix into topsoil 10-15cm",Basal: 25N 25P 25K
rice,vegetative,red,149.4,101.7,126.4,high,high,high,77.3,13.8,7.4,Urea,13.2,97.7,Top dress at 20-30 DAS; broadcast and irrigate,25-30 DAS tillering
cotton,grain_fill,sandy,40.3,69.1,58.7,medium,medium,medium,21.1,24.6,9.1,MOP,15.0,136.5,Foliar spray or side dress during grain/fruit development,Fibre quality
tur_arhar,flowering,black_cotton,64.6,67.7,71.0,medium,medium,medium,37.3,24.2,8.3,MOP,10.0,83.0,Apply at flower bud initiation; avoid leaf contact,Pod setting
turmeric,vegetative,black_cotton,163.9,80.4,117.4,high,high,high,65.7,26.1,9.7,Urea + MOP,9.0,87.3,Top dress at 20-30 DAS; broadcast and irrigate,Rhizome development
sunflower_kharif,vegetative,black_cotton,27.9,45.0,82.2,low,medium,medium,77.6,29.2,5.6,Urea,23.4,131.0,Top dress at 20-30 DAS; broadcast and irrigate,Top dress
rice,flowering,red,186.3,114.5,78.2,high,high,medium,79.8,28.2,2.3,Urea + MOP,12.0,27.6,Apply at flower bud initiation; avoid leaf contact,Panicle initiation
sesame,pre_sowing,alluvial,187.6,65.8,150.1,high,medium,high,44.9,13.6,7.1,DAP,18.0,127.8,"Apply 7 days before sowing, mix into topsoil 10-15cm",Light feeder
jowar_rabi,pre_sowing,sandy,46.4,70.7,59.4,medium,medium,medium,79.4,13.4,7.5,DAP + MOP,30.0,225.0,"Apply 7 days before sowing, mix into topsoil 10-15cm",Full P and K basal
moong_kharif,pre_sowing,red,79.7,32.8,101.2,medium,low,high,34.2,24.9,5.3,SSP + MOP,10.8,57.2,"Apply 7 days before sowing, mix into topsoil 10-15cm",Low N legume
maize_kharif,vegetative,black_cotton,93.6,106.6,121.6,high,high,high,24.8,31.0,6.7,Urea,15.0,100.5,Top dress at 20-30 DAS; broadcast and irrigate,Knee high stage N
chilli,flowering,alluvial,224.8,90.4,97.3,high,high,medium,69.9,15.5,2.4,19:19:19 NPK,9.0,21.6,Apply at flower bud initiation; avoid leaf contact,Fruit set
bajra,flowering,laterite,104.7,94.4,127.4,high,high,high,39.0,23.2,3.1,Urea,6.0,18.6,Apply at flower bud initiation; avoid leaf contact,Booster dose
wheat,vegetative,alluvial,26.6,20.5,34.3,low,low,low,63.5,29.6,7.1,Urea,26.0,184.6,Top dress at 20-30 DAS; broadcast and irrigate,Tillering
linseed,vegetative,black_cotton,31.9,52.4,67.8,low,medium,medium,61.1,34.7,1.2,Urea,15.6,18.7,Top dress at 20-30 DAS; broadcast and irrigate,Top dress
rice,grain_fill,black_cotton,150.7,117.5,140.3,high,high,high,51.5,37.7,7.1,MOP,6.0,42.6,Foliar spray or side dress during grain/fruit development,Grain filling stage
cotton,flowering,alluvial,73.7,88.5,163.8,medium,high,high,23.0,22.3,8.1,Urea,25.0,202.5,Apply at flower bud initiation; avoid leaf contact,Boll development
sesame,vegetative,laterite,152.3,116.3,133.8,high,high,high,66.1,26.3,5.2,Urea,7.2,37.4,Top dress at 20-30 DAS; broadcast and irrigate,Top dress
turmeric,grain_fill,red,209.3,89.7,161.1,high,high,high,63.9,25.1,9.3,MOP,10.0,93.0,Foliar spray or side dress during grain/fruit development,Curcumin synthesis
moong_rabi,flowering,sandy,55.7,78.6,73.6,medium,medium,medium,30.7,31.8,1.3,MOP,8.0,10.4,Apply at flower bud initiation; avoid leaf contact,Pod fill
rice,flowering,alluvial,171.8,62.3,132.5,high,medium,high,31.6,32.5,0.8,Urea + MOP,6.0,4.8,Apply at flower bud initiation; avoid leaf contact,Panicle initiation
tur_arhar,pre_sowing,black_cotton,124.9,117.2,109.2,high,high,high,54.5,37.2,6.3,SSP + MOP,6.6,41.6,"Apply 7 days before sowing, mix into topsoil 10-15cm",Low N; P+K basal
sesame,pre_sowing,sandy,88.6,22.5,163.9,medium,low,high,50.7,22.7,9.0,DAP,21.6,194.4,"Apply 7 days before sowing, mix into topsoil 10-15cm",Light feeder
cotton,grain_fill,black_cotton,10.1,55.8,182.7,low,medium,high,43.1,35.7,3.1,MOP,7.5,23.2,Foliar spray or side dress during grain/fruit development,Fibre quality
sunflower_rabi,flowering,sandy,70.2,51.7,169.9,medium,medium,high,66.0,19.1,3.8,Boron Spray,5.0,19.0,Apply at flower bud initiation; avoid leaf contact,Pollination support
wheat,vegetative,red,239.2,67.4,79.1,high,medium,medium,51.4,24.1,4.4,Urea,12.0,52.8,Top dress at 20-30 DAS; broadcast and irrigate,Tillering
maize_kharif,pre_sowing,laterite,239.0,47.5,135.7,high,medium,high,60.2,13.2,9.5,DAP + MOP,17.5,166.2,"Apply 7 days before sowing, mix into topsoil 10-15cm",Full P+K; half N basal
chickpea,germination,alluvial,192.3,50.6,199.7,high,medium,high,76.1,28.0,6.8,Rhizobium Biofert,5.0,34.0,Apply at sowing time or within first 7 DAS,Seed inoculation
linseed,vegetative,alluvial,271.1,90.5,38.9,high,high,low,78.8,15.3,3.3,Urea,7.2,23.8,Top dress at 20-30 DAS; broadcast and irrigate,Top dress
sunflower_rabi,pre_sowing,alluvial,81.3,67.5,131.8,medium,medium,high,42.8,19.1,7.1,DAP + MOP,15.0,106.5,"Apply 7 days before sowing, mix into topsoil 10-15cm",Basal
chickpea,pre_sowing,alluvial,158.9,54.3,147.4,high,medium,high,34.6,33.9,8.5,SSP + MOP,10.0,85.0,"Apply 7 days before sowing, mix into topsoil 10-15cm",Low N; P and K basal
grapes,grain_fill,sandy,274.1,120.0,55.3,high,high,medium,58.7,30.0,4.1,MOP,20.0,82.0,Foliar spray or side dress during grain/fruit development,Maturity
moong_kharif,flowering,alluvial,105.5,34.5,97.6,high,low,medium,53.1,19.0,5.3,MOP,8.0,42.4,Apply at flower bud initiation; avoid leaf contact,Pod fill
cucumber,pre_sowing,alluvial,94.2,100.6,127.7,high,high,high,78.9,27.0,9.1,DAP + MOP,7.5,68.2,"Apply 7 days before sowing, mix into topsoil 10-15cm",Basal
chilli,flowering,red,220.5,102.3,154.6,high,high,high,58.5,14.8,6.1,19:19:19 NPK,4.5,27.4,Apply at flower bud initiation; avoid leaf contact,Fruit set
rice,pre_sowing,sandy,256.0,108.0,67.4,high,high,medium,63.2,37.4,1.0,DAP,18.0,18.0,"Apply 7 days before sowing, mix into topsoil 10-15cm",Basal
tomato,flowering,black_cotton,268.6,43.9,194.9,high,low,high,37.3,28.2,8.6,19:19:19 NPK,4.5,38.7,Apply at flower bud initiation; avoid leaf contact,Balanced NPK at fruit set
soybean,vegetative,laterite,173.8,89.2,86.6,high,high,medium,22.6,24.3,3.9,Urea,7.2,28.1,Top dress at 20-30 DAS; broadcast and irrigate,Top dress if N deficiency observed
jowar_rabi,flowering,laterite,150.8,94.6,86.0,high,high,medium,74.0,15.2,0.6,Urea,7.2,4.3,Apply at flower bud initiation; avoid leaf contact,Light booster
urad,flowering,laterite,136.9,45.5,29.3,high,medium,low,48.4,37.4,5.5,MOP,10.0,55.0,Apply at flower bud initiation; avoid leaf contact,Pod development
pomegranate,pre_sowing,laterite,202.3,22.9,84.5,high,low,medium,58.3,17.5,2.0,DAP + MOP,42.0,84.0,"Apply 7 days before sowing, mix into topsoil 10-15cm",Pre-bloom
sesame,vegetative,alluvial,121.5,33.6,199.3,high,low,high,51.3,36.0,3.6,Urea,7.2,25.9,Top dress at 20-30 DAS; broadcast and irrigate,Top dress
cotton,flowering,alluvial,228.2,58.2,122.0,high,medium,high,71.3,14.5,3.8,Urea,15.0,57.0,Apply at flower bud initiation; avoid leaf contact,Boll development
rice,pre_sowing,black_cotton,14.8,89.7,90.5,low,high,medium,31.9,15.2,7.6,DAP,18.0,136.8,"Apply 7 days before sowing, mix into topsoil 10-15cm",Basal
moong_rabi,germination,black_cotton,154.9,59.9,155.0,high,medium,high,44.9,28.1,2.1,Rhizobium Biofert,5.0,10.5,Apply at sowing time or within first 7 DAS,Seed treatment
chilli,pre_sowing,red,149.4,106.4,177.4,high,high,high,73.9,33.6,9.4,DAP + MOP,10.5,98.7,"Apply 7 days before sowing, mix into topsoil 10-15cm",Basal
orange,pre_sowing,laterite,182.1,57.8,22.3,high,medium,low,74.3,18.8,9.8,DAP + MOP,43.8,429.2,"Apply 7 days before sowing, mix into topsoil 10-15cm",Post-harvest dose
mustard,pre_sowing,sandy,59.6,59.2,100.5,medium,medium,high,29.7,16.2,4.2,DAP + MOP,12.5,52.5,"Apply 7 days before sowing, mix into topsoil 10-15cm",Basal; sulfur from SSP
moong_rabi,flowering,alluvial,105.5,36.7,29.7,high,low,low,47.8,34.8,5.7,MOP,10.0,57.0,Apply at flower bud initiation; avoid leaf contact,Pod fill
banana,pre_sowing,alluvial,186.7,103.9,90.6,high,high,medium,43.1,30.1,1.5,DAP + MOP,36.0,54.0,"Apply 7 days before sowing, mix into topsoil 10-15cm",Heavy K feeder; high basal
rice,flowering,sandy,22.9,112.5,28.5,low,high,low,64.2,36.9,5.0,Urea + MOP,32.5,162.5,Apply at flower bud initiation; avoid leaf contact,Panicle initiation
rabi_maize,pre_sowing,red,118.8,58.7,174.9,high,medium,high,22.4,33.0,9.9,DAP + MOP,17.5,173.2,"Apply 7 days before sowing, mix into topsoil 10-15cm",Same as kharif maize
sunflower_rabi,vegetative,laterite,118.7,53.8,109.1,high,medium,high,38.5,22.5,2.2,Urea,10.8,23.8,Top dress at 20-30 DAS; broadcast and irrigate,Top dress
safflower,flowering,red,169.2,44.8,121.1,high,low,high,40.7,20.7,4.7,Urea,6.0,28.2,Apply at flower bud initiation; avoid leaf contact,Capitulum stage
sesame,vegetative,red,26.3,25.4,126.2,low,low,high,34.7,36.6,3.9,Urea,15.6,60.8,Top dress at 20-30 DAS; broadcast and irrigate,Top dress
chilli,vegetative,alluvial,18.4,94.9,100.0,low,high,high,53.5,37.6,3.8,Urea,23.4,88.9,Top dress at 20-30 DAS; broadcast and irrigate,Plant establishment
maize_kharif,vegetative,sandy,31.4,117.4,91.8,low,high,medium,31.1,31.2,6.5,Urea,32.5,211.2,Top dress at 20-30 DAS; broadcast and irrigate,Knee high stage N
jowar_rabi,pre_sowing,laterite,59.7,79.7,68.2,medium,medium,medium,64.3,18.1,6.7,DAP + MOP,30.0,201.0,"Apply 7 days before sowing, mix into topsoil 10-15cm",Full P and K basal
onion,vegetative,laterite,116.6,92.5,194.7,high,high,high,41.8,36.3,2.8,Urea,12.0,33.6,Top dress at 20-30 DAS; broadcast and irrigate,Leaf development
banana,vegetative,red,140.4,118.1,44.4,high,high,low,26.8,26.8,0.9,Urea + MOP,37.5,33.8,Top dress at 20-30 DAS; broadcast and irrigate,Sword sucker stage
maize_kharif,pre_sowing,laterite,94.2,58.8,109.7,high,medium,high,35.6,36.4,9.2,DAP + MOP,17.5,161.0,"Apply 7 days before sowing, mix into topsoil 10-15cm",Full P+K; half N basal
chilli,flowering,black_cotton,103.5,23.1,145.4,high,low,high,32.5,36.3,2.9,19:19:19 NPK,4.5,13.0,Apply at flower bud initiation; avoid leaf contact,Fruit set
sugarcane,vegetative,alluvial,149.2,87.5,169.0,high,high,high,29.1,21.5,5.5,Urea + MOP,15.0,82.5,Top dress at 20-30 DAS; broadcast and irrigate,Grand growth period
groundnut,flowering,laterite,34.3,118.6,24.0,low,high,low,27.5,17.7,5.8,Gypsum,25.0,145.0,Apply at flower bud initiation; avoid leaf contact,Peg development
chickpea,pre_sowing,black_cotton,75.2,88.8,143.0,medium,high,high,25.8,18.2,4.0,SSP + MOP,6.0,24.0,"Apply 7 days before sowing, mix into topsoil 10-15cm",Low N; P and K basal
bajra,pre_sowing,sandy,49.0,20.0,150.5,medium,low,high,64.0,27.1,4.6,DAP,24.0,110.4,"Apply 7 days before sowing, mix into topsoil 10-15cm",Basal P
cucumber,vegetative,laterite,86.7,54.9,180.4,medium,medium,high,61.5,12.8,7.8,Urea,15.0,117.0,Top dress at 20-30 DAS; broadcast and irrigate,Growth boost
cotton,grain_fill,alluvial,143.3,47.2,33.6,high,medium,low,61.0,24.4,6.2,MOP,18.8,116.6,Foliar spray or side dress during grain/fruit development,Fibre quality
wheat,germination,laterite,62.0,69.8,95.3,medium,medium,medium,72.3,36.0,4.7,Urea,20.0,94.0,Apply at sowing time or within first 7 DAS,CRI stage
sunflower_kharif,vegetative,laterite,39.8,96.6,71.6,low,high,medium,72.7,30.2,9.8,Urea,23.4,229.3,Top dress at 20-30 DAS; broadcast and irrigate,Top dress
grapes,vegetative,black_cotton,78.0,65.6,110.7,medium,medium,high,78.9,29.3,5.3,Urea,20.0,106.0,Top dress at 20-30 DAS; broadcast and irrigate,Shoot growth
sunflower_rabi,vegetative,black_cotton,62.7,110.8,134.7,medium,high,high,77.1,35.0,3.0,Urea,18.0,54.0,Top dress at 20-30 DAS; broadcast and irrigate,Top dress
sunflower_kharif,vegetative,alluvial,268.2,64.2,80.1,high,medium,medium,39.9,15.8,0.9,Urea,10.8,9.7,Top dress at 20-30 DAS; broadcast and irrigate,Top dress
rabi_maize,flowering,black_cotton,32.3,35.7,175.1,low,low,high,54.4,27.5,2.0,Urea,23.4,46.8,Apply at flower bud initiation; avoid leaf contact,Booster
tomato,vegetative,sandy,118.5,88.6,68.4,high,high,medium,34.6,27.3,0.9,Urea,12.0,10.8,Top dress at 20-30 DAS; broadcast and irrigate,Vegetative growth
watermelon,pre_sowing,black_cotton,246.8,36.0,20.1,high,low,low,30.8,17.7,7.8,DAP + MOP,45.0,351.0,"Apply 7 days before sowing, mix into topsoil 10-15cm",Basal
soybean,flowering,alluvial,47.8,45.2,23.5,medium,medium,low,53.9,24.4,9.9,MOP,12.5,123.8,Apply at flower bud initiation; avoid leaf contact,K boost for pod setting
sunflower_rabi,pre_sowing,red,245.3,52.3,148.3,high,medium,high,38.9,27.4,7.9,DAP + MOP,15.0,118.5,"Apply 7 days before sowing, mix into topsoil 10-15cm",Basal
linseed,pre_sowing,laterite,98.5,54.1,127.8,high,medium,high,27.2,24.3,4.5,DAP + MOP,10.0,45.0,"Apply 7 days before sowing, mix into topsoil 10-15cm",Basal
groundnut,pre_sowing,sandy,167.1,57.7,109.8,high,medium,high,33.4,28.9,9.2,SSP + Gypsum,30.0,276.0,"Apply 7 days before sowing, mix into topsoil 10-15cm",Ca from gypsum for pod fill
moong_rabi,pre_sowing,alluvial,177.0,113.4,42.6,high,high,low,79.7,17.9,0.5,SSP + MOP,13.5,6.8,"Apply 7 days before sowing, mix into topsoil 10-15cm",Same as kharif moong
jowar_kharif,flowering,alluvial,14.8,119.6,127.6,low,high,high,54.0,20.7,3.6,Urea,19.5,70.2,Apply at flower bud initiation; avoid leaf contact,Second top dress
safflower,flowering,red,79.2,45.7,98.8,medium,medium,medium,40.0,29.4,4.2,Urea,10.0,42.0,Apply at flower bud initiation; avoid leaf contact,Capitulum stage
cucumber,pre_sowing,alluvial,195.0,81.0,126.6,high,high,high,62.4,27.8,0.9,DAP + MOP,7.5,6.8,"Apply 7 days before sowing, mix into topsoil 10-15cm",Basal
onion,vegetative,sandy,167.2,91.6,63.7,high,high,medium,72.5,19.5,2.5,Urea,12.0,30.0,Top dress at 20-30 DAS; broadcast and irrigate,Leaf development
jowar_kharif,pre_sowing,red,47.4,60.7,150.2,medium,medium,high,54.7,18.8,6.8,DAP,25.0,170.0,"Apply 7 days before sowing, mix into topsoil 10-15cm",Basal P and N
rabi_maize,pre_sowing,laterite,247.2,115.9,69.5,high,high,medium,40.5,12.6,7.7,DAP + MOP,21.0,161.7,"Apply 7 days before sowing, mix into topsoil 10-15cm",Same as kharif maize
sunflower_rabi,pre_sowing,laterite,70.9,105.5,134.3,medium,high,high,70.6,18.1,4.2,DAP + MOP,9.0,37.8,"Apply 7 days before sowing, mix into topsoil 10-15cm",Basal
wheat,vegetative,black_cotton,79.4,20.1,61.6,medium,low,medium,79.0,18.7,5.4,Urea,20.0,108.0,Top dress at 20-30 DAS; broadcast and irrigate,Tillering
cotton,grain_fill,black_cotton,51.9,76.7,110.3,medium,medium,high,51.7,23.2,6.0,MOP,7.5,45.0,Foliar spray or side dress during grain/fruit development,Fibre quality
rice,flowering,black_cotton,13.5,49.4,156.0,low,medium,high,63.3,22.8,1.5,Urea + MOP,13.0,19.5,Apply at flower bud initiation; avoid leaf contact,Panicle initiation
groundnut,flowering,red,258.3,32.2,136.7,high,low,high,47.7,20.2,0.6,Gypsum,25.0,15.0,Apply at flower bud initiation; avoid leaf contact,Peg development
maize_kharif,vegetative,alluvial,15.2,112.0,123.7,low,high,high,44.4,22.6,6.8,Urea,32.5,221.0,Top dress at 20-30 DAS; broadcast and irrigate,Knee high stage N
bajra,vegetative,alluvial,32.0,116.2,84.1,low,high,medium,42.5,16.7,4.3,Urea,23.4,100.6,Top dress at 20-30 DAS; broadcast and irrigate,N top dress 3 weeks after sowing
urad,germination,black_cotton,40.4,114.0,74.0,medium,high,medium,22.1,30.0,6.9,Rhizobium Biofert,5.0,34.5,Apply at sowing time or within first 7 DAS,Seed inoculation
sugarcane,vegetative,alluvial,75.4,40.7,179.9,medium,low,high,76.1,29.1,9.7,Urea + MOP,25.0,242.5,Top dress at 20-30 DAS; broadcast and irrigate,Grand growth period
grapes,grain_fill,alluvial,212.0,94.1,52.0,high,high,medium,48.4,27.6,2.9,MOP,20.0,58.0,Foliar spray or side dress during grain/fruit development,Maturity
groundnut,flowering,laterite,201.5,66.5,173.3,high,medium,high,58.5,16.1,1.1,Gypsum,25.0,27.5,Apply at flower bud initiation; avoid leaf contact,Peg development
grapes,pre_sowing,laterite,36.4,117.4,27.3,low,high,low,40.8,28.3,3.7,DAP + MOP,22.5,83.2,"Apply 7 days before sowing, mix into topsoil 10-15cm",Pruning time dose
chilli,vegetative,alluvial,268.1,59.7,153.7,high,medium,high,64.6,32.8,4.4,Urea,10.8,47.5,Top dress at 20-30 DAS; broadcast and irrigate,Plant establishment
chickpea,pre_sowing,sandy,251.5,89.1,43.9,high,high,low,31.3,34.5,2.3,SSP + MOP,15.0,34.5,"Apply 7 days before sowing, mix into topsoil 10-15cm",Low N; P and K basal
turmeric,vegetative,sandy,208.4,26.9,117.0,high,low,high,25.2,21.9,9.0,Urea + MOP,9.0,81.0,Top dress at 20-30 DAS; broadcast and irrigate,Rhizome development
moong_rabi,flowering,alluvial,181.7,41.4,73.9,high,low,medium,47.6,29.9,9.7,MOP,8.0,77.6,Apply at flower bud initiation; avoid leaf contact,Pod fill
tomato,flowering,black_cotton,41.4,101.6,74.4,medium,high,medium,56.0,26.0,5.3,19:19:19 NPK,15.0,79.5,Apply at flower bud initiation; avoid leaf contact,Balanced NPK at fruit set
groundnut,grain_fill,alluvial,163.9,113.9,171.2,high,high,high,64.7,20.9,6.2,MOP,5.0,31.0,Foliar spray or side dress during grain/fruit development,Kernel filling
sugarcane,harvest,laterite,121.6,66.2,187.9,high,medium,high,51.7,31.2,1.7,MOP,10.0,17.0,Do not apply; withholding period required,Juice quality
moong_rabi,germination,black_cotton,48.1,42.6,115.4,medium,low,high,77.6,33.8,5.5,Rhizobium Biofert,5.0,27.5,Apply at sowing time or within first 7 DAS,Seed treatment
turmeric,vegetative,laterite,247.9,119.5,196.6,high,high,high,48.2,31.8,3.9,Urea + MOP,9.0,35.1,Top dress at 20-30 DAS; broadcast and irrigate,Rhizome development
sunflower_rabi,pre_sowing,red,203.3,99.3,73.2,high,high,medium,40.9,21.8,0.9,DAP + MOP,18.0,16.2,"Apply 7 days before sowing, mix into topsoil 10-15cm",Basal
moong_rabi,germination,sandy,258.7,37.1,140.7,high,low,high,51.4,25.0,6.3,Rhizobium Biofert,5.0,31.5,Apply at sowing time or within first 7 DAS,Seed treatment
sugarcane,vegetative,alluvial,195.8,104.3,176.5,high,high,high,24.8,16.7,6.0,Urea + MOP,15.0,90.0,Top dress at 20-30 DAS; broadcast and irrigate,Grand growth period
jowar_rabi,vegetative,black_cotton,240.1,61.9,121.3,high,medium,high,68.3,16.3,5.6,Urea,12.0,67.2,Top dress at 20-30 DAS; broadcast and irrigate,Split N top dress
banana,grain_fill,red,148.1,83.7,40.8,high,high,low,31.3,22.9,4.7,MOP,50.0,235.0,Foliar spray or side dress during grain/fruit development,Bunch filling
turmeric,grain_fill,sandy,101.8,94.1,170.4,high,high,high,38.1,29.5,9.0,MOP,10.0,90.0,Foliar spray or side dress during grain/fruit development,Curcumin synthesis
moong_kharif,germination,sandy,186.3,49.6,153.0,high,medium,high,57.3,33.4,1.1,Rhizobium Biofert,5.0,5.5,Apply at sowing time or within first 7 DAS,Seed treatment
jowar_kharif,vegetative,black_cotton,252.1,62.9,75.3,high,medium,medium,29.2,19.1,8.2,Urea,12.0,98.4,Top dress at 20-30 DAS; broadcast and irrigate,Top dress after 3-4 weeks
moong_kharif,germination,laterite,162.2,100.5,61.9,high,high,medium,45.1,23.7,4.1,Rhizobium Biofert,5.0,20.5,Apply at sowing time or within first 7 DAS,Seed treatment
turmeric,pre_sowing,red,109.5,117.1,100.5,high,high,high,34.6,12.0,3.5,DAP + MOP,12.0,42.0,"Apply 7 days before sowing, mix into topsoil 10-15cm",High K demand
wheat,flowering,sandy,87.1,31.8,149.3,medium,low,high,21.4,13.5,3.0,Urea,10.0,30.0,Apply at flower bud initiation; avoid leaf contact,Grain initiation
rabi_maize,vegetative,sandy,99.0,72.3,56.1,high,medium,medium,67.2,13.4,0.6,Urea,15.0,9.0,Top dress at 20-30 DAS; broadcast and irrigate,Top dress
tomato,flowering,alluvial,217.1,92.2,132.3,high,high,high,34.6,17.5,4.0,19:19:19 NPK,4.5,18.0,Apply at flower bud initiation; avoid leaf contact,Balanced NPK at fruit set
cotton,pre_sowing,alluvial,55.8,81.8,121.6,medium,high,high,71.7,16.3,8.1,DAP + MOP,12.0,97.2,"Apply 7 days before sowing, mix into topsoil 10-15cm",Basal: 25N 25P 25K
grapes,vegetative,alluvial,238.1,47.9,34.9,high,medium,low,68.3,27.6,9.0,Urea,12.0,108.0,Top dress at 20-30 DAS; broadcast and irrigate,Shoot growth
banana,pre_sowing,laterite,269.8,98.5,188.6,high,high,high,25.4,36.2,7.6,DAP + MOP,18.0,136.8,"Apply 7 days before sowing, mix into topsoil 10-15cm",Heavy K feeder; high basal
tomato,grain_fill,laterite,190.2,60.6,109.9,high,medium,high,46.7,31.8,8.5,MOP + CaNO3,9.0,76.5,Foliar spray or side dress during grain/fruit development,Fruit development + Ca
sunflower_rabi,flowering,black_cotton,233.8,119.9,139.4,high,high,high,27.3,21.0,5.7,Boron Spray,5.0,28.5,Apply at flower bud initiation; avoid leaf contact,Pollination support
turmeric,pre_sowing,sandy,99.4,105.3,114.4,high,high,high,27.0,13.2,1.1,DAP + MOP,12.0,13.2,"Apply 7 days before sowing, mix into topsoil 10-15cm",High K demand
sesame,pre_sowing,red,275.0,56.0,162.8,high,medium,high,34.7,14.9,4.7,DAP,18.0,84.6,"Apply 7 days before sowing, mix into topsoil 10-15cm",Light feeder
onion,harvest,red,169.2,71.6,51.9,high,medium,medium,57.4,31.8,7.7,NO FERTILIZER,0.0,0.0,Do not apply; withholding period required,Stop 3 weeks before harvest
turmeric,pre_sowing,black_cotton,45.6,72.4,95.3,medium,medium,medium,45.7,21.8,3.9,DAP + MOP,40.0,156.0,"Apply 7 days before sowing, mix into topsoil 10-15cm",High K demand
sunflower_kharif,flowering,black_cotton,195.3,99.2,133.2,high,high,high,56.1,28.2,1.9,Boron Spray,5.0,9.5,Apply at flower bud initiation; avoid leaf contact,Prevent hollow stem
sugarcane,germination,black_cotton,30.4,114.7,65.2,low,high,medium,46.0,36.2,4.0,Urea,32.5,130.0,Apply at sowing time or within first 7 DAS,Germination boost
pomegranate,flowering,red,164.5,82.1,25.7,high,high,low,65.4,14.1,9.8,Urea + MOP,22.5,220.5,Apply at flower bud initiation; avoid leaf contact,Fruit set
onion,grain_fill,laterite,37.1,76.6,192.5,low,medium,high,67.4,19.2,4.8,MOP,7.5,36.0,Foliar spray or side dress during grain/fruit development,Bulb development
jowar_kharif,pre_sowing,alluvial,106.9,62.3,41.4,high,medium,low,47.4,33.0,2.7,DAP,25.0,67.5,"Apply 7 days before sowing, mix into topsoil 10-15cm",Basal P and N
turmeric,pre_sowing,laterite,200.0,85.6,58.4,high,high,medium,23.9,17.2,5.2,DAP + MOP,24.0,124.8,"Apply 7 days before sowing, mix into topsoil 10-15cm",High K demand
linseed,pre_sowing,red,220.7,114.3,97.5,high,high,medium,56.1,37.8,0.9,DAP + MOP,12.0,10.8,"Apply 7 days before sowing, mix into topsoil 10-15cm",Basal
cucumber,pre_sowing,laterite,105.9,96.1,170.9,high,high,high,72.2,15.3,2.3,DAP + MOP,7.5,17.2,"Apply 7 days before sowing, mix into topsoil 10-15cm",Basal
bajra,flowering,sandy,245.9,82.5,155.6,high,high,high,52.0,33.6,5.4,Urea,6.0,32.4,Apply at flower bud initiation; avoid leaf contact,Booster dose
chilli,flowering,black_cotton,211.5,100.9,22.6,high,high,low,41.8,27.1,7.8,19:19:19 NPK,11.2,87.4,Apply at flower bud initiation; avoid leaf contact,Fruit set
sunflower_kharif,pre_sowing,black_cotton,44.3,76.0,22.9,medium,medium,low,39.7,14.0,5.8,DAP + MOP,37.5,217.5,"Apply 7 days before sowing, mix into topsoil 10-15cm",Basal
sesame,pre_sowing,red,142.0,46.5,133.1,high,medium,high,27.3,16.6,8.3,DAP,18.0,149.4,"Apply 7 days before sowing, mix into topsoil 10-15cm",Light feeder
linseed,vegetative,red,77.8,38.2,88.3,medium,low,medium,74.0,33.1,0.9,Urea,12.0,10.8,Top dress at 20-30 DAS; broadcast and irrigate,Top dress
chilli,vegetative,black_cotton,232.7,117.5,91.4,high,high,medium,65.9,31.0,0.9,Urea,10.8,9.7,Top dress at 20-30 DAS; broadcast and irrigate,Plant establishment
moong_rabi,germination,laterite,238.6,118.0,180.9,high,high,high,29.8,19.3,2.3,Rhizobium Biofert,5.0,11.5,Apply at sowing time or within first 7 DAS,Seed treatment
linseed,pre_sowing,alluvial,209.5,32.8,173.6,high,low,high,34.3,25.5,6.9,DAP + MOP,12.0,82.8,"Apply 7 days before sowing, mix into topsoil 10-15cm",Basal
moong_kharif,germination,black_cotton,104.1,63.3,50.3,high,medium,medium,39.6,30.7,4.5,Rhizobium Biofert,5.0,22.5,Apply at sowing time or within first 7 DAS,Seed treatment
chickpea,pre_sowing,red,158.0,116.4,42.0,high,high,low,73.6,27.6,2.5,SSP + MOP,15.0,37.5,"Apply 7 days before sowing, mix into topsoil 10-15cm",Low N; P and K basal
rice,germination,alluvial,79.6,94.2,113.6,medium,high,high,40.6,13.0,8.8,Urea,18.0,158.4,Apply at sowing time or within first 7 DAS,7-10 DAS
tomato,grain_fill,laterite,157.5,99.6,184.9,high,high,high,22.1,17.4,7.0,MOP + CaNO3,9.0,63.0,Foliar spray or side dress during grain/fruit development,Fruit development + Ca
urad,flowering,laterite,45.1,65.7,164.4,medium,medium,high,64.2,37.0,7.3,MOP,4.0,29.2,Apply at flower bud initiation; avoid leaf contact,Pod development
chickpea,germination,alluvial,75.6,64.2,100.0,medium,medium,high,21.0,31.3,6.4,Rhizobium Biofert,5.0,32.0,Apply at sowing time or within first 7 DAS,Seed inoculation
linseed,vegetative,black_cotton,216.3,111.7,177.4,high,high,high,68.8,14.7,6.9,Urea,7.2,49.7,Top dress at 20-30 DAS; broadcast and irrigate,Top dress
tur_arhar,pre_sowing,alluvial,186.2,32.1,76.5,high,low,medium,61.0,22.5,5.9,SSP + MOP,26.4,155.8,"Apply 7 days before sowing, mix into topsoil 10-15cm",Low N; P+K basal
bajra,pre_sowing,red,70.4,116.1,59.1,medium,high,medium,44.9,24.3,4.7,DAP,12.0,56.4,"Apply 7 days before sowing, mix into topsoil 10-15cm",Basal P
grapes,grain_fill,black_cotton,200.0,50.5,143.9,high,medium,high,50.8,33.1,1.4,MOP,10.0,14.0,Foliar spray or side dress during grain/fruit development,Maturity
rabi_maize,flowering,laterite,48.5,33.5,77.6,medium,low,medium,43.7,37.2,6.0,Urea,18.0,108.0,Apply at flower bud initiation; avoid leaf contact,Booster
cotton,vegetative,red,212.3,59.2,185.1,high,medium,high,55.6,30.4,5.8,Urea + MOP,10.5,60.9,Top dress at 20-30 DAS; broadcast and irrigate,Square formation
turmeric,grain_fill,alluvial,25.1,75.5,48.2,low,medium,low,39.1,37.2,6.6,MOP,25.0,165.0,Foliar spray or side dress during grain/fruit development,Curcumin synthesis
urad,flowering,alluvial,83.9,86.1,41.8,medium,high,low,27.1,18.5,6.0,MOP,10.0,60.0,Apply at flower bud initiation; avoid leaf contact,Pod development
cotton,grain_fill,laterite,268.3,34.1,148.7,high,low,high,41.1,34.3,0.6,MOP,7.5,4.5,Foliar spray or side dress during grain/fruit development,Fibre quality
banana,grain_fill,sandy,126.1,33.6,125.9,high,low,high,68.8,31.4,7.7,MOP,20.0,154.0,Foliar spray or side dress during grain/fruit development,Bunch filling
jowar_rabi,flowering,red,18.9,34.0,180.8,low,low,high,56.3,35.1,5.3,Urea,15.6,82.7,Apply at flower bud initiation; avoid leaf contact,Light booster
moong_rabi,pre_sowing,sandy,53.8,63.9,121.9,medium,medium,high,74.9,29.8,4.8,SSP + MOP,9.0,43.2,"Apply 7 days before sowing, mix into topsoil 10-15cm",Same as kharif moong
maize_kharif,grain_fill,red,108.6,55.0,31.3,high,medium,low,38.8,13.2,3.0,MOP,12.5,37.5,Foliar spray or side dress during grain/fruit development,Cob development
banana,vegetative,black_cotton,70.4,87.2,76.4,medium,high,medium,43.4,15.9,6.3,Urea + MOP,50.0,315.0,Top dress at 20-30 DAS; broadcast and irrigate,Sword sucker stage
tur_arhar,vegetative,alluvial,22.9,38.2,114.0,low,low,high,79.8,23.9,7.1,Urea,13.0,92.3,Top dress at 20-30 DAS; broadcast and irrigate,Light N if pale
chilli,grain_fill,alluvial,101.0,107.1,41.2,high,high,low,72.8,25.9,1.4,MOP,15.0,21.0,Foliar spray or side dress during grain/fruit development,Pungency development
rabi_maize,pre_sowing,laterite,181.7,52.2,151.0,high,medium,high,21.8,22.1,7.4,DAP + MOP,17.5,129.5,"Apply 7 days before sowing, mix into topsoil 10-15cm",Same as kharif maize
jowar_kharif,vegetative,red,162.7,108.9,107.3,high,high,high,32.0,35.1,8.2,Urea,12.0,98.4,Top dress at 20-30 DAS; broadcast and irrigate,Top dress after 3-4 weeks
watermelon,pre_sowing,red,227.9,96.5,165.2,high,high,high,24.9,23.4,2.4,DAP + MOP,9.0,21.6,"Apply 7 days before sowing, mix into topsoil 10-15cm",Basal
groundnut,flowering,black_cotton,252.5,94.9,175.3,high,high,high,44.7,16.2,0.6,Gypsum,25.0,15.0,Apply at flower bud initiation; avoid leaf contact,Peg development
jowar_kharif,vegetative,sandy,177.7,22.3,118.8,high,low,high,72.0,14.0,4.2,Urea,12.0,50.4,Top dress at 20-30 DAS; broadcast and irrigate,Top dress after 3-4 weeks
sugarcane,grain_fill,sandy,109.1,60.5,98.6,high,medium,medium,78.6,18.7,8.7,Urea,18.0,156.6,Foliar spray or side dress during grain/fruit development,Elongation stage
groundnut,germination,laterite,110.5,46.4,69.6,high,medium,medium,72.7,31.3,9.7,Rhizobium Biofert,5.0,48.5,Apply at sowing time or within first 7 DAS,Seed inoculation
sugarcane,pre_sowing,laterite,253.1,111.2,134.5,high,high,high,27.9,29.0,1.1,DAP + MOP,15.0,16.5,"Apply 7 days before sowing, mix into topsoil 10-15cm",Heavy feeder; high basal
moong_rabi,germination,red,159.3,117.6,31.2,high,high,low,70.6,15.3,6.5,Rhizobium Biofert,5.0,32.5,Apply at sowing time or within first 7 DAS,Seed treatment
sugarcane,vegetative,red,237.2,25.4,39.7,high,low,low,47.5,23.3,8.3,Urea + MOP,37.5,311.2,Top dress at 20-30 DAS; broadcast and irrigate,Grand growth period
maize_kharif,grain_fill,laterite,159.5,65.4,199.4,high,medium,high,73.3,17.9,4.7,MOP,5.0,23.5,Foliar spray or side dress during grain/fruit development,Cob development
moong_rabi,flowering,sandy,42.9,24.3,44.9,medium,low,low,50.5,16.5,9.2,MOP,10.0,92.0,Apply at flower bud initiation; avoid leaf contact,Pod fill
tur_arhar,flowering,alluvial,138.9,39.0,145.1,high,low,high,51.8,32.6,7.7,MOP,5.0,38.5,Apply at flower bud initiation; avoid leaf contact,Pod setting
safflower,vegetative,alluvial,212.1,55.0,196.1,high,medium,high,33.3,27.5,9.7,Urea,9.0,87.3,Top dress at 20-30 DAS; broadcast and irrigate,Rosette stage
urad,germination,alluvial,81.8,103.8,164.1,medium,high,high,30.6,17.5,7.8,Rhizobium Biofert,5.0,39.0,Apply at sowing time or within first 7 DAS,Seed inoculation
bajra,pre_sowing,red,181.3,53.5,41.3,high,medium,low,31.4,29.9,2.2,DAP,20.0,44.0,"Apply 7 days before sowing, mix into topsoil 10-15cm",Basal P
groundnut,pre_sowing,red,222.1,110.2,121.9,high,high,high,37.1,37.3,0.9,SSP + Gypsum,18.0,16.2,"Apply 7 days before sowing, mix into topsoil 10-15cm",Ca from gypsum for pod fill
soybean,grain_fill,laterite,160.2,86.0,72.1,high,high,medium,71.4,18.7,8.8,Micronutrient Mix,5.0,44.0,Foliar spray or side dress during grain/fruit development,Zinc + Boron foliar spray
moong_kharif,germination,red,135.7,68.4,165.1,high,medium,high,60.0,30.7,6.2,Rhizobium Biofert,5.0,31.0,Apply at sowing time or within first 7 DAS,Seed treatment
sesame,pre_sowing,alluvial,226.1,99.1,22.7,high,high,low,69.6,17.9,6.2,DAP,10.8,67.0,"Apply 7 days before sowing, mix into topsoil 10-15cm",Light feeder
rabi_maize,pre_sowing,sandy,26.7,41.4,47.0,low,low,low,30.8,19.2,1.3,DAP + MOP,52.5,68.2,"Apply 7 days before sowing, mix into topsoil 10-15cm",Same as kharif maize
watermelon,vegetative,alluvial,68.3,88.2,198.3,medium,high,high,79.9,19.0,10.0,Urea,15.0,150.0,Top dress at 20-30 DAS; broadcast and irrigate,Vine growth
pomegranate,grain_fill,laterite,109.2,108.2,142.1,high,high,high,54.2,18.7,4.0,MOP + Calcium,12.5,50.0,Foliar spray or side dress during grain/fruit development,Fruit development
tur_arhar,vegetative,sandy,241.0,53.4,77.8,high,medium,medium,60.3,27.2,6.2,Urea,6.0,37.2,Top dress at 20-30 DAS; broadcast and irrigate,Light N if pale
rice,flowering,sandy,16.2,114.1,24.7,low,high,low,34.2,34.4,3.5,Urea + MOP,32.5,113.8,Apply at flower bud initiation; avoid leaf contact,Panicle initiation
moong_rabi,pre_sowing,red,136.9,51.1,193.1,high,medium,high,34.8,25.1,6.1,SSP + MOP,9.0,54.9,"Apply 7 days before sowing, mix into topsoil 10-15cm",Same as kharif moong
moong_rabi,flowering,sandy,168.0,97.8,79.7,high,high,medium,21.7,16.1,3.9,MOP,8.0,31.2,Apply at flower bud initiation; avoid leaf contact,Pod fill
safflower,vegetative,red,141.3,72.4,65.9,high,medium,medium,64.3,25.5,1.5,Urea,9.0,13.5,Top dress at 20-30 DAS; broadcast and irrigate,Rosette stage
tomato,vegetative,alluvial,39.3,119.6,45.3,low,high,low,60.2,26.7,5.5,Urea,26.0,143.0,Top dress at 20-30 DAS; broadcast and irrigate,Vegetative growth
orange,pre_sowing,laterite,23.6,71.4,47.3,low,medium,low,66.1,24.7,4.0,DAP + MOP,43.8,175.2,"Apply 7 days before sowing, mix into topsoil 10-15cm",Post-harvest dose
pomegranate,grain_fill,black_cotton,118.1,75.7,177.4,high,medium,high,47.1,32.6,8.5,MOP + Calcium,12.5,106.2,Foliar spray or side dress during grain/fruit development,Fruit development
soybean,flowering,laterite,160.9,92.1,138.5,high,high,high,23.2,31.5,6.1,MOP,5.0,30.5,Apply at flower bud initiation; avoid leaf contact,K boost for pod setting
jowar_kharif,pre_sowing,black_cotton,138.3,45.0,152.9,high,medium,high,51.5,14.8,8.9,DAP,25.0,222.5,"Apply 7 days before sowing, mix into topsoil 10-15cm",Basal P and N
mustard,flowering,sandy,77.3,31.8,74.3,medium,low,medium,54.1,30.1,7.1,Urea,10.0,71.0,Apply at flower bud initiation; avoid leaf contact,Booster
linseed,pre_sowing,sandy,278.3,108.0,146.0,high,high,high,43.4,31.9,2.2,DAP + MOP,6.0,13.2,"Apply 7 days before sowing, mix into topsoil 10-15cm",Basal
sugarcane,harvest,sandy,132.2,31.6,186.1,high,low,high,43.1,37.5,6.0,MOP,10.0,60.0,Do not apply; withholding period required,Juice quality
rice,grain_fill,sandy,171.2,21.0,27.3,high,low,low,42.5,19.4,3.5,MOP,15.0,52.5,Foliar spray or side dress during grain/fruit development,Grain filling stage
sugarcane,vegetative,black_cotton,83.1,113.2,89.4,medium,high,medium,37.7,24.1,1.9,Urea + MOP,50.0,95.0,Top dress at 20-30 DAS; broadcast and irrigate,Grand growth period
turmeric,grain_fill,laterite,138.6,51.9,99.2,high,medium,medium,24.2,15.2,2.1,MOP,20.0,42.0,Foliar spray or side dress during grain/fruit development,Curcumin synthesis
sesame,vegetative,sandy,59.0,90.4,170.5,medium,high,high,41.6,13.3,9.2,Urea,12.0,110.4,Top dress at 20-30 DAS; broadcast and irrigate,Top dress
moong_kharif,germination,laterite,251.7,114.0,188.6,high,high,high,33.1,29.8,3.5,Rhizobium Biofert,5.0,17.5,Apply at sowing time or within first 7 DAS,Seed treatment
safflower,pre_sowing,sandy,88.8,25.5,76.2,medium,low,medium,66.8,31.7,7.0,DAP + MOP,30.0,210.0,"Apply 7 days before sowing, mix into topsoil 10-15cm",Basal
banana,pre_sowing,red,119.4,78.2,120.2,high,medium,high,44.8,12.3,3.2,DAP + MOP,30.0,96.0,"Apply 7 days before sowing, mix into topsoil 10-15cm",Heavy K feeder; high basal
watermelon,pre_sowing,black_cotton,28.4,62.3,110.2,low,medium,high,49.0,15.1,1.7,DAP + MOP,15.0,25.5,"Apply 7 days before sowing, mix into topsoil 10-15cm",Basal
jowar_kharif,flowering,red,21.8,62.3,118.0,low,medium,high,30.4,30.1,5.6,Urea,19.5,109.2,Apply at flower bud initiation; avoid leaf contact,Second top dress
urad,germination,laterite,230.1,109.6,153.2,high,high,high,71.7,20.1,7.6,Rhizobium Biofert,5.0,38.0,Apply at sowing time or within first 7 DAS,Seed inoculation
chilli,flowering,sandy,12.6,104.9,91.5,low,high,medium,45.5,15.1,1.9,19:19:19 NPK,19.5,37.0,Apply at flower bud initiation; avoid leaf contact,Fruit set
groundnut,germination,red,136.1,76.2,111.8,high,medium,high,38.1,26.2,4.1,Rhizobium Biofert,5.0,20.5,Apply at sowing time or within first 7 DAS,Seed inoculation
safflower,pre_sowing,alluvial,209.5,66.8,115.6,high,medium,high,57.2,28.4,7.6,DAP + MOP,12.5,95.0,"Apply 7 days before sowing, mix into topsoil 10-15cm",Basal
cucumber,vegetative,red,72.2,33.3,35.6,medium,low,low,63.7,25.8,6.2,Urea,15.0,93.0,Top dress at 20-30 DAS; broadcast and irrigate,Growth boost
mustard,flowering,red,93.6,90.8,198.2,high,high,high,71.3,21.7,9.1,Urea,6.0,54.6,Apply at flower bud initiation; avoid leaf contact,Booster
grapes,flowering,alluvial,219.4,102.9,48.6,high,high,low,20.1,36.1,6.1,13:00:45 NPK,11.2,68.3,Apply at flower bud initiation; avoid leaf contact,Berry set
safflower,flowering,black_cotton,133.5,68.3,197.0,high,medium,high,37.1,34.4,1.7,Urea,6.0,10.2,Apply at flower bud initiation; avoid leaf contact,Capitulum stage
cotton,vegetative,laterite,33.3,98.7,78.0,low,high,medium,62.4,26.4,1.7,Urea + MOP,45.5,77.3,Top dress at 20-30 DAS; broadcast and irrigate,Square formation
onion,pre_sowing,red,209.6,31.8,104.2,high,low,high,61.4,23.2,2.1,DAP + MOP,21.0,44.1,"Apply 7 days before sowing, mix into topsoil 10-15cm",Full P+K; half N
safflower,pre_sowing,sandy,201.0,52.0,167.9,high,medium,high,62.5,18.1,6.0,DAP + MOP,12.5,75.0,"Apply 7 days before sowing, mix into topsoil 10-15cm",Basal
cotton,pre_sowing,red,29.6,115.7,177.1,low,high,high,31.5,14.5,2.0,DAP + MOP,12.0,24.0,"Apply 7 days before sowing, mix into topsoil 10-15cm",Basal: 25N 25P 25K
mustard,flowering,alluvial,68.9,94.0,85.9,medium,high,medium,30.4,31.7,5.2,Urea,10.0,52.0,Apply at flower bud initiation; avoid leaf contact,Booster
sunflower_rabi,vegetative,laterite,270.7,94.2,199.9,high,high,high,68.6,17.2,3.1,Urea,10.8,33.5,Top dress at 20-30 DAS; broadcast and irrigate,Top dress
watermelon,flowering,sandy,223.5,53.8,154.5,high,medium,high,66.3,34.4,6.2,19:19:19 NPK,3.6,22.3,Apply at flower bud initiation; avoid leaf contact,Fruit set
cotton,flowering,alluvial,115.6,29.5,64.4,high,low,medium,27.7,25.5,7.0,Urea,15.0,105.0,Apply at flower bud initiation; avoid leaf contact,Boll development
jowar_kharif,flowering,alluvial,131.1,45.7,94.1,high,medium,medium,65.3,17.4,2.3,Urea,9.0,20.7,Apply at flower bud initiation; avoid leaf contact,Second top dress
moong_kharif,germination,sandy,35.6,85.1,141.4,low,high,high,34.3,31.1,9.8,Rhizobium Biofert,5.0,49.0,Apply at sowing time or within first 7 DAS,Seed treatment
chickpea,flowering,red,91.2,33.9,97.0,high,low,medium,29.2,24.8,8.8,MOP,8.0,70.4,Apply at flower bud initiation; avoid leaf contact,Foliar K for pod fill
grapes,grain_fill,laterite,185.0,103.5,82.5,high,high,medium,36.7,35.4,5.3,MOP,20.0,106.0,Foliar spray or side dress during grain/fruit development,Maturity
groundnut,germination,laterite,241.6,73.7,81.7,high,medium,medium,66.9,36.2,5.2,Rhizobium Biofert,5.0,26.0,Apply at sowing time or within first 7 DAS,Seed inoculation
banana,vegetative,black_cotton,23.4,78.2,117.5,low,medium,high,47.2,33.8,8.5,Urea + MOP,32.5,276.2,Top dress at 20-30 DAS; broadcast and irrigate,Sword sucker stage
jowar_rabi,vegetative,laterite,82.5,90.0,85.0,medium,high,medium,31.9,22.0,1.6,Urea,20.0,32.0,Top dress at 20-30 DAS; broadcast and irrigate,Split N top dress
sugarcane,pre_sowing,laterite,233.9,62.2,179.7,high,medium,high,47.9,17.9,1.6,DAP + MOP,25.0,40.0,"Apply 7 days before sowing, mix into topsoil 10-15cm",Heavy feeder; high basal
jowar_kharif,pre_sowing,laterite,221.4,113.0,31.5,high,high,low,48.8,29.6,0.7,DAP,15.0,10.5,"Apply 7 days before sowing, mix into topsoil 10-15cm",Basal P and N
turmeric,pre_sowing,sandy,19.9,27.3,56.9,low,low,medium,46.3,33.5,9.8,DAP + MOP,48.0,470.4,"Apply 7 days before sowing, mix into topsoil 10-15cm",High K demand
rabi_maize,flowering,red,89.1,110.3,34.2,medium,high,low,30.7,19.2,8.1,Urea,18.0,145.8,Apply at flower bud initiation; avoid leaf contact,Booster
sugarcane,vegetative,laterite,53.1,52.8,196.7,medium,medium,high,43.5,37.0,2.9,Urea + MOP,25.0,72.5,Top dress at 20-30 DAS; broadcast and irrigate,Grand growth period
cucumber,flowering,alluvial,213.3,45.1,127.5,high,medium,high,25.4,13.3,4.7,MOP,6.0,28.2,Apply at flower bud initiation; avoid leaf contact,Fruit quality
linseed,pre_sowing,red,278.8,54.6,67.7,high,medium,medium,38.5,33.6,7.3,DAP + MOP,20.0,146.0,"Apply 7 days before sowing, mix into topsoil 10-15cm",Basal
tomato,pre_sowing,red,80.1,36.6,106.7,medium,low,high,67.9,19.0,4.0,DAP + MOP,24.0,96.0,"Apply 7 days before sowing, mix into topsoil 10-15cm",Full P+K; half N
mustard,flowering,red,120.4,88.9,111.8,high,high,high,28.1,12.2,1.6,Urea,6.0,9.6,Apply at flower bud initiation; avoid leaf contact,Booster
mustard,pre_sowing,laterite,150.9,118.7,144.5,high,high,high,38.8,20.9,5.8,DAP + MOP,7.5,43.5,"Apply 7 days before sowing, mix into topsoil 10-15cm",Basal; sulfur from SSP
banana,grain_fill,laterite,214.8,78.6,88.2,high,medium,medium,63.5,27.7,4.9,MOP,40.0,196.0,Foliar spray or side dress during grain/fruit development,Bunch filling
tomato,harvest,alluvial,30.3,94.4,173.9,low,high,high,50.0,12.3,9.6,13:00:45 NPK,6.5,62.4,Do not apply; withholding period required,Quality booster
jowar_rabi,vegetative,black_cotton,23.3,45.0,116.4,low,medium,high,71.6,33.7,7.9,Urea,26.0,205.4,Top dress at 20-30 DAS; broadcast and irrigate,Split N top dress
turmeric,vegetative,alluvial,30.2,99.4,67.0,low,high,medium,58.0,23.2,2.0,Urea + MOP,39.0,78.0,Top dress at 20-30 DAS; broadcast and irrigate,Rhizome development
moong_rabi,pre_sowing,sandy,185.6,106.1,198.2,high,high,high,31.5,13.2,4.4,SSP + MOP,5.4,23.8,"Apply 7 days before sowing, mix into topsoil 10-15cm",Same as kharif moong
groundnut,germination,laterite,52.6,77.7,194.6,medium,medium,high,22.8,25.7,9.8,Rhizobium Biofert,5.0,49.0,Apply at sowing time or within first 7 DAS,Seed inoculation
rabi_maize,vegetative,black_cotton,268.6,42.7,186.3,high,low,high,29.2,31.3,1.9,Urea,15.0,28.5,Top dress at 20-30 DAS; broadcast and irrigate,Top dress
moong_kharif,pre_sowing,sandy,150.1,41.9,182.8,high,low,high,29.0,16.4,2.1,SSP + MOP,10.8,22.7,"Apply 7 days before sowing, mix into topsoil 10-15cm",Low N legume
grapes,flowering,alluvial,21.3,106.5,126.6,low,high,high,49.4,32.4,6.9,13:00:45 NPK,9.8,67.6,Apply at flower bud initiation; avoid leaf contact,Berry set
grapes,vegetative,red,42.6,48.8,83.6,medium,medium,medium,56.5,22.0,9.2,Urea,20.0,184.0,Top dress at 20-30 DAS; broadcast and irrigate,Shoot growth
wheat,germination,black_cotton,226.7,49.1,136.2,high,medium,high,26.0,34.2,4.6,Urea,12.0,55.2,Apply at sowing time or within first 7 DAS,CRI stage
sugarcane,pre_sowing,sandy,93.1,114.7,132.6,high,high,high,38.1,26.9,5.0,DAP + MOP,15.0,75.0,"Apply 7 days before sowing, mix into topsoil 10-15cm",Heavy feeder; high basal
pomegranate,grain_fill,red,91.1,81.0,160.0,high,high,high,42.1,17.7,3.4,MOP + Calcium,12.5,42.5,Foliar spray or side dress during grain/fruit development,Fruit development
jowar_kharif,flowering,red,125.4,119.3,153.5,high,high,high,23.0,26.1,8.9,Urea,9.0,80.1,Apply at flower bud initiation; avoid leaf contact,Second top dress
soybean,grain_fill,black_cotton,72.8,44.6,168.3,medium,low,high,31.1,32.4,2.4,Micronutrient Mix,5.0,12.0,Foliar spray or side dress during grain/fruit development,Zinc + Boron foliar spray
orange,pre_sowing,laterite,38.0,87.1,50.1,low,high,medium,55.2,18.4,1.3,DAP + MOP,21.0,27.3,"Apply 7 days before sowing, mix into topsoil 10-15cm",Post-harvest dose
safflower,pre_sowing,red,83.2,103.6,100.0,medium,high,high,56.8,15.4,2.8,DAP + MOP,7.5,21.0,"Apply 7 days before sowing, mix into topsoil 10-15cm",Basal
safflower,vegetative,red,241.7,29.9,138.7,high,low,high,59.8,31.4,9.9,Urea,9.0,89.1,Top dress at 20-30 DAS; broadcast and irrigate,Rosette stage
bajra,vegetative,sandy,248.3,32.7,85.5,high,low,medium,58.0,37.1,1.2,Urea,10.8,13.0,Top dress at 20-30 DAS; broadcast and irrigate,N top dress 3 weeks after sowing
sunflower_rabi,vegetative,laterite,178.4,64.5,69.8,high,medium,medium,28.7,32.6,3.5,Urea,10.8,37.8,Top dress at 20-30 DAS; broadcast and irrigate,Top dress
chilli,vegetative,black_cotton,21.9,73.2,137.1,low,medium,high,47.3,38.0,9.1,Urea,23.4,212.9,Top dress at 20-30 DAS; broadcast and irrigate,Plant establishment
rice,flowering,red,266.0,36.0,126.0,high,low,high,27.3,29.4,7.9,Urea + MOP,6.0,47.4,Apply at flower bud initiation; avoid leaf contact,Panicle initiation
onion,pre_sowing,alluvial,141.4,103.6,28.6,high,high,low,32.9,34.2,7.8,DAP + MOP,26.2,204.4,"Apply 7 days before sowing, mix into topsoil 10-15cm",Full P+K; half N
sunflower_kharif,pre_sowing,black_cotton,98.7,70.5,52.0,high,medium,medium,61.5,35.6,3.7,DAP + MOP,30.0,111.0,"Apply 7 days before sowing, mix into topsoil 10-15cm",Basal
sesame,pre_sowing,black_cotton,185.3,63.9,195.1,high,medium,high,48.1,24.9,7.0,DAP,18.0,126.0,"Apply 7 days before sowing, mix into topsoil 10-15cm",Light feeder
sugarcane,grain_fill,black_cotton,114.6,20.1,107.1,high,low,high,67.9,37.0,2.4,Urea,18.0,43.2,Foliar spray or side dress during grain/fruit development,Elongation stage
chilli,vegetative,red,195.6,34.2,91.8,high,low,medium,64.6,34.4,8.0,Urea,10.8,86.4,Top dress at 20-30 DAS; broadcast and irrigate,Plant establishment
moong_kharif,germination,red,277.4,93.0,72.9,high,high,medium,54.5,16.7,8.0,Rhizobium Biofert,5.0,40.0,Apply at sowing time or within first 7 DAS,Seed treatment
rice,flowering,black_cotton,107.1,33.5,67.3,high,low,medium,28.0,26.5,1.3,Urea + MOP,12.0,15.6,Apply at flower bud initiation; avoid leaf contact,Panicle initiation
chickpea,flowering,laterite,224.3,93.2,132.9,high,high,high,34.1,23.6,0.9,MOP,4.0,3.6,Apply at flower bud initiation; avoid leaf contact,Foliar K for pod fill
soybean,vegetative,alluvial,40.7,33.2,92.7,medium,low,medium,76.0,31.1,9.1,Urea,12.0,109.2,Top dress at 20-30 DAS; broadcast and irrigate,Top dress if N deficiency observed
linseed,vegetative,black_cotton,83.2,71.3,132.3,medium,medium,high,62.1,21.9,6.7,Urea,12.0,80.4,Top dress at 20-30 DAS; broadcast and irrigate,Top dress
chilli,grain_fill,black_cotton,243.5,61.3,56.7,high,medium,medium,42.1,37.4,5.3,MOP,12.0,63.6,Foliar spray or side dress during grain/fruit development,Pungency development
grapes,vegetative,alluvial,254.4,117.3,87.0,high,high,medium,55.6,37.9,4.2,Urea,12.0,50.4,Top dress at 20-30 DAS; broadcast and irrigate,Shoot growth
urad,flowering,sandy,235.1,109.8,48.0,high,high,low,52.7,34.4,5.9,MOP,10.0,59.0,Apply at flower bud initiation; avoid leaf contact,Pod development
chickpea,flowering,alluvial,136.8,82.8,189.5,high,high,high,71.3,33.8,7.2,MOP,4.0,28.8,Apply at flower bud initiation; avoid leaf contact,Foliar K for pod fill
sunflower_kharif,vegetative,laterite,19.7,23.4,139.2,low,low,high,54.0,33.7,2.3,Urea,23.4,53.8,Top dress at 20-30 DAS; broadcast and irrigate,Top dress
chickpea,germination,laterite,46.5,105.3,113.3,medium,high,high,77.6,29.1,0.6,Rhizobium Biofert,5.0,3.0,Apply at sowing time or within first 7 DAS,Seed inoculation
urad,germination,alluvial,216.2,69.2,90.7,high,medium,medium,62.6,35.3,1.7,Rhizobium Biofert,5.0,8.5,Apply at sowing time or within first 7 DAS,Seed inoculation
safflower,pre_sowing,alluvial,64.1,96.8,137.2,medium,high,high,22.0,32.5,1.6,DAP + MOP,7.5,12.0,"Apply 7 days before sowing, mix into topsoil 10-15cm",Basal
chickpea,germination,laterite,153.4,43.1,90.6,high,low,medium,35.2,24.4,6.2,Rhizobium Biofert,5.0,31.0,Apply at sowing time or within first 7 DAS,Seed inoculation
chickpea,pre_sowing,sandy,257.3,53.5,135.3,high,medium,high,27.7,27.5,9.4,SSP + MOP,10.0,94.0,"Apply 7 days before sowing, mix into topsoil 10-15cm",Low N; P and K basal
sunflower_rabi,vegetative,alluvial,231.7,45.2,104.1,high,medium,high,33.4,16.0,8.9,Urea,10.8,96.1,Top dress at 20-30 DAS; broadcast and irrigate,Top dress
rice,vegetative,sandy,49.1,67.0,174.3,medium,medium,high,29.1,28.9,2.6,Urea,22.0,57.2,Top dress at 20-30 DAS; broadcast and irrigate,25-30 DAS tillering
jowar_kharif,vegetative,red,171.4,56.2,111.9,high,medium,high,75.6,25.6,7.3,Urea,12.0,87.6,Top dress at 20-30 DAS; broadcast and irrigate,Top dress after 3-4 weeks
rice,flowering,laterite,199.3,41.1,90.6,high,low,medium,65.6,14.7,6.3,Urea + MOP,12.0,75.6,Apply at flower bud initiation; avoid leaf contact,Panicle initiation
bajra,flowering,sandy,18.6,39.8,120.0,low,low,high,74.4,34.8,6.5,Urea,13.0,84.5,Apply at flower bud initiation; avoid leaf contact,Booster dose
mustard,flowering,laterite,225.6,99.3,57.5,high,high,medium,70.1,15.0,0.7,Urea,6.0,4.2,Apply at flower bud initiation; avoid leaf contact,Booster
rice,germination,laterite,48.7,90.8,102.4,medium,high,high,71.2,21.1,4.1,Urea,18.0,73.8,Apply at sowing time or within first 7 DAS,7-10 DAS
wheat,vegetative,laterite,92.7,101.4,139.6,high,high,high,58.2,35.7,3.3,Urea,12.0,39.6,Top dress at 20-30 DAS; broadcast and irrigate,Tillering
moong_kharif,pre_sowing,alluvial,262.7,44.2,140.3,high,low,high,20.1,25.1,7.8,SSP + MOP,10.8,84.2,"Apply 7 days before sowing, mix into topsoil 10-15cm",Low N legume
sugarcane,harvest,black_cotton,77.9,25.7,177.3,medium,low,high,36.8,17.2,9.4,MOP,10.0,94.0,Do not apply; withholding period required,Juice quality
moong_rabi,germination,black_cotton,103.2,49.5,47.9,high,medium,low,27.5,30.6,9.6,Rhizobium Biofert,5.0,48.0,Apply at sowing time or within first 7 DAS,Seed treatment
moong_kharif,flowering,alluvial,133.6,97.6,48.7,high,high,low,30.6,19.0,9.8,MOP,10.0,98.0,Apply at flower bud initiation; avoid leaf contact,Pod fill
urad,germination,alluvial,263.3,84.9,159.9,high,high,high,41.9,22.8,5.1,Rhizobium Biofert,5.0,25.5,Apply at sowing time or within first 7 DAS,Seed inoculation
pomegranate,pre_sowing,red,75.7,64.6,121.0,medium,medium,high,23.4,21.8,8.4,DAP + MOP,17.5,147.0,"Apply 7 days before sowing, mix into topsoil 10-15cm",Pre-bloom
cotton,grain_fill,alluvial,110.4,89.3,188.8,high,high,high,40.5,33.8,7.1,MOP,7.5,53.2,Foliar spray or side dress during grain/fruit development,Fibre quality
tur_arhar,vegetative,laterite,225.3,53.9,154.5,high,medium,high,46.9,24.2,8.6,Urea,6.0,51.6,Top dress at 20-30 DAS; broadcast and irrigate,Light N if pale
wheat,germination,black_cotton,185.5,53.9,72.7,high,medium,medium,58.4,34.4,9.0,Urea,12.0,108.0,Apply at sowing time or within first 7 DAS,CRI stage
sunflower_kharif,vegetative,laterite,148.5,88.1,194.4,high,high,high,48.7,27.5,2.3,Urea,10.8,24.8,Top dress at 20-30 DAS; broadcast and irrigate,Top dress
turmeric,pre_sowing,sandy,210.4,75.6,176.6,high,medium,high,24.7,34.2,2.1,DAP + MOP,20.0,42.0,"Apply 7 days before sowing, mix into topsoil 10-15cm",High K demand
sunflower_rabi,pre_sowing,alluvial,174.9,33.8,171.2,high,low,high,48.7,16.5,8.0,DAP + MOP,18.0,144.0,"Apply 7 days before sowing, mix into topsoil 10-15cm",Basal
moong_rabi,germination,red,203.4,112.9,114.1,high,high,high,58.6,32.1,9.4,Rhizobium Biofert,5.0,47.0,Apply at sowing time or within first 7 DAS,Seed treatment
cucumber,flowering,laterite,210.5,22.5,179.7,high,low,high,27.2,19.3,3.9,MOP,6.0,23.4,Apply at flower bud initiation; avoid leaf contact,Fruit quality
wheat,vegetative,alluvial,217.8,30.8,134.2,high,low,high,23.5,22.4,3.8,Urea,12.0,45.6,Top dress at 20-30 DAS; broadcast and irrigate,Tillering
onion,harvest,black_cotton,266.7,87.8,47.1,high,high,low,22.4,18.9,9.2,NO FERTILIZER,0.0,0.0,Do not apply; withholding period required,Stop 3 weeks before harvest
moong_rabi,flowering,laterite,118.0,81.9,43.3,high,high,low,71.4,12.8,7.8,MOP,10.0,78.0,Apply at flower bud initiation; avoid leaf contact,Pod fill
linseed,pre_sowing,red,239.4,20.5,70.0,high,low,medium,56.6,14.4,8.8,DAP + MOP,24.0,211.2,"Apply 7 days before sowing, mix into topsoil 10-15cm",Basal
tur_arhar,germination,sandy,104.6,67.7,190.1,high,medium,high,51.9,20.0,3.1,Rhizobium Biofert,5.0,15.5,Apply at sowing time or within first 7 DAS,Seed treatment
moong_rabi,germination,alluvial,227.8,108.2,171.5,high,high,high,49.6,22.6,8.1,Rhizobium Biofert,5.0,40.5,Apply at sowing time or within first 7 DAS,Seed treatment
rice,vegetative,sandy,152.5,72.2,146.8,high,medium,high,71.2,33.4,9.9,Urea,13.2,130.7,Top dress at 20-30 DAS; broadcast and irrigate,25-30 DAS tillering
sunflower_rabi,pre_sowing,black_cotton,114.7,73.6,161.8,high,medium,high,67.6,15.4,8.5,DAP + MOP,15.0,127.5,"Apply 7 days before sowing, mix into topsoil 10-15cm",Basal
cotton,flowering,laterite,188.1,63.2,81.4,high,medium,medium,24.0,25.2,5.9,Urea,15.0,88.5,Apply at flower bud initiation; avoid leaf contact,Boll development
linseed,pre_sowing,alluvial,187.6,118.9,37.2,high,high,low,52.4,21.4,8.4,DAP + MOP,15.0,126.0,"Apply 7 days before sowing, mix into topsoil 10-15cm",Basal
turmeric,vegetative,laterite,40.4,80.3,155.0,medium,high,high,40.5,26.1,1.2,Urea + MOP,15.0,18.0,Top dress at 20-30 DAS; broadcast and irrigate,Rhizome development
safflower,vegetative,black_cotton,73.5,107.7,64.5,medium,high,medium,57.6,14.9,7.7,Urea,15.0,115.5,Top dress at 20-30 DAS; broadcast and irrigate,Rosette stage
sugarcane,vegetative,alluvial,221.2,61.3,101.0,high,medium,high,28.3,12.8,4.1,Urea + MOP,15.0,61.5,Top dress at 20-30 DAS; broadcast and irrigate,Grand growth period
banana,flowering,black_cotton,82.8,101.6,100.1,medium,high,high,43.2,37.2,2.1,Urea + MOP,22.5,47.2,Apply at flower bud initiation; avoid leaf contact,Bunch initiation
wheat,pre_sowing,black_cotton,40.9,61.7,108.6,medium,medium,high,49.1,12.8,3.6,DAP + MOP,17.5,63.0,"Apply 7 days before sowing, mix into topsoil 10-15cm",Full P+K; half N
grapes,flowering,laterite,20.1,73.7,155.3,low,medium,high,76.9,29.1,2.7,13:00:45 NPK,9.8,26.5,Apply at flower bud initiation; avoid leaf contact,Berry set
rabi_maize,pre_sowing,red,201.6,33.4,124.1,high,low,high,52.9,19.0,8.6,DAP + MOP,21.0,180.6,"Apply 7 days before sowing, mix into topsoil 10-15cm",Same as kharif maize
jowar_rabi,pre_sowing,sandy,90.4,94.3,131.5,high,high,high,31.0,30.8,0.7,DAP + MOP,9.0,6.3,"Apply 7 days before sowing, mix into topsoil 10-15cm",Full P and K basal
linseed,pre_sowing,sandy,66.3,54.9,108.0,medium,medium,high,63.4,36.9,9.0,DAP + MOP,10.0,90.0,"Apply 7 days before sowing, mix into topsoil 10-15cm",Basal
chilli,pre_sowing,alluvial,62.4,25.6,197.5,medium,low,high,22.2,31.9,3.8,DAP + MOP,21.0,79.8,"Apply 7 days before sowing, mix into topsoil 10-15cm",Basal
banana,pre_sowing,black_cotton,24.9,95.0,73.5,low,high,medium,48.3,32.4,9.4,DAP + MOP,36.0,338.4,"Apply 7 days before sowing, mix into topsoil 10-15cm",Heavy K feeder; high basal
wheat,pre_sowing,sandy,239.8,100.4,135.4,high,high,high,75.0,14.3,3.5,DAP + MOP,10.5,36.8,"Apply 7 days before sowing, mix into topsoil 10-15cm",Full P+K; half N
pomegranate,flowering,alluvial,126.1,97.0,72.0,high,high,medium,32.8,37.8,6.8,Urea + MOP,18.0,122.4,Apply at flower bud initiation; avoid leaf contact,Fruit set
grapes,vegetative,laterite,67.1,100.0,119.4,medium,high,high,55.7,27.7,7.6,Urea,20.0,152.0,Top dress at 20-30 DAS; broadcast and irrigate,Shoot growth
orange,grain_fill,black_cotton,26.3,91.0,184.0,low,high,high,78.0,13.6,6.7,MOP + Micronutrient,10.0,67.0,Foliar spray or side dress during grain/fruit development,Fruit color + quality
banana,pre_sowing,laterite,279.3,75.7,162.4,high,medium,high,52.9,17.5,6.2,DAP + MOP,30.0,186.0,"Apply 7 days before sowing, mix into topsoil 10-15cm",Heavy K feeder; high basal
chilli,grain_fill,alluvial,215.9,96.2,41.1,high,high,low,67.7,25.8,7.4,MOP,15.0,111.0,Foliar spray or side dress during grain/fruit development,Pungency development
rabi_maize,flowering,black_cotton,48.2,101.2,30.6,medium,high,low,38.7,17.9,9.9,Urea,18.0,178.2,Apply at flower bud initiation; avoid leaf contact,Booster
grapes,vegetative,black_cotton,198.3,40.1,79.9,high,low,medium,58.4,35.1,4.5,Urea,12.0,54.0,Top dress at 20-30 DAS; broadcast and irrigate,Shoot growth
jowar_rabi,vegetative,sandy,240.1,108.7,71.0,high,high,medium,52.7,29.4,3.4,Urea,12.0,40.8,Top dress at 20-30 DAS; broadcast and irrigate,Split N top dress
rice,germination,sandy,38.8,55.9,88.5,low,medium,medium,64.1,25.5,2.6,Urea,23.4,60.8,Apply at sowing time or within first 7 DAS,7-10 DAS
bajra,flowering,alluvial,93.8,76.8,59.4,high,medium,medium,20.4,31.6,0.5,Urea,6.0,3.0,Apply at flower bud initiation; avoid leaf contact,Booster dose
groundnut,pre_sowing,laterite,40.2,43.6,188.8,medium,low,high,45.1,24.8,4.3,SSP + Gypsum,36.0,154.8,"Apply 7 days before sowing, mix into topsoil 10-15cm",Ca from gypsum for pod fill
sunflower_kharif,flowering,sandy,82.5,68.7,53.3,medium,medium,medium,77.1,29.7,5.6,Boron Spray,5.0,28.0,Apply at flower bud initiation; avoid leaf contact,Prevent hollow stem
watermelon,flowering,sandy,259.0,45.9,185.3,high,medium,high,78.9,21.1,6.6,19:19:19 NPK,3.6,23.8,Apply at flower bud initiation; avoid leaf contact,Fruit set
tomato,vegetative,alluvial,20.9,119.4,111.5,low,high,high,69.4,21.5,1.9,Urea,26.0,49.4,Top dress at 20-30 DAS; broadcast and irrigate,Vegetative growth
wheat,vegetative,laterite,64.8,45.7,66.6,medium,medium,medium,21.8,33.8,9.1,Urea,20.0,182.0,Top dress at 20-30 DAS; broadcast and irrigate,Tillering
moong_rabi,flowering,laterite,93.0,41.1,43.7,high,low,low,53.6,14.3,9.3,MOP,10.0,93.0,Apply at flower bud initiation; avoid leaf contact,Pod fill
tur_arhar,vegetative,red,208.3,83.8,145.8,high,high,high,68.6,18.6,5.0,Urea,6.0,30.0,Top dress at 20-30 DAS; broadcast and irrigate,Light N if pale
wheat,flowering,red,55.3,94.1,25.0,medium,high,low,76.5,17.9,1.7,Urea,10.0,17.0,Apply at flower bud initiation; avoid leaf contact,Grain initiation
linseed,pre_sowing,red,206.5,32.3,173.9,high,low,high,40.8,34.2,9.5,DAP + MOP,12.0,114.0,"Apply 7 days before sowing, mix into topsoil 10-15cm",Basal
moong_kharif,flowering,black_cotton,260.7,91.9,43.8,high,high,low,61.0,36.1,1.8,MOP,10.0,18.0,Apply at flower bud initiation; avoid leaf contact,Pod fill
tur_arhar,flowering,black_cotton,253.0,60.7,31.3,high,medium,low,26.7,20.1,1.3,MOP,12.5,16.2,Apply at flower bud initiation; avoid leaf contact,Pod setting
groundnut,flowering,alluvial,90.8,27.4,79.9,high,low,medium,57.4,17.2,9.3,Gypsum,25.0,232.5,Apply at flower bud initiation; avoid leaf contact,Peg development
banana,pre_sowing,red,72.1,52.3,126.3,medium,medium,high,48.9,26.5,6.5,DAP + MOP,30.0,195.0,"Apply 7 days before sowing, mix into topsoil 10-15cm",Heavy K feeder; high basal
jowar_rabi,pre_sowing,alluvial,27.7,40.0,119.9,low,low,high,20.8,17.8,5.5,DAP + MOP,18.0,99.0,"Apply 7 days before sowing, mix into topsoil 10-15cm",Full P and K basal
urad,flowering,sandy,44.4,25.1,56.9,medium,low,medium,66.9,23.5,5.3,MOP,8.0,42.4,Apply at flower bud initiation; avoid leaf contact,Pod development
wheat,flowering,red,193.3,71.6,52.4,high,medium,medium,70.4,35.4,6.2,Urea,6.0,37.2,Apply at flower bud initiation; avoid leaf contact,Grain initiation
sesame,pre_sowing,laterite,167.3,45.9,36.9,high,medium,low,20.1,36.3,6.2,DAP,18.0,111.6,"Apply 7 days before sowing, mix into topsoil 10-15cm",Light feeder
pomegranate,flowering,black_cotton,184.1,93.6,52.2,high,high,medium,70.5,12.0,6.0,Urea + MOP,18.0,108.0,Apply at flower bud initiation; avoid leaf contact,Fruit set
grapes,vegetative,red,37.1,37.3,120.8,low,low,high,35.3,25.0,3.9,Urea,26.0,101.4,Top dress at 20-30 DAS; broadcast and irrigate,Shoot growth
watermelon,pre_sowing,sandy,196.3,95.5,39.9,high,high,low,37.1,34.5,5.9,DAP + MOP,22.5,132.8,"Apply 7 days before sowing, mix into topsoil 10-15cm",Basal
grapes,vegetative,alluvial,31.2,92.6,82.2,low,high,medium,24.9,16.9,7.1,Urea,26.0,184.6,Top dress at 20-30 DAS; broadcast and irrigate,Shoot growth
urad,germination,laterite,179.0,28.7,165.4,high,low,high,52.5,13.5,7.4,Rhizobium Biofert,5.0,37.0,Apply at sowing time or within first 7 DAS,Seed inoculation
sunflower_rabi,pre_sowing,laterite,262.6,103.8,54.4,high,high,medium,65.5,33.5,9.6,DAP + MOP,18.0,172.8,"Apply 7 days before sowing, mix into topsoil 10-15cm",Basal
cotton,grain_fill,laterite,66.0,74.5,35.6,medium,medium,low,43.1,29.2,5.7,MOP,18.8,107.2,Foliar spray or side dress during grain/fruit development,Fibre quality
maize_kharif,flowering,laterite,50.3,36.6,159.1,medium,low,high,52.8,19.7,5.7,Urea,20.0,114.0,Apply at flower bud initiation; avoid leaf contact,Tasselling stage
cucumber,pre_sowing,black_cotton,269.7,106.5,139.2,high,high,high,69.7,28.0,8.8,DAP + MOP,7.5,66.0,"Apply 7 days before sowing, mix into topsoil 10-15cm",Basal
chilli,vegetative,laterite,240.1,70.0,145.4,high,medium,high,59.1,20.0,9.9,Urea,10.8,106.9,Top dress at 20-30 DAS; broadcast and irrigate,Plant establishment
watermelon,vegetative,black_cotton,47.7,49.1,136.4,medium,medium,high,41.4,25.5,8.0,Urea,15.0,120.0,Top dress at 20-30 DAS; broadcast and irrigate,Vine growth
orange,pre_sowing,sandy,161.0,61.4,23.2,high,medium,low,44.4,14.5,1.2,DAP + MOP,43.8,52.6,"Apply 7 days before sowing, mix into topsoil 10-15cm",Post-harvest dose
rabi_maize,vegetative,sandy,52.9,76.8,144.0,medium,medium,high,76.0,27.6,9.4,Urea,25.0,235.0,Top dress at 20-30 DAS; broadcast and irrigate,Top dress
sunflower_kharif,vegetative,black_cotton,202.1,106.4,155.7,high,high,high,55.5,34.5,7.8,Urea,10.8,84.2,Top dress at 20-30 DAS; broadcast and irrigate,Top dress
tomato,pre_sowing,sandy,181.4,45.4,46.4,high,medium,low,68.3,22.4,3.9,DAP + MOP,50.0,195.0,"Apply 7 days before sowing, mix into topsoil 10-15cm",Full P+K; half N
chilli,flowering,alluvial,62.8,117.2,121.9,medium,high,high,34.8,37.2,9.2,19:19:19 NPK,7.5,69.0,Apply at flower bud initiation; avoid leaf contact,Fruit set
rabi_maize,pre_sowing,alluvial,210.8,43.7,97.1,high,low,medium,35.9,30.1,1.8,DAP + MOP,42.0,75.6,"Apply 7 days before sowing, mix into topsoil 10-15cm",Same as kharif maize
soybean,vegetative,black_cotton,111.7,111.1,99.0,high,high,medium,72.1,17.8,2.5,Urea,7.2,18.0,Top dress at 20-30 DAS; broadcast and irrigate,Top dress if N deficiency observed
jowar_rabi,flowering,laterite,168.6,99.6,104.1,high,high,high,50.0,32.6,5.8,Urea,7.2,41.8,Apply at flower bud initiation; avoid leaf contact,Light booster
tomato,pre_sowing,laterite,112.7,88.9,191.5,high,high,high,75.2,23.5,8.9,DAP + MOP,12.0,106.8,"Apply 7 days before sowing, mix into topsoil 10-15cm",Full P+K; half N
onion,pre_sowing,black_cotton,252.7,86.4,62.2,high,high,medium,23.5,22.5,4.6,DAP + MOP,21.0,96.6,"Apply 7 days before sowing, mix into topsoil 10-15cm",Full P+K; half N
onion,vegetative,red,22.7,34.9,157.2,low,low,high,64.5,28.2,6.3,Urea,26.0,163.8,Top dress at 20-30 DAS; broadcast and irrigate,Leaf development
banana,vegetative,black_cotton,81.3,96.7,44.3,medium,high,low,21.7,26.8,4.3,Urea + MOP,62.5,268.8,Top dress at 20-30 DAS; broadcast and irrigate,Sword sucker stage
banana,grain_fill,red,60.2,40.6,66.1,medium,low,medium,55.1,34.1,6.8,MOP,40.0,272.0,Foliar spray or side dress during grain/fruit development,Bunch filling
sunflower_rabi,vegetative,red,225.1,46.2,104.8,high,medium,high,23.1,14.8,7.5,Urea,10.8,81.0,Top dress at 20-30 DAS; broadcast and irrigate,Top dress
banana,vegetative,alluvial,229.4,85.8,164.4,high,high,high,22.2,23.0,0.9,Urea + MOP,15.0,13.5,Top dress at 20-30 DAS; broadcast and irrigate,Sword sucker stage
soybean,vegetative,sandy,176.0,20.5,29.3,high,low,low,58.4,35.8,1.4,Urea,7.2,10.1,Top dress at 20-30 DAS; broadcast and irrigate,Top dress if N deficiency observed
turmeric,vegetative,laterite,75.8,89.3,29.4,medium,high,low,64.2,12.1,9.8,Urea + MOP,37.5,367.5,Top dress at 20-30 DAS; broadcast and irrigate,Rhizome development
sunflower_kharif,vegetative,sandy,118.2,78.0,22.0,high,medium,low,55.5,35.7,6.2,Urea,10.8,67.0,Top dress at 20-30 DAS; broadcast and irrigate,Top dress
safflower,vegetative,laterite,44.1,57.8,78.7,medium,medium,medium,74.4,22.7,9.7,Urea,15.0,145.5,Top dress at 20-30 DAS; broadcast and irrigate,Rosette stage
pomegranate,pre_sowing,red,59.4,61.4,199.8,medium,medium,high,78.7,36.1,3.3,DAP + MOP,17.5,57.8,"Apply 7 days before sowing, mix into topsoil 10-15cm",Pre-bloom
soybean,pre_sowing,black_cotton,47.2,62.3,167.1,medium,medium,high,53.3,36.6,3.9,SSP + MOP,12.5,48.8,"Apply 7 days before sowing, mix into topsoil 10-15cm","Basal: 0 N, 50 P2O5, 40 K2O kg/ha via SSP+MOP"
watermelon,vegetative,sandy,247.0,40.5,112.3,high,low,high,78.0,20.9,4.6,Urea,9.0,41.4,Top dress at 20-30 DAS; broadcast and irrigate,Vine growth
mustard,vegetative,black_cotton,141.7,41.8,91.3,high,low,medium,60.6,12.5,9.8,Urea,10.8,105.8,Top dress at 20-30 DAS; broadcast and irrigate,Top dress at 20 DAS
sugarcane,pre_sowing,laterite,192.3,111.3,189.8,high,high,high,44.0,23.9,4.3,DAP + MOP,15.0,64.5,"Apply 7 days before sowing, mix into topsoil 10-15cm",Heavy feeder; high basal
bajra,vegetative,laterite,174.8,32.8,56.9,high,low,medium,53.8,12.8,2.6,Urea,10.8,28.1,Top dress at 20-30 DAS; broadcast and irrigate,N top dress 3 weeks after sowing
pomegranate,grain_fill,alluvial,180.0,107.3,165.0,high,high,high,43.8,31.9,7.1,MOP + Calcium,12.5,88.8,Foliar spray or side dress during grain/fruit development,Fruit development
banana,vegetative,red,216.4,49.2,140.7,high,medium,high,40.5,30.8,1.0,Urea + MOP,15.0,15.0,Top dress at 20-30 DAS; broadcast and irrigate,Sword sucker stage
bajra,vegetative,sandy,176.6,34.1,39.5,high,low,low,22.3,21.2,7.2,Urea,10.8,77.8,Top dress at 20-30 DAS; broadcast and irrigate,N top dress 3 weeks after sowing
jowar_rabi,vegetative,laterite,68.3,105.5,75.6,medium,high,medium,20.4,17.4,1.5,Urea,20.0,30.0,Top dress at 20-30 DAS; broadcast and irrigate,Split N top dress
sunflower_rabi,flowering,sandy,47.8,69.3,49.1,medium,medium,low,75.7,26.0,2.1,Boron Spray,5.0,10.5,Apply at flower bud initiation; avoid leaf contact,Pollination support
bajra,vegetative,red,168.6,45.9,135.0,high,medium,high,35.2,27.0,6.2,Urea,10.8,67.0,Top dress at 20-30 DAS; broadcast and irrigate,N top dress 3 weeks after sowing
cucumber,flowering,alluvial,70.9,62.1,98.8,medium,medium,medium,23.7,27.8,6.9,MOP,12.0,82.8,Apply at flower bud initiation; avoid leaf contact,Fruit quality
bajra,flowering,red,138.6,100.3,48.1,high,high,low,31.3,18.9,6.9,Urea,6.0,41.4,Apply at flower bud initiation; avoid leaf contact,Booster dose
sugarcane,germination,laterite,50.1,24.2,144.9,medium,low,high,32.3,32.8,5.3,Urea,25.0,132.5,Apply at sowing time or within first 7 DAS,Germination boost
turmeric,vegetative,alluvial,183.6,54.7,109.6,high,medium,high,71.7,28.5,8.4,Urea + MOP,9.0,75.6,Top dress at 20-30 DAS; broadcast and irrigate,Rhizome development
cotton,grain_fill,red,142.5,108.9,77.9,high,high,medium,52.4,37.5,1.5,MOP,15.0,22.5,Foliar spray or side dress during grain/fruit development,Fibre quality
moong_rabi,pre_sowing,sandy,45.7,70.3,181.2,medium,medium,high,58.9,24.4,2.2,SSP + MOP,9.0,19.8,"Apply 7 days before sowing, mix into topsoil 10-15cm",Same as kharif moong
soybean,germination,alluvial,276.3,54.8,149.7,high,medium,high,45.9,25.4,8.0,Rhizobium Biofert,5.0,40.0,Apply at sowing time or within first 7 DAS,Seed treatment reduces N requirement
grapes,pre_sowing,alluvial,248.7,112.4,175.1,high,high,high,72.1,21.6,3.1,DAP + MOP,9.0,27.9,"Apply 7 days before sowing, mix into topsoil 10-15cm",Pruning time dose
tur_arhar,vegetative,alluvial,65.8,74.8,179.3,medium,medium,high,55.6,24.0,0.7,Urea,10.0,7.0,Top dress at 20-30 DAS; broadcast and irrigate,Light N if pale
wheat,flowering,red,224.0,102.0,28.4,high,high,low,76.0,13.1,2.3,Urea,6.0,13.8,Apply at flower bud initiation; avoid leaf contact,Grain initiation
sunflower_kharif,pre_sowing,red,76.2,21.9,146.8,medium,low,high,53.3,22.7,2.1,DAP + MOP,18.0,37.8,"Apply 7 days before sowing, mix into topsoil 10-15cm",Basal
bajra,vegetative,laterite,173.3,20.3,132.3,high,low,high,46.6,34.4,8.1,Urea,10.8,87.5,Top dress at 20-30 DAS; broadcast and irrigate,N top dress 3 weeks after sowing
tomato,vegetative,sandy,30.0,100.4,96.2,low,high,medium,53.6,18.9,1.7,Urea,26.0,44.2,Top dress at 20-30 DAS; broadcast and irrigate,Vegetative growth
wheat,pre_sowing,sandy,136.7,99.7,161.7,high,high,high,24.6,20.3,7.1,DAP + MOP,10.5,74.5,"Apply 7 days before sowing, mix into topsoil 10-15cm",Full P+K; half N
moong_rabi,flowering,red,94.6,111.0,126.5,high,high,high,48.4,24.1,0.7,MOP,4.0,2.8,Apply at flower bud initiation; avoid leaf contact,Pod fill
sugarcane,pre_sowing,red,265.3,24.6,46.7,high,low,low,23.1,36.0,8.4,DAP + MOP,75.0,630.0,"Apply 7 days before sowing, mix into topsoil 10-15cm",Heavy feeder; high basal
groundnut,flowering,black_cotton,77.3,87.2,187.5,medium,high,high,73.3,29.3,7.3,Gypsum,25.0,182.5,Apply at flower bud initiation; avoid leaf contact,Peg development
watermelon,pre_sowing,red,130.5,42.9,34.7,high,low,low,63.0,33.6,3.9,DAP + MOP,45.0,175.5,"Apply 7 days before sowing, mix into topsoil 10-15cm",Basal
maize_kharif,vegetative,sandy,192.6,59.3,105.3,high,medium,high,40.8,27.6,2.1,Urea,15.0,31.5,Top dress at 20-30 DAS; broadcast and irrigate,Knee high stage N
watermelon,grain_fill,sandy,68.8,117.9,140.1,medium,high,high,72.1,15.4,4.6,MOP,7.5,34.5,Foliar spray or side dress during grain/fruit development,Fruit sweetness
grapes,vegetative,alluvial,25.9,74.6,164.0,low,medium,high,51.6,28.5,6.5,Urea,26.0,169.0,Top dress at 20-30 DAS; broadcast and irrigate,Shoot growth
chickpea,pre_sowing,alluvial,180.8,30.2,135.2,high,low,high,48.1,35.9,8.3,SSP + MOP,12.0,99.6,"Apply 7 days before sowing, mix into topsoil 10-15cm",Low N; P and K basal
banana,pre_sowing,alluvial,116.6,97.6,169.2,high,high,high,50.3,19.2,8.4,DAP + MOP,18.0,151.2,"Apply 7 days before sowing, mix into topsoil 10-15cm",Heavy K feeder; high basal
tomato,grain_fill,laterite,39.6,75.7,81.4,low,medium,medium,79.9,29.8,4.3,MOP + CaNO3,18.0,77.4,Foliar spray or side dress during grain/fruit development,Fruit development + Ca
chickpea,germination,black_cotton,98.4,54.9,84.4,high,medium,medium,22.8,24.2,5.6,Rhizobium Biofert,5.0,28.0,Apply at sowing time or within first 7 DAS,Seed inoculation
rabi_maize,flowering,laterite,200.0,24.1,124.3,high,low,high,35.2,37.1,9.8,Urea,10.8,105.8,Apply at flower bud initiation; avoid leaf contact,Booster
tur_arhar,flowering,red,103.9,109.6,119.2,high,high,high,55.9,26.0,5.2,MOP,5.0,26.0,Apply at flower bud initiation; avoid leaf contact,Pod setting
cucumber,pre_sowing,sandy,238.9,114.9,91.9,high,high,medium,22.7,26.5,3.2,DAP + MOP,15.0,48.0,"Apply 7 days before sowing, mix into topsoil 10-15cm",Basal
linseed,vegetative,black_cotton,58.9,90.5,116.7,medium,high,high,60.0,32.7,7.6,Urea,12.0,91.2,Top dress at 20-30 DAS; broadcast and irrigate,Top dress
mustard,vegetative,sandy,25.7,60.2,194.1,low,medium,high,52.7,12.6,0.6,Urea,23.4,14.0,Top dress at 20-30 DAS; broadcast and irrigate,Top dress at 20 DAS
grapes,flowering,red,232.1,64.9,199.5,high,medium,high,62.0,26.1,6.6,13:00:45 NPK,4.5,29.7,Apply at flower bud initiation; avoid leaf contact,Berry set
maize_kharif,pre_sowing,red,19.9,66.6,156.6,low,medium,high,70.6,14.7,7.6,DAP + MOP,17.5,133.0,"Apply 7 days before sowing, mix into topsoil 10-15cm",Full P+K; half N basal
tur_arhar,germination,sandy,243.1,81.3,132.8,high,high,high,73.1,28.9,6.8,Rhizobium Biofert,5.0,34.0,Apply at sowing time or within first 7 DAS,Seed treatment
linseed,pre_sowing,sandy,176.1,105.5,84.7,high,high,medium,25.6,35.9,6.0,DAP + MOP,12.0,72.0,"Apply 7 days before sowing, mix into topsoil 10-15cm",Basal
chickpea,pre_sowing,laterite,199.1,53.9,178.2,high,medium,high,24.8,31.6,6.3,SSP + MOP,10.0,63.0,"Apply 7 days before sowing, mix into topsoil 10-15cm",Low N; P and K basal
maize_kharif,flowering,red,259.8,61.8,139.5,high,medium,high,35.9,25.6,6.0,Urea,12.0,72.0,Apply at flower bud initiation; avoid leaf contact,Tasselling stage
mustard,pre_sowing,red,198.0,60.4,184.9,high,medium,high,38.7,12.8,5.0,DAP + MOP,12.5,62.5,"Apply 7 days before sowing, mix into topsoil 10-15cm",Basal; sulfur from SSP
chickpea,pre_sowing,black_cotton,217.4,45.9,36.6,high,medium,low,49.7,26.9,3.6,SSP + MOP,25.0,90.0,"Apply 7 days before sowing, mix into topsoil 10-15cm",Low N; P and K basal
pomegranate,pre_sowing,red,26.2,20.2,29.5,low,low,low,54.4,24.4,3.9,DAP + MOP,52.5,204.8,"Apply 7 days before sowing, mix into topsoil 10-15cm",Pre-bloom
onion,grain_fill,laterite,202.7,98.1,152.5,high,high,high,52.2,17.6,4.7,MOP,7.5,35.2,Foliar spray or side dress during grain/fruit development,Bulb development
moong_kharif,flowering,red,108.3,52.6,140.8,high,medium,high,30.0,13.7,3.9,MOP,4.0,15.6,Apply at flower bud initiation; avoid leaf contact,Pod fill
sesame,vegetative,alluvial,46.4,85.3,93.4,medium,high,medium,31.4,25.3,3.2,Urea,12.0,38.4,Top dress at 20-30 DAS; broadcast and irrigate,Top dress
rabi_maize,pre_sowing,red,142.7,74.3,126.8,high,medium,high,35.5,23.9,5.8,DAP + MOP,17.5,101.5,"Apply 7 days before sowing, mix into topsoil 10-15cm",Same as kharif maize
turmeric,grain_fill,alluvial,218.8,117.5,192.4,high,high,high,68.2,34.1,6.0,MOP,10.0,60.0,Foliar spray or side dress during grain/fruit development,Curcumin synthesis
grapes,grain_fill,laterite,109.4,61.6,47.3,high,medium,low,69.9,14.9,5.5,MOP,25.0,137.5,Foliar spray or side dress during grain/fruit development,Maturity
moong_rabi,pre_sowing,red,201.5,35.7,112.4,high,low,high,36.8,31.4,6.7,SSP + MOP,10.8,72.4,"Apply 7 days before sowing, mix into topsoil 10-15cm",Same as kharif moong
orange,grain_fill,sandy,197.6,45.3,134.7,high,medium,high,31.5,16.7,5.1,MOP + Micronutrient,10.0,51.0,Foliar spray or side dress during grain/fruit development,Fruit color + quality
soybean,vegetative,red,95.1,74.9,59.0,high,medium,medium,44.1,18.8,4.2,Urea,7.2,30.2,Top dress at 20-30 DAS; broadcast and irrigate,Top dress if N deficiency observed
urad,flowering,black_cotton,230.4,30.4,161.1,high,low,high,74.1,35.0,1.5,MOP,4.0,6.0,Apply at flower bud initiation; avoid leaf contact,Pod development
banana,grain_fill,sandy,134.5,53.2,87.5,high,medium,medium,63.7,31.5,2.0,MOP,40.0,80.0,Foliar spray or side dress during grain/fruit development,Bunch filling
turmeric,vegetative,sandy,161.5,38.3,144.4,high,low,high,28.1,37.0,7.8,Urea + MOP,9.0,70.2,Top dress at 20-30 DAS; broadcast and irrigate,Rhizome development
urad,germination,black_cotton,266.9,60.9,28.4,high,medium,low,77.3,28.8,8.2,Rhizobium Biofert,5.0,41.0,Apply at sowing time or within first 7 DAS,Seed inoculation
maize_kharif,vegetative,black_cotton,180.5,75.4,49.4,high,medium,low,22.8,35.2,5.4,Urea,15.0,81.0,Top dress at 20-30 DAS; broadcast and irrigate,Knee high stage N
turmeric,pre_sowing,alluvial,30.3,54.2,104.0,low,medium,high,55.7,22.0,9.8,DAP + MOP,20.0,196.0,"Apply 7 days before sowing, mix into topsoil 10-15cm",High K demand
groundnut,pre_sowing,sandy,215.2,108.0,102.2,high,high,high,39.5,32.7,4.0,SSP + Gypsum,18.0,72.0,"Apply 7 days before sowing, mix into topsoil 10-15cm",Ca from gypsum for pod fill
urad,pre_sowing,sandy,89.9,48.2,24.6,medium,medium,low,57.2,34.8,6.2,SSP + MOP,22.5,139.5,"Apply 7 days before sowing, mix into topsoil 10-15cm",Basal P+K
chilli,vegetative,sandy,38.8,97.0,154.9,low,high,high,60.8,19.8,5.1,Urea,23.4,119.3,Top dress at 20-30 DAS; broadcast and irrigate,Plant establishment
onion,pre_sowing,red,182.5,117.4,73.8,high,high,medium,28.1,34.4,9.2,DAP + MOP,21.0,193.2,"Apply 7 days before sowing, mix into topsoil 10-15cm",Full P+K; half N
tur_arhar,germination,laterite,16.6,25.0,27.4,low,low,low,48.3,19.7,1.7,Rhizobium Biofert,5.0,8.5,Apply at sowing time or within first 7 DAS,Seed treatment
sunflower_kharif,pre_sowing,laterite,213.2,75.6,38.1,high,medium,low,23.6,23.7,9.7,DAP + MOP,37.5,363.8,"Apply 7 days before sowing, mix into topsoil 10-15cm",Basal
onion,harvest,black_cotton,233.0,90.5,110.0,high,high,high,64.3,21.2,1.8,NO FERTILIZER,0.0,0.0,Do not apply; withholding period required,Stop 3 weeks before harvest
onion,grain_fill,sandy,118.4,100.9,73.7,high,high,medium,43.6,34.4,4.0,MOP,15.0,60.0,Foliar spray or side dress during grain/fruit development,Bulb development
sugarcane,harvest,alluvial,254.7,112.0,178.6,high,high,high,25.5,35.3,4.3,MOP,10.0,43.0,Do not apply; withholding period required,Juice quality
tur_arhar,flowering,black_cotton,185.8,81.9,175.7,high,high,high,62.4,33.6,9.8,MOP,5.0,49.0,Apply at flower bud initiation; avoid leaf contact,Pod setting
soybean,flowering,alluvial,26.3,48.4,173.6,low,medium,high,26.8,19.3,0.7,MOP,5.0,3.5,Apply at flower bud initiation; avoid leaf contact,K boost for pod setting
linseed,pre_sowing,sandy,255.1,112.8,74.7,high,high,medium,57.6,14.3,3.4,DAP + MOP,12.0,40.8,"Apply 7 days before sowing, mix into topsoil 10-15cm",Basal
moong_rabi,germination,alluvial,77.4,87.8,26.3,medium,high,low,40.6,31.1,9.4,Rhizobium Biofert,5.0,47.0,Apply at sowing time or within first 7 DAS,Seed treatment
moong_rabi,flowering,black_cotton,259.8,48.3,91.6,high,medium,medium,71.5,12.3,9.4,MOP,8.0,75.2,Apply at flower bud initiation; avoid leaf contact,Pod fill
pomegranate,grain_fill,alluvial,275.9,55.5,119.2,high,medium,high,52.9,29.8,8.0,MOP + Calcium,12.5,100.0,Foliar spray or side dress during grain/fruit development,Fruit development
onion,harvest,alluvial,196.8,93.6,60.4,high,high,medium,52.9,26.0,9.0,NO FERTILIZER,0.0,0.0,Do not apply; withholding period required,Stop 3 weeks before harvest
turmeric,grain_fill,black_cotton,211.4,79.5,180.2,high,medium,high,22.7,33.0,6.9,MOP,10.0,69.0,Foliar spray or side dress during grain/fruit development,Curcumin synthesis
chickpea,pre_sowing,black_cotton,119.6,46.5,64.7,high,medium,medium,23.9,20.9,5.7,SSP + MOP,20.0,114.0,"Apply 7 days before sowing, mix into topsoil 10-15cm",Low N; P and K basal
turmeric,pre_sowing,sandy,155.0,118.2,97.9,high,high,medium,21.6,31.7,5.4,DAP + MOP,24.0,129.6,"Apply 7 days before sowing, mix into topsoil 10-15cm",High K demand
watermelon,pre_sowing,alluvial,243.8,111.0,102.1,high,high,high,76.9,33.9,1.3,DAP + MOP,9.0,11.7,"Apply 7 days before sowing, mix into topsoil 10-15cm",Basal
tomato,harvest,red,56.8,50.3,129.1,medium,medium,high,76.9,29.9,5.1,13:00:45 NPK,5.0,25.5,Do not apply; withholding period required,Quality booster
turmeric,vegetative,red,242.8,108.5,23.4,high,high,low,75.9,26.1,8.9,Urea + MOP,22.5,200.2,Top dress at 20-30 DAS; broadcast and irrigate,Rhizome development
orange,grain_fill,alluvial,38.9,107.5,136.1,low,high,high,32.6,25.7,7.8,MOP + Micronutrient,10.0,78.0,Foliar spray or side dress during grain/fruit development,Fruit color + quality
moong_rabi,pre_sowing,laterite,164.6,43.0,114.0,high,low,high,76.0,16.8,2.1,SSP + MOP,10.8,22.7,"Apply 7 days before sowing, mix into topsoil 10-15cm",Same as kharif moong
watermelon,pre_sowing,black_cotton,101.1,59.4,128.6,high,medium,high,41.2,22.0,8.0,DAP + MOP,15.0,120.0,"Apply 7 days before sowing, mix into topsoil 10-15cm",Basal
chickpea,flowering,alluvial,188.2,34.8,103.1,high,low,high,79.4,24.8,5.0,MOP,4.0,20.0,Apply at flower bud initiation; avoid leaf contact,Foliar K for pod fill
pomegranate,grain_fill,sandy,213.7,46.0,52.1,high,medium,medium,79.0,25.2,1.4,MOP + Calcium,25.0,35.0,Foliar spray or side dress during grain/fruit development,Fruit development
maize_kharif,pre_sowing,laterite,89.8,45.9,134.8,medium,medium,high,25.6,35.4,8.9,DAP + MOP,17.5,155.8,"Apply 7 days before sowing, mix into topsoil 10-15cm",Full P+K; half N basal
tomato,flowering,alluvial,174.5,75.3,94.4,high,medium,medium,68.7,24.9,7.6,19:19:19 NPK,9.0,68.4,Apply at flower bud initiation; avoid leaf contact,Balanced NPK at fruit set
onion,grain_fill,alluvial,64.1,81.4,133.4,medium,high,high,46.1,14.6,5.7,MOP,7.5,42.8,Foliar spray or side dress during grain/fruit development,Bulb development
soybean,germination,alluvial,72.1,61.8,101.6,medium,medium,high,38.9,26.7,3.0,Rhizobium Biofert,5.0,15.0,Apply at sowing time or within first 7 DAS,Seed treatment reduces N requirement
chilli,grain_fill,red,267.6,96.7,191.9,high,high,high,34.2,13.6,2.0,MOP,6.0,12.0,Foliar spray or side dress during grain/fruit development,Pungency development
tur_arhar,vegetative,red,114.2,73.4,133.7,high,medium,high,38.6,18.4,8.5,Urea,6.0,51.0,Top dress at 20-30 DAS; broadcast and irrigate,Light N if pale
maize_kharif,pre_sowing,sandy,137.9,36.8,134.0,high,low,high,70.9,13.1,6.9,DAP + MOP,21.0,144.9,"Apply 7 days before sowing, mix into topsoil 10-15cm",Full P+K; half N basal
rabi_maize,vegetative,sandy,30.8,45.2,101.8,low,medium,high,30.4,30.7,1.4,Urea,32.5,45.5,Top dress at 20-30 DAS; broadcast and irrigate,Top dress
cucumber,vegetative,laterite,25.3,62.0,193.6,low,medium,high,44.4,17.6,2.3,Urea,19.5,44.8,Top dress at 20-30 DAS; broadcast and irrigate,Growth boost
maize_kharif,flowering,alluvial,207.0,93.9,89.4,high,high,medium,41.3,29.6,8.2,Urea,12.0,98.4,Apply at flower bud initiation; avoid leaf contact,Tasselling stage
grapes,flowering,alluvial,266.6,34.0,142.9,high,low,high,51.6,30.4,0.5,13:00:45 NPK,4.5,2.2,Apply at flower bud initiation; avoid leaf contact,Berry set
orange,flowering,sandy,39.1,20.4,65.2,low,low,medium,39.8,17.9,8.6,Urea,26.0,223.6,Apply at flower bud initiation; avoid leaf contact,Flush growth
chilli,flowering,alluvial,273.8,40.8,65.7,high,low,medium,28.0,33.0,5.3,19:19:19 NPK,9.0,47.7,Apply at flower bud initiation; avoid leaf contact,Fruit set
sesame,vegetative,alluvial,252.6,79.7,132.6,high,medium,high,56.9,17.7,5.6,Urea,7.2,40.3,Top dress at 20-30 DAS; broadcast and irrigate,Top dress
jowar_rabi,vegetative,sandy,139.9,91.7,169.1,high,high,high,23.1,20.3,2.5,Urea,12.0,30.0,Top dress at 20-30 DAS; broadcast and irrigate,Split N top dress
jowar_rabi,pre_sowing,laterite,191.6,64.0,138.8,high,medium,high,73.3,13.9,7.1,DAP + MOP,15.0,106.5,"Apply 7 days before sowing, mix into topsoil 10-15cm",Full P and K basal
rice,germination,red,109.7,33.1,59.3,high,low,medium,39.7,16.8,0.5,Urea,10.8,5.4,Apply at sowing time or within first 7 DAS,7-10 DAS
moong_kharif,pre_sowing,red,146.7,25.1,26.3,high,low,low,66.0,30.6,7.7,SSP + MOP,27.0,207.9,"Apply 7 days before sowing, mix into topsoil 10-15cm",Low N legume
jowar_kharif,pre_sowing,laterite,247.8,112.1,92.8,high,high,medium,23.3,35.1,6.2,DAP,15.0,93.0,"Apply 7 days before sowing, mix into topsoil 10-15cm",Basal P and N
safflower,vegetative,red,46.0,48.8,77.7,medium,medium,medium,25.1,32.5,1.6,Urea,15.0,24.0,Top dress at 20-30 DAS; broadcast and irrigate,Rosette stage
cotton,flowering,laterite,138.0,60.4,102.5,high,medium,high,32.0,37.3,2.4,Urea,15.0,36.0,Apply at flower bud initiation; avoid leaf contact,Boll development
soybean,germination,laterite,53.4,74.5,67.3,medium,medium,medium,66.0,26.1,7.9,Rhizobium Biofert,5.0,39.5,Apply at sowing time or within first 7 DAS,Seed treatment reduces N requirement
jowar_rabi,flowering,laterite,215.3,63.3,102.8,high,medium,high,42.4,25.1,4.4,Urea,7.2,31.7,Apply at flower bud initiation; avoid leaf contact,Light booster
wheat,vegetative,sandy,279.8,74.4,123.7,high,medium,high,34.5,16.5,9.7,Urea,12.0,116.4,Top dress at 20-30 DAS; broadcast and irrigate,Tillering
safflower,flowering,red,71.0,86.8,119.2,medium,high,high,50.0,16.2,5.0,Urea,10.0,50.0,Apply at flower bud initiation; avoid leaf contact,Capitulum stage
sunflower_kharif,pre_sowing,alluvial,33.4,78.3,139.4,low,medium,high,53.6,13.1,6.1,DAP + MOP,15.0,91.5,"Apply 7 days before sowing, mix into topsoil 10-15cm",Basal
cotton,vegetative,sandy,75.3,59.4,198.2,medium,medium,high,39.3,16.0,6.5,Urea + MOP,17.5,113.8,Top dress at 20-30 DAS; broadcast and irrigate,Square formation
safflower,pre_sowing,red,269.5,116.0,152.9,high,high,high,52.0,27.6,5.6,DAP + MOP,7.5,42.0,"Apply 7 days before sowing, mix into topsoil 10-15cm",Basal
sugarcane,pre_sowing,sandy,234.5,47.1,187.3,high,medium,high,28.5,33.4,9.6,DAP + MOP,25.0,240.0,"Apply 7 days before sowing, mix into topsoil 10-15cm",Heavy feeder; high basal
tur_arhar,flowering,black_cotton,236.8,75.1,141.9,high,medium,high,72.2,20.9,8.7,MOP,5.0,43.5,Apply at flower bud initiation; avoid leaf contact,Pod setting
cucumber,vegetative,red,65.6,55.5,195.4,medium,medium,high,36.4,27.7,5.6,Urea,15.0,84.0,Top dress at 20-30 DAS; broadcast and irrigate,Growth boost
cotton,pre_sowing,black_cotton,126.7,49.4,43.5,high,medium,low,37.0,24.9,6.2,DAP + MOP,50.0,310.0,"Apply 7 days before sowing, mix into topsoil 10-15cm",Basal: 25N 25P 25K
moong_kharif,flowering,black_cotton,13.2,70.0,175.0,low,medium,high,68.6,34.7,7.5,MOP,4.0,30.0,Apply at flower bud initiation; avoid leaf contact,Pod fill
moong_rabi,flowering,laterite,257.8,116.3,177.7,high,high,high,62.1,22.8,4.6,MOP,4.0,18.4,Apply at flower bud initiation; avoid leaf contact,Pod fill
moong_rabi,flowering,black_cotton,274.3,106.3,120.2,high,high,high,77.6,22.8,3.9,MOP,4.0,15.6,Apply at flower bud initiation; avoid leaf contact,Pod fill
mustard,pre_sowing,laterite,264.5,93.1,189.9,high,high,high,34.8,27.5,3.2,DAP + MOP,7.5,24.0,"Apply 7 days before sowing, mix into topsoil 10-15cm",Basal; sulfur from SSP
grapes,grain_fill,sandy,50.0,87.6,46.5,medium,high,low,31.0,23.4,5.3,MOP,25.0,132.5,Foliar spray or side dress during grain/fruit development,Maturity
moong_rabi,pre_sowing,sandy,215.0,75.1,50.0,high,medium,medium,55.8,23.2,8.6,SSP + MOP,18.0,154.8,"Apply 7 days before sowing, mix into topsoil 10-15cm",Same as kharif moong
maize_kharif,grain_fill,black_cotton,113.0,69.5,98.2,high,medium,medium,20.4,18.7,5.4,MOP,10.0,54.0,Foliar spray or side dress during grain/fruit development,Cob development
orange,flowering,red,34.8,52.2,90.4,low,medium,medium,30.1,19.8,9.7,Urea,26.0,252.2,Apply at flower bud initiation; avoid leaf contact,Flush growth
chilli,vegetative,red,222.8,103.1,51.3,high,high,medium,50.8,22.5,9.9,Urea,10.8,106.9,Top dress at 20-30 DAS; broadcast and irrigate,Plant establishment
onion,vegetative,sandy,19.5,84.9,46.1,low,high,low,33.4,35.4,3.1,Urea,26.0,80.6,Top dress at 20-30 DAS; broadcast and irrigate,Leaf development
watermelon,flowering,alluvial,203.7,33.0,150.9,high,low,high,59.1,18.3,7.6,19:19:19 NPK,3.6,27.4,Apply at flower bud initiation; avoid leaf contact,Fruit set
jowar_rabi,flowering,sandy,274.2,46.8,84.9,high,medium,medium,68.4,12.2,4.0,Urea,7.2,28.8,Apply at flower bud initiation; avoid leaf contact,Light booster
safflower,pre_sowing,sandy,178.8,44.0,52.4,high,low,medium,31.0,18.7,5.8,DAP + MOP,30.0,174.0,"Apply 7 days before sowing, mix into topsoil 10-15cm",Basal
pomegranate,flowering,red,25.5,41.8,131.1,low,low,high,69.6,30.1,8.5,Urea + MOP,19.5,165.8,Apply at flower bud initiation; avoid leaf contact,Fruit set
watermelon,vegetative,laterite,67.8,99.8,60.9,medium,high,medium,78.2,32.9,1.2,Urea,15.0,18.0,Top dress at 20-30 DAS; broadcast and irrigate,Vine growth
maize_kharif,vegetative,laterite,173.7,33.3,111.4,high,low,high,77.8,13.5,0.8,Urea,15.0,12.0,Top dress at 20-30 DAS; broadcast and irrigate,Knee high stage N
cucumber,vegetative,black_cotton,132.5,93.7,65.3,high,high,medium,49.2,13.1,8.3,Urea,9.0,74.7,Top dress at 20-30 DAS; broadcast and irrigate,Growth boost
mustard,flowering,red,195.4,36.8,112.8,high,low,high,68.0,35.8,2.1,Urea,6.0,12.6,Apply at flower bud initiation; avoid leaf contact,Booster
chilli,grain_fill,alluvial,24.9,30.8,180.9,low,low,high,44.5,22.5,8.6,MOP,6.0,51.6,Foliar spray or side dress during grain/fruit development,Pungency development
jowar_rabi,pre_sowing,alluvial,235.2,74.9,187.8,high,medium,high,61.8,23.5,1.3,DAP + MOP,15.0,19.5,"Apply 7 days before sowing, mix into topsoil 10-15cm",Full P and K basal
tur_arhar,pre_sowing,black_cotton,127.4,98.6,195.9,high,high,high,76.0,30.9,3.2,SSP + MOP,6.6,21.1,"Apply 7 days before sowing, mix into topsoil 10-15cm",Low N; P+K basal
soybean,pre_sowing,laterite,68.1,97.0,163.6,medium,high,high,39.4,20.4,3.5,SSP + MOP,7.5,26.2,"Apply 7 days before sowing, mix into topsoil 10-15cm","Basal: 0 N, 50 P2O5, 40 K2O kg/ha via SSP+MOP"
watermelon,grain_fill,black_cotton,81.8,56.3,100.1,medium,medium,high,53.8,12.6,6.1,MOP,7.5,45.8,Foliar spray or side dress during grain/fruit development,Fruit sweetness
jowar_rabi,pre_sowing,red,195.1,30.1,35.5,high,low,low,61.6,24.2,3.9,DAP + MOP,45.0,175.5,"Apply 7 days before sowing, mix into topsoil 10-15cm",Full P and K basal
mustard,vegetative,alluvial,115.9,87.0,71.4,high,high,medium,52.6,12.3,0.9,Urea,10.8,9.7,Top dress at 20-30 DAS; broadcast and irrigate,Top dress at 20 DAS
grapes,vegetative,laterite,137.8,33.4,48.6,high,low,low,74.2,18.7,0.7,Urea,12.0,8.4,Top dress at 20-30 DAS; broadcast and irrigate,Shoot growth
soybean,pre_sowing,black_cotton,104.6,21.2,184.7,high,low,high,22.1,36.6,4.5,SSP + MOP,15.0,67.5,"Apply 7 days before sowing, mix into topsoil 10-15cm","Basal: 0 N, 50 P2O5, 40 K2O kg/ha via SSP+MOP"
wheat,flowering,black_cotton,231.4,71.0,140.7,high,medium,high,64.8,37.2,7.1,Urea,6.0,42.6,Apply at flower bud initiation; avoid leaf contact,Grain initiation
turmeric,grain_fill,black_cotton,207.6,64.0,88.1,high,medium,medium,68.0,13.6,3.6,MOP,20.0,72.0,Foliar spray or side dress during grain/fruit development,Curcumin synthesis
grapes,pre_sowing,black_cotton,119.0,75.6,116.6,high,medium,high,62.0,25.1,2.1,DAP + MOP,15.0,31.5,"Apply 7 days before sowing, mix into topsoil 10-15cm",Pruning time dose
pomegranate,pre_sowing,black_cotton,22.3,42.9,173.7,low,low,high,29.4,22.8,7.2,DAP + MOP,21.0,151.2,"Apply 7 days before sowing, mix into topsoil 10-15cm",Pre-bloom
sesame,pre_sowing,sandy,233.0,61.5,75.4,high,medium,medium,30.7,33.2,7.8,DAP,18.0,140.4,"Apply 7 days before sowing, mix into topsoil 10-15cm",Light feeder
jowar_kharif,pre_sowing,black_cotton,201.7,29.2,141.0,high,low,high,30.9,18.2,1.4,DAP,30.0,42.0,"Apply 7 days before sowing, mix into topsoil 10-15cm",Basal P and N
pomegranate,grain_fill,sandy,175.6,22.6,70.4,high,low,medium,51.8,27.3,8.3,MOP + Calcium,25.0,207.5,Foliar spray or side dress during grain/fruit development,Fruit development
sunflower_rabi,vegetative,laterite,101.1,38.9,108.7,high,low,high,55.3,23.8,5.1,Urea,10.8,55.1,Top dress at 20-30 DAS; broadcast and irrigate,Top dress
turmeric,grain_fill,black_cotton,232.1,94.6,110.7,high,high,high,33.2,27.5,7.9,MOP,10.0,79.0,Foliar spray or side dress during grain/fruit development,Curcumin synthesis
tomato,pre_sowing,alluvial,60.2,119.8,77.5,medium,high,medium,46.3,25.8,9.9,DAP + MOP,24.0,237.6,"Apply 7 days before sowing, mix into topsoil 10-15cm",Full P+K; half N
chilli,grain_fill,sandy,172.1,29.3,57.4,high,low,medium,59.6,34.5,7.1,MOP,12.0,85.2,Foliar spray or side dress during grain/fruit development,Pungency development
rabi_maize,flowering,red,251.0,21.0,23.6,high,low,low,56.9,20.9,8.1,Urea,10.8,87.5,Apply at flower bud initiation; avoid leaf contact,Booster
tur_arhar,flowering,red,68.8,92.9,112.6,medium,high,high,77.3,32.0,3.9,MOP,5.0,19.5,Apply at flower bud initiation; avoid leaf contact,Pod setting
turmeric,grain_fill,sandy,149.0,63.0,192.3,high,medium,high,41.8,34.1,6.7,MOP,10.0,67.0,Foliar spray or side dress during grain/fruit development,Curcumin synthesis
soybean,flowering,alluvial,174.1,20.9,46.4,high,low,low,22.9,14.5,9.3,MOP,12.5,116.3,Apply at flower bud initiation; avoid leaf contact,K boost for pod setting
tomato,grain_fill,alluvial,232.8,32.6,189.4,high,low,high,48.6,13.5,5.7,MOP + CaNO3,9.0,51.3,Foliar spray or side dress during grain/fruit development,Fruit development + Ca
bajra,vegetative,alluvial,79.1,27.2,161.9,medium,low,high,68.9,12.3,9.7,Urea,18.0,174.6,Top dress at 20-30 DAS; broadcast and irrigate,N top dress 3 weeks after sowing
cotton,vegetative,alluvial,42.1,59.9,152.9,medium,medium,high,33.8,18.1,5.1,Urea + MOP,17.5,89.2,Top dress at 20-30 DAS; broadcast and irrigate,Square formation
sesame,vegetative,alluvial,181.7,60.3,26.7,high,medium,low,35.1,17.7,3.2,Urea,7.2,23.0,Top dress at 20-30 DAS; broadcast and irrigate,Top dress
grapes,grain_fill,laterite,61.4,114.5,134.2,medium,high,high,56.0,21.9,6.7,MOP,10.0,67.0,Foliar spray or side dress during grain/fruit development,Maturity
chilli,grain_fill,laterite,233.0,29.5,62.4,high,low,medium,61.9,22.6,6.5,MOP,12.0,78.0,Foliar spray or side dress during grain/fruit development,Pungency development
soybean,pre_sowing,alluvial,82.2,37.4,93.0,medium,low,medium,48.1,37.3,1.0,SSP + MOP,30.0,30.0,"Apply 7 days before sowing, mix into topsoil 10-15cm","Basal: 0 N, 50 P2O5, 40 K2O kg/ha via SSP+MOP"
sunflower_rabi,flowering,laterite,78.0,39.9,112.7,medium,low,high,52.2,36.8,1.5,Boron Spray,5.0,7.5,Apply at flower bud initiation; avoid leaf contact,Pollination support
moong_rabi,flowering,sandy,237.4,28.8,30.9,high,low,low,77.4,14.9,2.1,MOP,10.0,21.0,Apply at flower bud initiation; avoid leaf contact,Pod fill
soybean,grain_fill,laterite,156.2,52.1,138.9,high,medium,high,72.2,32.5,6.5,Micronutrient Mix,5.0,32.5,Foliar spray or side dress during grain/fruit development,Zinc + Boron foliar spray
mustard,pre_sowing,laterite,53.2,71.4,199.0,medium,medium,high,71.5,17.6,7.5,DAP + MOP,12.5,93.8,"Apply 7 days before sowing, mix into topsoil 10-15cm",Basal; sulfur from SSP
sesame,vegetative,laterite,25.0,80.6,94.4,low,high,medium,78.7,31.4,5.1,Urea,15.6,79.6,Top dress at 20-30 DAS; broadcast and irrigate,Top dress
watermelon,grain_fill,red,174.8,62.0,20.2,high,medium,low,48.1,22.6,6.7,MOP,18.8,126.0,Foliar spray or side dress during grain/fruit development,Fruit sweetness
maize_kharif,pre_sowing,sandy,189.0,99.7,100.4,high,high,high,48.0,31.1,6.0,DAP + MOP,10.5,63.0,"Apply 7 days before sowing, mix into topsoil 10-15cm",Full P+K; half N basal
jowar_rabi,vegetative,sandy,167.0,23.7,61.7,high,low,medium,47.7,24.2,6.4,Urea,12.0,76.8,Top dress at 20-30 DAS; broadcast and irrigate,Split N top dress
banana,flowering,alluvial,54.8,32.3,127.8,medium,low,high,57.7,30.6,2.9,Urea + MOP,22.5,65.2,Apply at flower bud initiation; avoid leaf contact,Bunch initiation
moong_rabi,pre_sowing,sandy,40.6,115.1,120.2,medium,high,high,55.6,15.6,7.1,SSP + MOP,5.4,38.3,"Apply 7 days before sowing, mix into topsoil 10-15cm",Same as kharif moong
cucumber,flowering,alluvial,254.9,87.2,25.7,high,high,low,42.9,29.6,8.5,MOP,15.0,127.5,Apply at flower bud initiation; avoid leaf contact,Fruit quality
wheat,flowering,sandy,67.8,48.3,158.7,medium,medium,high,39.6,30.3,8.6,Urea,10.0,86.0,Apply at flower bud initiation; avoid leaf contact,Grain initiation
turmeric,vegetative,sandy,178.4,26.4,193.1,high,low,high,42.1,35.4,1.2,Urea + MOP,9.0,10.8,Top dress at 20-30 DAS; broadcast and irrigate,Rhizome development
urad,flowering,alluvial,26.7,48.1,170.6,low,medium,high,50.3,26.0,3.5,MOP,4.0,14.0,Apply at flower bud initiation; avoid leaf contact,Pod development
rice,vegetative,alluvial,50.1,24.7,186.7,medium,low,high,39.4,28.6,1.7,Urea,22.0,37.4,Top dress at 20-30 DAS; broadcast and irrigate,25-30 DAS tillering
sunflower_kharif,flowering,sandy,226.6,69.6,155.2,high,medium,high,50.2,30.2,2.3,Boron Spray,5.0,11.5,Apply at flower bud initiation; avoid leaf contact,Prevent hollow stem
moong_rabi,germination,alluvial,111.2,31.4,198.3,high,low,high,42.2,27.6,7.1,Rhizobium Biofert,5.0,35.5,Apply at sowing time or within first 7 DAS,Seed treatment
tomato,harvest,laterite,95.0,72.0,61.0,high,medium,medium,30.4,17.7,4.5,13:00:45 NPK,6.0,27.0,Do not apply; withholding period required,Quality booster
mustard,flowering,red,52.2,28.9,86.9,medium,low,medium,51.6,37.6,2.5,Urea,10.0,25.0,Apply at flower bud initiation; avoid leaf contact,Booster
sugarcane,harvest,alluvial,46.2,62.0,102.2,medium,medium,high,56.1,20.0,6.3,MOP,10.0,63.0,Do not apply; withholding period required,Juice quality
sunflower_kharif,pre_sowing,laterite,13.2,57.4,153.6,low,medium,high,47.9,26.2,7.7,DAP + MOP,15.0,115.5,"Apply 7 days before sowing, mix into topsoil 10-15cm",Basal
linseed,pre_sowing,red,131.4,97.8,32.4,high,high,low,40.4,21.0,1.7,DAP + MOP,15.0,25.5,"Apply 7 days before sowing, mix into topsoil 10-15cm",Basal
watermelon,grain_fill,sandy,88.8,51.8,59.0,medium,medium,medium,52.5,36.8,5.5,MOP,15.0,82.5,Foliar spray or side dress during grain/fruit development,Fruit sweetness
sugarcane,germination,laterite,184.2,40.9,120.3,high,low,high,29.6,21.1,7.0,Urea,15.0,105.0,Apply at sowing time or within first 7 DAS,Germination boost
sunflower_kharif,pre_sowing,black_cotton,177.4,104.0,92.3,high,high,medium,27.5,18.3,4.7,DAP + MOP,18.0,84.6,"Apply 7 days before sowing, mix into topsoil 10-15cm",Basal
moong_kharif,flowering,alluvial,81.9,69.5,174.3,medium,medium,high,62.4,28.5,9.7,MOP,4.0,38.8,Apply at flower bud initiation; avoid leaf contact,Pod fill
moong_rabi,germination,alluvial,135.0,80.1,179.4,high,high,high,66.5,18.0,7.4,Rhizobium Biofert,5.0,37.0,Apply at sowing time or within first 7 DAS,Seed treatment
mustard,flowering,laterite,102.0,41.7,134.5,high,low,high,73.0,20.3,6.0,Urea,6.0,36.0,Apply at flower bud initiation; avoid leaf contact,Booster
turmeric,pre_sowing,laterite,215.1,31.7,21.6,high,low,low,60.6,35.4,3.1,DAP + MOP,60.0,186.0,"Apply 7 days before sowing, mix into topsoil 10-15cm",High K demand
cucumber,pre_sowing,black_cotton,137.0,56.2,169.5,high,medium,high,65.2,37.2,2.2,DAP + MOP,12.5,27.5,"Apply 7 days before sowing, mix into topsoil 10-15cm",Basal
rice,vegetative,black_cotton,152.4,111.4,119.4,high,high,high,52.5,34.2,2.7,Urea,13.2,35.6,Top dress at 20-30 DAS; broadcast and irrigate,25-30 DAS tillering
turmeric,pre_sowing,red,187.4,23.0,93.9,high,low,medium,20.9,23.2,5.2,DAP + MOP,48.0,249.6,"Apply 7 days before sowing, mix into topsoil 10-15cm",High K demand
groundnut,flowering,red,83.4,79.4,164.1,medium,medium,high,29.0,24.1,2.9,Gypsum,25.0,72.5,Apply at flower bud initiation; avoid leaf contact,Peg development
groundnut,germination,alluvial,242.9,67.6,67.2,high,medium,medium,20.3,23.8,9.3,Rhizobium Biofert,5.0,46.5,Apply at sowing time or within first 7 DAS,Seed inoculation
groundnut,germination,sandy,157.9,66.7,87.5,high,medium,medium,67.2,34.2,2.8,Rhizobium Biofert,5.0,14.0,Apply at sowing time or within first 7 DAS,Seed inoculation
rabi_maize,flowering,black_cotton,174.0,51.5,183.9,high,medium,high,68.7,24.5,1.2,Urea,10.8,13.0,Apply at flower bud initiation; avoid leaf contact,Booster
chilli,flowering,laterite,51.2,85.4,139.0,medium,high,high,27.6,30.0,2.5,19:19:19 NPK,7.5,18.8,Apply at flower bud initiation; avoid leaf contact,Fruit set
pomegranate,flowering,red,134.4,71.9,136.5,high,medium,high,61.9,14.5,8.2,Urea + MOP,9.0,73.8,Apply at flower bud initiation; avoid leaf contact,Fruit set
maize_kharif,grain_fill,laterite,150.2,92.0,119.5,high,high,high,41.0,18.5,8.2,MOP,5.0,41.0,Foliar spray or side dress during grain/fruit development,Cob development
onion,pre_sowing,black_cotton,157.8,93.1,130.8,high,high,high,47.0,34.1,6.1,DAP + MOP,10.5,64.0,"Apply 7 days before sowing, mix into topsoil 10-15cm",Full P+K; half N
grapes,grain_fill,black_cotton,71.6,83.5,176.8,medium,high,high,79.4,27.8,6.8,MOP,10.0,68.0,Foliar spray or side dress during grain/fruit development,Maturity
cotton,flowering,black_cotton,186.4,94.3,144.1,high,high,high,46.3,35.5,3.8,Urea,15.0,57.0,Apply at flower bud initiation; avoid leaf contact,Boll development
rabi_maize,pre_sowing,sandy,82.9,56.9,20.3,medium,medium,low,48.0,32.3,3.6,DAP + MOP,43.8,157.7,"Apply 7 days before sowing, mix into topsoil 10-15cm",Same as kharif maize
turmeric,pre_sowing,laterite,188.0,86.6,158.9,high,high,high,46.8,33.1,1.9,DAP + MOP,12.0,22.8,"Apply 7 days before sowing, mix into topsoil 10-15cm",High K demand
sesame,pre_sowing,black_cotton,66.4,85.8,103.6,medium,high,high,72.3,30.9,3.4,DAP,10.8,36.7,"Apply 7 days before sowing, mix into topsoil 10-15cm",Light feeder
sugarcane,pre_sowing,laterite,168.6,49.7,108.6,high,medium,high,63.1,18.3,6.4,DAP + MOP,25.0,160.0,"Apply 7 days before sowing, mix into topsoil 10-15cm",Heavy feeder; high basal
tomato,pre_sowing,alluvial,186.5,77.6,128.1,high,medium,high,37.4,19.4,4.7,DAP + MOP,20.0,94.0,"Apply 7 days before sowing, mix into topsoil 10-15cm",Full P+K; half N
maize_kharif,vegetative,sandy,199.5,101.3,61.8,high,high,medium,48.6,29.8,8.1,Urea,15.0,121.5,Top dress at 20-30 DAS; broadcast and irrigate,Knee high stage N
jowar_rabi,flowering,laterite,79.3,103.6,137.9,medium,high,high,26.4,37.7,2.3,Urea,12.0,27.6,Apply at flower bud initiation; avoid leaf contact,Light booster
watermelon,flowering,red,127.1,49.3,32.7,high,medium,low,47.4,19.1,6.1,19:19:19 NPK,9.0,54.9,Apply at flower bud initiation; avoid leaf contact,Fruit set
groundnut,flowering,laterite,114.4,88.6,100.5,high,high,high,63.9,24.9,8.6,Gypsum,25.0,215.0,Apply at flower bud initiation; avoid leaf contact,Peg development
orange,grain_fill,sandy,110.8,35.7,51.4,high,low,medium,52.5,25.6,4.6,MOP + Micronutrient,20.0,92.0,Foliar spray or side dress during grain/fruit development,Fruit color + quality
chickpea,pre_sowing,alluvial,36.9,92.2,198.2,low,high,high,31.4,30.8,9.5,SSP + MOP,6.0,57.0,"Apply 7 days before sowing, mix into topsoil 10-15cm",Low N; P and K basal
groundnut,pre_sowing,red,84.6,87.4,184.4,medium,high,high,66.6,23.7,1.4,SSP + Gypsum,18.0,25.2,"Apply 7 days before sowing, mix into topsoil 10-15cm",Ca from gypsum for pod fill
moong_kharif,germination,red,72.3,50.9,184.1,medium,medium,high,52.3,14.3,6.2,Rhizobium Biofert,5.0,31.0,Apply at sowing time or within first 7 DAS,Seed treatment
banana,pre_sowing,red,34.9,95.1,143.2,low,high,high,51.1,31.7,6.6,DAP + MOP,18.0,118.8,"Apply 7 days before sowing, mix into topsoil 10-15cm",Heavy K feeder; high basal
cotton,vegetative,alluvial,185.3,100.6,140.3,high,high,high,68.5,31.5,5.7,Urea + MOP,10.5,59.9,Top dress at 20-30 DAS; broadcast and irrigate,Square formation
safflower,flowering,laterite,253.3,77.1,68.2,high,medium,medium,58.8,36.4,3.1,Urea,6.0,18.6,Apply at flower bud initiation; avoid leaf contact,Capitulum stage
jowar_rabi,vegetative,laterite,17.2,100.1,172.0,low,high,high,66.8,29.2,2.2,Urea,26.0,57.2,Top dress at 20-30 DAS; broadcast and irrigate,Split N top dress
maize_kharif,pre_sowing,laterite,113.1,57.6,86.1,high,medium,medium,32.5,12.4,7.7,DAP + MOP,35.0,269.5,"Apply 7 days before sowing, mix into topsoil 10-15cm",Full P+K; half N basal
moong_kharif,germination,sandy,151.7,92.9,133.0,high,high,high,43.4,28.5,5.2,Rhizobium Biofert,5.0,26.0,Apply at sowing time or within first 7 DAS,Seed treatment
sesame,pre_sowing,red,58.6,101.8,29.9,medium,high,low,35.8,35.4,9.5,DAP,10.8,102.6,"Apply 7 days before sowing, mix into topsoil 10-15cm",Light feeder
banana,grain_fill,red,262.4,49.6,92.1,high,medium,medium,57.9,30.7,5.0,MOP,40.0,200.0,Foliar spray or side dress during grain/fruit development,Bunch filling
soybean,grain_fill,sandy,94.0,41.1,112.2,high,low,high,60.6,23.0,1.9,Micronutrient Mix,5.0,9.5,Foliar spray or side dress during grain/fruit development,Zinc + Boron foliar spray
maize_kharif,pre_sowing,black_cotton,182.6,82.8,189.5,high,high,high,67.9,25.3,4.1,DAP + MOP,10.5,43.0,"Apply 7 days before sowing, mix into topsoil 10-15cm",Full P+K; half N basal
safflower,flowering,alluvial,220.1,117.7,179.4,high,high,high,77.7,30.3,1.1,Urea,6.0,6.6,Apply at flower bud initiation; avoid leaf contact,Capitulum stage
cotton,flowering,laterite,166.0,30.0,132.1,high,low,high,68.6,15.6,1.3,Urea,15.0,19.5,Apply at flower bud initiation; avoid leaf contact,Boll development
cotton,vegetative,sandy,227.5,97.1,181.9,high,high,high,29.0,35.3,5.5,Urea + MOP,10.5,57.8,Top dress at 20-30 DAS; broadcast and irrigate,Square formation
groundnut,grain_fill,laterite,41.0,49.3,114.9,medium,medium,high,51.1,29.9,4.2,MOP,5.0,21.0,Foliar spray or side dress during grain/fruit development,Kernel filling
rice,pre_sowing,red,143.1,75.2,64.4,high,medium,medium,20.3,26.9,0.6,DAP,30.0,18.0,"Apply 7 days before sowing, mix into topsoil 10-15cm",Basal
sugarcane,harvest,sandy,95.0,52.3,107.0,high,medium,high,50.0,36.0,4.9,MOP,10.0,49.0,Do not apply; withholding period required,Juice quality
rabi_maize,pre_sowing,black_cotton,100.8,97.2,152.7,high,high,high,41.8,36.2,2.0,DAP + MOP,10.5,21.0,"Apply 7 days before sowing, mix into topsoil 10-15cm",Same as kharif maize
sunflower_rabi,vegetative,black_cotton,65.6,26.8,194.4,medium,low,high,57.0,23.9,4.5,Urea,18.0,81.0,Top dress at 20-30 DAS; broadcast and irrigate,Top dress
sunflower_rabi,vegetative,red,114.7,46.2,187.8,high,medium,high,36.5,27.9,6.8,Urea,10.8,73.4,Top dress at 20-30 DAS; broadcast and irrigate,Top dress
moong_rabi,flowering,laterite,198.2,24.0,26.5,high,low,low,21.4,28.9,6.0,MOP,10.0,60.0,Apply at flower bud initiation; avoid leaf contact,Pod fill
sunflower_kharif,flowering,sandy,137.6,64.6,73.9,high,medium,medium,69.1,34.8,3.8,Boron Spray,5.0,19.0,Apply at flower bud initiation; avoid leaf contact,Prevent hollow stem
cucumber,flowering,sandy,156.6,78.3,58.3,high,medium,medium,64.4,26.8,6.1,MOP,12.0,73.2,Apply at flower bud initiation; avoid leaf contact,Fruit quality
cotton,vegetative,red,225.4,99.9,91.9,high,high,medium,52.7,27.1,2.7,Urea + MOP,21.0,56.7,Top dress at 20-30 DAS; broadcast and irrigate,Square formation
chickpea,pre_sowing,red,63.7,111.2,81.0,medium,high,medium,32.3,31.4,2.2,SSP + MOP,12.0,26.4,"Apply 7 days before sowing, mix into topsoil 10-15cm",Low N; P and K basal
watermelon,pre_sowing,black_cotton,58.9,56.1,108.8,medium,medium,high,53.2,18.5,4.3,DAP + MOP,15.0,64.5,"Apply 7 days before sowing, mix into topsoil 10-15cm",Basal
jowar_kharif,pre_sowing,sandy,205.4,90.0,159.9,high,high,high,20.0,27.5,2.5,DAP,15.0,37.5,"Apply 7 days before sowing, mix into topsoil 10-15cm",Basal P and N
grapes,vegetative,red,73.7,29.5,72.7,medium,low,medium,43.3,23.9,3.8,Urea,20.0,76.0,Top dress at 20-30 DAS; broadcast and irrigate,Shoot growth
rice,flowering,sandy,187.8,108.6,78.2,high,high,medium,28.2,35.0,0.8,Urea + MOP,12.0,9.6,Apply at flower bud initiation; avoid leaf contact,Panicle initiation
grapes,grain_fill,red,208.9,96.5,156.0,high,high,high,22.0,33.9,6.4,MOP,10.0,64.0,Foliar spray or side dress during grain/fruit development,Maturity
orange,pre_sowing,alluvial,271.7,20.9,89.3,high,low,medium,63.5,37.4,1.3,DAP + MOP,42.0,54.6,"Apply 7 days before sowing, mix into topsoil 10-15cm",Post-harvest dose
tomato,flowering,alluvial,110.1,72.7,71.7,high,medium,medium,28.0,14.1,4.5,19:19:19 NPK,9.0,40.5,Apply at flower bud initiation; avoid leaf contact,Balanced NPK at fruit set
orange,pre_sowing,red,177.9,95.7,199.2,high,high,high,45.8,37.0,2.8,DAP + MOP,10.5,29.4,"Apply 7 days before sowing, mix into topsoil 10-15cm",Post-harvest dose
cucumber,pre_sowing,sandy,141.5,92.7,108.0,high,high,high,51.5,36.8,0.6,DAP + MOP,7.5,4.5,"Apply 7 days before sowing, mix into topsoil 10-15cm",Basal
pomegranate,grain_fill,laterite,276.7,54.7,174.9,high,medium,high,44.4,34.4,8.3,MOP + Calcium,12.5,103.8,Foliar spray or side dress during grain/fruit development,Fruit development
linseed,pre_sowing,alluvial,45.7,30.1,168.7,medium,low,high,49.8,21.6,9.6,DAP + MOP,12.0,115.2,"Apply 7 days before sowing, mix into topsoil 10-15cm",Basal
cotton,flowering,black_cotton,264.2,52.0,181.9,high,medium,high,78.4,20.2,4.0,Urea,15.0,60.0,Apply at flower bud initiation; avoid leaf contact,Boll development
soybean,flowering,alluvial,270.9,98.8,104.7,high,high,high,67.7,19.4,5.2,MOP,5.0,26.0,Apply at flower bud initiation; avoid leaf contact,K boost for pod setting
cotton,vegetative,black_cotton,79.9,63.7,194.4,medium,medium,high,54.5,24.9,3.3,Urea + MOP,17.5,57.8,Top dress at 20-30 DAS; broadcast and irrigate,Square formation
cotton,grain_fill,laterite,104.3,45.7,37.5,high,medium,low,56.6,37.4,5.8,MOP,18.8,109.0,Foliar spray or side dress during grain/fruit development,Fibre quality
maize_kharif,flowering,black_cotton,24.0,42.6,156.8,low,low,high,25.1,28.1,7.5,Urea,26.0,195.0,Apply at flower bud initiation; avoid leaf contact,Tasselling stage
rice,germination,sandy,237.0,113.0,104.1,high,high,high,48.2,37.0,5.1,Urea,10.8,55.1,Apply at sowing time or within first 7 DAS,7-10 DAS
rabi_maize,pre_sowing,sandy,188.7,62.2,152.1,high,medium,high,24.7,34.3,4.5,DAP + MOP,17.5,78.8,"Apply 7 days before sowing, mix into topsoil 10-15cm",Same as kharif maize
maize_kharif,grain_fill,laterite,105.4,70.7,54.3,high,medium,medium,27.3,15.2,5.9,MOP,10.0,59.0,Foliar spray or side dress during grain/fruit development,Cob development
jowar_rabi,pre_sowing,black_cotton,10.2,32.7,176.3,low,low,high,43.2,23.7,5.6,DAP + MOP,18.0,100.8,"Apply 7 days before sowing, mix into topsoil 10-15cm",Full P and K basal
pomegranate,flowering,alluvial,219.1,52.3,20.9,high,medium,low,23.5,35.8,4.2,Urea + MOP,22.5,94.5,Apply at flower bud initiation; avoid leaf contact,Fruit set
moong_kharif,germination,red,216.7,97.3,65.7,high,high,medium,22.8,31.4,8.4,Rhizobium Biofert,5.0,42.0,Apply at sowing time or within first 7 DAS,Seed treatment
sunflower_rabi,vegetative,black_cotton,96.7,22.7,111.7,high,low,high,48.0,15.0,7.5,Urea,10.8,81.0,Top dress at 20-30 DAS; broadcast and irrigate,Top dress
chickpea,germination,alluvial,39.3,40.8,30.4,low,low,low,52.9,15.7,0.9,Rhizobium Biofert,5.0,4.5,Apply at sowing time or within first 7 DAS,Seed inoculation
safflower,vegetative,black_cotton,31.7,51.4,39.6,low,medium,low,58.4,29.1,2.5,Urea,19.5,48.8,Top dress at 20-30 DAS; broadcast and irrigate,Rosette stage
sunflower_rabi,flowering,sandy,56.8,101.1,153.7,medium,high,high,36.7,32.9,3.2,Boron Spray,5.0,16.0,Apply at flower bud initiation; avoid leaf contact,Pollination support
jowar_kharif,vegetative,sandy,72.6,32.8,184.7,medium,low,high,57.9,14.6,6.4,Urea,20.0,128.0,Top dress at 20-30 DAS; broadcast and irrigate,Top dress after 3-4 weeks
rice,pre_sowing,sandy,16.5,114.3,182.7,low,high,high,26.3,15.7,7.0,DAP,18.0,126.0,"Apply 7 days before sowing, mix into topsoil 10-15cm",Basal
sugarcane,harvest,red,44.3,68.4,75.9,medium,medium,medium,46.6,30.5,1.9,MOP,20.0,38.0,Do not apply; withholding period required,Juice quality
sugarcane,grain_fill,laterite,19.3,101.6,22.3,low,high,low,23.5,14.8,8.9,Urea,39.0,347.1,Foliar spray or side dress during grain/fruit development,Elongation stage
urad,germination,alluvial,251.9,33.9,49.3,high,low,low,45.4,37.9,2.1,Rhizobium Biofert,5.0,10.5,Apply at sowing time or within first 7 DAS,Seed inoculation
linseed,pre_sowing,sandy,87.2,107.6,133.4,medium,high,high,67.5,26.2,1.8,DAP + MOP,6.0,10.8,"Apply 7 days before sowing, mix into topsoil 10-15cm",Basal
moong_rabi,flowering,alluvial,184.2,75.5,106.3,high,medium,high,46.6,21.6,1.6,MOP,4.0,6.4,Apply at flower bud initiation; avoid leaf contact,Pod fill
watermelon,flowering,alluvial,90.4,50.7,159.6,high,medium,high,51.3,16.0,2.3,19:19:19 NPK,3.6,8.3,Apply at flower bud initiation; avoid leaf contact,Fruit set
moong_rabi,pre_sowing,sandy,78.2,86.5,59.3,medium,high,medium,33.5,31.9,7.1,SSP + MOP,10.8,76.7,"Apply 7 days before sowing, mix into topsoil 10-15cm",Same as kharif moong
watermelon,flowering,sandy,110.1,102.3,88.6,high,high,medium,40.9,32.8,5.5,19:19:19 NPK,7.2,39.6,Apply at flower bud initiation; avoid leaf contact,Fruit set
linseed,vegetative,black_cotton,229.4,59.8,91.4,high,medium,medium,79.6,37.7,6.5,Urea,7.2,46.8,Top dress at 20-30 DAS; broadcast and irrigate,Top dress
cucumber,pre_sowing,sandy,22.7,38.0,62.1,low,low,medium,32.2,12.9,4.3,DAP + MOP,30.0,129.0,"Apply 7 days before sowing, mix into topsoil 10-15cm",Basal
pomegranate,grain_fill,black_cotton,105.9,24.9,107.5,high,low,high,42.9,36.5,7.3,MOP + Calcium,12.5,91.2,Foliar spray or side dress during grain/fruit development,Fruit development
turmeric,grain_fill,laterite,163.9,41.1,21.9,high,low,low,45.4,12.4,0.8,MOP,25.0,20.0,Foliar spray or side dress during grain/fruit development,Curcumin synthesis
groundnut,pre_sowing,laterite,231.4,107.6,62.7,high,high,medium,65.8,35.3,0.9,SSP + Gypsum,18.0,16.2,"Apply 7 days before sowing, mix into topsoil 10-15cm",Ca from gypsum for pod fill
soybean,pre_sowing,red,172.3,114.4,65.4,high,high,medium,63.9,33.4,5.4,SSP + MOP,15.0,81.0,"Apply 7 days before sowing, mix into topsoil 10-15cm","Basal: 0 N, 50 P2O5, 40 K2O kg/ha via SSP+MOP"
pomegranate,flowering,sandy,251.9,54.7,25.8,high,medium,low,79.7,13.9,1.5,Urea + MOP,22.5,33.8,Apply at flower bud initiation; avoid leaf contact,Fruit set
mustard,flowering,red,201.0,97.1,114.4,high,high,high,39.5,18.4,3.9,Urea,6.0,23.4,Apply at flower bud initiation; avoid leaf contact,Booster
sugarcane,harvest,black_cotton,119.3,110.3,154.3,high,high,high,62.0,34.7,6.8,MOP,10.0,68.0,Do not apply; withholding period required,Juice quality
sunflower_kharif,flowering,alluvial,12.8,40.2,41.0,low,low,low,50.2,15.2,7.1,Boron Spray,5.0,35.5,Apply at flower bud initiation; avoid leaf contact,Prevent hollow stem
urad,flowering,sandy,86.2,111.5,50.9,medium,high,medium,33.1,20.7,3.6,MOP,8.0,28.8,Apply at flower bud initiation; avoid leaf contact,Pod development
maize_kharif,vegetative,laterite,102.9,110.7,31.7,high,high,low,76.2,25.6,4.2,Urea,15.0,63.0,Top dress at 20-30 DAS; broadcast and irrigate,Knee high stage N
cotton,pre_sowing,alluvial,33.1,57.0,191.9,low,medium,high,22.6,22.6,8.4,DAP + MOP,20.0,168.0,"Apply 7 days before sowing, mix into topsoil 10-15cm",Basal: 25N 25P 25K
sunflower_kharif,flowering,red,161.1,84.3,85.8,high,high,medium,28.8,12.2,7.5,Boron Spray,5.0,37.5,Apply at flower bud initiation; avoid leaf contact,Prevent hollow stem
moong_rabi,flowering,sandy,222.9,68.0,121.2,high,medium,high,30.9,17.0,1.5,MOP,4.0,6.0,Apply at flower bud initiation; avoid leaf contact,Pod fill
grapes,vegetative,sandy,155.0,95.4,137.9,high,high,high,55.6,35.1,4.1,Urea,12.0,49.2,Top dress at 20-30 DAS; broadcast and irrigate,Shoot growth
chickpea,flowering,black_cotton,106.5,67.6,123.0,high,medium,high,27.2,31.9,1.0,MOP,4.0,4.0,Apply at flower bud initiation; avoid leaf contact,Foliar K for pod fill
jowar_rabi,pre_sowing,black_cotton,52.7,50.9,164.5,medium,medium,high,43.7,32.0,8.8,DAP + MOP,15.0,132.0,"Apply 7 days before sowing, mix into topsoil 10-15cm",Full P and K basal
moong_kharif,flowering,alluvial,209.0,31.8,159.7,high,low,high,30.6,15.6,5.9,MOP,4.0,23.6,Apply at flower bud initiation; avoid leaf contact,Pod fill
moong_kharif,flowering,sandy,27.8,29.6,147.1,low,low,high,55.7,30.1,4.8,MOP,4.0,19.2,Apply at flower bud initiation; avoid leaf contact,Pod fill
cucumber,vegetative,laterite,130.1,112.7,181.3,high,high,high,57.7,31.8,9.5,Urea,9.0,85.5,Top dress at 20-30 DAS; broadcast and irrigate,Growth boost
sesame,vegetative,red,47.1,76.7,54.5,medium,medium,medium,66.1,27.8,6.1,Urea,12.0,73.2,Top dress at 20-30 DAS; broadcast and irrigate,Top dress
onion,grain_fill,alluvial,249.0,28.6,92.6,high,low,medium,25.7,28.0,4.1,MOP,15.0,61.5,Foliar spray or side dress during grain/fruit development,Bulb development
cotton,pre_sowing,red,174.6,106.5,25.3,high,high,low,44.5,34.3,1.0,DAP + MOP,30.0,30.0,"Apply 7 days before sowing, mix into topsoil 10-15cm",Basal: 25N 25P 25K
chilli,pre_sowing,black_cotton,196.2,38.7,107.6,high,low,high,20.5,27.0,5.7,DAP + MOP,21.0,119.7,"Apply 7 days before sowing, mix into topsoil 10-15cm",Basal
jowar_kharif,vegetative,black_cotton,40.3,48.7,141.5,medium,medium,high,74.8,22.2,1.3,Urea,20.0,26.0,Top dress at 20-30 DAS; broadcast and irrigate,Top dress after 3-4 weeks
cucumber,pre_sowing,red,60.4,60.6,163.5,medium,medium,high,22.8,16.1,5.6,DAP + MOP,12.5,70.0,"Apply 7 days before sowing, mix into topsoil 10-15cm",Basal
sesame,pre_sowing,laterite,183.0,55.5,53.4,high,medium,medium,71.1,25.6,5.9,DAP,18.0,106.2,"Apply 7 days before sowing, mix into topsoil 10-15cm",Light feeder
maize_kharif,pre_sowing,laterite,185.2,115.0,137.1,high,high,high,29.9,12.5,1.3,DAP + MOP,10.5,13.7,"Apply 7 days before sowing, mix into topsoil 10-15cm",Full P+K; half N basal
orange,grain_fill,alluvial,108.9,43.6,52.0,high,low,medium,68.7,30.4,6.6,MOP + Micronutrient,20.0,132.0,Foliar spray or side dress during grain/fruit development,Fruit color + quality
safflower,pre_sowing,alluvial,266.1,40.7,185.5,high,low,high,46.6,17.8,9.2,DAP + MOP,15.0,138.0,"Apply 7 days before sowing, mix into topsoil 10-15cm",Basal
cotton,vegetative,alluvial,22.5,94.9,132.3,low,high,high,21.7,29.8,5.7,Urea + MOP,22.8,130.0,Top dress at 20-30 DAS; broadcast and irrigate,Square formation
mustard,vegetative,laterite,68.1,65.6,92.9,medium,medium,medium,46.2,27.5,4.0,Urea,18.0,72.0,Top dress at 20-30 DAS; broadcast and irrigate,Top dress at 20 DAS
sunflower_kharif,vegetative,alluvial,81.7,40.4,163.3,medium,low,high,56.4,26.6,9.2,Urea,18.0,165.6,Top dress at 20-30 DAS; broadcast and irrigate,Top dress
groundnut,grain_fill,alluvial,165.3,57.9,33.4,high,medium,low,53.8,16.7,1.7,MOP,12.5,21.2,Foliar spray or side dress during grain/fruit development,Kernel filling
tomato,grain_fill,sandy,269.1,99.9,91.2,high,high,medium,56.0,15.9,1.8,MOP + CaNO3,18.0,32.4,Foliar spray or side dress during grain/fruit development,Fruit development + Ca
groundnut,pre_sowing,red,138.4,60.6,112.6,high,medium,high,27.4,15.8,2.3,SSP + Gypsum,30.0,69.0,"Apply 7 days before sowing, mix into topsoil 10-15cm",Ca from gypsum for pod fill
onion,vegetative,black_cotton,76.5,65.1,152.2,medium,medium,high,67.4,17.4,4.0,Urea,20.0,80.0,Top dress at 20-30 DAS; broadcast and irrigate,Leaf development
jowar_rabi,pre_sowing,alluvial,161.4,36.5,66.4,high,low,medium,39.9,33.8,5.2,DAP + MOP,36.0,187.2,"Apply 7 days before sowing, mix into topsoil 10-15cm",Full P and K basal
sesame,pre_sowing,alluvial,229.8,114.3,51.9,high,high,medium,25.0,18.7,4.1,DAP,10.8,44.3,"Apply 7 days before sowing, mix into topsoil 10-15cm",Light feeder
moong_kharif,flowering,alluvial,98.8,49.1,77.4,high,medium,medium,62.0,34.1,8.3,MOP,8.0,66.4,Apply at flower bud initiation; avoid leaf contact,Pod fill
turmeric,pre_sowing,black_cotton,110.9,94.9,169.9,high,high,high,33.0,22.8,2.7,DAP + MOP,12.0,32.4,"Apply 7 days before sowing, mix into topsoil 10-15cm",High K demand
rabi_maize,flowering,red,127.8,93.5,151.4,high,high,high,78.8,14.5,5.7,Urea,10.8,61.6,Apply at flower bud initiation; avoid leaf contact,Booster
sugarcane,grain_fill,alluvial,279.3,90.6,68.9,high,high,medium,55.7,20.9,5.2,Urea,18.0,93.6,Foliar spray or side dress during grain/fruit development,Elongation stage
bajra,pre_sowing,red,252.7,44.1,84.8,high,low,medium,60.6,26.8,2.4,DAP,24.0,57.6,"Apply 7 days before sowing, mix into topsoil 10-15cm",Basal P
cucumber,pre_sowing,alluvial,51.5,101.7,49.6,medium,high,low,20.2,33.8,6.1,DAP + MOP,18.8,114.7,"Apply 7 days before sowing, mix into topsoil 10-15cm",Basal
rice,flowering,alluvial,94.1,117.8,52.7,high,high,medium,43.0,29.5,4.2,Urea + MOP,12.0,50.4,Apply at flower bud initiation; avoid leaf contact,Panicle initiation
banana,vegetative,black_cotton,23.9,24.9,82.4,low,low,medium,45.0,22.1,9.1,Urea + MOP,65.0,591.5,Top dress at 20-30 DAS; broadcast and irrigate,Sword sucker stage
grapes,pre_sowing,black_cotton,61.7,20.4,118.8,medium,low,high,79.3,23.2,9.9,DAP + MOP,18.0,178.2,"Apply 7 days before sowing, mix into topsoil 10-15cm",Pruning time dose
jowar_rabi,vegetative,alluvial,23.1,71.0,177.6,low,medium,high,46.2,36.6,5.1,Urea,26.0,132.6,Top dress at 20-30 DAS; broadcast and irrigate,Split N top dress
maize_kharif,vegetative,black_cotton,126.0,55.7,22.6,high,medium,low,30.3,24.1,2.1,Urea,15.0,31.5,Top dress at 20-30 DAS; broadcast and irrigate,Knee high stage N
rabi_maize,vegetative,black_cotton,14.2,95.5,180.9,low,high,high,44.8,12.7,2.8,Urea,32.5,91.0,Top dress at 20-30 DAS; broadcast and irrigate,Top dress
turmeric,vegetative,alluvial,262.3,27.3,83.7,high,low,medium,40.0,18.7,8.2,Urea + MOP,18.0,147.6,Top dress at 20-30 DAS; broadcast and irrigate,Rhizome development
tomato,grain_fill,red,113.4,102.0,189.7,high,high,high,31.0,25.9,7.4,MOP + CaNO3,9.0,66.6,Foliar spray or side dress during grain/fruit development,Fruit development + Ca
sunflower_rabi,flowering,red,226.1,49.4,139.0,high,medium,high,20.1,30.3,6.6,Boron Spray,5.0,33.0,Apply at flower bud initiation; avoid leaf contact,Pollination support
watermelon,pre_sowing,alluvial,14.5,97.0,21.1,low,high,low,77.2,25.1,5.5,DAP + MOP,22.5,123.8,"Apply 7 days before sowing, mix into topsoil 10-15cm",Basal
moong_rabi,pre_sowing,laterite,56.0,99.2,137.9,medium,high,high,76.0,13.1,8.2,SSP + MOP,5.4,44.3,"Apply 7 days before sowing, mix into topsoil 10-15cm",Same as kharif moong
urad,flowering,alluvial,171.5,85.3,181.9,high,high,high,34.1,33.1,7.7,MOP,4.0,30.8,Apply at flower bud initiation; avoid leaf contact,Pod development
grapes,grain_fill,red,191.8,22.9,184.0,high,low,high,57.7,19.9,0.8,MOP,10.0,8.0,Foliar spray or side dress during grain/fruit development,Maturity
sesame,pre_sowing,black_cotton,118.2,109.5,148.3,high,high,high,44.4,33.9,7.1,DAP,10.8,76.7,"Apply 7 days before sowing, mix into topsoil 10-15cm",Light feeder
groundnut,flowering,sandy,241.8,111.7,125.3,high,high,high,38.0,34.3,5.1,Gypsum,25.0,127.5,Apply at flower bud initiation; avoid leaf contact,Peg development
safflower,flowering,alluvial,127.8,49.3,155.3,high,medium,high,38.2,14.9,4.7,Urea,6.0,28.2,Apply at flower bud initiation; avoid leaf contact,Capitulum stage
chickpea,flowering,red,189.7,46.3,21.2,high,medium,low,32.6,15.6,8.2,MOP,10.0,82.0,Apply at flower bud initiation; avoid leaf contact,Foliar K for pod fill
rice,vegetative,red,195.6,77.6,152.5,high,medium,high,72.9,21.7,5.9,Urea,13.2,77.9,Top dress at 20-30 DAS; broadcast and irrigate,25-30 DAS tillering
moong_rabi,flowering,laterite,221.2,115.7,180.0,high,high,high,31.1,34.9,8.5,MOP,4.0,34.0,Apply at flower bud initiation; avoid leaf contact,Pod fill
urad,pre_sowing,sandy,110.5,53.4,151.3,high,medium,high,52.8,35.4,9.7,SSP + MOP,9.0,87.3,"Apply 7 days before sowing, mix into topsoil 10-15cm",Basal P+K
chickpea,flowering,sandy,237.0,46.6,127.4,high,medium,high,73.4,34.7,10.0,MOP,4.0,40.0,Apply at flower bud initiation; avoid leaf contact,Foliar K for pod fill
grapes,flowering,sandy,183.9,112.1,161.8,high,high,high,60.3,12.1,9.3,13:00:45 NPK,4.5,41.9,Apply at flower bud initiation; avoid leaf contact,Berry set
safflower,pre_sowing,red,53.1,22.1,156.4,medium,low,high,21.9,19.1,8.5,DAP + MOP,15.0,127.5,"Apply 7 days before sowing, mix into topsoil 10-15cm",Basal
orange,pre_sowing,alluvial,272.1,20.3,179.8,high,low,high,72.4,28.2,5.6,DAP + MOP,21.0,117.6,"Apply 7 days before sowing, mix into topsoil 10-15cm",Post-harvest dose
linseed,vegetative,black_cotton,11.7,106.1,106.9,low,high,high,28.3,24.1,2.6,Urea,15.6,40.6,Top dress at 20-30 DAS; broadcast and irrigate,Top dress
moong_rabi,germination,laterite,49.6,44.8,153.0,medium,low,high,40.4,16.2,4.5,Rhizobium Biofert,5.0,22.5,Apply at sowing time or within first 7 DAS,Seed treatment
sugarcane,grain_fill,laterite,17.6,61.1,92.2,low,medium,medium,46.6,31.4,3.3,Urea,39.0,128.7,Foliar spray or side dress during grain/fruit development,Elongation stage
sunflower_rabi,vegetative,alluvial,202.7,59.1,161.3,high,medium,high,65.8,22.1,6.3,Urea,10.8,68.0,Top dress at 20-30 DAS; broadcast and irrigate,Top dress
mustard,pre_sowing,sandy,261.8,45.7,59.2,high,medium,medium,51.5,18.8,2.4,DAP + MOP,25.0,60.0,"Apply 7 days before sowing, mix into topsoil 10-15cm",Basal; sulfur from SSP
rabi_maize,vegetative,black_cotton,38.8,72.2,32.8,low,medium,low,56.1,17.1,7.5,Urea,32.5,243.8,Top dress at 20-30 DAS; broadcast and irrigate,Top dress
wheat,vegetative,red,65.0,109.3,68.9,medium,high,medium,34.1,21.7,6.3,Urea,20.0,126.0,Top dress at 20-30 DAS; broadcast and irrigate,Tillering
banana,flowering,black_cotton,128.9,72.6,187.9,high,medium,high,64.0,12.3,7.2,Urea + MOP,13.5,97.2,Apply at flower bud initiation; avoid leaf contact,Bunch initiation
tur_arhar,flowering,laterite,155.6,73.3,114.0,high,medium,high,30.8,21.2,1.4,MOP,5.0,7.0,Apply at flower bud initiation; avoid leaf contact,Pod setting
rabi_maize,pre_sowing,sandy,100.9,86.1,169.2,high,high,high,34.4,27.7,7.5,DAP + MOP,10.5,78.8,"Apply 7 days before sowing, mix into topsoil 10-15cm",Same as kharif maize
chickpea,germination,alluvial,22.9,66.5,45.7,low,medium,low,21.5,14.3,0.8,Rhizobium Biofert,5.0,4.0,Apply at sowing time or within first 7 DAS,Seed inoculation
jowar_kharif,vegetative,red,177.5,94.3,185.0,high,high,high,53.3,18.6,4.5,Urea,12.0,54.0,Top dress at 20-30 DAS; broadcast and irrigate,Top dress after 3-4 weeks
cotton,grain_fill,laterite,267.1,46.2,77.8,high,medium,medium,54.5,28.9,1.2,MOP,15.0,18.0,Foliar spray or side dress during grain/fruit development,Fibre quality
cucumber,vegetative,sandy,49.2,50.0,154.7,medium,medium,high,26.1,33.3,2.8,Urea,15.0,42.0,Top dress at 20-30 DAS; broadcast and irrigate,Growth boost
soybean,grain_fill,laterite,273.3,31.4,163.0,high,low,high,68.2,22.7,1.9,Micronutrient Mix,5.0,9.5,Foliar spray or side dress during grain/fruit development,Zinc + Boron foliar spray
cotton,flowering,black_cotton,93.3,116.0,42.6,high,high,low,70.7,35.2,2.1,Urea,15.0,31.5,Apply at flower bud initiation; avoid leaf contact,Boll development
rabi_maize,flowering,alluvial,226.9,34.4,102.1,high,low,high,47.3,25.6,1.5,Urea,10.8,16.2,Apply at flower bud initiation; avoid leaf contact,Booster
chickpea,germination,sandy,28.3,78.6,152.9,low,medium,high,27.7,15.4,1.4,Rhizobium Biofert,5.0,7.0,Apply at sowing time or within first 7 DAS,Seed inoculation
turmeric,pre_sowing,sandy,132.3,85.9,157.9,high,high,high,52.4,17.3,9.5,DAP + MOP,12.0,114.0,"Apply 7 days before sowing, mix into topsoil 10-15cm",High K demand
wheat,flowering,alluvial,116.4,28.0,165.1,high,low,high,23.3,21.8,8.1,Urea,6.0,48.6,Apply at flower bud initiation; avoid leaf contact,Grain initiation
sesame,vegetative,black_cotton,211.1,76.0,44.7,high,medium,low,40.8,22.3,0.8,Urea,7.2,5.8,Top dress at 20-30 DAS; broadcast and irrigate,Top dress
linseed,vegetative,red,67.0,54.3,183.9,medium,medium,high,32.7,29.9,3.9,Urea,12.0,46.8,Top dress at 20-30 DAS; broadcast and irrigate,Top dress
chickpea,pre_sowing,black_cotton,261.5,45.9,89.5,high,medium,medium,21.7,26.1,1.2,SSP + MOP,20.0,24.0,"Apply 7 days before sowing, mix into topsoil 10-15cm",Low N; P and K basal
cucumber,vegetative,black_cotton,218.2,58.7,47.7,high,medium,low,46.0,12.5,1.3,Urea,9.0,11.7,Top dress at 20-30 DAS; broadcast and irrigate,Growth boost
jowar_rabi,vegetative,black_cotton,124.2,118.1,82.1,high,high,medium,42.3,34.3,1.3,Urea,12.0,15.6,Top dress at 20-30 DAS; broadcast and irrigate,Split N top dress
jowar_rabi,pre_sowing,alluvial,142.6,73.3,140.6,high,medium,high,61.6,12.7,8.5,DAP + MOP,15.0,127.5,"Apply 7 days before sowing, mix into topsoil 10-15cm",Full P and K basal
cotton,flowering,red,68.6,20.2,91.6,medium,low,medium,25.0,15.3,1.7,Urea,25.0,42.5,Apply at flower bud initiation; avoid leaf contact,Boll development
orange,flowering,red,61.8,77.1,185.7,medium,medium,high,44.8,30.8,3.6,Urea,20.0,72.0,Apply at flower bud initiation; avoid leaf contact,Flush growth
sugarcane,harvest,sandy,48.7,92.2,139.0,medium,high,high,23.3,28.0,1.1,MOP,10.0,11.0,Do not apply; withholding period required,Juice quality
chilli,pre_sowing,red,226.3,71.5,20.2,high,medium,low,60.9,20.7,2.3,DAP + MOP,43.8,100.7,"Apply 7 days before sowing, mix into topsoil 10-15cm",Basal
cucumber,pre_sowing,laterite,277.7,56.4,161.3,high,medium,high,52.6,20.9,9.8,DAP + MOP,12.5,122.5,"Apply 7 days before sowing, mix into topsoil 10-15cm",Basal
bajra,vegetative,black_cotton,258.7,46.1,197.1,high,medium,high,48.6,30.3,6.6,Urea,10.8,71.3,Top dress at 20-30 DAS; broadcast and irrigate,N top dress 3 weeks after sowing
chilli,vegetative,red,19.1,21.3,113.6,low,low,high,21.6,32.2,3.3,Urea,23.4,77.2,Top dress at 20-30 DAS; broadcast and irrigate,Plant establishment
moong_kharif,flowering,laterite,251.4,102.9,96.7,high,high,medium,67.6,35.6,4.0,MOP,8.0,32.0,Apply at flower bud initiation; avoid leaf contact,Pod fill
urad,flowering,alluvial,48.5,80.6,44.1,medium,high,low,59.6,19.3,5.8,MOP,10.0,58.0,Apply at flower bud initiation; avoid leaf contact,Pod development
mustard,vegetative,laterite,238.3,115.1,114.5,high,high,high,25.9,37.7,3.7,Urea,10.8,40.0,Top dress at 20-30 DAS; broadcast and irrigate,Top dress at 20 DAS
sugarcane,vegetative,alluvial,11.3,72.5,197.7,low,medium,high,54.9,23.6,9.5,Urea + MOP,32.5,308.8,Top dress at 20-30 DAS; broadcast and irrigate,Grand growth period
sunflower_kharif,vegetative,red,104.3,80.4,27.1,high,high,low,20.5,23.8,5.2,Urea,10.8,56.2,Top dress at 20-30 DAS; broadcast and irrigate,Top dress
orange,grain_fill,sandy,76.2,115.0,93.6,medium,high,medium,37.0,14.4,9.4,MOP + Micronutrient,20.0,188.0,Foliar spray or side dress during grain/fruit development,Fruit color + quality
chickpea,germination,red,271.8,72.6,112.3,high,medium,high,57.2,18.1,8.4,Rhizobium Biofert,5.0,42.0,Apply at sowing time or within first 7 DAS,Seed inoculation
onion,harvest,sandy,65.4,60.1,162.2,medium,medium,high,35.4,25.4,2.3,NO FERTILIZER,0.0,0.0,Do not apply; withholding period required,Stop 3 weeks before harvest
sesame,pre_sowing,laterite,87.1,24.7,75.4,medium,low,medium,52.6,21.6,7.6,DAP,21.6,164.2,"Apply 7 days before sowing, mix into topsoil 10-15cm",Light feeder
sunflower_kharif,pre_sowing,alluvial,253.8,112.5,123.8,high,high,high,43.8,30.5,3.0,DAP + MOP,9.0,27.0,"Apply 7 days before sowing, mix into topsoil 10-15cm",Basal
watermelon,flowering,black_cotton,134.4,101.4,158.6,high,high,high,42.9,18.9,1.1,19:19:19 NPK,3.6,4.0,Apply at flower bud initiation; avoid leaf contact,Fruit set
cotton,vegetative,alluvial,271.9,59.2,147.3,high,medium,high,66.1,23.1,8.4,Urea + MOP,10.5,88.2,Top dress at 20-30 DAS; broadcast and irrigate,Square formation
rice,vegetative,laterite,94.6,28.6,110.1,high,low,high,72.4,15.0,1.7,Urea,13.2,22.4,Top dress at 20-30 DAS; broadcast and irrigate,25-30 DAS tillering
mustard,vegetative,red,113.2,41.2,106.0,high,low,high,59.7,24.7,5.0,Urea,10.8,54.0,Top dress at 20-30 DAS; broadcast and irrigate,Top dress at 20 DAS
safflower,flowering,red,230.8,116.6,74.0,high,high,medium,44.8,33.7,9.6,Urea,6.0,57.6,Apply at flower bud initiation; avoid leaf contact,Capitulum stage
soybean,germination,black_cotton,205.1,96.7,176.5,high,high,high,39.4,12.5,6.5,Rhizobium Biofert,5.0,32.5,Apply at sowing time or within first 7 DAS,Seed treatment reduces N requirement
cucumber,pre_sowing,laterite,244.8,116.3,76.0,high,high,medium,62.0,26.7,7.0,DAP + MOP,15.0,105.0,"Apply 7 days before sowing, mix into topsoil 10-15cm",Basal
sugarcane,grain_fill,laterite,265.6,56.5,107.0,high,medium,high,63.7,12.2,8.3,Urea,18.0,149.4,Foliar spray or side dress during grain/fruit development,Elongation stage
sugarcane,grain_fill,sandy,65.6,117.2,161.4,medium,high,high,73.3,15.5,7.0,Urea,30.0,210.0,Foliar spray or side dress during grain/fruit development,Elongation stage
grapes,pre_sowing,red,31.7,71.2,81.5,low,medium,medium,71.4,14.9,7.2,DAP + MOP,30.0,216.0,"Apply 7 days before sowing, mix into topsoil 10-15cm",Pruning time dose
soybean,grain_fill,sandy,251.1,111.6,131.6,high,high,high,55.5,31.4,9.0,Micronutrient Mix,5.0,45.0,Foliar spray or side dress during grain/fruit development,Zinc + Boron foliar spray
linseed,vegetative,red,104.5,54.8,84.9,high,medium,medium,59.0,19.1,3.4,Urea,7.2,24.5,Top dress at 20-30 DAS; broadcast and irrigate,Top dress
chilli,flowering,black_cotton,160.3,53.1,99.6,high,medium,medium,58.2,17.1,3.6,19:19:19 NPK,9.0,32.4,Apply at flower bud initiation; avoid leaf contact,Fruit set
groundnut,germination,alluvial,151.8,21.8,108.5,high,low,high,20.8,22.9,2.5,Rhizobium Biofert,5.0,12.5,Apply at sowing time or within first 7 DAS,Seed inoculation
tur_arhar,flowering,laterite,223.7,104.4,160.7,high,high,high,55.5,22.4,6.9,MOP,5.0,34.5,Apply at flower bud initiation; avoid leaf contact,Pod setting
wheat,pre_sowing,laterite,133.6,28.4,55.1,high,low,medium,76.0,32.2,1.3,DAP + MOP,42.0,54.6,"Apply 7 days before sowing, mix into topsoil 10-15cm",Full P+K; half N
sunflower_rabi,vegetative,black_cotton,207.4,33.7,144.8,high,low,high,26.2,15.1,10.0,Urea,10.8,108.0,Top dress at 20-30 DAS; broadcast and irrigate,Top dress
mustard,pre_sowing,laterite,197.6,114.9,139.9,high,high,high,24.3,31.7,9.2,DAP + MOP,7.5,69.0,"Apply 7 days before sowing, mix into topsoil 10-15cm",Basal; sulfur from SSP
sunflower_rabi,pre_sowing,red,249.5,97.7,28.0,high,high,low,29.2,18.6,8.4,DAP + MOP,22.5,189.0,"Apply 7 days before sowing, mix into topsoil 10-15cm",Basal
moong_kharif,pre_sowing,black_cotton,115.3,103.2,151.9,high,high,high,35.3,17.6,9.0,SSP + MOP,5.4,48.6,"Apply 7 days before sowing, mix into topsoil 10-15cm",Low N legume
sunflower_kharif,pre_sowing,sandy,145.6,46.0,73.6,high,medium,medium,53.3,33.6,0.7,DAP + MOP,30.0,21.0,"Apply 7 days before sowing, mix into topsoil 10-15cm",Basal
groundnut,grain_fill,laterite,163.0,70.8,106.1,high,medium,high,76.6,20.3,5.0,MOP,5.0,25.0,Foliar spray or side dress during grain/fruit development,Kernel filling
soybean,germination,red,85.7,107.2,71.5,medium,high,medium,78.6,15.4,7.0,Rhizobium Biofert,5.0,35.0,Apply at sowing time or within first 7 DAS,Seed treatment reduces N requirement
sugarcane,harvest,alluvial,34.1,62.5,148.7,low,medium,high,37.5,26.7,8.6,MOP,10.0,86.0,Do not apply; withholding period required,Juice quality
moong_rabi,pre_sowing,red,38.6,106.9,95.2,low,high,medium,60.4,28.2,7.7,SSP + MOP,10.8,83.2,"Apply 7 days before sowing, mix into topsoil 10-15cm",Same as kharif moong
onion,harvest,red,268.7,63.2,63.4,high,medium,medium,64.4,19.4,2.0,NO FERTILIZER,0.0,0.0,Do not apply; withholding period required,Stop 3 weeks before harvest
wheat,vegetative,red,10.8,34.3,43.3,low,low,low,62.6,19.5,6.5,Urea,26.0,169.0,Top dress at 20-30 DAS; broadcast and irrigate,Tillering
cucumber,pre_sowing,black_cotton,158.4,70.5,46.3,high,medium,low,20.4,16.7,8.2,DAP + MOP,31.2,255.8,"Apply 7 days before sowing, mix into topsoil 10-15cm",Basal
jowar_kharif,pre_sowing,red,99.6,72.2,28.8,high,medium,low,59.3,23.2,6.4,DAP,25.0,160.0,"Apply 7 days before sowing, mix into topsoil 10-15cm",Basal P and N
grapes,flowering,black_cotton,210.9,35.7,196.4,high,low,high,41.7,18.4,7.2,13:00:45 NPK,4.5,32.4,Apply at flower bud initiation; avoid leaf contact,Berry set
urad,germination,laterite,50.5,96.6,193.6,medium,high,high,63.9,20.2,9.5,Rhizobium Biofert,5.0,47.5,Apply at sowing time or within first 7 DAS,Seed inoculation
pomegranate,grain_fill,alluvial,255.3,50.8,120.7,high,medium,high,33.8,26.6,0.9,MOP + Calcium,12.5,11.2,Foliar spray or side dress during grain/fruit development,Fruit development
grapes,pre_sowing,black_cotton,133.2,76.9,152.2,high,medium,high,42.6,36.3,8.0,DAP + MOP,15.0,120.0,"Apply 7 days before sowing, mix into topsoil 10-15cm",Pruning time dose
linseed,vegetative,sandy,176.1,90.6,136.4,high,high,high,48.2,30.2,2.5,Urea,7.2,18.0,Top dress at 20-30 DAS; broadcast and irrigate,Top dress
watermelon,vegetative,red,112.0,100.6,31.5,high,high,low,22.2,37.7,6.6,Urea,9.0,59.4,Top dress at 20-30 DAS; broadcast and irrigate,Vine growth
safflower,vegetative,laterite,129.4,31.7,142.0,high,low,high,31.7,31.0,8.7,Urea,9.0,78.3,Top dress at 20-30 DAS; broadcast and irrigate,Rosette stage
maize_kharif,flowering,laterite,124.4,46.0,127.1,high,medium,high,80.0,29.2,8.7,Urea,12.0,104.4,Apply at flower bud initiation; avoid leaf contact,Tasselling stage
sunflower_kharif,pre_sowing,alluvial,149.7,44.0,27.5,high,low,low,48.8,35.1,1.2,DAP + MOP,45.0,54.0,"Apply 7 days before sowing, mix into topsoil 10-15cm",Basal
tur_arhar,pre_sowing,laterite,166.9,71.4,63.9,high,medium,medium,72.6,34.8,1.9,SSP + MOP,22.0,41.8,"Apply 7 days before sowing, mix into topsoil 10-15cm",Low N; P+K basal
jowar_kharif,flowering,black_cotton,163.0,78.1,155.6,high,medium,high,31.8,13.1,8.2,Urea,9.0,73.8,Apply at flower bud initiation; avoid leaf contact,Second top dress
mustard,pre_sowing,black_cotton,175.7,34.7,110.4,high,low,high,42.2,37.2,4.1,DAP + MOP,15.0,61.5,"Apply 7 days before sowing, mix into topsoil 10-15cm",Basal; sulfur from SSP
orange,pre_sowing,alluvial,120.9,69.0,91.2,high,medium,medium,58.8,18.4,8.6,DAP + MOP,35.0,301.0,"Apply 7 days before sowing, mix into topsoil 10-15cm",Post-harvest dose
jowar_kharif,flowering,red,68.1,29.0,187.6,medium,low,high,38.8,36.0,9.8,Urea,15.0,147.0,Apply at flower bud initiation; avoid leaf contact,Second top dress
urad,germination,alluvial,69.9,99.1,71.9,medium,high,medium,43.4,15.3,9.2,Rhizobium Biofert,5.0,46.0,Apply at sowing time or within first 7 DAS,Seed inoculation
mustard,pre_sowing,laterite,259.2,98.6,104.1,high,high,high,68.0,22.7,9.2,DAP + MOP,7.5,69.0,"Apply 7 days before sowing, mix into topsoil 10-15cm",Basal; sulfur from SSP
sugarcane,vegetative,red,46.9,100.9,177.5,medium,high,high,64.5,22.0,3.9,Urea + MOP,25.0,97.5,Top dress at 20-30 DAS; broadcast and irrigate,Grand growth period
bajra,pre_sowing,sandy,40.6,51.4,95.2,medium,medium,medium,28.5,16.8,6.7,DAP,20.0,134.0,"Apply 7 days before sowing, mix into topsoil 10-15cm",Basal P
wheat,pre_sowing,black_cotton,121.3,84.3,20.3,high,high,low,32.7,32.4,3.9,DAP + MOP,26.2,102.2,"Apply 7 days before sowing, mix into topsoil 10-15cm",Full P+K; half N
wheat,vegetative,red,41.0,25.0,165.9,medium,low,high,60.8,32.8,2.9,Urea,20.0,58.0,Top dress at 20-30 DAS; broadcast and irrigate,Tillering
chilli,grain_fill,alluvial,157.5,49.3,195.7,high,medium,high,57.2,22.7,7.4,MOP,6.0,44.4,Foliar spray or side dress during grain/fruit development,Pungency development
urad,flowering,laterite,149.3,68.0,40.5,high,medium,low,50.2,31.8,10.0,MOP,10.0,100.0,Apply at flower bud initiation; avoid leaf contact,Pod development
sugarcane,pre_sowing,red,106.0,70.8,138.2,high,medium,high,59.7,22.2,7.7,DAP + MOP,25.0,192.5,"Apply 7 days before sowing, mix into topsoil 10-15cm",Heavy feeder; high basal
tur_arhar,flowering,sandy,253.1,21.2,98.0,high,low,medium,54.4,30.4,5.8,MOP,10.0,58.0,Apply at flower bud initiation; avoid leaf contact,Pod setting
turmeric,grain_fill,sandy,136.8,55.2,103.8,high,medium,high,59.6,34.3,3.6,MOP,10.0,36.0,Foliar spray or side dress during grain/fruit development,Curcumin synthesis
moong_kharif,flowering,laterite,111.8,62.9,90.7,high,medium,medium,50.5,13.7,7.1,MOP,8.0,56.8,Apply at flower bud initiation; avoid leaf contact,Pod fill
cucumber,flowering,laterite,206.8,113.9,30.4,high,high,low,56.3,17.6,8.2,MOP,15.0,123.0,Apply at flower bud initiation; avoid leaf contact,Fruit quality
soybean,flowering,black_cotton,176.8,29.7,89.1,high,low,medium,56.8,12.5,9.8,MOP,10.0,98.0,Apply at flower bud initiation; avoid leaf contact,K boost for pod setting
orange,flowering,sandy,80.6,69.6,125.6,medium,medium,high,33.3,30.9,3.3,Urea,20.0,66.0,Apply at flower bud initiation; avoid leaf contact,Flush growth
moong_kharif,germination,red,271.4,21.5,147.1,high,low,high,42.4,36.5,6.1,Rhizobium Biofert,5.0,30.5,Apply at sowing time or within first 7 DAS,Seed treatment
groundnut,flowering,laterite,199.4,34.0,159.1,high,low,high,34.4,30.8,7.0,Gypsum,25.0,175.0,Apply at flower bud initiation; avoid leaf contact,Peg development
linseed,vegetative,laterite,48.5,114.2,97.5,medium,high,medium,53.4,27.7,3.3,Urea,12.0,39.6,Top dress at 20-30 DAS; broadcast and irrigate,Top dress
wheat,flowering,alluvial,16.8,105.0,117.7,low,high,high,73.7,35.9,9.9,Urea,13.0,128.7,Apply at flower bud initiation; avoid leaf contact,Grain initiation
sunflower_rabi,vegetative,laterite,20.9,40.3,59.6,low,low,medium,65.2,25.0,9.6,Urea,23.4,224.6,Top dress at 20-30 DAS; broadcast and irrigate,Top dress
chilli,flowering,sandy,161.5,31.9,191.6,high,low,high,24.8,29.6,8.3,19:19:19 NPK,4.5,37.4,Apply at flower bud initiation; avoid leaf contact,Fruit set
orange,grain_fill,alluvial,170.3,52.1,72.1,high,medium,medium,73.3,29.6,4.8,MOP + Micronutrient,20.0,96.0,Foliar spray or side dress during grain/fruit development,Fruit color + quality
jowar_kharif,pre_sowing,black_cotton,108.0,88.1,64.0,high,high,medium,24.0,36.4,7.6,DAP,15.0,114.0,"Apply 7 days before sowing, mix into topsoil 10-15cm",Basal P and N
grapes,pre_sowing,sandy,26.9,47.9,110.0,low,medium,high,23.9,31.2,1.1,DAP + MOP,15.0,16.5,"Apply 7 days before sowing, mix into topsoil 10-15cm",Pruning time dose
maize_kharif,pre_sowing,laterite,193.0,105.1,157.7,high,high,high,22.4,29.1,2.2,DAP + MOP,10.5,23.1,"Apply 7 days before sowing, mix into topsoil 10-15cm",Full P+K; half N basal
rice,pre_sowing,laterite,83.3,79.8,112.7,medium,medium,high,70.3,14.1,9.0,DAP,30.0,270.0,"Apply 7 days before sowing, mix into topsoil 10-15cm",Basal
sunflower_rabi,flowering,laterite,264.5,21.3,81.6,high,low,medium,24.7,36.0,1.8,Boron Spray,5.0,9.0,Apply at flower bud initiation; avoid leaf contact,Pollination support
tur_arhar,vegetative,red,277.5,35.7,111.0,high,low,high,37.0,18.9,9.9,Urea,6.0,59.4,Top dress at 20-30 DAS; broadcast and irrigate,Light N if pale
moong_kharif,germination,sandy,253.8,54.5,185.0,high,medium,high,49.3,17.8,8.6,Rhizobium Biofert,5.0,43.0,Apply at sowing time or within first 7 DAS,Seed treatment
jowar_kharif,flowering,sandy,188.4,35.4,171.4,high,low,high,67.9,16.8,4.2,Urea,9.0,37.8,Apply at flower bud initiation; avoid leaf contact,Second top dress
cotton,flowering,sandy,23.5,32.6,49.6,low,low,low,49.7,17.9,2.9,Urea,32.5,94.2,Apply at flower bud initiation; avoid leaf contact,Boll development
jowar_rabi,flowering,alluvial,276.4,98.9,113.2,high,high,high,24.9,31.1,5.6,Urea,7.2,40.3,Apply at flower bud initiation; avoid leaf contact,Light booster
cucumber,flowering,red,200.6,98.1,159.0,high,high,high,44.4,13.9,8.2,MOP,6.0,49.2,Apply at flower bud initiation; avoid leaf contact,Fruit quality
tomato,pre_sowing,laterite,188.6,91.2,188.6,high,high,high,29.9,14.5,2.2,DAP + MOP,12.0,26.4,"Apply 7 days before sowing, mix into topsoil 10-15cm",Full P+K; half N
maize_kharif,pre_sowing,laterite,141.7,22.1,146.7,high,low,high,26.1,19.5,8.5,DAP + MOP,21.0,178.5,"Apply 7 days before sowing, mix into topsoil 10-15cm",Full P+K; half N basal
groundnut,pre_sowing,sandy,174.5,117.2,199.0,high,high,high,49.4,25.5,8.7,SSP + Gypsum,18.0,156.6,"Apply 7 days before sowing, mix into topsoil 10-15cm",Ca from gypsum for pod fill
linseed,pre_sowing,red,260.9,119.4,144.6,high,high,high,40.0,23.3,10.0,DAP + MOP,6.0,60.0,"Apply 7 days before sowing, mix into topsoil 10-15cm",Basal
wheat,pre_sowing,laterite,44.9,70.8,38.5,medium,medium,low,72.1,16.3,8.9,DAP + MOP,43.8,389.8,"Apply 7 days before sowing, mix into topsoil 10-15cm",Full P+K; half N
safflower,vegetative,red,142.0,25.5,193.6,high,low,high,78.7,16.0,1.4,Urea,9.0,12.6,Top dress at 20-30 DAS; broadcast and irrigate,Rosette stage
moong_kharif,flowering,sandy,12.3,67.2,148.4,low,medium,high,46.7,19.4,8.7,MOP,4.0,34.8,Apply at flower bud initiation; avoid leaf contact,Pod fill
tomato,vegetative,sandy,130.5,99.2,121.9,high,high,high,34.9,15.8,4.8,Urea,12.0,57.6,Top dress at 20-30 DAS; broadcast and irrigate,Vegetative growth
rabi_maize,pre_sowing,alluvial,29.3,44.8,120.2,low,low,high,53.3,13.5,5.5,DAP + MOP,21.0,115.5,"Apply 7 days before sowing, mix into topsoil 10-15cm",Same as kharif maize
sunflower_rabi,flowering,alluvial,45.5,22.1,24.8,medium,low,low,32.1,30.6,2.6,Boron Spray,5.0,13.0,Apply at flower bud initiation; avoid leaf contact,Pollination support
orange,flowering,red,117.5,40.3,157.7,high,low,high,30.5,17.5,5.4,Urea,12.0,64.8,Apply at flower bud initiation; avoid leaf contact,Flush growth
chickpea,germination,sandy,190.7,54.3,194.9,high,medium,high,74.2,17.5,8.0,Rhizobium Biofert,5.0,40.0,Apply at sowing time or within first 7 DAS,Seed inoculation
banana,grain_fill,red,198.6,104.4,163.4,high,high,high,54.9,30.2,4.6,MOP,20.0,92.0,Foliar spray or side dress during grain/fruit development,Bunch filling
cotton,flowering,black_cotton,266.9,91.1,91.5,high,high,medium,29.4,18.6,9.7,Urea,15.0,145.5,Apply at flower bud initiation; avoid leaf contact,Boll development
grapes,grain_fill,sandy,158.7,94.4,61.9,high,high,medium,70.5,26.6,8.2,MOP,20.0,164.0,Foliar spray or side dress during grain/fruit development,Maturity
banana,flowering,red,197.7,45.2,43.2,high,medium,low,42.6,36.2,1.0,Urea + MOP,33.8,33.8,Apply at flower bud initiation; avoid leaf contact,Bunch initiation
maize_kharif,flowering,black_cotton,265.3,118.2,184.3,high,high,high,60.3,26.1,1.9,Urea,12.0,22.8,Apply at flower bud initiation; avoid leaf contact,Tasselling stage
soybean,flowering,black_cotton,274.4,57.0,24.4,high,medium,low,69.5,37.4,8.9,MOP,12.5,111.2,Apply at flower bud initiation; avoid leaf contact,K boost for pod setting
grapes,vegetative,alluvial,262.4,64.1,32.5,high,medium,low,22.2,25.8,3.8,Urea,12.0,45.6,Top dress at 20-30 DAS; broadcast and irrigate,Shoot growth
linseed,vegetative,alluvial,62.7,112.9,68.1,medium,high,medium,78.9,28.3,3.7,Urea,12.0,44.4,Top dress at 20-30 DAS; broadcast and irrigate,Top dress
chickpea,pre_sowing,alluvial,222.2,110.7,85.7,high,high,medium,34.3,37.5,3.1,SSP + MOP,12.0,37.2,"Apply 7 days before sowing, mix into topsoil 10-15cm",Low N; P and K basal
groundnut,grain_fill,sandy,264.6,101.5,113.1,high,high,high,65.0,18.6,5.7,MOP,5.0,28.5,Foliar spray or side dress during grain/fruit development,Kernel filling
rabi_maize,pre_sowing,red,15.5,25.0,25.6,low,low,low,38.2,13.7,0.9,DAP + MOP,52.5,47.2,"Apply 7 days before sowing, mix into topsoil 10-15cm",Same as kharif maize
rabi_maize,flowering,black_cotton,62.8,86.9,37.7,medium,high,low,31.2,22.8,1.8,Urea,18.0,32.4,Apply at flower bud initiation; avoid leaf contact,Booster
orange,flowering,alluvial,78.4,64.0,27.0,medium,medium,low,32.9,15.3,5.6,Urea,20.0,112.0,Apply at flower bud initiation; avoid leaf contact,Flush growth
turmeric,pre_sowing,red,75.4,25.9,83.8,medium,low,medium,32.8,20.3,7.6,DAP + MOP,48.0,364.8,"Apply 7 days before sowing, mix into topsoil 10-15cm",High K demand
jowar_kharif,pre_sowing,sandy,110.3,54.2,188.6,high,medium,high,35.3,33.6,6.1,DAP,25.0,152.5,"Apply 7 days before sowing, mix into topsoil 10-15cm",Basal P and N
cucumber,flowering,black_cotton,261.4,108.2,111.8,high,high,high,77.9,34.5,9.3,MOP,6.0,55.8,Apply at flower bud initiation; avoid leaf contact,Fruit quality
watermelon,flowering,black_cotton,14.4,113.8,195.8,low,high,high,40.3,20.6,7.5,19:19:19 NPK,7.8,58.5,Apply at flower bud initiation; avoid leaf contact,Fruit set
banana,vegetative,alluvial,25.8,111.2,154.4,low,high,high,54.0,27.6,5.5,Urea + MOP,32.5,178.8,Top dress at 20-30 DAS; broadcast and irrigate,Sword sucker stage
pomegranate,pre_sowing,black_cotton,225.5,74.8,53.6,high,medium,medium,66.0,35.2,9.3,DAP + MOP,35.0,325.5,"Apply 7 days before sowing, mix into topsoil 10-15cm",Pre-bloom
cotton,pre_sowing,black_cotton,151.4,44.3,22.6,high,low,low,27.3,29.3,8.0,DAP + MOP,60.0,480.0,"Apply 7 days before sowing, mix into topsoil 10-15cm",Basal: 25N 25P 25K
sesame,pre_sowing,red,144.7,52.4,95.4,high,medium,medium,65.4,29.2,4.0,DAP,18.0,72.0,"Apply 7 days before sowing, mix into topsoil 10-15cm",Light feeder
chickpea,pre_sowing,black_cotton,110.0,99.3,156.7,high,high,high,33.8,30.4,9.2,SSP + MOP,6.0,55.2,"Apply 7 days before sowing, mix into topsoil 10-15cm",Low N; P and K basal
tur_arhar,pre_sowing,red,108.5,88.3,75.2,high,high,medium,44.8,18.8,5.1,SSP + MOP,13.2,67.3,"Apply 7 days before sowing, mix into topsoil 10-15cm",Low N; P+K basal
tomato,vegetative,alluvial,85.9,88.7,85.8,medium,high,medium,79.7,32.4,1.8,Urea,20.0,36.0,Top dress at 20-30 DAS; broadcast and irrigate,Vegetative growth
watermelon,vegetative,laterite,179.0,111.6,139.7,high,high,high,78.8,25.8,5.9,Urea,9.0,53.1,Top dress at 20-30 DAS; broadcast and irrigate,Vine growth
moong_kharif,flowering,alluvial,85.4,116.2,56.2,medium,high,medium,22.6,30.4,3.7,MOP,8.0,29.6,Apply at flower bud initiation; avoid leaf contact,Pod fill
safflower,vegetative,laterite,273.3,29.2,189.1,high,low,high,20.7,36.9,4.9,Urea,9.0,44.1,Top dress at 20-30 DAS; broadcast and irrigate,Rosette stage
orange,grain_fill,laterite,134.5,74.6,50.6,high,medium,medium,69.5,17.3,4.0,MOP + Micronutrient,20.0,80.0,Foliar spray or side dress during grain/fruit development,Fruit color + quality
safflower,flowering,laterite,54.9,29.2,173.7,medium,low,high,29.0,16.6,3.7,Urea,10.0,37.0,Apply at flower bud initiation; avoid leaf contact,Capitulum stage
pomegranate,pre_sowing,red,223.3,73.7,71.8,high,medium,medium,22.5,20.4,5.2,DAP + MOP,35.0,182.0,"Apply 7 days before sowing, mix into topsoil 10-15cm",Pre-bloom
sugarcane,grain_fill,laterite,162.3,101.1,107.0,high,high,high,79.5,15.6,4.4,Urea,18.0,79.2,Foliar spray or side dress during grain/fruit development,Elongation stage
rice,grain_fill,laterite,31.9,56.2,81.7,low,medium,medium,56.7,31.3,7.6,MOP,12.0,91.2,Foliar spray or side dress during grain/fruit development,Grain filling stage
chickpea,pre_sowing,laterite,23.9,66.4,65.4,low,medium,medium,51.1,24.5,7.4,SSP + MOP,20.0,148.0,"Apply 7 days before sowing, mix into topsoil 10-15cm",Low N; P and K basal
jowar_rabi,vegetative,black_cotton,237.9,34.8,91.0,high,low,medium,39.9,23.2,7.5,Urea,12.0,90.0,Top dress at 20-30 DAS; broadcast and irrigate,Split N top dress
sunflower_rabi,flowering,red,187.9,112.7,136.7,high,high,high,71.4,15.6,1.1,Boron Spray,5.0,5.5,Apply at flower bud initiation; avoid leaf contact,Pollination support
chickpea,germination,laterite,274.1,88.2,125.3,high,high,high,32.2,35.2,8.6,Rhizobium Biofert,5.0,43.0,Apply at sowing time or within first 7 DAS,Seed inoculation
maize_kharif,grain_fill,laterite,132.8,71.9,127.5,high,medium,high,38.0,23.6,4.9,MOP,5.0,24.5,Foliar spray or side dress during grain/fruit development,Cob development
banana,pre_sowing,alluvial,273.7,24.6,24.7,high,low,low,66.8,33.0,4.6,DAP + MOP,90.0,414.0,"Apply 7 days before sowing, mix into topsoil 10-15cm",Heavy K feeder; high basal
rabi_maize,vegetative,laterite,38.5,26.7,181.3,low,low,high,32.5,16.6,2.8,Urea,32.5,91.0,Top dress at 20-30 DAS; broadcast and irrigate,Top dress
urad,pre_sowing,laterite,154.2,21.7,168.2,high,low,high,66.4,32.1,3.8,SSP + MOP,10.8,41.0,"Apply 7 days before sowing, mix into topsoil 10-15cm",Basal P+K
sunflower_rabi,pre_sowing,red,42.1,108.8,156.4,medium,high,high,72.6,21.2,2.3,DAP + MOP,9.0,20.7,"Apply 7 days before sowing, mix into topsoil 10-15cm",Basal
rabi_maize,flowering,red,228.4,41.0,79.8,high,low,medium,42.0,37.8,9.3,Urea,10.8,100.4,Apply at flower bud initiation; avoid leaf contact,Booster
cucumber,flowering,sandy,151.6,82.8,107.5,high,high,high,76.4,16.5,7.2,MOP,6.0,43.2,Apply at flower bud initiation; avoid leaf contact,Fruit quality
jowar_kharif,pre_sowing,alluvial,172.7,105.3,185.3,high,high,high,23.5,33.6,3.0,DAP,15.0,45.0,"Apply 7 days before sowing, mix into topsoil 10-15cm",Basal P and N
pomegranate,pre_sowing,sandy,91.4,98.9,62.1,high,high,medium,23.2,29.2,7.8,DAP + MOP,21.0,163.8,"Apply 7 days before sowing, mix into topsoil 10-15cm",Pre-bloom
sunflower_rabi,vegetative,alluvial,125.9,107.5,31.1,high,high,low,34.9,28.5,0.6,Urea,10.8,6.5,Top dress at 20-30 DAS; broadcast and irrigate,Top dress
maize_kharif,pre_sowing,red,232.9,65.8,94.0,high,medium,medium,59.2,19.7,2.9,DAP + MOP,35.0,101.5,"Apply 7 days before sowing, mix into topsoil 10-15cm",Full P+K; half N basal
urad,pre_sowing,alluvial,146.6,102.4,162.7,high,high,high,66.8,28.6,3.0,SSP + MOP,5.4,16.2,"Apply 7 days before sowing, mix into topsoil 10-15cm",Basal P+K
onion,harvest,black_cotton,90.2,118.9,143.8,high,high,high,28.4,29.8,9.1,NO FERTILIZER,0.0,0.0,Do not apply; withholding period required,Stop 3 weeks before harvest
bajra,flowering,alluvial,113.0,68.4,184.3,high,medium,high,39.6,29.2,4.0,Urea,6.0,24.0,Apply at flower bud initiation; avoid leaf contact,Booster dose
urad,flowering,black_cotton,152.0,62.5,52.2,high,medium,medium,79.0,29.5,0.7,MOP,8.0,5.6,Apply at flower bud initiation; avoid leaf contact,Pod development
sunflower_rabi,flowering,red,115.4,92.8,133.1,high,high,high,31.8,30.9,3.4,Boron Spray,5.0,17.0,Apply at flower bud initiation; avoid leaf contact,Pollination support
turmeric,vegetative,sandy,123.2,78.2,156.6,high,medium,high,34.0,21.5,7.0,Urea + MOP,9.0,63.0,Top dress at 20-30 DAS; broadcast and irrigate,Rhizome development
banana,vegetative,red,166.8,22.2,76.6,high,low,medium,68.7,35.9,9.7,Urea + MOP,30.0,291.0,Top dress at 20-30 DAS; broadcast and irrigate,Sword sucker stage
groundnut,pre_sowing,alluvial,267.6,106.7,139.7,high,high,high,37.0,24.3,1.4,SSP + Gypsum,18.0,25.2,"Apply 7 days before sowing, mix into topsoil 10-15cm",Ca from gypsum for pod fill
safflower,flowering,red,272.2,53.6,191.9,high,medium,high,39.2,13.9,1.1,Urea,6.0,6.6,Apply at flower bud initiation; avoid leaf contact,Capitulum stage
sesame,pre_sowing,sandy,19.7,44.1,69.9,low,low,medium,68.2,26.0,7.1,DAP,21.6,153.4,"Apply 7 days before sowing, mix into topsoil 10-15cm",Light feeder
maize_kharif,vegetative,alluvial,208.3,111.9,114.0,high,high,high,42.9,16.0,5.5,Urea,15.0,82.5,Top dress at 20-30 DAS; broadcast and irrigate,Knee high stage N
moong_kharif,pre_sowing,laterite,154.4,87.3,151.7,high,high,high,75.4,34.5,2.6,SSP + MOP,5.4,14.0,"Apply 7 days before sowing, mix into topsoil 10-15cm",Low N legume
tur_arhar,germination,red,114.8,20.8,109.4,high,low,high,76.7,17.4,2.7,Rhizobium Biofert,5.0,13.5,Apply at sowing time or within first 7 DAS,Seed treatment
wheat,vegetative,alluvial,247.8,118.8,127.9,high,high,high,26.3,12.1,3.1,Urea,12.0,37.2,Top dress at 20-30 DAS; broadcast and irrigate,Tillering
cotton,pre_sowing,laterite,19.5,109.2,137.2,low,high,high,77.9,23.6,4.0,DAP + MOP,12.0,48.0,"Apply 7 days before sowing, mix into topsoil 10-15cm",Basal: 25N 25P 25K
linseed,pre_sowing,sandy,235.7,108.3,163.2,high,high,high,27.3,26.0,9.4,DAP + MOP,6.0,56.4,"Apply 7 days before sowing, mix into topsoil 10-15cm",Basal
chickpea,pre_sowing,laterite,35.7,58.5,113.1,low,medium,high,47.4,36.5,6.0,SSP + MOP,10.0,60.0,"Apply 7 days before sowing, mix into topsoil 10-15cm",Low N; P and K basal
groundnut,flowering,alluvial,107.5,68.9,115.0,high,medium,high,45.6,14.9,6.6,Gypsum,25.0,165.0,Apply at flower bud initiation; avoid leaf contact,Peg development
pomegranate,flowering,sandy,219.3,91.8,157.1,high,high,high,29.9,15.2,7.4,Urea + MOP,9.0,66.6,Apply at flower bud initiation; avoid leaf contact,Fruit set
rabi_maize,flowering,alluvial,63.6,109.1,115.0,medium,high,high,45.3,36.5,8.1,Urea,18.0,145.8,Apply at flower bud initiation; avoid leaf contact,Booster
sunflower_rabi,pre_sowing,sandy,152.3,111.7,31.0,high,high,low,67.5,18.1,0.7,DAP + MOP,22.5,15.7,"Apply 7 days before sowing, mix into topsoil 10-15cm",Basal
jowar_rabi,flowering,sandy,189.6,41.5,115.9,high,low,high,53.4,35.9,3.6,Urea,7.2,25.9,Apply at flower bud initiation; avoid leaf contact,Light booster
urad,pre_sowing,alluvial,112.5,80.4,168.6,high,high,high,76.7,36.4,6.4,SSP + MOP,5.4,34.6,"Apply 7 days before sowing, mix into topsoil 10-15cm",Basal P+K
chickpea,flowering,alluvial,242.5,46.1,197.4,high,medium,high,30.9,34.9,3.4,MOP,4.0,13.6,Apply at flower bud initiation; avoid leaf contact,Foliar K for pod fill
orange,grain_fill,sandy,68.4,54.9,188.9,medium,medium,high,59.4,25.3,1.7,MOP + Micronutrient,10.0,17.0,Foliar spray or side dress during grain/fruit development,Fruit color + quality
maize_kharif,pre_sowing,laterite,13.6,105.1,187.2,low,high,high,57.5,28.8,9.3,DAP + MOP,10.5,97.7,"Apply 7 days before sowing, mix into topsoil 10-15cm",Full P+K; half N basal
chickpea,pre_sowing,laterite,176.3,86.8,75.5,high,high,medium,48.9,37.2,5.7,SSP + MOP,12.0,68.4,"Apply 7 days before sowing, mix into topsoil 10-15cm",Low N; P and K basal
sunflower_kharif,vegetative,sandy,247.8,117.2,64.3,high,high,medium,68.6,25.0,7.3,Urea,10.8,78.8,Top dress at 20-30 DAS; broadcast and irrigate,Top dress
chilli,pre_sowing,red,65.5,61.7,115.6,medium,medium,high,51.4,35.3,4.8,DAP + MOP,17.5,84.0,"Apply 7 days before sowing, mix into topsoil 10-15cm",Basal
grapes,vegetative,red,133.1,45.0,41.4,high,medium,low,42.5,17.1,2.9,Urea,12.0,34.8,Top dress at 20-30 DAS; broadcast and irrigate,Shoot growth
mustard,flowering,laterite,32.3,94.7,173.2,low,high,high,29.2,31.2,7.6,Urea,13.0,98.8,Apply at flower bud initiation; avoid leaf contact,Booster
rabi_maize,pre_sowing,black_cotton,259.6,109.0,73.5,high,high,medium,28.7,22.4,6.4,DAP + MOP,21.0,134.4,"Apply 7 days before sowing, mix into topsoil 10-15cm",Same as kharif maize
orange,grain_fill,laterite,236.2,63.9,160.4,high,medium,high,70.7,33.0,3.7,MOP + Micronutrient,10.0,37.0,Foliar spray or side dress during grain/fruit development,Fruit color + quality
pomegranate,flowering,laterite,113.0,61.4,90.0,high,medium,medium,20.5,28.4,4.1,Urea + MOP,18.0,73.8,Apply at flower bud initiation; avoid leaf contact,Fruit set
rice,flowering,red,34.5,80.0,70.0,low,high,medium,48.1,15.1,5.6,Urea + MOP,26.0,145.6,Apply at flower bud initiation; avoid leaf contact,Panicle initiation
wheat,vegetative,red,50.0,53.2,159.6,medium,medium,high,42.1,36.6,1.5,Urea,20.0,30.0,Top dress at 20-30 DAS; broadcast and irrigate,Tillering
turmeric,pre_sowing,sandy,265.3,27.7,152.5,high,low,high,28.0,23.8,8.8,DAP + MOP,24.0,211.2,"Apply 7 days before sowing, mix into topsoil 10-15cm",High K demand
urad,flowering,laterite,57.0,118.4,26.1,medium,high,low,26.3,16.2,8.1,MOP,10.0,81.0,Apply at flower bud initiation; avoid leaf contact,Pod development
tomato,flowering,laterite,238.5,61.4,194.1,high,medium,high,54.0,34.0,6.5,19:19:19 NPK,4.5,29.2,Apply at flower bud initiation; avoid leaf contact,Balanced NPK at fruit set
jowar_rabi,vegetative,sandy,173.8,109.1,154.4,high,high,high,49.6,36.5,1.0,Urea,12.0,12.0,Top dress at 20-30 DAS; broadcast and irrigate,Split N top dress
linseed,pre_sowing,laterite,193.2,36.2,198.1,high,low,high,32.5,26.8,0.9,DAP + MOP,12.0,10.8,"Apply 7 days before sowing, mix into topsoil 10-15cm",Basal
tomato,grain_fill,black_cotton,130.5,107.4,105.7,high,high,high,42.2,26.2,2.6,MOP + CaNO3,9.0,23.4,Foliar spray or side dress during grain/fruit development,Fruit development + Ca
moong_kharif,flowering,laterite,79.8,68.3,69.3,medium,medium,medium,61.2,27.5,9.0,MOP,8.0,72.0,Apply at flower bud initiation; avoid leaf contact,Pod fill
sugarcane,pre_sowing,laterite,214.6,79.4,183.0,high,medium,high,69.1,23.7,4.0,DAP + MOP,25.0,100.0,"Apply 7 days before sowing, mix into topsoil 10-15cm",Heavy feeder; high basal
cucumber,pre_sowing,alluvial,88.9,38.0,142.1,medium,low,high,39.2,31.5,6.2,DAP + MOP,15.0,93.0,"Apply 7 days before sowing, mix into topsoil 10-15cm",Basal
tomato,flowering,alluvial,23.0,119.1,48.6,low,high,low,60.3,22.7,6.7,19:19:19 NPK,24.4,163.5,Apply at flower bud initiation; avoid leaf contact,Balanced NPK at fruit set
onion,harvest,black_cotton,76.2,98.7,74.5,medium,high,medium,39.3,14.5,4.6,NO FERTILIZER,0.0,0.0,Do not apply; withholding period required,Stop 3 weeks before harvest
mustard,flowering,black_cotton,231.6,112.9,126.5,high,high,high,36.6,30.7,6.1,Urea,6.0,36.6,Apply at flower bud initiation; avoid leaf contact,Booster
sunflower_rabi,pre_sowing,black_cotton,115.2,55.1,66.2,high,medium,medium,36.8,14.5,6.4,DAP + MOP,30.0,192.0,"Apply 7 days before sowing, mix into topsoil 10-15cm",Basal
wheat,pre_sowing,laterite,143.8,91.2,50.3,high,high,medium,74.9,16.8,3.6,DAP + MOP,21.0,75.6,"Apply 7 days before sowing, mix into topsoil 10-15cm",Full P+K; half N
soybean,pre_sowing,laterite,152.1,93.8,66.8,high,high,medium,69.1,23.6,9.5,SSP + MOP,15.0,142.5,"Apply 7 days before sowing, mix into topsoil 10-15cm","Basal: 0 N, 50 P2O5, 40 K2O kg/ha via SSP+MOP"
maize_kharif,grain_fill,laterite,97.4,76.6,144.2,high,medium,high,72.0,22.2,6.5,MOP,5.0,32.5,Foliar spray or side dress during grain/fruit development,Cob development
tomato,grain_fill,laterite,222.4,31.3,182.9,high,low,high,50.7,13.3,7.9,MOP + CaNO3,9.0,71.1,Foliar spray or side dress during grain/fruit development,Fruit development + Ca
wheat,vegetative,laterite,256.3,87.5,78.4,high,high,medium,29.9,28.4,2.2,Urea,12.0,26.4,Top dress at 20-30 DAS; broadcast and irrigate,Tillering
pomegranate,flowering,alluvial,229.0,69.0,74.8,high,medium,medium,58.7,16.4,8.3,Urea + MOP,18.0,149.4,Apply at flower bud initiation; avoid leaf contact,Fruit set
sunflower_rabi,flowering,sandy,212.3,33.4,190.5,high,low,high,57.7,37.6,2.6,Boron Spray,5.0,13.0,Apply at flower bud initiation; avoid leaf contact,Pollination support
bajra,flowering,alluvial,40.7,92.2,34.8,medium,high,low,57.9,29.8,7.2,Urea,10.0,72.0,Apply at flower bud initiation; avoid leaf contact,Booster dose
mustard,pre_sowing,red,169.7,78.1,137.8,high,medium,high,31.8,14.2,3.6,DAP + MOP,12.5,45.0,"Apply 7 days before sowing, mix into topsoil 10-15cm",Basal; sulfur from SSP
sunflower_kharif,flowering,alluvial,261.5,103.4,188.2,high,high,high,28.7,32.6,6.6,Boron Spray,5.0,33.0,Apply at flower bud initiation; avoid leaf contact,Prevent hollow stem
safflower,flowering,sandy,278.8,113.4,181.8,high,high,high,54.1,28.4,0.7,Urea,6.0,4.2,Apply at flower bud initiation; avoid leaf contact,Capitulum stage
linseed,pre_sowing,sandy,86.2,98.5,172.2,medium,high,high,35.8,18.8,9.4,DAP + MOP,6.0,56.4,"Apply 7 days before sowing, mix into topsoil 10-15cm",Basal
bajra,flowering,black_cotton,279.4,54.6,80.6,high,medium,medium,66.8,30.3,0.6,Urea,6.0,3.6,Apply at flower bud initiation; avoid leaf contact,Booster dose
safflower,vegetative,red,92.0,98.7,61.8,high,high,medium,72.2,21.0,7.8,Urea,9.0,70.2,Top dress at 20-30 DAS; broadcast and irrigate,Rosette stage
sugarcane,grain_fill,sandy,84.9,32.1,127.8,medium,low,high,66.9,33.4,6.9,Urea,30.0,207.0,Foliar spray or side dress during grain/fruit development,Elongation stage
bajra,vegetative,sandy,104.5,114.3,35.5,high,high,low,31.8,36.1,5.1,Urea,10.8,55.1,Top dress at 20-30 DAS; broadcast and irrigate,N top dress 3 weeks after sowing
chilli,pre_sowing,laterite,149.0,61.1,159.5,high,medium,high,46.8,31.6,7.4,DAP + MOP,17.5,129.5,"Apply 7 days before sowing, mix into topsoil 10-15cm",Basal
rabi_maize,vegetative,red,204.5,117.6,57.1,high,high,medium,59.1,22.3,2.7,Urea,15.0,40.5,Top dress at 20-30 DAS; broadcast and irrigate,Top dress
tomato,harvest,alluvial,150.9,48.0,173.0,high,medium,high,20.9,36.4,7.6,13:00:45 NPK,3.0,22.8,Do not apply; withholding period required,Quality booster
onion,grain_fill,alluvial,157.2,29.9,69.9,high,low,medium,42.9,37.6,4.8,MOP,15.0,72.0,Foliar spray or side dress during grain/fruit development,Bulb development
jowar_rabi,vegetative,alluvial,89.6,72.7,126.7,medium,medium,high,30.6,15.1,2.4,Urea,20.0,48.0,Top dress at 20-30 DAS; broadcast and irrigate,Split N top dress
grapes,vegetative,laterite,206.8,102.5,168.7,high,high,high,21.1,37.7,1.2,Urea,12.0,14.4,Top dress at 20-30 DAS; broadcast and irrigate,Shoot growth
safflower,flowering,black_cotton,81.2,35.2,36.9,medium,low,low,60.4,20.8,4.4,Urea,10.0,44.0,Apply at flower bud initiation; avoid leaf contact,Capitulum stage
cucumber,vegetative,sandy,76.2,73.5,43.8,medium,medium,low,73.3,27.9,8.7,Urea,15.0,130.5,Top dress at 20-30 DAS; broadcast and irrigate,Growth boost
cucumber,pre_sowing,sandy,107.6,43.7,63.8,high,low,medium,40.7,33.0,5.8,DAP + MOP,30.0,174.0,"Apply 7 days before sowing, mix into topsoil 10-15cm",Basal
urad,germination,laterite,157.2,90.2,74.2,high,high,medium,73.6,26.5,8.2,Rhizobium Biofert,5.0,41.0,Apply at sowing time or within first 7 DAS,Seed inoculation
moong_kharif,flowering,red,209.3,77.9,96.6,high,medium,medium,43.3,28.5,6.1,MOP,8.0,48.8,Apply at flower bud initiation; avoid leaf contact,Pod fill
soybean,vegetative,sandy,250.0,84.3,25.9,high,high,low,48.5,30.9,0.9,Urea,7.2,6.5,Top dress at 20-30 DAS; broadcast and irrigate,Top dress if N deficiency observed
maize_kharif,flowering,laterite,184.0,28.0,49.2,high,low,low,70.2,24.7,2.6,Urea,12.0,31.2,Apply at flower bud initiation; avoid leaf contact,Tasselling stage
banana,flowering,sandy,95.1,76.6,53.9,high,medium,medium,22.5,21.6,6.4,Urea + MOP,27.0,172.8,Apply at flower bud initiation; avoid leaf contact,Bunch initiation
cucumber,vegetative,alluvial,24.9,88.3,166.5,low,high,high,62.5,18.5,9.6,Urea,19.5,187.2,Top dress at 20-30 DAS; broadcast and irrigate,Growth boost
jowar_kharif,vegetative,alluvial,208.0,34.6,74.3,high,low,medium,68.1,15.3,1.7,Urea,12.0,20.4,Top dress at 20-30 DAS; broadcast and irrigate,Top dress after 3-4 weeks
onion,vegetative,sandy,253.3,58.7,151.9,high,medium,high,54.9,13.9,3.4,Urea,12.0,40.8,Top dress at 20-30 DAS; broadcast and irrigate,Leaf development
groundnut,flowering,alluvial,264.4,28.8,192.9,high,low,high,47.4,36.2,8.7,Gypsum,25.0,217.5,Apply at flower bud initiation; avoid leaf contact,Peg development
urad,germination,sandy,199.4,57.8,61.1,high,medium,medium,38.2,23.9,6.9,Rhizobium Biofert,5.0,34.5,Apply at sowing time or within first 7 DAS,Seed inoculation
moong_rabi,germination,alluvial,159.7,99.0,115.8,high,high,high,43.0,35.5,9.6,Rhizobium Biofert,5.0,48.0,Apply at sowing time or within first 7 DAS,Seed treatment
jowar_kharif,flowering,alluvial,31.8,47.2,109.7,low,medium,high,38.5,35.1,7.2,Urea,19.5,140.4,Apply at flower bud initiation; avoid leaf contact,Second top dress
maize_kharif,flowering,alluvial,185.0,75.6,198.9,high,medium,high,77.8,12.9,4.3,Urea,12.0,51.6,Apply at flower bud initiation; avoid leaf contact,Tasselling stage
wheat,pre_sowing,red,147.3,76.0,189.9,high,medium,high,30.9,31.8,5.9,DAP + MOP,17.5,103.2,"Apply 7 days before sowing, mix into topsoil 10-15cm",Full P+K; half N
urad,flowering,red,226.5,32.4,162.2,high,low,high,48.5,29.9,2.2,MOP,4.0,8.8,Apply at flower bud initiation; avoid leaf contact,Pod development
groundnut,pre_sowing,sandy,115.2,51.6,163.9,high,medium,high,42.0,22.3,9.8,SSP + Gypsum,30.0,294.0,"Apply 7 days before sowing, mix into topsoil 10-15cm",Ca from gypsum for pod fill
maize_kharif,grain_fill,laterite,150.3,32.9,136.8,high,low,high,49.0,22.2,3.9,MOP,5.0,19.5,Foliar spray or side dress during grain/fruit development,Cob development
groundnut,grain_fill,laterite,43.6,56.3,189.1,medium,medium,high,50.4,16.4,9.2,MOP,5.0,46.0,Foliar spray or side dress during grain/fruit development,Kernel filling
rabi_maize,vegetative,black_cotton,107.5,115.3,62.8,high,high,medium,32.8,18.3,3.0,Urea,15.0,45.0,Top dress at 20-30 DAS; broadcast and irrigate,Top dress
orange,flowering,laterite,71.0,102.1,174.4,medium,high,high,75.3,18.3,7.0,Urea,20.0,140.0,Apply at flower bud initiation; avoid leaf contact,Flush growth
moong_rabi,flowering,black_cotton,40.6,31.0,114.2,medium,low,high,47.4,26.2,5.9,MOP,4.0,23.6,Apply at flower bud initiation; avoid leaf contact,Pod fill
tur_arhar,flowering,laterite,250.4,95.8,132.4,high,high,high,70.2,29.6,9.2,MOP,5.0,46.0,Apply at flower bud initiation; avoid leaf contact,Pod setting
grapes,pre_sowing,alluvial,68.8,88.3,83.0,medium,high,medium,78.6,15.8,5.4,DAP + MOP,18.0,97.2,"Apply 7 days before sowing, mix into topsoil 10-15cm",Pruning time dose
rice,pre_sowing,alluvial,274.6,95.0,47.7,high,high,low,34.0,28.8,1.1,DAP,18.0,19.8,"Apply 7 days before sowing, mix into topsoil 10-15cm",Basal
cucumber,flowering,laterite,41.8,113.4,30.9,medium,high,low,45.0,34.3,4.4,MOP,15.0,66.0,Apply at flower bud initiation; avoid leaf contact,Fruit quality
pomegranate,flowering,sandy,44.5,31.1,95.6,medium,low,medium,65.9,14.4,1.4,Urea + MOP,30.0,42.0,Apply at flower bud initiation; avoid leaf contact,Fruit set
cucumber,flowering,alluvial,224.0,28.6,61.0,high,low,medium,61.5,32.7,5.8,MOP,12.0,69.6,Apply at flower bud initiation; avoid leaf contact,Fruit quality
sunflower_rabi,flowering,sandy,80.2,69.9,156.2,medium,medium,high,39.6,29.9,4.3,Boron Spray,5.0,21.5,Apply at flower bud initiation; avoid leaf contact,Pollination support
watermelon,vegetative,laterite,214.3,68.1,67.3,high,medium,medium,25.9,26.5,4.8,Urea,9.0,43.2,Top dress at 20-30 DAS; broadcast and irrigate,Vine growth
chickpea,germination,black_cotton,100.8,55.7,149.8,high,medium,high,27.5,18.3,2.4,Rhizobium Biofert,5.0,12.0,Apply at sowing time or within first 7 DAS,Seed inoculation
orange,pre_sowing,laterite,10.2,103.3,136.3,low,high,high,67.9,22.2,5.0,DAP + MOP,10.5,52.5,"Apply 7 days before sowing, mix into topsoil 10-15cm",Post-harvest dose
sesame,vegetative,laterite,105.9,44.9,165.2,high,low,high,62.7,12.0,4.5,Urea,7.2,32.4,Top dress at 20-30 DAS; broadcast and irrigate,Top dress
sugarcane,harvest,sandy,129.0,116.2,196.6,high,high,high,45.8,31.4,9.5,MOP,10.0,95.0,Do not apply; withholding period required,Juice quality
maize_kharif,flowering,laterite,99.0,24.8,36.3,high,low,low,23.4,37.1,8.8,Urea,12.0,105.6,Apply at flower bud initiation; avoid leaf contact,Tasselling stage
safflower,vegetative,laterite,108.1,85.9,77.4,high,high,medium,34.6,15.4,3.7,Urea,9.0,33.3,Top dress at 20-30 DAS; broadcast and irrigate,Rosette stage
rice,germination,alluvial,255.8,89.8,92.7,high,high,medium,65.4,34.5,0.7,Urea,10.8,7.6,Apply at sowing time or within first 7 DAS,7-10 DAS
maize_kharif,vegetative,black_cotton,197.0,27.2,195.2,high,low,high,61.8,25.8,5.7,Urea,15.0,85.5,Top dress at 20-30 DAS; broadcast and irrigate,Knee high stage N
tur_arhar,flowering,sandy,79.0,108.4,198.3,medium,high,high,30.5,15.3,7.9,MOP,5.0,39.5,Apply at flower bud initiation; avoid leaf contact,Pod setting
watermelon,grain_fill,red,173.1,50.9,161.9,high,medium,high,72.0,12.0,2.4,MOP,7.5,18.0,Foliar spray or side dress during grain/fruit development,Fruit sweetness
mustard,pre_sowing,black_cotton,22.6,95.8,111.8,low,high,high,57.3,30.7,6.4,DAP + MOP,7.5,48.0,"Apply 7 days before sowing, mix into topsoil 10-15cm",Basal; sulfur from SSP
urad,flowering,alluvial,88.9,79.5,22.4,medium,medium,low,37.4,23.4,8.6,MOP,10.0,86.0,Apply at flower bud initiation; avoid leaf contact,Pod development
sunflower_kharif,pre_sowing,black_cotton,26.2,80.3,48.9,low,high,low,65.2,13.1,9.8,DAP + MOP,22.5,220.5,"Apply 7 days before sowing, mix into topsoil 10-15cm",Basal
jowar_kharif,vegetative,laterite,140.9,119.4,53.1,high,high,medium,61.5,24.4,1.2,Urea,12.0,14.4,Top dress at 20-30 DAS; broadcast and irrigate,Top dress after 3-4 weeks
tomato,grain_fill,black_cotton,156.5,93.2,32.4,high,high,low,37.5,19.4,4.7,MOP + CaNO3,22.5,105.8,Foliar spray or side dress during grain/fruit development,Fruit development + Ca
tur_arhar,vegetative,sandy,107.5,43.7,49.4,high,low,low,43.9,37.4,7.2,Urea,6.0,43.2,Top dress at 20-30 DAS; broadcast and irrigate,Light N if pale
cotton,flowering,black_cotton,63.1,88.4,144.3,medium,high,high,49.3,36.4,6.1,Urea,25.0,152.5,Apply at flower bud initiation; avoid leaf contact,Boll development
groundnut,germination,red,82.2,31.7,90.5,medium,low,medium,64.5,25.9,9.5,Rhizobium Biofert,5.0,47.5,Apply at sowing time or within first 7 DAS,Seed inoculation
orange,grain_fill,laterite,208.9,36.9,186.4,high,low,high,48.9,21.7,3.5,MOP + Micronutrient,10.0,35.0,Foliar spray or side dress during grain/fruit development,Fruit color + quality
cucumber,flowering,sandy,180.5,100.5,50.2,high,high,medium,77.0,13.9,9.0,MOP,12.0,108.0,Apply at flower bud initiation; avoid leaf contact,Fruit quality
tur_arhar,pre_sowing,black_cotton,195.1,114.7,20.5,high,high,low,23.3,36.4,4.6,SSP + MOP,16.5,75.9,"Apply 7 days before sowing, mix into topsoil 10-15cm",Low N; P+K basal
wheat,germination,black_cotton,179.4,86.1,35.8,high,high,low,57.8,37.9,3.6,Urea,12.0,43.2,Apply at sowing time or within first 7 DAS,CRI stage
chilli,pre_sowing,laterite,129.4,79.4,175.4,high,medium,high,36.1,33.5,0.5,DAP + MOP,17.5,8.8,"Apply 7 days before sowing, mix into topsoil 10-15cm",Basal
soybean,vegetative,alluvial,126.9,56.3,85.1,high,medium,medium,31.1,20.1,7.1,Urea,7.2,51.1,Top dress at 20-30 DAS; broadcast and irrigate,Top dress if N deficiency observed
grapes,flowering,black_cotton,257.3,41.3,173.1,high,low,high,70.9,32.9,2.9,13:00:45 NPK,4.5,13.0,Apply at flower bud initiation; avoid leaf contact,Berry set
onion,harvest,sandy,180.3,40.2,67.3,high,low,medium,56.9,23.5,9.8,NO FERTILIZER,0.0,0.0,Do not apply; withholding period required,Stop 3 weeks before harvest
sesame,vegetative,black_cotton,12.1,28.3,159.5,low,low,high,25.3,15.2,5.4,Urea,15.6,84.2,Top dress at 20-30 DAS; broadcast and irrigate,Top dress
rice,germination,sandy,243.7,34.4,189.1,high,low,high,33.2,23.8,5.6,Urea,10.8,60.5,Apply at sowing time or within first 7 DAS,7-10 DAS
soybean,germination,red,86.3,35.3,169.5,medium,low,high,72.1,15.9,3.0,Rhizobium Biofert,5.0,15.0,Apply at sowing time or within first 7 DAS,Seed treatment reduces N requirement
watermelon,pre_sowing,black_cotton,229.5,39.4,186.8,high,low,high,34.5,15.0,5.8,DAP + MOP,18.0,104.4,"Apply 7 days before sowing, mix into topsoil 10-15cm",Basal
chickpea,pre_sowing,sandy,263.7,54.6,60.4,high,medium,medium,63.5,21.1,5.8,SSP + MOP,20.0,116.0,"Apply 7 days before sowing, mix into topsoil 10-15cm",Low N; P and K basal
tomato,grain_fill,black_cotton,101.7,103.4,47.6,high,high,low,34.0,19.7,7.8,MOP + CaNO3,22.5,175.5,Foliar spray or side dress during grain/fruit development,Fruit development + Ca
tur_arhar,pre_sowing,laterite,97.5,99.2,59.7,high,high,medium,61.3,26.2,8.5,SSP + MOP,13.2,112.2,"Apply 7 days before sowing, mix into topsoil 10-15cm",Low N; P+K basal
wheat,flowering,laterite,80.3,80.6,106.3,medium,high,high,53.4,32.0,7.3,Urea,10.0,73.0,Apply at flower bud initiation; avoid leaf contact,Grain initiation
rabi_maize,flowering,laterite,90.3,42.6,56.8,high,low,medium,49.4,24.1,5.2,Urea,10.8,56.2,Apply at flower bud initiation; avoid leaf contact,Booster
mustard,vegetative,red,34.2,60.6,34.2,low,medium,low,73.4,13.4,7.2,Urea,23.4,168.5,Top dress at 20-30 DAS; broadcast and irrigate,Top dress at 20 DAS
bajra,pre_sowing,alluvial,236.8,31.0,134.6,high,low,high,66.2,28.9,4.7,DAP,24.0,112.8,"Apply 7 days before sowing, mix into topsoil 10-15cm",Basal P
pomegranate,pre_sowing,black_cotton,97.4,26.5,157.3,high,low,high,72.8,36.5,7.9,DAP + MOP,21.0,165.9,"Apply 7 days before sowing, mix into topsoil 10-15cm",Pre-bloom
tur_arhar,vegetative,black_cotton,242.5,23.1,56.4,high,low,medium,35.4,32.7,4.7,Urea,6.0,28.2,Top dress at 20-30 DAS; broadcast and irrigate,Light N if pale
cucumber,pre_sowing,black_cotton,259.3,70.7,129.1,high,medium,high,21.8,33.2,2.4,DAP + MOP,12.5,30.0,"Apply 7 days before sowing, mix into topsoil 10-15cm",Basal
pomegranate,flowering,alluvial,84.1,56.6,125.8,medium,medium,high,56.3,29.0,2.8,Urea + MOP,15.0,42.0,Apply at flower bud initiation; avoid leaf contact,Fruit set
pomegranate,pre_sowing,red,181.8,44.2,43.0,high,low,low,58.2,26.3,1.1,DAP + MOP,52.5,57.8,"Apply 7 days before sowing, mix into topsoil 10-15cm",Pre-bloom
linseed,pre_sowing,red,233.8,91.9,192.6,high,high,high,43.8,33.6,10.0,DAP + MOP,6.0,60.0,"Apply 7 days before sowing, mix into topsoil 10-15cm",Basal
cotton,flowering,black_cotton,128.9,106.8,75.1,high,high,medium,75.0,29.8,9.2,Urea,15.0,138.0,Apply at flower bud initiation; avoid leaf contact,Boll development
chickpea,pre_sowing,red,102.6,87.3,122.1,high,high,high,70.9,34.8,5.0,SSP + MOP,6.0,30.0,"Apply 7 days before sowing, mix into topsoil 10-15cm",Low N; P and K basal
maize_kharif,flowering,alluvial,279.1,35.6,118.1,high,low,high,38.8,24.7,2.7,Urea,12.0,32.4,Apply at flower bud initiation; avoid leaf contact,Tasselling stage
rice,flowering,red,14.8,107.1,102.5,low,high,high,24.3,21.2,5.9,Urea + MOP,13.0,76.7,Apply at flower bud initiation; avoid leaf contact,Panicle initiation
sunflower_kharif,vegetative,black_cotton,136.6,56.5,143.8,high,medium,high,43.5,34.0,4.9,Urea,10.8,52.9,Top dress at 20-30 DAS; broadcast and irrigate,Top dress
banana,grain_fill,red,183.1,83.1,29.6,high,high,low,78.7,14.7,4.3,MOP,50.0,215.0,Foliar spray or side dress during grain/fruit development,Bunch filling
sesame,vegetative,alluvial,272.9,113.3,164.0,high,high,high,41.0,14.2,3.5,Urea,7.2,25.2,Top dress at 20-30 DAS; broadcast and irrigate,Top dress
rice,flowering,laterite,158.7,62.3,177.5,high,medium,high,58.3,16.4,7.4,Urea + MOP,6.0,44.4,Apply at flower bud initiation; avoid leaf contact,Panicle initiation
maize_kharif,pre_sowing,sandy,160.6,41.4,30.4,high,low,low,30.2,29.4,9.4,DAP + MOP,52.5,493.5,"Apply 7 days before sowing, mix into topsoil 10-15cm",Full P+K; half N basal
sugarcane,harvest,alluvial,156.1,44.5,70.5,high,low,medium,54.1,16.6,8.0,MOP,20.0,160.0,Do not apply; withholding period required,Juice quality
tomato,pre_sowing,alluvial,153.9,34.0,159.7,high,low,high,59.8,25.4,1.5,DAP + MOP,24.0,36.0,"Apply 7 days before sowing, mix into topsoil 10-15cm",Full P+K; half N
rice,vegetative,sandy,114.3,99.0,129.8,high,high,high,26.3,19.6,7.8,Urea,13.2,103.0,Top dress at 20-30 DAS; broadcast and irrigate,25-30 DAS tillering
onion,pre_sowing,red,27.6,104.0,160.8,low,high,high,31.4,27.4,6.9,DAP + MOP,10.5,72.5,"Apply 7 days before sowing, mix into topsoil 10-15cm",Full P+K; half N
turmeric,pre_sowing,laterite,249.9,48.1,26.7,high,medium,low,33.1,20.8,9.4,DAP + MOP,50.0,470.0,"Apply 7 days before sowing, mix into topsoil 10-15cm",High K demand
banana,pre_sowing,laterite,277.1,81.7,163.7,high,high,high,63.3,12.8,5.7,DAP + MOP,18.0,102.6,"Apply 7 days before sowing, mix into topsoil 10-15cm",Heavy K feeder; high basal
sunflower_rabi,vegetative,laterite,67.4,57.5,23.0,medium,medium,low,46.5,34.6,7.3,Urea,18.0,131.4,Top dress at 20-30 DAS; broadcast and irrigate,Top dress
jowar_rabi,pre_sowing,red,14.7,29.1,74.9,low,low,medium,26.8,27.7,3.6,DAP + MOP,36.0,129.6,"Apply 7 days before sowing, mix into topsoil 10-15cm",Full P and K basal
turmeric,vegetative,laterite,37.7,45.8,104.6,low,medium,high,54.4,34.3,4.2,Urea + MOP,19.5,81.9,Top dress at 20-30 DAS; broadcast and irrigate,Rhizome development
watermelon,vegetative,laterite,278.7,72.8,120.7,high,medium,high,69.6,37.9,4.3,Urea,9.0,38.7,Top dress at 20-30 DAS; broadcast and irrigate,Vine growth
grapes,vegetative,alluvial,77.0,63.0,81.9,medium,medium,medium,36.1,24.2,8.8,Urea,20.0,176.0,Top dress at 20-30 DAS; broadcast and irrigate,Shoot growth
rabi_maize,pre_sowing,black_cotton,13.6,85.6,41.9,low,high,low,27.2,18.3,1.2,DAP + MOP,26.2,31.4,"Apply 7 days before sowing, mix into topsoil 10-15cm",Same as kharif maize
sesame,pre_sowing,red,151.4,109.2,160.5,high,high,high,71.3,21.6,8.4,DAP,10.8,90.7,"Apply 7 days before sowing, mix into topsoil 10-15cm",Light feeder
groundnut,flowering,sandy,60.1,25.4,76.2,medium,low,medium,69.1,26.6,4.7,Gypsum,25.0,117.5,Apply at flower bud initiation; avoid leaf contact,Peg development
urad,germination,alluvial,214.6,110.2,115.1,high,high,high,79.3,37.2,8.6,Rhizobium Biofert,5.0,43.0,Apply at sowing time or within first 7 DAS,Seed inoculation
cucumber,flowering,laterite,213.8,103.2,26.2,high,high,low,59.4,17.8,7.8,MOP,15.0,117.0,Apply at flower bud initiation; avoid leaf contact,Fruit quality
bajra,flowering,sandy,103.6,21.2,35.7,high,low,low,29.4,37.9,2.0,Urea,6.0,12.0,Apply at flower bud initiation; avoid leaf contact,Booster dose
chickpea,pre_sowing,red,28.2,42.1,151.3,low,low,high,58.8,27.2,5.6,SSP + MOP,12.0,67.2,"Apply 7 days before sowing, mix into topsoil 10-15cm",Low N; P and K basal
sesame,pre_sowing,sandy,255.1,99.8,90.7,high,high,medium,79.3,27.5,7.9,DAP,10.8,85.3,"Apply 7 days before sowing, mix into topsoil 10-15cm",Light feeder
tomato,grain_fill,black_cotton,115.9,93.7,196.8,high,high,high,40.1,32.9,7.7,MOP + CaNO3,9.0,69.3,Foliar spray or side dress during grain/fruit development,Fruit development + Ca
bajra,flowering,sandy,240.2,30.0,89.6,high,low,medium,78.9,32.6,9.9,Urea,6.0,59.4,Apply at flower bud initiation; avoid leaf contact,Booster dose
groundnut,grain_fill,red,178.9,23.2,23.3,high,low,low,26.6,31.5,4.9,MOP,12.5,61.3,Foliar spray or side dress during grain/fruit development,Kernel filling
jowar_kharif,flowering,black_cotton,98.0,59.8,191.9,high,medium,high,72.6,18.8,5.0,Urea,9.0,45.0,Apply at flower bud initiation; avoid leaf contact,Second top dress
urad,germination,alluvial,75.1,46.2,136.0,medium,medium,high,21.3,33.4,1.4,Rhizobium Biofert,5.0,7.0,Apply at sowing time or within first 7 DAS,Seed inoculation
sesame,vegetative,black_cotton,22.0,31.6,139.3,low,low,high,57.8,34.2,8.0,Urea,15.6,124.8,Top dress at 20-30 DAS; broadcast and irrigate,Top dress
sesame,pre_sowing,laterite,113.3,83.7,182.2,high,high,high,58.7,18.7,1.8,DAP,10.8,19.4,"Apply 7 days before sowing, mix into topsoil 10-15cm",Light feeder
moong_kharif,germination,laterite,156.4,53.8,128.9,high,medium,high,78.1,22.2,0.5,Rhizobium Biofert,5.0,2.5,Apply at sowing time or within first 7 DAS,Seed treatment
orange,pre_sowing,laterite,279.9,51.7,49.2,high,medium,low,44.3,19.7,1.2,DAP + MOP,43.8,52.6,"Apply 7 days before sowing, mix into topsoil 10-15cm",Post-harvest dose
bajra,pre_sowing,black_cotton,199.4,47.8,81.2,high,medium,medium,65.7,28.8,8.3,DAP,20.0,166.0,"Apply 7 days before sowing, mix into topsoil 10-15cm",Basal P
tur_arhar,germination,red,28.7,111.3,90.2,low,high,medium,27.4,30.3,7.6,Rhizobium Biofert,5.0,38.0,Apply at sowing time or within first 7 DAS,Seed treatment
chickpea,germination,laterite,36.1,36.1,172.9,low,low,high,50.5,26.9,4.7,Rhizobium Biofert,5.0,23.5,Apply at sowing time or within first 7 DAS,Seed inoculation
onion,vegetative,alluvial,132.8,93.6,71.9,high,high,medium,78.1,17.9,9.9,Urea,12.0,118.8,Top dress at 20-30 DAS; broadcast and irrigate,Leaf development
rabi_maize,vegetative,red,123.1,29.0,81.4,high,low,medium,27.4,31.8,0.8,Urea,15.0,12.0,Top dress at 20-30 DAS; broadcast and irrigate,Top dress
soybean,vegetative,laterite,262.1,117.1,64.4,high,high,medium,46.1,31.5,5.9,Urea,7.2,42.5,Top dress at 20-30 DAS; broadcast and irrigate,Top dress if N deficiency observed
jowar_kharif,flowering,black_cotton,28.6,43.5,187.6,low,low,high,26.7,18.8,2.0,Urea,19.5,39.0,Apply at flower bud initiation; avoid leaf contact,Second top dress
sunflower_kharif,vegetative,black_cotton,77.0,89.5,160.7,medium,high,high,23.4,32.6,2.1,Urea,18.0,37.8,Top dress at 20-30 DAS; broadcast and irrigate,Top dress
maize_kharif,vegetative,alluvial,175.9,21.9,178.0,high,low,high,27.9,19.2,5.1,Urea,15.0,76.5,Top dress at 20-30 DAS; broadcast and irrigate,Knee high stage N
pomegranate,grain_fill,black_cotton,120.1,52.4,135.8,high,medium,high,39.3,26.0,10.0,MOP + Calcium,12.5,125.0,Foliar spray or side dress during grain/fruit development,Fruit development
rice,flowering,alluvial,18.3,48.1,190.6,low,medium,high,56.4,20.3,0.6,Urea + MOP,13.0,7.8,Apply at flower bud initiation; avoid leaf contact,Panicle initiation
sesame,vegetative,laterite,62.4,110.4,121.9,medium,high,high,43.2,19.9,3.3,Urea,12.0,39.6,Top dress at 20-30 DAS; broadcast and irrigate,Top dress
safflower,flowering,sandy,28.0,42.3,99.1,low,low,medium,31.7,14.2,6.8,Urea,13.0,88.4,Apply at flower bud initiation; avoid leaf contact,Capitulum stage
maize_kharif,flowering,alluvial,11.6,52.1,51.2,low,medium,medium,29.6,31.0,8.2,Urea,26.0,213.2,Apply at flower bud initiation; avoid leaf contact,Tasselling stage
jowar_rabi,flowering,alluvial,270.6,102.3,117.6,high,high,high,79.7,21.7,9.9,Urea,7.2,71.3,Apply at flower bud initiation; avoid leaf contact,Light booster
grapes,pre_sowing,black_cotton,207.4,27.3,33.7,high,low,low,34.9,29.4,2.2,DAP + MOP,45.0,99.0,"Apply 7 days before sowing, mix into topsoil 10-15cm",Pruning time dose
sugarcane,germination,black_cotton,111.7,83.3,140.2,high,high,high,55.0,31.0,6.6,Urea,15.0,99.0,Apply at sowing time or within first 7 DAS,Germination boost
safflower,flowering,alluvial,45.3,36.4,122.0,medium,low,high,66.3,28.7,6.0,Urea,10.0,60.0,Apply at flower bud initiation; avoid leaf contact,Capitulum stage
maize_kharif,pre_sowing,alluvial,120.9,62.7,35.7,high,medium,low,62.5,32.3,6.1,DAP + MOP,43.8,267.2,"Apply 7 days before sowing, mix into topsoil 10-15cm",Full P+K; half N basal
urad,germination,laterite,127.8,108.7,73.1,high,high,medium,64.3,24.4,7.6,Rhizobium Biofert,5.0,38.0,Apply at sowing time or within first 7 DAS,Seed inoculation
sugarcane,pre_sowing,sandy,206.9,56.4,73.2,high,medium,medium,49.3,15.9,9.7,DAP + MOP,50.0,485.0,"Apply 7 days before sowing, mix into topsoil 10-15cm",Heavy feeder; high basal
bajra,pre_sowing,laterite,186.9,96.8,133.8,high,high,high,35.0,21.2,4.1,DAP,12.0,49.2,"Apply 7 days before sowing, mix into topsoil 10-15cm",Basal P
moong_kharif,pre_sowing,black_cotton,27.9,70.2,135.5,low,medium,high,69.1,18.2,4.2,SSP + MOP,9.0,37.8,"Apply 7 days before sowing, mix into topsoil 10-15cm",Low N legume
sugarcane,harvest,alluvial,22.5,67.4,95.1,low,medium,medium,67.5,27.8,7.8,MOP,20.0,156.0,Do not apply; withholding period required,Juice quality
jowar_kharif,pre_sowing,black_cotton,114.3,62.0,68.4,high,medium,medium,23.0,35.7,4.2,DAP,25.0,105.0,"Apply 7 days before sowing, mix into topsoil 10-15cm",Basal P and N
cucumber,pre_sowing,laterite,85.0,24.0,22.9,medium,low,low,75.9,26.9,7.7,DAP + MOP,37.5,288.8,"Apply 7 days before sowing, mix into topsoil 10-15cm",Basal
sunflower_kharif,vegetative,sandy,99.9,70.2,160.7,high,medium,high,45.4,17.9,10.0,Urea,10.8,108.0,Top dress at 20-30 DAS; broadcast and irrigate,Top dress
banana,pre_sowing,alluvial,58.7,61.2,92.6,medium,medium,medium,51.3,19.4,4.2,DAP + MOP,60.0,252.0,"Apply 7 days before sowing, mix into topsoil 10-15cm",Heavy K feeder; high basal
jowar_rabi,flowering,black_cotton,42.0,33.1,158.5,medium,low,high,24.5,32.8,9.0,Urea,12.0,108.0,Apply at flower bud initiation; avoid leaf contact,Light booster
pomegranate,pre_sowing,alluvial,108.7,78.0,114.3,high,medium,high,46.3,15.2,5.0,DAP + MOP,17.5,87.5,"Apply 7 days before sowing, mix into topsoil 10-15cm",Pre-bloom
rabi_maize,vegetative,red,127.6,59.6,69.3,high,medium,medium,48.7,28.1,2.3,Urea,15.0,34.5,Top dress at 20-30 DAS; broadcast and irrigate,Top dress
rice,pre_sowing,alluvial,168.2,53.1,40.9,high,medium,low,27.6,22.8,3.8,DAP,30.0,114.0,"Apply 7 days before sowing, mix into topsoil 10-15cm",Basal
banana,pre_sowing,sandy,10.3,56.8,42.0,low,medium,low,63.3,27.6,7.2,DAP + MOP,75.0,540.0,"Apply 7 days before sowing, mix into topsoil 10-15cm",Heavy K feeder; high basal
watermelon,vegetative,sandy,183.3,91.6,51.8,high,high,medium,44.0,35.7,5.9,Urea,9.0,53.1,Top dress at 20-30 DAS; broadcast and irrigate,Vine growth
safflower,pre_sowing,red,248.3,66.2,58.5,high,medium,medium,56.3,26.3,5.4,DAP + MOP,25.0,135.0,"Apply 7 days before sowing, mix into topsoil 10-15cm",Basal
chilli,grain_fill,black_cotton,258.5,86.0,78.0,high,high,medium,62.4,36.2,1.4,MOP,12.0,16.8,Foliar spray or side dress during grain/fruit development,Pungency development
rice,pre_sowing,red,66.2,114.2,131.9,medium,high,high,46.0,28.4,4.2,DAP,18.0,75.6,"Apply 7 days before sowing, mix into topsoil 10-15cm",Basal
rabi_maize,pre_sowing,alluvial,94.5,75.0,21.1,high,medium,low,23.6,31.5,8.0,DAP + MOP,43.8,350.4,"Apply 7 days before sowing, mix into topsoil 10-15cm",Same as kharif maize
orange,grain_fill,laterite,177.7,34.3,167.6,high,low,high,63.8,33.6,5.8,MOP + Micronutrient,10.0,58.0,Foliar spray or side dress during grain/fruit development,Fruit color + quality
moong_rabi,flowering,alluvial,215.9,102.9,123.3,high,high,high,22.9,30.5,9.4,MOP,4.0,37.6,Apply at flower bud initiation; avoid leaf contact,Pod fill
tomato,pre_sowing,red,267.9,119.7,169.6,high,high,high,69.2,37.4,6.7,DAP + MOP,12.0,80.4,"Apply 7 days before sowing, mix into topsoil 10-15cm",Full P+K; half N
maize_kharif,vegetative,laterite,223.1,116.7,163.1,high,high,high,31.0,33.3,8.7,Urea,15.0,130.5,Top dress at 20-30 DAS; broadcast and irrigate,Knee high stage N
cucumber,pre_sowing,laterite,12.2,73.6,140.7,low,medium,high,20.1,12.4,8.4,DAP + MOP,12.5,105.0,"Apply 7 days before sowing, mix into topsoil 10-15cm",Basal
rabi_maize,flowering,alluvial,71.1,93.7,137.5,medium,high,high,56.6,16.0,4.7,Urea,18.0,84.6,Apply at flower bud initiation; avoid leaf contact,Booster
maize_kharif,vegetative,red,180.4,58.1,170.8,high,medium,high,43.7,36.2,7.2,Urea,15.0,108.0,Top dress at 20-30 DAS; broadcast and irrigate,Knee high stage N
sesame,vegetative,red,54.0,82.2,112.8,medium,high,high,31.4,27.9,8.1,Urea,12.0,97.2,Top dress at 20-30 DAS; broadcast and irrigate,Top dress
urad,pre_sowing,alluvial,218.5,63.3,98.5,high,medium,medium,52.8,29.1,1.2,SSP + MOP,18.0,21.6,"Apply 7 days before sowing, mix into topsoil 10-15cm",Basal P+K
rice,flowering,alluvial,186.5,79.5,48.5,high,medium,low,78.3,31.4,3.6,Urea + MOP,15.0,54.0,Apply at flower bud initiation; avoid leaf contact,Panicle initiation
orange,pre_sowing,laterite,208.9,31.2,35.1,high,low,low,52.4,18.2,9.6,DAP + MOP,52.5,504.0,"Apply 7 days before sowing, mix into topsoil 10-15cm",Post-harvest dose
jowar_kharif,vegetative,red,190.7,103.9,184.6,high,high,high,63.2,16.6,4.1,Urea,12.0,49.2,Top dress at 20-30 DAS; broadcast and irrigate,Top dress after 3-4 weeks
tomato,pre_sowing,alluvial,51.0,29.3,36.5,medium,low,low,34.4,32.3,3.4,DAP + MOP,60.0,204.0,"Apply 7 days before sowing, mix into topsoil 10-15cm",Full P+K; half N
soybean,flowering,alluvial,128.6,108.7,146.5,high,high,high,43.7,34.7,2.0,MOP,5.0,10.0,Apply at flower bud initiation; avoid leaf contact,K boost for pod setting
tomato,harvest,sandy,137.8,20.5,72.3,high,low,medium,57.4,37.9,4.9,13:00:45 NPK,6.0,29.4,Do not apply; withholding period required,Quality booster
pomegranate,grain_fill,alluvial,188.9,114.3,116.4,high,high,high,73.1,32.7,8.7,MOP + Calcium,12.5,108.7,Foliar spray or side dress during grain/fruit development,Fruit development
sugarcane,germination,alluvial,256.1,71.2,173.6,high,medium,high,42.5,23.4,7.2,Urea,15.0,108.0,Apply at sowing time or within first 7 DAS,Germination boost
wheat,pre_sowing,laterite,160.4,106.8,188.8,high,high,high,79.5,13.5,9.8,DAP + MOP,10.5,102.9,"Apply 7 days before sowing, mix into topsoil 10-15cm",Full P+K; half N
chilli,vegetative,laterite,101.0,68.5,88.0,high,medium,medium,62.0,29.5,8.7,Urea,10.8,94.0,Top dress at 20-30 DAS; broadcast and irrigate,Plant establishment
moong_kharif,flowering,red,54.3,77.7,78.9,medium,medium,medium,67.4,17.1,4.7,MOP,8.0,37.6,Apply at flower bud initiation; avoid leaf contact,Pod fill
onion,harvest,red,49.3,30.2,66.0,medium,low,medium,39.0,36.1,2.4,NO FERTILIZER,0.0,0.0,Do not apply; withholding period required,Stop 3 weeks before harvest
rice,pre_sowing,red,173.6,28.5,20.7,high,low,low,67.8,25.9,9.0,DAP,36.0,324.0,"Apply 7 days before sowing, mix into topsoil 10-15cm",Basal
groundnut,germination,alluvial,89.7,32.8,190.7,medium,low,high,25.5,15.9,0.6,Rhizobium Biofert,5.0,3.0,Apply at sowing time or within first 7 DAS,Seed inoculation
moong_rabi,germination,laterite,250.9,101.6,134.2,high,high,high,78.2,14.6,6.4,Rhizobium Biofert,5.0,32.0,Apply at sowing time or within first 7 DAS,Seed treatment
orange,grain_fill,laterite,210.7,64.5,103.3,high,medium,high,64.9,28.6,5.8,MOP + Micronutrient,10.0,58.0,Foliar spray or side dress during grain/fruit development,Fruit color + quality
grapes,flowering,laterite,265.1,114.9,28.4,high,high,low,31.2,25.5,7.9,13:00:45 NPK,11.2,88.5,Apply at flower bud initiation; avoid leaf contact,Berry set
wheat,germination,laterite,147.7,22.5,40.5,high,low,low,58.3,35.4,1.6,Urea,12.0,19.2,Apply at sowing time or within first 7 DAS,CRI stage
chilli,flowering,alluvial,171.8,32.8,86.5,high,low,medium,32.8,37.0,5.2,19:19:19 NPK,9.0,46.8,Apply at flower bud initiation; avoid leaf contact,Fruit set
cotton,flowering,sandy,123.9,41.0,84.9,high,low,medium,38.9,14.6,5.7,Urea,15.0,85.5,Apply at flower bud initiation; avoid leaf contact,Boll development
watermelon,pre_sowing,red,162.5,36.6,162.8,high,low,high,22.8,23.2,3.1,DAP + MOP,18.0,55.8,"Apply 7 days before sowing, mix into topsoil 10-15cm",Basal
maize_kharif,pre_sowing,red,143.4,75.9,59.8,high,medium,medium,45.8,37.0,5.4,DAP + MOP,35.0,189.0,"Apply 7 days before sowing, mix into topsoil 10-15cm",Full P+K; half N basal
tomato,harvest,laterite,60.2,97.3,44.9,medium,high,low,36.7,32.4,7.3,13:00:45 NPK,12.5,91.2,Do not apply; withholding period required,Quality booster
orange,grain_fill,red,190.4,83.6,153.8,high,high,high,78.8,23.8,5.3,MOP + Micronutrient,10.0,53.0,Foliar spray or side dress during grain/fruit development,Fruit color + quality
grapes,pre_sowing,alluvial,225.2,82.8,116.6,high,high,high,37.9,16.2,2.3,DAP + MOP,9.0,20.7,"Apply 7 days before sowing, mix into topsoil 10-15cm",Pruning time dose
cucumber,pre_sowing,black_cotton,223.2,35.8,24.2,high,low,low,78.7,25.2,6.2,DAP + MOP,37.5,232.5,"Apply 7 days before sowing, mix into topsoil 10-15cm",Basal
bajra,flowering,black_cotton,41.2,37.2,62.8,medium,low,medium,20.2,37.4,7.6,Urea,10.0,76.0,Apply at flower bud initiation; avoid leaf contact,Booster dose
chilli,pre_sowing,sandy,265.4,113.8,171.2,high,high,high,34.7,35.9,2.5,DAP + MOP,10.5,26.2,"Apply 7 days before sowing, mix into topsoil 10-15cm",Basal
sunflower_kharif,vegetative,laterite,210.7,50.5,81.7,high,medium,medium,63.6,23.9,5.8,Urea,10.8,62.6,Top dress at 20-30 DAS; broadcast and irrigate,Top dress
rabi_maize,vegetative,sandy,219.5,42.7,46.1,high,low,low,69.5,32.5,1.7,Urea,15.0,25.5,Top dress at 20-30 DAS; broadcast and irrigate,Top dress
grapes,vegetative,alluvial,269.4,67.0,73.3,high,medium,medium,60.2,20.1,1.4,Urea,12.0,16.8,Top dress at 20-30 DAS; broadcast and irrigate,Shoot growth
groundnut,pre_sowing,sandy,147.2,100.5,60.8,high,high,medium,62.1,24.7,1.4,SSP + Gypsum,18.0,25.2,"Apply 7 days before sowing, mix into topsoil 10-15cm",Ca from gypsum for pod fill
wheat,flowering,sandy,43.0,115.5,154.1,medium,high,high,67.7,27.6,2.3,Urea,10.0,23.0,Apply at flower bud initiation; avoid leaf contact,Grain initiation
wheat,pre_sowing,red,88.4,103.0,150.6,medium,high,high,55.7,27.3,3.9,DAP + MOP,10.5,40.9,"Apply 7 days before sowing, mix into topsoil 10-15cm",Full P+K; half N
pomegranate,pre_sowing,red,188.7,69.5,128.1,high,medium,high,57.9,34.4,5.4,DAP + MOP,17.5,94.5,"Apply 7 days before sowing, mix into topsoil 10-15cm",Pre-bloom
grapes,grain_fill,alluvial,103.8,35.1,165.0,high,low,high,43.7,18.7,9.2,MOP,10.0,92.0,Foliar spray or side dress during grain/fruit development,Maturity
sunflower_kharif,flowering,black_cotton,54.4,90.6,162.7,medium,high,high,34.7,15.4,1.5,Boron Spray,5.0,7.5,Apply at flower bud initiation; avoid leaf contact,Prevent hollow stem
urad,germination,alluvial,152.5,39.9,149.1,high,low,high,24.3,32.5,6.9,Rhizobium Biofert,5.0,34.5,Apply at sowing time or within first 7 DAS,Seed inoculation
groundnut,pre_sowing,alluvial,181.5,41.9,146.7,high,low,high,20.4,16.6,4.0,SSP + Gypsum,36.0,144.0,"Apply 7 days before sowing, mix into topsoil 10-15cm",Ca from gypsum for pod fill
banana,flowering,black_cotton,138.5,95.0,157.7,high,high,high,75.6,14.7,9.0,Urea + MOP,13.5,121.5,Apply at flower bud initiation; avoid leaf contact,Bunch initiation
jowar_kharif,pre_sowing,laterite,183.1,90.3,137.1,high,high,high,75.6,25.1,7.7,DAP,15.0,115.5,"Apply 7 days before sowing, mix into topsoil 10-15cm",Basal P and N
sesame,vegetative,laterite,13.3,111.8,138.5,low,high,high,72.2,29.6,6.1,Urea,15.6,95.2,Top dress at 20-30 DAS; broadcast and irrigate,Top dress
rice,germination,sandy,157.2,96.1,83.5,high,high,medium,73.6,18.4,8.4,Urea,10.8,90.7,Apply at sowing time or within first 7 DAS,7-10 DAS
rabi_maize,pre_sowing,laterite,104.5,35.1,80.3,high,low,medium,29.2,14.1,8.3,DAP + MOP,42.0,348.6,"Apply 7 days before sowing, mix into topsoil 10-15cm",Same as kharif maize
sunflower_rabi,pre_sowing,red,46.0,100.7,71.0,medium,high,medium,47.9,29.1,4.6,DAP + MOP,18.0,82.8,"Apply 7 days before sowing, mix into topsoil 10-15cm",Basal
jowar_kharif,pre_sowing,laterite,76.3,81.3,164.8,medium,high,high,69.1,18.2,4.7,DAP,15.0,70.5,"Apply 7 days before sowing, mix into topsoil 10-15cm",Basal P and N
moong_kharif,pre_sowing,red,273.3,40.9,190.5,high,low,high,54.1,19.7,3.3,SSP + MOP,10.8,35.6,"Apply 7 days before sowing, mix into topsoil 10-15cm",Low N legume
turmeric,pre_sowing,black_cotton,77.1,65.5,137.3,medium,medium,high,36.6,27.6,6.9,DAP + MOP,20.0,138.0,"Apply 7 days before sowing, mix into topsoil 10-15cm",High K demand
orange,flowering,alluvial,126.5,117.0,26.6,high,high,low,21.0,12.1,2.1,Urea,12.0,25.2,Apply at flower bud initiation; avoid leaf contact,Flush growth
maize_kharif,flowering,alluvial,256.2,68.7,59.9,high,medium,medium,70.4,35.5,0.8,Urea,12.0,9.6,Apply at flower bud initiation; avoid leaf contact,Tasselling stage
sugarcane,grain_fill,black_cotton,207.2,76.5,137.9,high,medium,high,77.3,34.5,6.2,Urea,18.0,111.6,Foliar spray or side dress during grain/fruit development,Elongation stage
moong_kharif,flowering,black_cotton,45.5,108.8,175.0,medium,high,high,31.0,29.0,5.8,MOP,4.0,23.2,Apply at flower bud initiation; avoid leaf contact,Pod fill
sesame,vegetative,sandy,131.7,56.7,115.1,high,medium,high,63.0,22.5,6.0,Urea,7.2,43.2,Top dress at 20-30 DAS; broadcast and irrigate,Top dress
rabi_maize,flowering,sandy,278.4,87.9,58.5,high,high,medium,22.4,23.6,9.3,Urea,10.8,100.4,Apply at flower bud initiation; avoid leaf contact,Booster
sesame,pre_sowing,alluvial,229.4,59.8,92.7,high,medium,medium,50.2,26.0,4.1,DAP,18.0,73.8,"Apply 7 days before sowing, mix into topsoil 10-15cm",Light feeder
watermelon,vegetative,laterite,258.7,98.8,92.2,high,high,medium,29.2,22.9,1.2,Urea,9.0,10.8,Top dress at 20-30 DAS; broadcast and irrigate,Vine growth
orange,pre_sowing,alluvial,75.1,35.9,171.0,medium,low,high,67.6,31.3,2.0,DAP + MOP,21.0,42.0,"Apply 7 days before sowing, mix into topsoil 10-15cm",Post-harvest dose
wheat,germination,red,166.2,33.4,41.1,high,low,low,36.0,33.0,5.4,Urea,12.0,64.8,Apply at sowing time or within first 7 DAS,CRI stage
grapes,pre_sowing,red,59.8,96.4,99.0,medium,high,medium,28.7,33.7,5.4,DAP + MOP,18.0,97.2,"Apply 7 days before sowing, mix into topsoil 10-15cm",Pruning time dose
wheat,flowering,sandy,275.7,78.0,68.7,high,medium,medium,41.8,30.2,3.1,Urea,6.0,18.6,Apply at flower bud initiation; avoid leaf contact,Grain initiation
pomegranate,pre_sowing,laterite,115.5,57.1,57.1,high,medium,medium,47.2,21.9,2.2,DAP + MOP,35.0,77.0,"Apply 7 days before sowing, mix into topsoil 10-15cm",Pre-bloom
jowar_rabi,pre_sowing,red,69.3,80.3,57.2,medium,high,medium,51.0,12.2,0.9,DAP + MOP,18.0,16.2,"Apply 7 days before sowing, mix into topsoil 10-15cm",Full P and K basal
banana,pre_sowing,laterite,50.0,29.1,23.0,medium,low,low,50.6,27.3,7.2,DAP + MOP,90.0,648.0,"Apply 7 days before sowing, mix into topsoil 10-15cm",Heavy K feeder; high basal
moong_kharif,flowering,sandy,277.7,81.7,181.9,high,high,high,21.6,27.6,3.8,MOP,4.0,15.2,Apply at flower bud initiation; avoid leaf contact,Pod fill
soybean,pre_sowing,red,178.8,66.7,128.9,high,medium,high,62.9,29.7,8.7,SSP + MOP,12.5,108.7,"Apply 7 days before sowing, mix into topsoil 10-15cm","Basal: 0 N, 50 P2O5, 40 K2O kg/ha via SSP+MOP"
sesame,vegetative,alluvial,261.6,60.0,141.6,high,medium,high,33.3,17.8,5.6,Urea,7.2,40.3,Top dress at 20-30 DAS; broadcast and irrigate,Top dress
tur_arhar,vegetative,black_cotton,48.9,29.3,58.5,medium,low,medium,37.0,36.3,4.9,Urea,10.0,49.0,Top dress at 20-30 DAS; broadcast and irrigate,Light N if pale
jowar_rabi,pre_sowing,black_cotton,56.8,74.4,56.3,medium,medium,medium,25.0,19.7,5.0,DAP + MOP,30.0,150.0,"Apply 7 days before sowing, mix into topsoil 10-15cm",Full P and K basal
safflower,flowering,black_cotton,67.7,92.7,105.0,medium,high,high,77.3,17.8,5.7,Urea,10.0,57.0,Apply at flower bud initiation; avoid leaf contact,Capitulum stage
wheat,germination,sandy,13.1,21.1,104.7,low,low,high,48.7,18.7,3.4,Urea,26.0,88.4,Apply at sowing time or within first 7 DAS,CRI stage
chickpea,pre_sowing,laterite,253.2,115.2,102.0,high,high,high,58.8,27.8,3.3,SSP + MOP,6.0,19.8,"Apply 7 days before sowing, mix into topsoil 10-15cm",Low N; P and K basal
cotton,grain_fill,laterite,264.4,53.3,130.3,high,medium,high,51.4,26.4,0.5,MOP,7.5,3.8,Foliar spray or side dress during grain/fruit development,Fibre quality
rice,grain_fill,laterite,186.4,45.2,36.3,high,medium,low,21.2,30.1,1.0,MOP,15.0,15.0,Foliar spray or side dress during grain/fruit development,Grain filling stage
banana,pre_sowing,laterite,106.6,31.6,170.2,high,low,high,50.4,35.6,9.3,DAP + MOP,36.0,334.8,"Apply 7 days before sowing, mix into topsoil 10-15cm",Heavy K feeder; high basal
turmeric,grain_fill,laterite,154.2,79.4,128.9,high,medium,high,31.9,23.0,9.1,MOP,10.0,91.0,Foliar spray or side dress during grain/fruit development,Curcumin synthesis
cucumber,pre_sowing,black_cotton,183.3,70.2,172.7,high,medium,high,62.4,15.8,8.1,DAP + MOP,12.5,101.2,"Apply 7 days before sowing, mix into topsoil 10-15cm",Basal
chilli,pre_sowing,sandy,200.2,25.6,174.7,high,low,high,72.2,28.1,0.8,DAP + MOP,21.0,16.8,"Apply 7 days before sowing, mix into topsoil 10-15cm",Basal
moong_rabi,flowering,sandy,178.0,48.4,118.7,high,medium,high,32.4,27.8,3.4,MOP,4.0,13.6,Apply at flower bud initiation; avoid leaf contact,Pod fill
grapes,vegetative,sandy,36.7,44.3,86.8,low,low,medium,62.9,24.5,4.9,Urea,26.0,127.4,Top dress at 20-30 DAS; broadcast and irrigate,Shoot growth
banana,grain_fill,red,89.4,102.8,125.0,medium,high,high,64.3,35.6,6.7,MOP,20.0,134.0,Foliar spray or side dress during grain/fruit development,Bunch filling
maize_kharif,pre_sowing,red,180.0,99.6,140.0,high,high,high,56.7,19.5,7.9,DAP + MOP,10.5,83.0,"Apply 7 days before sowing, mix into topsoil 10-15cm",Full P+K; half N basal
safflower,pre_sowing,black_cotton,150.1,33.6,33.6,high,low,low,45.9,34.6,4.2,DAP + MOP,37.5,157.5,"Apply 7 days before sowing, mix into topsoil 10-15cm",Basal
wheat,pre_sowing,alluvial,186.7,109.3,82.1,high,high,medium,48.8,30.9,5.2,DAP + MOP,21.0,109.2,"Apply 7 days before sowing, mix into topsoil 10-15cm",Full P+K; half N
rabi_maize,vegetative,sandy,223.8,36.9,152.7,high,low,high,22.1,27.3,5.8,Urea,15.0,87.0,Top dress at 20-30 DAS; broadcast and irrigate,Top dress
sunflower_kharif,flowering,alluvial,231.2,101.9,148.0,high,high,high,67.4,23.2,8.7,Boron Spray,5.0,43.5,Apply at flower bud initiation; avoid leaf contact,Prevent hollow stem
onion,vegetative,sandy,209.6,64.4,39.7,high,medium,low,48.8,13.8,8.2,Urea,12.0,98.4,Top dress at 20-30 DAS; broadcast and irrigate,Leaf development
sunflower_rabi,flowering,laterite,32.5,100.3,135.6,low,high,high,65.5,33.0,3.8,Boron Spray,5.0,19.0,Apply at flower bud initiation; avoid leaf contact,Pollination support
cucumber,flowering,black_cotton,83.1,52.6,63.5,medium,medium,medium,79.7,32.9,7.7,MOP,12.0,92.4,Apply at flower bud initiation; avoid leaf contact,Fruit quality
onion,harvest,red,181.5,118.2,132.2,high,high,high,78.6,28.2,6.4,NO FERTILIZER,0.0,0.0,Do not apply; withholding period required,Stop 3 weeks before harvest
wheat,vegetative,sandy,12.3,90.4,161.2,low,high,high,51.6,35.5,7.0,Urea,26.0,182.0,Top dress at 20-30 DAS; broadcast and irrigate,Tillering
grapes,grain_fill,red,81.7,110.0,56.1,medium,high,medium,41.9,25.1,6.6,MOP,20.0,132.0,Foliar spray or side dress during grain/fruit development,Maturity
sesame,pre_sowing,alluvial,234.8,63.3,82.7,high,medium,medium,43.9,24.5,1.8,DAP,18.0,32.4,"Apply 7 days before sowing, mix into topsoil 10-15cm",Light feeder
urad,flowering,sandy,137.3,72.3,93.7,high,medium,medium,34.8,27.3,5.6,MOP,8.0,44.8,Apply at flower bud initiation; avoid leaf contact,Pod development
mustard,vegetative,sandy,243.6,91.5,104.0,high,high,high,55.6,17.8,6.4,Urea,10.8,69.1,Top dress at 20-30 DAS; broadcast and irrigate,Top dress at 20 DAS
cucumber,pre_sowing,laterite,89.4,103.8,160.8,medium,high,high,40.2,29.7,7.6,DAP + MOP,7.5,57.0,"Apply 7 days before sowing, mix into topsoil 10-15cm",Basal
safflower,vegetative,laterite,50.7,51.5,199.2,medium,medium,high,63.8,36.8,1.8,Urea,15.0,27.0,Top dress at 20-30 DAS; broadcast and irrigate,Rosette stage
watermelon,flowering,black_cotton,63.2,100.6,69.6,medium,high,medium,75.0,20.3,4.6,19:19:19 NPK,12.0,55.2,Apply at flower bud initiation; avoid leaf contact,Fruit set
sunflower_rabi,pre_sowing,red,59.2,101.3,33.6,medium,high,low,52.3,36.3,2.7,DAP + MOP,22.5,60.8,"Apply 7 days before sowing, mix into topsoil 10-15cm",Basal
pomegranate,flowering,black_cotton,130.4,102.5,87.7,high,high,medium,40.0,16.5,9.9,Urea + MOP,18.0,178.2,Apply at flower bud initiation; avoid leaf contact,Fruit set
chilli,pre_sowing,red,257.1,29.0,95.6,high,low,medium,67.1,23.3,3.0,DAP + MOP,42.0,126.0,"Apply 7 days before sowing, mix into topsoil 10-15cm",Basal
wheat,flowering,laterite,140.5,111.5,90.3,high,high,medium,53.8,14.0,8.4,Urea,6.0,50.4,Apply at flower bud initiation; avoid leaf contact,Grain initiation
mustard,vegetative,alluvial,196.1,111.7,115.4,high,high,high,70.6,32.1,3.2,Urea,10.8,34.6,Top dress at 20-30 DAS; broadcast and irrigate,Top dress at 20 DAS
cucumber,vegetative,red,128.3,38.6,133.0,high,low,high,51.4,13.0,0.5,Urea,9.0,4.5,Top dress at 20-30 DAS; broadcast and irrigate,Growth boost
onion,pre_sowing,sandy,123.0,83.3,82.3,high,high,medium,67.6,24.8,7.8,DAP + MOP,21.0,163.8,"Apply 7 days before sowing, mix into topsoil 10-15cm",Full P+K; half N
watermelon,grain_fill,black_cotton,167.2,71.2,88.7,high,medium,medium,56.0,37.2,7.6,MOP,15.0,114.0,Foliar spray or side dress during grain/fruit development,Fruit sweetness
turmeric,pre_sowing,sandy,206.1,91.1,167.7,high,high,high,37.6,24.0,2.6,DAP + MOP,12.0,31.2,"Apply 7 days before sowing, mix into topsoil 10-15cm",High K demand
sunflower_kharif,vegetative,sandy,26.1,24.6,79.7,low,low,medium,56.5,14.8,10.0,Urea,23.4,234.0,Top dress at 20-30 DAS; broadcast and irrigate,Top dress
sunflower_rabi,pre_sowing,alluvial,259.4,113.2,30.0,high,high,low,27.4,32.4,9.1,DAP + MOP,22.5,204.8,"Apply 7 days before sowing, mix into topsoil 10-15cm",Basal
cotton,flowering,laterite,20.7,104.8,144.1,low,high,high,24.6,33.7,6.6,Urea,32.5,214.5,Apply at flower bud initiation; avoid leaf contact,Boll development
turmeric,pre_sowing,red,225.7,48.2,39.3,high,medium,low,57.0,30.3,1.2,DAP + MOP,50.0,60.0,"Apply 7 days before sowing, mix into topsoil 10-15cm",High K demand
sunflower_kharif,vegetative,laterite,44.7,54.7,31.2,medium,medium,low,71.7,15.6,3.5,Urea,18.0,63.0,Top dress at 20-30 DAS; broadcast and irrigate,Top dress
moong_rabi,pre_sowing,alluvial,16.2,25.7,68.7,low,low,medium,29.5,35.5,6.3,SSP + MOP,21.6,136.1,"Apply 7 days before sowing, mix into topsoil 10-15cm",Same as kharif moong
sesame,vegetative,red,11.0,110.3,133.4,low,high,high,40.8,33.7,6.8,Urea,15.6,106.1,Top dress at 20-30 DAS; broadcast and irrigate,Top dress
rabi_maize,vegetative,red,153.2,77.2,186.1,high,medium,high,41.1,17.1,6.8,Urea,15.0,102.0,Top dress at 20-30 DAS; broadcast and irrigate,Top dress
cucumber,vegetative,alluvial,170.7,49.2,77.3,high,medium,medium,46.9,20.7,8.2,Urea,9.0,73.8,Top dress at 20-30 DAS; broadcast and irrigate,Growth boost
orange,grain_fill,sandy,279.3,68.8,46.8,high,medium,low,35.0,33.8,1.1,MOP + Micronutrient,25.0,27.5,Foliar spray or side dress during grain/fruit development,Fruit color + quality
rabi_maize,vegetative,red,257.8,26.3,40.8,high,low,low,24.9,24.3,8.6,Urea,15.0,129.0,Top dress at 20-30 DAS; broadcast and irrigate,Top dress
sunflower_kharif,flowering,alluvial,276.2,63.4,149.7,high,medium,high,34.3,28.4,8.4,Boron Spray,5.0,42.0,Apply at flower bud initiation; avoid leaf contact,Prevent hollow stem
sesame,vegetative,red,272.3,53.1,136.7,high,medium,high,73.2,22.5,9.6,Urea,7.2,69.1,Top dress at 20-30 DAS; broadcast and irrigate,Top dress
bajra,pre_sowing,red,140.0,55.1,124.1,high,medium,high,65.0,15.6,9.3,DAP,20.0,186.0,"Apply 7 days before sowing, mix into topsoil 10-15cm",Basal P
bajra,pre_sowing,sandy,177.5,65.9,34.6,high,medium,low,27.3,19.2,8.9,DAP,20.0,178.0,"Apply 7 days before sowing, mix into topsoil 10-15cm",Basal P
soybean,flowering,laterite,251.5,23.6,80.7,high,low,medium,24.7,21.7,9.4,MOP,10.0,94.0,Apply at flower bud initiation; avoid leaf contact,K boost for pod setting
wheat,germination,black_cotton,98.8,32.4,74.7,high,low,medium,79.6,18.0,1.5,Urea,12.0,18.0,Apply at sowing time or within first 7 DAS,CRI stage
soybean,pre_sowing,black_cotton,144.5,103.0,127.8,high,high,high,34.2,17.2,7.2,SSP + MOP,7.5,54.0,"Apply 7 days before sowing, mix into topsoil 10-15cm","Basal: 0 N, 50 P2O5, 40 K2O kg/ha via SSP+MOP"
grapes,grain_fill,red,179.5,114.3,98.6,high,high,medium,38.9,36.1,1.4,MOP,20.0,28.0,Foliar spray or side dress during grain/fruit development,Maturity
chickpea,flowering,red,142.3,40.4,118.6,high,low,high,49.6,35.7,7.6,MOP,4.0,30.4,Apply at flower bud initiation; avoid leaf contact,Foliar K for pod fill
safflower,flowering,red,248.8,84.6,181.8,high,high,high,60.3,17.6,5.6,Urea,6.0,33.6,Apply at flower bud initiation; avoid leaf contact,Capitulum stage
tur_arhar,pre_sowing,black_cotton,259.6,91.9,146.2,high,high,high,74.4,13.3,8.6,SSP + MOP,6.6,56.8,"Apply 7 days before sowing, mix into topsoil 10-15cm",Low N; P+K basal
sesame,vegetative,red,162.1,101.7,109.7,high,high,high,28.3,27.2,4.0,Urea,7.2,28.8,Top dress at 20-30 DAS; broadcast and irrigate,Top dress
mustard,vegetative,red,191.3,40.1,162.9,high,low,high,74.2,16.6,3.5,Urea,10.8,37.8,Top dress at 20-30 DAS; broadcast and irrigate,Top dress at 20 DAS
grapes,grain_fill,red,34.2,41.2,67.6,low,low,medium,26.0,31.9,8.1,MOP,20.0,162.0,Foliar spray or side dress during grain/fruit development,Maturity
cucumber,pre_sowing,red,261.1,38.8,111.7,high,low,high,49.1,27.6,4.3,DAP + MOP,15.0,64.5,"Apply 7 days before sowing, mix into topsoil 10-15cm",Basal
pomegranate,flowering,alluvial,176.3,56.3,147.7,high,medium,high,25.1,35.4,4.2,Urea + MOP,9.0,37.8,Apply at flower bud initiation; avoid leaf contact,Fruit set
linseed,vegetative,red,75.6,87.1,85.9,medium,high,medium,60.4,27.8,2.2,Urea,12.0,26.4,Top dress at 20-30 DAS; broadcast and irrigate,Top dress
banana,grain_fill,alluvial,226.4,49.0,117.2,high,medium,high,63.9,12.4,4.6,MOP,20.0,92.0,Foliar spray or side dress during grain/fruit development,Bunch filling
rice,germination,laterite,159.2,110.9,114.1,high,high,high,37.3,20.9,2.8,Urea,10.8,30.2,Apply at sowing time or within first 7 DAS,7-10 DAS
pomegranate,grain_fill,sandy,253.2,52.9,114.9,high,medium,high,63.9,36.4,4.7,MOP + Calcium,12.5,58.8,Foliar spray or side dress during grain/fruit development,Fruit development
turmeric,grain_fill,alluvial,108.6,81.0,162.9,high,high,high,47.4,18.1,1.1,MOP,10.0,11.0,Foliar spray or side dress during grain/fruit development,Curcumin synthesis
mustard,vegetative,alluvial,109.0,23.5,26.1,high,low,low,42.8,32.6,8.8,Urea,10.8,95.0,Top dress at 20-30 DAS; broadcast and irrigate,Top dress at 20 DAS
chickpea,flowering,laterite,76.2,27.7,173.5,medium,low,high,61.8,12.8,5.2,MOP,4.0,20.8,Apply at flower bud initiation; avoid leaf contact,Foliar K for pod fill
jowar_rabi,pre_sowing,alluvial,25.7,67.1,145.9,low,medium,high,50.8,24.5,9.9,DAP + MOP,15.0,148.5,"Apply 7 days before sowing, mix into topsoil 10-15cm",Full P and K basal
watermelon,flowering,sandy,184.8,103.6,122.5,high,high,high,71.7,15.7,8.0,19:19:19 NPK,3.6,28.8,Apply at flower bud initiation; avoid leaf contact,Fruit set
sugarcane,grain_fill,sandy,173.3,36.3,170.9,high,low,high,42.2,32.5,0.6,Urea,18.0,10.8,Foliar spray or side dress during grain/fruit development,Elongation stage
moong_kharif,pre_sowing,laterite,246.4,70.4,153.2,high,medium,high,70.2,18.0,1.1,SSP + MOP,9.0,9.9,"Apply 7 days before sowing, mix into topsoil 10-15cm",Low N legume
rabi_maize,vegetative,black_cotton,105.7,23.4,104.8,high,low,high,63.0,29.8,9.4,Urea,15.0,141.0,Top dress at 20-30 DAS; broadcast and irrigate,Top dress
urad,pre_sowing,laterite,258.5,23.5,96.9,high,low,medium,36.6,15.4,2.6,SSP + MOP,21.6,56.2,"Apply 7 days before sowing, mix into topsoil 10-15cm",Basal P+K
rabi_maize,flowering,red,67.7,105.7,92.2,medium,high,medium,41.6,38.0,8.0,Urea,18.0,144.0,Apply at flower bud initiation; avoid leaf contact,Booster
rabi_maize,pre_sowing,sandy,89.0,82.2,126.1,medium,high,high,79.2,23.5,5.9,DAP + MOP,10.5,62.0,"Apply 7 days before sowing, mix into topsoil 10-15cm",Same as kharif maize
pomegranate,flowering,sandy,55.2,31.0,136.0,medium,low,high,28.3,13.6,2.6,Urea + MOP,15.0,39.0,Apply at flower bud initiation; avoid leaf contact,Fruit set
onion,pre_sowing,black_cotton,105.5,57.2,42.0,high,medium,low,77.0,23.1,3.1,DAP + MOP,43.8,135.8,"Apply 7 days before sowing, mix into topsoil 10-15cm",Full P+K; half N
orange,grain_fill,black_cotton,127.0,45.4,64.5,high,medium,medium,60.0,14.2,0.9,MOP + Micronutrient,20.0,18.0,Foliar spray or side dress during grain/fruit development,Fruit color + quality
banana,vegetative,alluvial,219.3,103.5,22.2,high,high,low,71.6,17.3,9.9,Urea + MOP,37.5,371.2,Top dress at 20-30 DAS; broadcast and irrigate,Sword sucker stage
cucumber,flowering,black_cotton,193.8,100.8,194.6,high,high,high,61.2,30.0,7.4,MOP,6.0,44.4,Apply at flower bud initiation; avoid leaf contact,Fruit quality
rabi_maize,flowering,black_cotton,27.0,72.1,91.5,low,medium,medium,24.9,27.4,4.5,Urea,23.4,105.3,Apply at flower bud initiation; avoid leaf contact,Booster
soybean,pre_sowing,alluvial,254.7,88.9,133.6,high,high,high,53.6,24.4,4.7,SSP + MOP,7.5,35.2,"Apply 7 days before sowing, mix into topsoil 10-15cm","Basal: 0 N, 50 P2O5, 40 K2O kg/ha via SSP+MOP"
tomato,pre_sowing,sandy,244.7,106.8,179.2,high,high,high,57.1,16.9,1.4,DAP + MOP,12.0,16.8,"Apply 7 days before sowing, mix into topsoil 10-15cm",Full P+K; half N
turmeric,grain_fill,laterite,109.6,41.5,31.3,high,low,low,51.2,22.1,4.6,MOP,25.0,115.0,Foliar spray or side dress during grain/fruit development,Curcumin synthesis
chilli,flowering,sandy,239.0,83.3,66.6,high,high,medium,28.5,24.7,6.1,19:19:19 NPK,9.0,54.9,Apply at flower bud initiation; avoid leaf contact,Fruit set
moong_rabi,pre_sowing,sandy,270.6,22.5,193.5,high,low,high,21.6,27.6,5.5,SSP + MOP,10.8,59.4,"Apply 7 days before sowing, mix into topsoil 10-15cm",Same as kharif moong
cucumber,flowering,red,278.4,82.9,31.7,high,high,low,77.7,16.7,9.8,MOP,15.0,147.0,Apply at flower bud initiation; avoid leaf contact,Fruit quality
cucumber,vegetative,red,164.5,108.2,67.7,high,high,medium,38.2,12.8,3.5,Urea,9.0,31.5,Top dress at 20-30 DAS; broadcast and irrigate,Growth boost
bajra,pre_sowing,alluvial,14.3,100.6,111.3,low,high,high,21.9,33.2,3.8,DAP,12.0,45.6,"Apply 7 days before sowing, mix into topsoil 10-15cm",Basal P
jowar_kharif,vegetative,alluvial,236.6,57.0,104.8,high,medium,high,74.5,29.5,1.1,Urea,12.0,13.2,Top dress at 20-30 DAS; broadcast and irrigate,Top dress after 3-4 weeks
sugarcane,pre_sowing,alluvial,62.1,55.4,70.0,medium,medium,medium,29.0,12.9,5.0,DAP + MOP,50.0,250.0,"Apply 7 days before sowing, mix into topsoil 10-15cm",Heavy feeder; high basal
rice,pre_sowing,red,50.1,114.3,145.4,medium,high,high,22.3,27.3,7.9,DAP,18.0,142.2,"Apply 7 days before sowing, mix into topsoil 10-15cm",Basal
grapes,grain_fill,alluvial,206.1,83.2,87.2,high,high,medium,23.9,16.2,1.9,MOP,20.0,38.0,Foliar spray or side dress during grain/fruit development,Maturity
wheat,flowering,laterite,77.8,50.9,169.8,medium,medium,high,26.4,28.0,8.8,Urea,10.0,88.0,Apply at flower bud initiation; avoid leaf contact,Grain initiation
soybean,pre_sowing,red,139.1,109.8,76.7,high,high,medium,46.3,33.8,2.6,SSP + MOP,15.0,39.0,"Apply 7 days before sowing, mix into topsoil 10-15cm","Basal: 0 N, 50 P2O5, 40 K2O kg/ha via SSP+MOP"
watermelon,vegetative,black_cotton,63.8,27.4,155.5,medium,low,high,59.9,20.6,8.9,Urea,15.0,133.5,Top dress at 20-30 DAS; broadcast and irrigate,Vine growth
groundnut,germination,red,144.3,64.3,91.1,high,medium,medium,72.7,14.2,5.0,Rhizobium Biofert,5.0,25.0,Apply at sowing time or within first 7 DAS,Seed inoculation
orange,grain_fill,black_cotton,37.6,115.1,77.1,low,high,medium,69.8,18.0,6.0,MOP + Micronutrient,20.0,120.0,Foliar spray or side dress during grain/fruit development,Fruit color + quality
watermelon,vegetative,black_cotton,131.7,31.1,71.6,high,low,medium,20.7,13.3,4.6,Urea,9.0,41.4,Top dress at 20-30 DAS; broadcast and irrigate,Vine growth
sunflower_kharif,vegetative,red,81.8,29.9,156.1,medium,low,high,66.2,16.1,2.9,Urea,18.0,52.2,Top dress at 20-30 DAS; broadcast and irrigate,Top dress
sunflower_rabi,vegetative,sandy,163.8,65.5,175.2,high,medium,high,74.6,17.7,9.5,Urea,10.8,102.6,Top dress at 20-30 DAS; broadcast and irrigate,Top dress
moong_rabi,flowering,red,249.8,51.1,100.7,high,medium,high,23.6,16.9,2.4,MOP,4.0,9.6,Apply at flower bud initiation; avoid leaf contact,Pod fill
urad,germination,black_cotton,28.4,53.5,193.4,low,medium,high,66.3,18.6,6.1,Rhizobium Biofert,5.0,30.5,Apply at sowing time or within first 7 DAS,Seed inoculation
groundnut,pre_sowing,sandy,194.7,54.9,99.4,high,medium,medium,44.1,13.6,1.2,SSP + Gypsum,30.0,36.0,"Apply 7 days before sowing, mix into topsoil 10-15cm",Ca from gypsum for pod fill
banana,pre_sowing,laterite,230.4,97.1,175.7,high,high,high,59.4,30.0,1.4,DAP + MOP,18.0,25.2,"Apply 7 days before sowing, mix into topsoil 10-15cm",Heavy K feeder; high basal
moong_rabi,flowering,laterite,59.9,79.9,92.7,medium,medium,medium,66.5,31.3,0.9,MOP,8.0,7.2,Apply at flower bud initiation; avoid leaf contact,Pod fill
urad,pre_sowing,alluvial,208.2,54.6,51.2,high,medium,medium,72.4,24.4,3.5,SSP + MOP,18.0,63.0,"Apply 7 days before sowing, mix into topsoil 10-15cm",Basal P+K
jowar_rabi,flowering,black_cotton,223.8,61.1,154.9,high,medium,high,63.7,20.0,8.9,Urea,7.2,64.1,Apply at flower bud initiation; avoid leaf contact,Light booster
jowar_rabi,pre_sowing,red,23.9,91.3,53.9,low,high,medium,51.8,36.5,6.3,DAP + MOP,18.0,113.4,"Apply 7 days before sowing, mix into topsoil 10-15cm",Full P and K basal
jowar_kharif,vegetative,sandy,137.7,31.7,94.0,high,low,medium,26.6,23.6,5.3,Urea,12.0,63.6,Top dress at 20-30 DAS; broadcast and irrigate,Top dress after 3-4 weeks
safflower,vegetative,black_cotton,178.9,117.9,65.9,high,high,medium,67.2,31.6,7.1,Urea,9.0,63.9,Top dress at 20-30 DAS; broadcast and irrigate,Rosette stage
safflower,pre_sowing,black_cotton,81.4,105.7,153.5,medium,high,high,34.1,15.7,0.6,DAP + MOP,7.5,4.5,"Apply 7 days before sowing, mix into topsoil 10-15cm",Basal
grapes,vegetative,red,109.8,61.1,130.6,high,medium,high,52.3,28.5,4.7,Urea,12.0,56.4,Top dress at 20-30 DAS; broadcast and irrigate,Shoot growth
rice,flowering,red,240.3,37.3,153.7,high,low,high,38.9,24.2,1.3,Urea + MOP,6.0,7.8,Apply at flower bud initiation; avoid leaf contact,Panicle initiation
bajra,flowering,sandy,63.3,34.6,174.2,medium,low,high,75.7,29.6,2.6,Urea,10.0,26.0,Apply at flower bud initiation; avoid leaf contact,Booster dose
urad,germination,red,120.4,87.6,156.9,high,high,high,75.4,32.2,2.2,Rhizobium Biofert,5.0,11.0,Apply at sowing time or within first 7 DAS,Seed inoculation
linseed,vegetative,sandy,129.6,28.0,71.2,high,low,medium,68.2,17.4,6.1,Urea,7.2,43.9,Top dress at 20-30 DAS; broadcast and irrigate,Top dress
cotton,vegetative,alluvial,155.9,50.9,93.6,high,medium,medium,75.5,27.6,1.2,Urea + MOP,21.0,25.2,Top dress at 20-30 DAS; broadcast and irrigate,Square formation
jowar_rabi,vegetative,sandy,187.5,96.2,159.0,high,high,high,61.1,15.7,6.9,Urea,12.0,82.8,Top dress at 20-30 DAS; broadcast and irrigate,Split N top dress
sugarcane,vegetative,red,223.6,80.6,44.2,high,high,low,53.4,24.0,3.3,Urea + MOP,37.5,123.8,Top dress at 20-30 DAS; broadcast and irrigate,Grand growth period
sunflower_kharif,vegetative,alluvial,144.6,94.6,103.1,high,high,high,59.7,21.4,2.7,Urea,10.8,29.2,Top dress at 20-30 DAS; broadcast and irrigate,Top dress
banana,flowering,black_cotton,269.7,40.9,129.9,high,low,high,45.9,31.0,3.3,Urea + MOP,13.5,44.5,Apply at flower bud initiation; avoid leaf contact,Bunch initiation
cucumber,vegetative,sandy,270.9,66.1,153.4,high,medium,high,60.3,27.3,8.6,Urea,9.0,77.4,Top dress at 20-30 DAS; broadcast and irrigate,Growth boost
pomegranate,grain_fill,black_cotton,63.3,82.3,99.8,medium,high,medium,36.5,15.1,6.9,MOP + Calcium,25.0,172.5,Foliar spray or side dress during grain/fruit development,Fruit development
safflower,flowering,sandy,142.7,75.1,179.8,high,medium,high,76.4,34.1,1.6,Urea,6.0,9.6,Apply at flower bud initiation; avoid leaf contact,Capitulum stage
jowar_rabi,flowering,red,198.9,24.5,168.6,high,low,high,66.7,13.9,9.8,Urea,7.2,70.6,Apply at flower bud initiation; avoid leaf contact,Light booster
moong_rabi,flowering,sandy,158.3,77.5,68.8,high,medium,medium,25.2,19.2,3.7,MOP,8.0,29.6,Apply at flower bud initiation; avoid leaf contact,Pod fill
watermelon,flowering,red,36.7,85.5,108.0,low,high,high,53.2,18.2,1.4,19:19:19 NPK,7.8,10.9,Apply at flower bud initiation; avoid leaf contact,Fruit set
tur_arhar,vegetative,laterite,29.0,71.2,85.3,low,medium,medium,25.4,15.9,2.4,Urea,13.0,31.2,Top dress at 20-30 DAS; broadcast and irrigate,Light N if pale
orange,grain_fill,alluvial,234.5,92.9,69.5,high,high,medium,79.3,37.5,7.8,MOP + Micronutrient,20.0,156.0,Foliar spray or side dress during grain/fruit development,Fruit color + quality
cotton,grain_fill,sandy,189.8,58.4,23.1,high,medium,low,52.7,24.5,7.7,MOP,18.8,144.8,Foliar spray or side dress during grain/fruit development,Fibre quality
sugarcane,harvest,laterite,275.0,109.9,44.3,high,high,low,28.2,33.5,10.0,MOP,25.0,250.0,Do not apply; withholding period required,Juice quality
onion,harvest,laterite,232.7,118.0,24.3,high,high,low,59.7,37.1,2.6,NO FERTILIZER,0.0,0.0,Do not apply; withholding period required,Stop 3 weeks before harvest
moong_kharif,germination,alluvial,65.5,99.2,53.1,medium,high,medium,36.7,31.7,8.2,Rhizobium Biofert,5.0,41.0,Apply at sowing time or within first 7 DAS,Seed treatment
sunflower_kharif,pre_sowing,sandy,245.4,31.8,20.7,high,low,low,72.9,20.4,0.8,DAP + MOP,45.0,36.0,"Apply 7 days before sowing, mix into topsoil 10-15cm",Basal
maize_kharif,flowering,black_cotton,67.4,96.2,28.9,medium,high,low,26.6,15.9,7.9,Urea,20.0,158.0,Apply at flower bud initiation; avoid leaf contact,Tasselling stage
soybean,germination,red,261.9,117.5,126.1,high,high,high,40.9,14.4,2.7,Rhizobium Biofert,5.0,13.5,Apply at sowing time or within first 7 DAS,Seed treatment reduces N requirement
cucumber,flowering,black_cotton,66.9,93.6,139.8,medium,high,high,79.2,25.6,4.5,MOP,6.0,27.0,Apply at flower bud initiation; avoid leaf contact,Fruit quality
banana,grain_fill,black_cotton,123.4,54.8,166.1,high,medium,high,30.3,32.2,3.9,MOP,20.0,78.0,Foliar spray or side dress during grain/fruit development,Bunch filling
banana,flowering,alluvial,119.9,104.7,131.7,high,high,high,77.6,29.9,5.7,Urea + MOP,13.5,77.0,Apply at flower bud initiation; avoid leaf contact,Bunch initiation
groundnut,pre_sowing,laterite,151.9,99.2,69.9,high,high,medium,48.7,34.4,1.7,SSP + Gypsum,18.0,30.6,"Apply 7 days before sowing, mix into topsoil 10-15cm",Ca from gypsum for pod fill
sesame,pre_sowing,red,254.9,40.3,133.8,high,low,high,55.4,14.3,2.6,DAP,21.6,56.2,"Apply 7 days before sowing, mix into topsoil 10-15cm",Light feeder
jowar_rabi,pre_sowing,sandy,147.5,45.2,43.9,high,medium,low,29.3,32.3,2.4,DAP + MOP,37.5,90.0,"Apply 7 days before sowing, mix into topsoil 10-15cm",Full P and K basal
safflower,flowering,red,220.3,29.3,185.2,high,low,high,67.5,21.8,5.6,Urea,6.0,33.6,Apply at flower bud initiation; avoid leaf contact,Capitulum stage
urad,pre_sowing,alluvial,186.2,109.5,199.8,high,high,high,38.1,18.3,9.7,SSP + MOP,5.4,52.4,"Apply 7 days before sowing, mix into topsoil 10-15cm",Basal P+K
urad,germination,alluvial,20.8,41.7,80.5,low,low,medium,48.2,16.7,9.4,Rhizobium Biofert,5.0,47.0,Apply at sowing time or within first 7 DAS,Seed inoculation
rice,germination,alluvial,104.0,30.1,77.0,high,low,medium,35.3,35.6,2.2,Urea,10.8,23.8,Apply at sowing time or within first 7 DAS,7-10 DAS
bajra,flowering,black_cotton,106.6,100.9,198.1,high,high,high,57.5,22.1,2.3,Urea,6.0,13.8,Apply at flower bud initiation; avoid leaf contact,Booster dose
grapes,vegetative,laterite,215.4,90.4,63.0,high,high,medium,52.9,19.7,6.4,Urea,12.0,76.8,Top dress at 20-30 DAS; broadcast and irrigate,Shoot growth
tomato,flowering,alluvial,195.3,105.2,34.3,high,high,low,64.6,18.5,6.0,19:19:19 NPK,11.2,67.2,Apply at flower bud initiation; avoid leaf contact,Balanced NPK at fruit set
linseed,pre_sowing,sandy,52.0,54.1,138.3,medium,medium,high,75.0,25.1,5.5,DAP + MOP,10.0,55.0,"Apply 7 days before sowing, mix into topsoil 10-15cm",Basal
maize_kharif,flowering,sandy,204.2,47.6,126.3,high,medium,high,48.1,31.2,2.6,Urea,12.0,31.2,Apply at flower bud initiation; avoid leaf contact,Tasselling stage
chilli,grain_fill,alluvial,104.3,66.6,110.3,high,medium,high,24.9,18.2,1.5,MOP,6.0,9.0,Foliar spray or side dress during grain/fruit development,Pungency development
groundnut,grain_fill,black_cotton,99.0,118.0,51.1,high,high,medium,64.0,19.3,6.8,MOP,10.0,68.0,Foliar spray or side dress during grain/fruit development,Kernel filling
turmeric,vegetative,red,185.0,87.0,144.8,high,high,high,48.1,27.7,1.6,Urea + MOP,9.0,14.4,Top dress at 20-30 DAS; broadcast and irrigate,Rhizome development
sugarcane,grain_fill,alluvial,258.8,50.6,147.3,high,medium,high,78.3,36.8,3.2,Urea,18.0,57.6,Foliar spray or side dress during grain/fruit development,Elongation stage
moong_kharif,flowering,red,50.2,52.9,43.2,medium,medium,low,50.1,28.0,4.9,MOP,10.0,49.0,Apply at flower bud initiation; avoid leaf contact,Pod fill
wheat,germination,laterite,176.0,36.6,54.5,high,low,medium,36.5,35.8,8.4,Urea,12.0,100.8,Apply at sowing time or within first 7 DAS,CRI stage
safflower,pre_sowing,red,253.9,110.8,138.5,high,high,high,72.4,29.3,8.6,DAP + MOP,7.5,64.5,"Apply 7 days before sowing, mix into topsoil 10-15cm",Basal
grapes,pre_sowing,sandy,264.1,95.0,80.2,high,high,medium,53.4,31.8,7.7,DAP + MOP,18.0,138.6,"Apply 7 days before sowing, mix into topsoil 10-15cm",Pruning time dose
onion,vegetative,laterite,239.7,71.3,45.4,high,medium,low,21.2,19.0,5.1,Urea,12.0,61.2,Top dress at 20-30 DAS; broadcast and irrigate,Leaf development
moong_kharif,flowering,laterite,30.4,118.2,61.9,low,high,medium,55.7,29.0,4.3,MOP,8.0,34.4,Apply at flower bud initiation; avoid leaf contact,Pod fill
sesame,vegetative,alluvial,163.9,117.5,94.1,high,high,medium,78.6,31.3,5.9,Urea,7.2,42.5,Top dress at 20-30 DAS; broadcast and irrigate,Top dress
jowar_rabi,pre_sowing,alluvial,91.9,79.9,155.2,high,medium,high,30.1,15.8,1.3,DAP + MOP,15.0,19.5,"Apply 7 days before sowing, mix into topsoil 10-15cm",Full P and K basal
groundnut,flowering,laterite,73.2,43.1,179.5,medium,low,high,23.9,22.2,7.7,Gypsum,25.0,192.5,Apply at flower bud initiation; avoid leaf contact,Peg development
soybean,flowering,laterite,34.6,86.5,153.4,low,high,high,52.0,13.6,3.2,MOP,5.0,16.0,Apply at flower bud initiation; avoid leaf contact,K boost for pod setting
grapes,grain_fill,black_cotton,134.4,108.4,56.7,high,high,medium,31.5,28.3,1.4,MOP,20.0,28.0,Foliar spray or side dress during grain/fruit development,Maturity
moong_rabi,germination,alluvial,51.5,24.7,79.1,medium,low,medium,35.5,16.2,6.0,Rhizobium Biofert,5.0,30.0,Apply at sowing time or within first 7 DAS,Seed treatment
safflower,vegetative,laterite,110.3,114.0,120.9,high,high,high,38.6,12.2,1.5,Urea,9.0,13.5,Top dress at 20-30 DAS; broadcast and irrigate,Rosette stage
pomegranate,flowering,sandy,14.1,111.0,21.1,low,high,low,37.5,36.7,9.8,Urea + MOP,48.8,478.2,Apply at flower bud initiation; avoid leaf contact,Fruit set
linseed,pre_sowing,alluvial,63.0,23.3,78.2,medium,low,medium,73.3,30.7,9.9,DAP + MOP,24.0,237.6,"Apply 7 days before sowing, mix into topsoil 10-15cm",Basal
mustard,pre_sowing,red,182.1,109.2,57.1,high,high,medium,56.0,21.2,0.7,DAP + MOP,15.0,10.5,"Apply 7 days before sowing, mix into topsoil 10-15cm",Basal; sulfur from SSP
bajra,vegetative,black_cotton,13.3,107.4,21.0,low,high,low,37.0,35.0,3.2,Urea,23.4,74.9,Top dress at 20-30 DAS; broadcast and irrigate,N top dress 3 weeks after sowing
orange,grain_fill,sandy,197.8,48.1,108.2,high,medium,high,33.9,29.5,3.1,MOP + Micronutrient,10.0,31.0,Foliar spray or side dress during grain/fruit development,Fruit color + quality
tomato,grain_fill,red,144.8,48.6,84.3,high,medium,medium,41.4,13.5,6.3,MOP + CaNO3,18.0,113.4,Foliar spray or side dress during grain/fruit development,Fruit development + Ca
watermelon,pre_sowing,black_cotton,193.9,114.7,177.6,high,high,high,37.4,29.5,7.9,DAP + MOP,9.0,71.1,"Apply 7 days before sowing, mix into topsoil 10-15cm",Basal
rabi_maize,pre_sowing,sandy,210.3,44.3,35.9,high,low,low,35.1,28.4,0.8,DAP + MOP,52.5,42.0,"Apply 7 days before sowing, mix into topsoil 10-15cm",Same as kharif maize
rabi_maize,pre_sowing,black_cotton,116.2,86.6,40.6,high,high,low,77.3,34.8,1.1,DAP + MOP,26.2,28.8,"Apply 7 days before sowing, mix into topsoil 10-15cm",Same as kharif maize
cotton,flowering,sandy,181.7,65.7,110.3,high,medium,high,69.8,16.6,8.4,Urea,15.0,126.0,Apply at flower bud initiation; avoid leaf contact,Boll development
turmeric,pre_sowing,laterite,250.8,74.8,22.4,high,medium,low,36.3,12.9,5.3,DAP + MOP,50.0,265.0,"Apply 7 days before sowing, mix into topsoil 10-15cm",High K demand
orange,pre_sowing,red,68.3,55.7,21.9,medium,medium,low,58.4,20.8,1.8,DAP + MOP,43.8,78.8,"Apply 7 days before sowing, mix into topsoil 10-15cm",Post-harvest dose
maize_kharif,pre_sowing,black_cotton,18.2,40.1,34.4,low,low,low,37.5,18.4,6.0,DAP + MOP,52.5,315.0,"Apply 7 days before sowing, mix into topsoil 10-15cm",Full P+K; half N basal
maize_kharif,grain_fill,black_cotton,161.6,32.9,135.7,high,low,high,79.5,32.2,9.3,MOP,5.0,46.5,Foliar spray or side dress during grain/fruit development,Cob development
tur_arhar,vegetative,alluvial,160.2,71.9,168.1,high,medium,high,48.4,28.0,2.4,Urea,6.0,14.4,Top dress at 20-30 DAS; broadcast and irrigate,Light N if pale
sesame,pre_sowing,alluvial,212.8,119.2,156.9,high,high,high,49.8,24.8,3.5,DAP,10.8,37.8,"Apply 7 days before sowing, mix into topsoil 10-15cm",Light feeder
rice,grain_fill,red,155.2,26.9,148.3,high,low,high,35.1,22.5,6.5,MOP,6.0,39.0,Foliar spray or side dress during grain/fruit development,Grain filling stage
rice,vegetative,sandy,116.7,119.5,127.5,high,high,high,70.7,24.8,6.9,Urea,13.2,91.1,Top dress at 20-30 DAS; broadcast and irrigate,25-30 DAS tillering
rice,pre_sowing,laterite,138.3,37.9,72.1,high,low,medium,33.9,30.0,0.6,DAP,36.0,21.6,"Apply 7 days before sowing, mix into topsoil 10-15cm",Basal
chickpea,germination,black_cotton,66.6,61.1,99.8,medium,medium,medium,25.4,19.6,2.5,Rhizobium Biofert,5.0,12.5,Apply at sowing time or within first 7 DAS,Seed inoculation
rice,flowering,laterite,21.5,99.9,175.1,low,high,high,20.1,17.6,2.9,Urea + MOP,13.0,37.7,Apply at flower bud initiation; avoid leaf contact,Panicle initiation
moong_kharif,pre_sowing,sandy,239.4,37.2,184.9,high,low,high,80.0,34.5,4.9,SSP + MOP,10.8,52.9,"Apply 7 days before sowing, mix into topsoil 10-15cm",Low N legume
chilli,pre_sowing,black_cotton,168.3,73.4,100.0,high,medium,high,58.5,22.0,5.9,DAP + MOP,17.5,103.2,"Apply 7 days before sowing, mix into topsoil 10-15cm",Basal
cotton,grain_fill,alluvial,102.1,75.7,170.3,high,medium,high,34.4,32.0,3.5,MOP,7.5,26.2,Foliar spray or side dress during grain/fruit development,Fibre quality
cotton,pre_sowing,alluvial,135.8,82.6,95.0,high,high,medium,28.0,16.5,4.2,DAP + MOP,24.0,100.8,"Apply 7 days before sowing, mix into topsoil 10-15cm",Basal: 25N 25P 25K
chickpea,germination,red,106.9,110.6,41.0,high,high,low,78.2,33.4,0.6,Rhizobium Biofert,5.0,3.0,Apply at sowing time or within first 7 DAS,Seed inoculation
watermelon,vegetative,laterite,154.9,47.0,168.9,high,medium,high,24.1,19.6,5.2,Urea,9.0,46.8,Top dress at 20-30 DAS; broadcast and irrigate,Vine growth
rice,pre_sowing,laterite,279.2,80.7,142.1,high,high,high,47.3,32.4,2.9,DAP,18.0,52.2,"Apply 7 days before sowing, mix into topsoil 10-15cm",Basal
tomato,grain_fill,laterite,178.0,117.2,73.8,high,high,medium,58.3,21.2,6.1,MOP + CaNO3,18.0,109.8,Foliar spray or side dress during grain/fruit development,Fruit development + Ca
rice,vegetative,red,63.4,59.5,102.6,medium,medium,high,37.1,37.5,2.4,Urea,22.0,52.8,Top dress at 20-30 DAS; broadcast and irrigate,25-30 DAS tillering
tur_arhar,vegetative,black_cotton,252.7,56.5,71.5,high,medium,medium,65.6,19.4,4.1,Urea,6.0,24.6,Top dress at 20-30 DAS; broadcast and irrigate,Light N if pale
sesame,pre_sowing,black_cotton,152.9,64.0,20.3,high,medium,low,62.3,23.5,8.2,DAP,18.0,147.6,"Apply 7 days before sowing, mix into topsoil 10-15cm",Light feeder
turmeric,pre_sowing,laterite,241.4,54.2,36.3,high,medium,low,70.7,36.6,2.7,DAP + MOP,50.0,135.0,"Apply 7 days before sowing, mix into topsoil 10-15cm",High K demand
banana,grain_fill,black_cotton,41.2,55.5,151.7,medium,medium,high,58.2,20.7,5.6,MOP,20.0,112.0,Foliar spray or side dress during grain/fruit development,Bunch filling
orange,pre_sowing,alluvial,71.2,101.6,80.1,medium,high,medium,47.8,37.8,1.4,DAP + MOP,21.0,29.4,"Apply 7 days before sowing, mix into topsoil 10-15cm",Post-harvest dose
cucumber,pre_sowing,sandy,224.0,50.6,46.5,high,medium,low,56.3,31.2,6.8,DAP + MOP,31.2,212.2,"Apply 7 days before sowing, mix into topsoil 10-15cm",Basal
tur_arhar,germination,sandy,72.7,89.6,172.5,medium,high,high,67.6,24.1,8.0,Rhizobium Biofert,5.0,40.0,Apply at sowing time or within first 7 DAS,Seed treatment
sunflower_kharif,vegetative,sandy,225.4,86.4,26.1,high,high,low,69.6,17.8,6.2,Urea,10.8,67.0,Top dress at 20-30 DAS; broadcast and irrigate,Top dress
grapes,pre_sowing,sandy,137.6,86.6,182.5,high,high,high,74.9,37.9,8.4,DAP + MOP,9.0,75.6,"Apply 7 days before sowing, mix into topsoil 10-15cm",Pruning time dose
pomegranate,grain_fill,black_cotton,147.1,104.4,23.6,high,high,low,61.0,34.6,9.4,MOP + Calcium,31.2,293.3,Foliar spray or side dress during grain/fruit development,Fruit development
linseed,vegetative,red,253.1,78.1,117.1,high,medium,high,61.5,31.5,2.2,Urea,7.2,15.8,Top dress at 20-30 DAS; broadcast and irrigate,Top dress
cucumber,pre_sowing,black_cotton,247.2,34.1,85.1,high,low,medium,46.8,32.5,8.4,DAP + MOP,30.0,252.0,"Apply 7 days before sowing, mix into topsoil 10-15cm",Basal
tomato,vegetative,alluvial,147.7,50.1,67.4,high,medium,medium,78.4,24.3,3.8,Urea,12.0,45.6,Top dress at 20-30 DAS; broadcast and irrigate,Vegetative growth
groundnut,pre_sowing,sandy,277.8,61.9,137.6,high,medium,high,23.5,35.4,1.2,SSP + Gypsum,30.0,36.0,"Apply 7 days before sowing, mix into topsoil 10-15cm",Ca from gypsum for pod fill
wheat,flowering,sandy,102.8,102.1,169.6,high,high,high,53.1,35.8,9.1,Urea,6.0,54.6,Apply at flower bud initiation; avoid leaf contact,Grain initiation
chickpea,germination,sandy,96.8,36.4,47.1,high,low,low,59.6,14.0,8.7,Rhizobium Biofert,5.0,43.5,Apply at sowing time or within first 7 DAS,Seed inoculation
sesame,pre_sowing,red,13.8,110.9,104.4,low,high,high,38.9,20.9,5.9,DAP,10.8,63.7,"Apply 7 days before sowing, mix into topsoil 10-15cm",Light feeder
moong_rabi,pre_sowing,red,143.4,78.5,69.4,high,medium,medium,39.3,27.4,4.4,SSP + MOP,18.0,79.2,"Apply 7 days before sowing, mix into topsoil 10-15cm",Same as kharif moong
rice,germination,alluvial,87.8,77.0,121.8,medium,medium,high,70.7,17.3,6.2,Urea,18.0,111.6,Apply at sowing time or within first 7 DAS,7-10 DAS
onion,pre_sowing,sandy,206.5,66.7,41.2,high,medium,low,33.9,26.5,5.3,DAP + MOP,43.8,232.1,"Apply 7 days before sowing, mix into topsoil 10-15cm",Full P+K; half N
tomato,harvest,red,114.5,101.8,169.4,high,high,high,27.9,24.1,2.7,13:00:45 NPK,3.0,8.1,Do not apply; withholding period required,Quality booster
cotton,grain_fill,alluvial,171.6,91.4,187.9,high,high,high,57.9,17.9,9.4,MOP,7.5,70.5,Foliar spray or side dress during grain/fruit development,Fibre quality
cotton,pre_sowing,alluvial,45.6,110.3,153.3,medium,high,high,58.4,24.3,2.2,DAP + MOP,12.0,26.4,"Apply 7 days before sowing, mix into topsoil 10-15cm",Basal: 25N 25P 25K
pomegranate,pre_sowing,red,55.2,70.4,25.9,medium,medium,low,69.2,27.9,7.0,DAP + MOP,43.8,306.6,"Apply 7 days before sowing, mix into topsoil 10-15cm",Pre-bloom
safflower,flowering,red,232.0,97.7,75.8,high,high,medium,30.6,34.5,5.2,Urea,6.0,31.2,Apply at flower bud initiation; avoid leaf contact,Capitulum stage
turmeric,grain_fill,sandy,120.2,86.0,58.6,high,high,medium,30.7,15.1,2.1,MOP,20.0,42.0,Foliar spray or side dress during grain/fruit development,Curcumin synthesis
bajra,vegetative,red,208.5,88.1,55.0,high,high,medium,25.1,13.3,0.6,Urea,10.8,6.5,Top dress at 20-30 DAS; broadcast and irrigate,N top dress 3 weeks after sowing
mustard,pre_sowing,red,50.2,108.8,34.1,medium,high,low,74.8,21.6,8.6,DAP + MOP,18.8,161.7,"Apply 7 days before sowing, mix into topsoil 10-15cm",Basal; sulfur from SSP
chilli,vegetative,alluvial,140.6,104.8,69.8,high,high,medium,21.8,20.3,9.2,Urea,10.8,99.4,Top dress at 20-30 DAS; broadcast and irrigate,Plant establishment
jowar_kharif,pre_sowing,red,271.3,31.7,162.9,high,low,high,35.3,21.5,9.4,DAP,30.0,282.0,"Apply 7 days before sowing, mix into topsoil 10-15cm",Basal P and N
rice,germination,black_cotton,129.2,74.9,78.9,high,medium,medium,31.6,21.8,2.5,Urea,10.8,27.0,Apply at sowing time or within first 7 DAS,7-10 DAS
banana,flowering,red,63.0,37.0,150.2,medium,low,high,74.5,19.4,1.8,Urea + MOP,22.5,40.5,Apply at flower bud initiation; avoid leaf contact,Bunch initiation
moong_kharif,flowering,sandy,201.4,89.4,108.4,high,high,high,26.0,31.5,8.5,MOP,4.0,34.0,Apply at flower bud initiation; avoid leaf contact,Pod fill
sunflower_kharif,vegetative,black_cotton,246.8,105.4,35.8,high,high,low,31.0,23.6,0.8,Urea,10.8,8.6,Top dress at 20-30 DAS; broadcast and irrigate,Top dress
sesame,pre_sowing,red,216.3,96.8,199.4,high,high,high,22.7,24.7,9.9,DAP,10.8,106.9,"Apply 7 days before sowing, mix into topsoil 10-15cm",Light feeder
sunflower_rabi,flowering,alluvial,53.2,75.7,118.6,medium,medium,high,29.3,28.0,6.2,Boron Spray,5.0,31.0,Apply at flower bud initiation; avoid leaf contact,Pollination support
safflower,vegetative,red,175.8,113.9,152.8,high,high,high,67.7,15.4,2.9,Urea,9.0,26.1,Top dress at 20-30 DAS; broadcast and irrigate,Rosette stage
groundnut,grain_fill,laterite,177.5,66.7,169.2,high,medium,high,43.0,23.7,7.5,MOP,5.0,37.5,Foliar spray or side dress during grain/fruit development,Kernel filling
urad,pre_sowing,laterite,275.9,48.8,145.4,high,medium,high,79.5,19.2,6.7,SSP + MOP,9.0,60.3,"Apply 7 days before sowing, mix into topsoil 10-15cm",Basal P+K
safflower,pre_sowing,black_cotton,172.8,80.7,197.5,high,high,high,44.4,28.8,7.5,DAP + MOP,7.5,56.2,"Apply 7 days before sowing, mix into topsoil 10-15cm",Basal
sugarcane,grain_fill,black_cotton,155.4,113.7,28.0,high,high,low,63.3,27.8,2.9,Urea,18.0,52.2,Foliar spray or side dress during grain/fruit development,Elongation stage
jowar_rabi,vegetative,sandy,210.4,23.6,100.1,high,low,high,68.3,12.4,2.4,Urea,12.0,28.8,Top dress at 20-30 DAS; broadcast and irrigate,Split N top dress
grapes,pre_sowing,sandy,26.1,59.3,186.0,low,medium,high,27.0,32.0,1.8,DAP + MOP,15.0,27.0,"Apply 7 days before sowing, mix into topsoil 10-15cm",Pruning time dose
sunflower_rabi,pre_sowing,sandy,32.0,49.2,92.5,low,medium,medium,73.4,30.8,9.2,DAP + MOP,30.0,276.0,"Apply 7 days before sowing, mix into topsoil 10-15cm",Basal
orange,grain_fill,black_cotton,229.2,100.8,25.7,high,high,low,34.7,24.2,1.3,MOP + Micronutrient,25.0,32.5,Foliar spray or side dress during grain/fruit development,Fruit color + quality
pomegranate,flowering,laterite,191.1,35.0,162.2,high,low,high,35.1,13.2,7.1,Urea + MOP,9.0,63.9,Apply at flower bud initiation; avoid leaf contact,Fruit set
sunflower_rabi,flowering,alluvial,103.2,70.9,157.1,high,medium,high,25.1,29.5,4.5,Boron Spray,5.0,22.5,Apply at flower bud initiation; avoid leaf contact,Pollination support
moong_rabi,pre_sowing,alluvial,31.0,75.5,136.2,low,medium,high,40.0,24.1,3.9,SSP + MOP,9.0,35.1,"Apply 7 days before sowing, mix into topsoil 10-15cm",Same as kharif moong
sunflower_rabi,vegetative,sandy,269.7,111.6,79.8,high,high,medium,49.4,22.9,4.6,Urea,10.8,49.7,Top dress at 20-30 DAS; broadcast and irrigate,Top dress
sugarcane,pre_sowing,sandy,279.2,34.2,188.6,high,low,high,74.6,32.1,7.7,DAP + MOP,30.0,231.0,"Apply 7 days before sowing, mix into topsoil 10-15cm",Heavy feeder; high basal
urad,germination,alluvial,56.4,60.5,191.4,medium,medium,high,35.2,30.7,6.3,Rhizobium Biofert,5.0,31.5,Apply at sowing time or within first 7 DAS,Seed inoculation
moong_kharif,pre_sowing,laterite,24.4,72.0,112.7,low,medium,high,66.8,19.6,6.6,SSP + MOP,9.0,59.4,"Apply 7 days before sowing, mix into topsoil 10-15cm",Low N legume
orange,flowering,black_cotton,104.4,41.2,57.4,high,low,medium,52.1,23.3,6.9,Urea,12.0,82.8,Apply at flower bud initiation; avoid leaf contact,Flush growth
tur_arhar,flowering,black_cotton,43.4,77.8,46.2,medium,medium,low,38.6,26.5,9.7,MOP,12.5,121.2,Apply at flower bud initiation; avoid leaf contact,Pod setting
watermelon,vegetative,alluvial,64.8,25.7,66.4,medium,low,medium,25.6,26.0,3.7,Urea,15.0,55.5,Top dress at 20-30 DAS; broadcast and irrigate,Vine growth
bajra,vegetative,black_cotton,86.2,96.5,182.4,medium,high,high,62.2,23.1,7.5,Urea,18.0,135.0,Top dress at 20-30 DAS; broadcast and irrigate,N top dress 3 weeks after sowing
groundnut,flowering,black_cotton,53.4,49.8,21.2,medium,medium,low,60.4,13.8,8.1,Gypsum,25.0,202.5,Apply at flower bud initiation; avoid leaf contact,Peg development
chickpea,flowering,alluvial,181.2,111.3,102.0,high,high,high,53.2,26.6,1.1,MOP,4.0,4.4,Apply at flower bud initiation; avoid leaf contact,Foliar K for pod fill
linseed,pre_sowing,red,259.8,102.9,96.7,high,high,medium,56.8,35.2,8.2,DAP + MOP,12.0,98.4,"Apply 7 days before sowing, mix into topsoil 10-15cm",Basal
sesame,vegetative,black_cotton,218.9,65.9,129.4,high,medium,high,65.9,18.3,5.5,Urea,7.2,39.6,Top dress at 20-30 DAS; broadcast and irrigate,Top dress
jowar_rabi,vegetative,sandy,220.4,113.8,90.4,high,high,medium,39.5,21.2,3.9,Urea,12.0,46.8,Top dress at 20-30 DAS; broadcast and irrigate,Split N top dress
jowar_kharif,pre_sowing,red,236.3,82.9,27.7,high,high,low,39.0,35.0,6.0,DAP,15.0,90.0,"Apply 7 days before sowing, mix into topsoil 10-15cm",Basal P and N
soybean,pre_sowing,red,243.2,41.2,140.7,high,low,high,62.5,34.4,4.1,SSP + MOP,15.0,61.5,"Apply 7 days before sowing, mix into topsoil 10-15cm","Basal: 0 N, 50 P2O5, 40 K2O kg/ha via SSP+MOP"
sugarcane,vegetative,black_cotton,179.3,22.4,76.1,high,low,medium,34.4,37.3,6.3,Urea + MOP,30.0,189.0,Top dress at 20-30 DAS; broadcast and irrigate,Grand growth period
sugarcane,pre_sowing,red,221.5,59.0,128.9,high,medium,high,37.9,18.0,3.1,DAP + MOP,25.0,77.5,"Apply 7 days before sowing, mix into topsoil 10-15cm",Heavy feeder; high basal
soybean,vegetative,red,141.9,68.3,27.6,high,medium,low,39.5,16.1,7.0,Urea,7.2,50.4,Top dress at 20-30 DAS; broadcast and irrigate,Top dress if N deficiency observed
turmeric,vegetative,sandy,137.7,66.8,68.0,high,medium,medium,61.5,25.0,6.1,Urea + MOP,18.0,109.8,Top dress at 20-30 DAS; broadcast and irrigate,Rhizome development
sunflower_rabi,pre_sowing,sandy,177.0,44.0,36.0,high,low,low,22.3,14.4,5.2,DAP + MOP,45.0,234.0,"Apply 7 days before sowing, mix into topsoil 10-15cm",Basal
maize_kharif,grain_fill,black_cotton,188.0,119.2,154.6,high,high,high,50.8,32.1,4.9,MOP,5.0,24.5,Foliar spray or side dress during grain/fruit development,Cob development
chickpea,flowering,alluvial,92.5,31.6,89.0,high,low,medium,55.7,31.2,5.2,MOP,8.0,41.6,Apply at flower bud initiation; avoid leaf contact,Foliar K for pod fill
groundnut,germination,alluvial,64.8,44.2,139.0,medium,low,high,78.2,29.8,6.1,Rhizobium Biofert,5.0,30.5,Apply at sowing time or within first 7 DAS,Seed inoculation
cucumber,flowering,alluvial,47.9,77.0,105.0,medium,medium,high,27.8,27.9,7.6,MOP,6.0,45.6,Apply at flower bud initiation; avoid leaf contact,Fruit quality
urad,germination,laterite,167.4,86.5,136.5,high,high,high,74.7,13.5,1.8,Rhizobium Biofert,5.0,9.0,Apply at sowing time or within first 7 DAS,Seed inoculation
watermelon,grain_fill,red,244.4,98.4,171.0,high,high,high,34.2,12.2,0.5,MOP,7.5,3.8,Foliar spray or side dress during grain/fruit development,Fruit sweetness
urad,flowering,black_cotton,165.7,88.6,157.5,high,high,high,23.2,12.3,2.8,MOP,4.0,11.2,Apply at flower bud initiation; avoid leaf contact,Pod development
banana,pre_sowing,alluvial,66.8,65.6,187.2,medium,medium,high,66.6,35.7,9.7,DAP + MOP,30.0,291.0,"Apply 7 days before sowing, mix into topsoil 10-15cm",Heavy K feeder; high basal
linseed,pre_sowing,sandy,201.0,72.1,154.2,high,medium,high,54.3,14.2,2.7,DAP + MOP,10.0,27.0,"Apply 7 days before sowing, mix into topsoil 10-15cm",Basal
urad,pre_sowing,sandy,213.4,23.4,107.2,high,low,high,34.7,23.1,1.4,SSP + MOP,10.8,15.1,"Apply 7 days before sowing, mix into topsoil 10-15cm",Basal P+K
moong_rabi,pre_sowing,sandy,234.3,27.1,41.2,high,low,low,69.0,25.7,8.1,SSP + MOP,27.0,218.7,"Apply 7 days before sowing, mix into topsoil 10-15cm",Same as kharif moong
grapes,pre_sowing,red,126.0,37.4,108.2,high,low,high,22.1,16.7,8.3,DAP + MOP,18.0,149.4,"Apply 7 days before sowing, mix into topsoil 10-15cm",Pruning time dose
onion,pre_sowing,laterite,200.9,82.4,102.6,high,high,high,26.2,13.0,5.9,DAP + MOP,10.5,62.0,"Apply 7 days before sowing, mix into topsoil 10-15cm",Full P+K; half N
moong_kharif,germination,alluvial,57.6,25.6,59.7,medium,low,medium,38.0,27.3,1.2,Rhizobium Biofert,5.0,6.0,Apply at sowing time or within first 7 DAS,Seed treatment
cucumber,vegetative,laterite,263.9,117.7,52.6,high,high,medium,36.1,31.8,8.3,Urea,9.0,74.7,Top dress at 20-30 DAS; broadcast and irrigate,Growth boost
cucumber,flowering,black_cotton,117.1,47.8,43.0,high,medium,low,64.6,17.6,5.5,MOP,15.0,82.5,Apply at flower bud initiation; avoid leaf contact,Fruit quality
jowar_kharif,flowering,alluvial,144.5,103.6,132.3,high,high,high,37.4,19.0,0.8,Urea,9.0,7.2,Apply at flower bud initiation; avoid leaf contact,Second top dress
cotton,grain_fill,laterite,216.3,33.3,93.0,high,low,medium,49.3,24.3,5.1,MOP,15.0,76.5,Foliar spray or side dress during grain/fruit development,Fibre quality
linseed,vegetative,alluvial,249.4,49.7,121.0,high,medium,high,62.9,31.1,6.6,Urea,7.2,47.5,Top dress at 20-30 DAS; broadcast and irrigate,Top dress
chickpea,flowering,red,26.5,100.0,35.9,low,high,low,28.8,16.9,6.6,MOP,10.0,66.0,Apply at flower bud initiation; avoid leaf contact,Foliar K for pod fill
sunflower_rabi,flowering,black_cotton,155.0,104.9,143.0,high,high,high,35.5,24.8,0.9,Boron Spray,5.0,4.5,Apply at flower bud initiation; avoid leaf contact,Pollination support
safflower,flowering,sandy,60.1,117.4,53.3,medium,high,medium,39.5,32.7,6.2,Urea,10.0,62.0,Apply at flower bud initiation; avoid leaf contact,Capitulum stage
wheat,flowering,black_cotton,179.6,117.6,173.5,high,high,high,49.6,18.2,2.2,Urea,6.0,13.2,Apply at flower bud initiation; avoid leaf contact,Grain initiation
moong_rabi,pre_sowing,black_cotton,88.7,59.8,61.6,medium,medium,medium,35.4,36.9,7.4,SSP + MOP,18.0,133.2,"Apply 7 days before sowing, mix into topsoil 10-15cm",Same as kharif moong
chickpea,germination,black_cotton,261.0,53.0,91.9,high,medium,medium,72.2,34.9,6.3,Rhizobium Biofert,5.0,31.5,Apply at sowing time or within first 7 DAS,Seed inoculation
chilli,flowering,red,35.4,20.4,189.8,low,low,high,70.3,15.4,8.5,19:19:19 NPK,9.8,83.3,Apply at flower bud initiation; avoid leaf contact,Fruit set
rice,vegetative,laterite,254.4,26.2,48.6,high,low,low,52.5,15.7,6.6,Urea,13.2,87.1,Top dress at 20-30 DAS; broadcast and irrigate,25-30 DAS tillering
chickpea,germination,red,134.6,102.2,49.1,high,high,low,29.1,27.1,9.0,Rhizobium Biofert,5.0,45.0,Apply at sowing time or within first 7 DAS,Seed inoculation
onion,pre_sowing,laterite,51.6,79.8,121.3,medium,medium,high,75.7,19.1,7.4,DAP + MOP,17.5,129.5,"Apply 7 days before sowing, mix into topsoil 10-15cm",Full P+K; half N
mustard,flowering,laterite,20.4,49.8,50.1,low,medium,medium,40.8,29.7,1.1,Urea,13.0,14.3,Apply at flower bud initiation; avoid leaf contact,Booster
wheat,flowering,alluvial,179.7,38.4,143.1,high,low,high,22.5,31.2,5.9,Urea,6.0,35.4,Apply at flower bud initiation; avoid leaf contact,Grain initiation
sunflower_kharif,vegetative,alluvial,17.7,95.4,94.0,low,high,medium,33.6,33.5,3.1,Urea,23.4,72.5,Top dress at 20-30 DAS; broadcast and irrigate,Top dress
sunflower_rabi,vegetative,black_cotton,160.9,108.4,56.9,high,high,medium,42.6,36.9,3.3,Urea,10.8,35.6,Top dress at 20-30 DAS; broadcast and irrigate,Top dress
onion,harvest,sandy,51.8,97.2,67.8,medium,high,medium,30.5,21.9,5.8,NO FERTILIZER,0.0,0.0,Do not apply; withholding period required,Stop 3 weeks before harvest
bajra,flowering,sandy,139.5,85.6,135.5,high,high,high,31.9,26.7,3.6,Urea,6.0,21.6,Apply at flower bud initiation; avoid leaf contact,Booster dose
tomato,flowering,alluvial,188.4,75.7,182.7,high,medium,high,77.3,31.3,4.6,19:19:19 NPK,4.5,20.7,Apply at flower bud initiation; avoid leaf contact,Balanced NPK at fruit set
linseed,pre_sowing,alluvial,117.7,86.9,97.9,high,high,medium,62.0,18.3,1.7,DAP + MOP,12.0,20.4,"Apply 7 days before sowing, mix into topsoil 10-15cm",Basal
linseed,vegetative,laterite,186.4,62.1,119.8,high,medium,high,72.4,14.1,5.3,Urea,7.2,38.2,Top dress at 20-30 DAS; broadcast and irrigate,Top dress
bajra,pre_sowing,laterite,14.4,54.0,141.5,low,medium,high,37.7,37.6,2.5,DAP,20.0,50.0,"Apply 7 days before sowing, mix into topsoil 10-15cm",Basal P
moong_kharif,germination,red,201.0,119.3,84.3,high,high,medium,42.4,22.3,2.7,Rhizobium Biofert,5.0,13.5,Apply at sowing time or within first 7 DAS,Seed treatment
urad,pre_sowing,alluvial,156.8,102.1,195.5,high,high,high,49.5,12.8,5.5,SSP + MOP,5.4,29.7,"Apply 7 days before sowing, mix into topsoil 10-15cm",Basal P+K
groundnut,grain_fill,black_cotton,179.0,74.3,107.4,high,medium,high,44.8,32.0,0.6,MOP,5.0,3.0,Foliar spray or side dress during grain/fruit development,Kernel filling
cotton,grain_fill,alluvial,256.7,75.2,86.5,high,medium,medium,34.5,17.8,0.7,MOP,15.0,10.5,Foliar spray or side dress during grain/fruit development,Fibre quality
watermelon,vegetative,sandy,186.0,59.6,117.5,high,medium,high,37.2,18.3,6.0,Urea,9.0,54.0,Top dress at 20-30 DAS; broadcast and irrigate,Vine growth
watermelon,vegetative,alluvial,256.0,113.1,155.5,high,high,high,35.1,36.9,9.6,Urea,9.0,86.4,Top dress at 20-30 DAS; broadcast and irrigate,Vine growth
sugarcane,germination,black_cotton,84.7,114.1,135.5,medium,high,high,46.5,25.8,6.5,Urea,25.0,162.5,Apply at sowing time or within first 7 DAS,Germination boost
tur_arhar,flowering,laterite,149.3,25.8,35.6,high,low,low,57.4,24.9,6.4,MOP,12.5,80.0,Apply at flower bud initiation; avoid leaf contact,Pod setting
jowar_kharif,pre_sowing,alluvial,77.5,31.3,33.2,medium,low,low,46.9,27.9,7.1,DAP,30.0,213.0,"Apply 7 days before sowing, mix into topsoil 10-15cm",Basal P and N
wheat,vegetative,alluvial,143.1,100.5,38.2,high,high,low,37.7,30.2,5.4,Urea,12.0,64.8,Top dress at 20-30 DAS; broadcast and irrigate,Tillering
grapes,grain_fill,sandy,149.9,30.7,183.0,high,low,high,66.9,19.8,9.6,MOP,10.0,96.0,Foliar spray or side dress during grain/fruit development,Maturity
bajra,pre_sowing,sandy,93.1,29.2,38.4,high,low,low,57.4,12.7,8.1,DAP,24.0,194.4,"Apply 7 days before sowing, mix into topsoil 10-15cm",Basal P
pomegranate,grain_fill,laterite,95.7,101.0,160.3,high,high,high,49.5,37.9,7.8,MOP + Calcium,12.5,97.5,Foliar spray or side dress during grain/fruit development,Fruit development
turmeric,grain_fill,red,195.2,74.0,120.9,high,medium,high,51.7,36.6,6.2,MOP,10.0,62.0,Foliar spray or side dress during grain/fruit development,Curcumin synthesis
cucumber,flowering,black_cotton,115.0,48.1,137.1,high,medium,high,29.0,18.7,8.1,MOP,6.0,48.6,Apply at flower bud initiation; avoid leaf contact,Fruit quality
sunflower_kharif,pre_sowing,alluvial,91.8,53.0,113.1,high,medium,high,68.7,21.9,6.2,DAP + MOP,15.0,93.0,"Apply 7 days before sowing, mix into topsoil 10-15cm",Basal
safflower,vegetative,red,246.5,84.6,150.4,high,high,high,21.2,28.5,5.8,Urea,9.0,52.2,Top dress at 20-30 DAS; broadcast and irrigate,Rosette stage
soybean,vegetative,sandy,238.0,98.1,149.4,high,high,high,70.7,34.6,4.6,Urea,7.2,33.1,Top dress at 20-30 DAS; broadcast and irrigate,Top dress if N deficiency observed
sunflower_rabi,vegetative,laterite,231.4,45.5,177.1,high,medium,high,24.0,34.3,2.8,Urea,10.8,30.2,Top dress at 20-30 DAS; broadcast and irrigate,Top dress
moong_kharif,pre_sowing,red,222.7,31.8,172.9,high,low,high,32.8,23.0,7.2,SSP + MOP,10.8,77.8,"Apply 7 days before sowing, mix into topsoil 10-15cm",Low N legume
tomato,harvest,black_cotton,167.2,71.6,193.6,high,medium,high,25.7,24.4,7.2,13:00:45 NPK,3.0,21.6,Do not apply; withholding period required,Quality booster
maize_kharif,flowering,red,118.0,71.2,137.2,high,medium,high,62.2,21.8,6.3,Urea,12.0,75.6,Apply at flower bud initiation; avoid leaf contact,Tasselling stage
rabi_maize,flowering,black_cotton,181.1,54.2,75.5,high,medium,medium,20.4,30.2,3.1,Urea,10.8,33.5,Apply at flower bud initiation; avoid leaf contact,Booster
moong_rabi,pre_sowing,laterite,78.8,98.8,47.5,medium,high,low,71.5,22.1,6.3,SSP + MOP,13.5,85.0,"Apply 7 days before sowing, mix into topsoil 10-15cm",Same as kharif moong
urad,pre_sowing,black_cotton,224.3,59.8,51.0,high,medium,medium,47.6,15.3,9.9,SSP + MOP,18.0,178.2,"Apply 7 days before sowing, mix into topsoil 10-15cm",Basal P+K
banana,pre_sowing,laterite,268.7,87.0,197.6,high,high,high,21.2,34.6,3.8,DAP + MOP,18.0,68.4,"Apply 7 days before sowing, mix into topsoil 10-15cm",Heavy K feeder; high basal
groundnut,germination,sandy,121.4,24.1,43.3,high,low,low,34.2,26.0,7.7,Rhizobium Biofert,5.0,38.5,Apply at sowing time or within first 7 DAS,Seed inoculation
orange,flowering,red,221.8,23.5,195.9,high,low,high,36.5,16.7,0.8,Urea,12.0,9.6,Apply at flower bud initiation; avoid leaf contact,Flush growth
jowar_kharif,flowering,laterite,36.4,98.3,151.1,low,high,high,78.1,17.1,9.7,Urea,19.5,189.1,Apply at flower bud initiation; avoid leaf contact,Second top dress
moong_kharif,pre_sowing,laterite,90.6,93.5,158.8,high,high,high,60.9,24.5,6.5,SSP + MOP,5.4,35.1,"Apply 7 days before sowing, mix into topsoil 10-15cm",Low N legume
urad,pre_sowing,alluvial,191.4,21.0,115.5,high,low,high,31.8,21.5,9.1,SSP + MOP,10.8,98.3,"Apply 7 days before sowing, mix into topsoil 10-15cm",Basal P+K
soybean,vegetative,alluvial,244.7,49.7,74.9,high,medium,medium,55.5,30.4,7.7,Urea,7.2,55.4,Top dress at 20-30 DAS; broadcast and irrigate,Top dress if N deficiency observed
pomegranate,pre_sowing,red,65.6,94.8,25.1,medium,high,low,50.9,27.5,9.8,DAP + MOP,26.2,256.8,"Apply 7 days before sowing, mix into topsoil 10-15cm",Pre-bloom
watermelon,vegetative,black_cotton,80.4,102.5,66.7,medium,high,medium,41.4,13.7,1.5,Urea,15.0,22.5,Top dress at 20-30 DAS; broadcast and irrigate,Vine growth
pomegranate,grain_fill,alluvial,141.4,97.2,60.7,high,high,medium,73.6,20.9,2.9,MOP + Calcium,25.0,72.5,Foliar spray or side dress during grain/fruit development,Fruit development
groundnut,pre_sowing,alluvial,117.6,64.4,76.1,high,medium,medium,59.3,29.0,7.4,SSP + Gypsum,30.0,222.0,"Apply 7 days before sowing, mix into topsoil 10-15cm",Ca from gypsum for pod fill
cotton,vegetative,laterite,31.1,108.1,179.8,low,high,high,37.3,37.4,6.7,Urea + MOP,22.8,152.8,Top dress at 20-30 DAS; broadcast and irrigate,Square formation
grapes,vegetative,laterite,129.4,51.4,96.0,high,medium,medium,33.4,32.2,5.4,Urea,12.0,64.8,Top dress at 20-30 DAS; broadcast and irrigate,Shoot growth
banana,vegetative,alluvial,166.2,97.3,56.5,high,high,medium,61.9,30.0,4.0,Urea + MOP,30.0,120.0,Top dress at 20-30 DAS; broadcast and irrigate,Sword sucker stage
orange,pre_sowing,black_cotton,242.7,102.3,76.2,high,high,medium,79.3,35.3,2.3,DAP + MOP,21.0,48.3,"Apply 7 days before sowing, mix into topsoil 10-15cm",Post-harvest dose
cucumber,pre_sowing,red,133.2,96.4,136.6,high,high,high,65.0,34.7,0.6,DAP + MOP,7.5,4.5,"Apply 7 days before sowing, mix into topsoil 10-15cm",Basal
watermelon,vegetative,alluvial,221.2,75.7,168.8,high,medium,high,43.6,26.8,7.6,Urea,9.0,68.4,Top dress at 20-30 DAS; broadcast and irrigate,Vine growth
jowar_rabi,flowering,red,206.2,85.9,40.1,high,high,low,41.4,35.3,6.2,Urea,7.2,44.6,Apply at flower bud initiation; avoid leaf contact,Light booster
onion,vegetative,sandy,186.4,69.6,151.7,high,medium,high,20.2,16.8,4.5,Urea,12.0,54.0,Top dress at 20-30 DAS; broadcast and irrigate,Leaf development
jowar_rabi,pre_sowing,laterite,176.7,76.3,166.3,high,medium,high,77.1,12.7,3.7,DAP + MOP,15.0,55.5,"Apply 7 days before sowing, mix into topsoil 10-15cm",Full P and K basal
sugarcane,germination,black_cotton,115.6,24.5,142.3,high,low,high,29.6,24.2,4.0,Urea,15.0,60.0,Apply at sowing time or within first 7 DAS,Germination boost
moong_kharif,germination,laterite,172.9,82.4,186.8,high,high,high,62.9,32.5,5.1,Rhizobium Biofert,5.0,25.5,Apply at sowing time or within first 7 DAS,Seed treatment
linseed,pre_sowing,red,260.4,27.6,106.7,high,low,high,23.3,21.9,6.5,DAP + MOP,12.0,78.0,"Apply 7 days before sowing, mix into topsoil 10-15cm",Basal
jowar_kharif,flowering,laterite,176.5,117.5,59.7,high,high,medium,62.5,23.8,7.2,Urea,9.0,64.8,Apply at flower bud initiation; avoid leaf contact,Second top dress
chilli,vegetative,alluvial,71.1,63.7,145.4,medium,medium,high,73.2,32.9,2.7,Urea,18.0,48.6,Top dress at 20-30 DAS; broadcast and irrigate,Plant establishment
jowar_kharif,pre_sowing,laterite,205.8,41.9,25.5,high,low,low,52.9,23.5,7.7,DAP,30.0,231.0,"Apply 7 days before sowing, mix into topsoil 10-15cm",Basal P and N
safflower,vegetative,black_cotton,169.9,77.8,96.2,high,medium,medium,32.9,29.9,6.6,Urea,9.0,59.4,Top dress at 20-30 DAS; broadcast and irrigate,Rosette stage
cotton,flowering,black_cotton,23.3,60.9,172.1,low,medium,high,34.8,34.3,9.2,Urea,32.5,299.0,Apply at flower bud initiation; avoid leaf contact,Boll development
cotton,pre_sowing,alluvial,272.5,76.5,101.3,high,medium,high,33.9,36.7,3.9,DAP + MOP,20.0,78.0,"Apply 7 days before sowing, mix into topsoil 10-15cm",Basal: 25N 25P 25K
chickpea,flowering,alluvial,216.0,90.0,81.3,high,high,medium,23.6,26.3,5.5,MOP,8.0,44.0,Apply at flower bud initiation; avoid leaf contact,Foliar K for pod fill
urad,pre_sowing,laterite,67.1,34.8,94.2,medium,low,medium,30.1,19.5,9.2,SSP + MOP,21.6,198.7,"Apply 7 days before sowing, mix into topsoil 10-15cm",Basal P+K
urad,pre_sowing,sandy,274.0,67.7,76.6,high,medium,medium,38.3,26.5,3.7,SSP + MOP,18.0,66.6,"Apply 7 days before sowing, mix into topsoil 10-15cm",Basal P+K
soybean,germination,alluvial,170.5,82.1,176.7,high,high,high,30.1,14.3,3.9,Rhizobium Biofert,5.0,19.5,Apply at sowing time or within first 7 DAS,Seed treatment reduces N requirement
wheat,germination,alluvial,233.0,95.1,77.1,high,high,medium,29.8,32.9,7.0,Urea,12.0,84.0,Apply at sowing time or within first 7 DAS,CRI stage
watermelon,vegetative,laterite,96.0,63.9,93.5,high,medium,medium,29.3,15.2,6.4,Urea,9.0,57.6,Top dress at 20-30 DAS; broadcast and irrigate,Vine growth
rice,pre_sowing,laterite,117.3,86.0,160.6,high,high,high,47.5,35.6,0.9,DAP,18.0,16.2,"Apply 7 days before sowing, mix into topsoil 10-15cm",Basal
chilli,flowering,laterite,149.6,65.9,42.2,high,medium,low,67.2,21.1,4.3,19:19:19 NPK,11.2,48.2,Apply at flower bud initiation; avoid leaf contact,Fruit set
mustard,flowering,red,123.6,30.7,32.6,high,low,low,77.1,17.5,0.8,Urea,6.0,4.8,Apply at flower bud initiation; avoid leaf contact,Booster
cucumber,pre_sowing,black_cotton,10.3,81.0,188.3,low,high,high,24.2,16.4,3.6,DAP + MOP,7.5,27.0,"Apply 7 days before sowing, mix into topsoil 10-15cm",Basal
rabi_maize,vegetative,sandy,275.6,81.9,91.3,high,high,medium,69.7,14.6,1.2,Urea,15.0,18.0,Top dress at 20-30 DAS; broadcast and irrigate,Top dress
tur_arhar,pre_sowing,red,191.1,63.6,21.8,high,medium,low,41.1,26.9,8.3,SSP + MOP,27.5,228.3,"Apply 7 days before sowing, mix into topsoil 10-15cm",Low N; P+K basal
moong_rabi,germination,laterite,113.0,22.4,115.4,high,low,high,64.8,29.7,7.4,Rhizobium Biofert,5.0,37.0,Apply at sowing time or within first 7 DAS,Seed treatment
linseed,vegetative,sandy,217.4,51.2,68.4,high,medium,medium,60.5,29.4,0.7,Urea,7.2,5.0,Top dress at 20-30 DAS; broadcast and irrigate,Top dress
safflower,flowering,alluvial,15.3,82.9,106.0,low,high,high,24.7,13.3,3.2,Urea,13.0,41.6,Apply at flower bud initiation; avoid leaf contact,Capitulum stage
groundnut,germination,laterite,73.8,84.9,135.9,medium,high,high,46.7,29.5,3.3,Rhizobium Biofert,5.0,16.5,Apply at sowing time or within first 7 DAS,Seed inoculation
mustard,flowering,laterite,226.2,112.5,119.7,high,high,high,59.0,35.8,5.2,Urea,6.0,31.2,Apply at flower bud initiation; avoid leaf contact,Booster
jowar_kharif,vegetative,sandy,75.0,28.6,57.8,medium,low,medium,43.2,17.8,7.2,Urea,20.0,144.0,Top dress at 20-30 DAS; broadcast and irrigate,Top dress after 3-4 weeks
watermelon,pre_sowing,alluvial,41.1,77.4,45.3,medium,medium,low,76.8,36.2,9.6,DAP + MOP,37.5,360.0,"Apply 7 days before sowing, mix into topsoil 10-15cm",Basal
tur_arhar,pre_sowing,alluvial,18.6,107.2,90.3,low,high,medium,72.0,31.5,9.4,SSP + MOP,13.2,124.1,"Apply 7 days before sowing, mix into topsoil 10-15cm",Low N; P+K basal
tur_arhar,germination,red,94.7,50.3,95.2,high,medium,medium,66.4,17.9,4.0,Rhizobium Biofert,5.0,20.0,Apply at sowing time or within first 7 DAS,Seed treatment
pomegranate,grain_fill,black_cotton,56.7,103.6,27.4,medium,high,low,40.0,29.9,2.5,MOP + Calcium,31.2,78.0,Foliar spray or side dress during grain/fruit development,Fruit development
rice,vegetative,alluvial,161.6,99.0,155.8,high,high,high,50.5,33.4,3.3,Urea,13.2,43.6,Top dress at 20-30 DAS; broadcast and irrigate,25-30 DAS tillering
rabi_maize,vegetative,laterite,54.8,74.5,116.3,medium,medium,high,69.6,20.9,1.4,Urea,25.0,35.0,Top dress at 20-30 DAS; broadcast and irrigate,Top dress
urad,flowering,alluvial,188.3,42.0,86.4,high,low,medium,63.2,31.6,3.9,MOP,8.0,31.2,Apply at flower bud initiation; avoid leaf contact,Pod development
sunflower_kharif,vegetative,red,143.6,56.7,58.8,high,medium,medium,74.6,26.6,9.3,Urea,10.8,100.4,Top dress at 20-30 DAS; broadcast and irrigate,Top dress
watermelon,pre_sowing,black_cotton,127.9,119.1,73.6,high,high,medium,29.1,36.6,1.4,DAP + MOP,18.0,25.2,"Apply 7 days before sowing, mix into topsoil 10-15cm",Basal
sesame,vegetative,red,108.7,76.4,57.2,high,medium,medium,31.2,25.0,9.2,Urea,7.2,66.2,Top dress at 20-30 DAS; broadcast and irrigate,Top dress
sugarcane,vegetative,sandy,19.4,117.8,87.0,low,high,medium,43.2,31.0,5.0,Urea + MOP,65.0,325.0,Top dress at 20-30 DAS; broadcast and irrigate,Grand growth period
moong_kharif,flowering,red,133.2,111.8,51.0,high,high,medium,59.2,14.5,2.9,MOP,8.0,23.2,Apply at flower bud initiation; avoid leaf contact,Pod fill
banana,pre_sowing,red,65.3,103.8,69.2,medium,high,medium,20.6,27.5,2.9,DAP + MOP,36.0,104.4,"Apply 7 days before sowing, mix into topsoil 10-15cm",Heavy K feeder; high basal
soybean,grain_fill,red,79.4,75.5,63.6,medium,medium,medium,30.6,26.6,4.2,Micronutrient Mix,5.0,21.0,Foliar spray or side dress during grain/fruit development,Zinc + Boron foliar spray
sesame,vegetative,red,256.1,39.2,188.1,high,low,high,27.7,35.6,8.7,Urea,7.2,62.6,Top dress at 20-30 DAS; broadcast and irrigate,Top dress
linseed,vegetative,black_cotton,108.6,40.6,188.8,high,low,high,70.5,25.0,7.1,Urea,7.2,51.1,Top dress at 20-30 DAS; broadcast and irrigate,Top dress
jowar_kharif,pre_sowing,red,104.9,46.8,191.2,high,medium,high,35.5,26.2,1.2,DAP,25.0,30.0,"Apply 7 days before sowing, mix into topsoil 10-15cm",Basal P and N
groundnut,pre_sowing,laterite,278.1,55.9,83.0,high,medium,medium,78.5,28.4,2.9,SSP + Gypsum,30.0,87.0,"Apply 7 days before sowing, mix into topsoil 10-15cm",Ca from gypsum for pod fill
rice,vegetative,alluvial,255.5,54.1,101.3,high,medium,high,76.5,25.3,2.3,Urea,13.2,30.4,Top dress at 20-30 DAS; broadcast and irrigate,25-30 DAS tillering
rabi_maize,vegetative,alluvial,99.0,117.3,164.7,high,high,high,60.3,34.6,6.5,Urea,15.0,97.5,Top dress at 20-30 DAS; broadcast and irrigate,Top dress
jowar_rabi,pre_sowing,sandy,83.0,35.5,87.8,medium,low,medium,50.1,16.9,2.2,DAP + MOP,36.0,79.2,"Apply 7 days before sowing, mix into topsoil 10-15cm",Full P and K basal
soybean,germination,red,175.0,82.6,193.6,high,high,high,58.8,14.2,3.7,Rhizobium Biofert,5.0,18.5,Apply at sowing time or within first 7 DAS,Seed treatment reduces N requirement
maize_kharif,flowering,red,232.7,81.6,57.7,high,high,medium,67.3,19.7,5.4,Urea,12.0,64.8,Apply at flower bud initiation; avoid leaf contact,Tasselling stage
groundnut,flowering,laterite,110.5,95.6,166.5,high,high,high,70.8,22.8,1.0,Gypsum,25.0,25.0,Apply at flower bud initiation; avoid leaf contact,Peg development
maize_kharif,grain_fill,black_cotton,139.8,58.9,123.8,high,medium,high,65.2,35.5,8.8,MOP,5.0,44.0,Foliar spray or side dress during grain/fruit development,Cob development
rice,flowering,alluvial,159.0,106.2,163.4,high,high,high,27.7,29.7,3.3,Urea + MOP,6.0,19.8,Apply at flower bud initiation; avoid leaf contact,Panicle initiation
grapes,vegetative,sandy,62.7,31.4,151.2,medium,low,high,56.6,25.1,8.7,Urea,20.0,174.0,Top dress at 20-30 DAS; broadcast and irrigate,Shoot growth
chickpea,pre_sowing,laterite,14.5,106.7,24.2,low,high,low,71.3,20.2,3.4,SSP + MOP,15.0,51.0,"Apply 7 days before sowing, mix into topsoil 10-15cm",Low N; P and K basal
watermelon,grain_fill,red,137.2,118.7,72.2,high,high,medium,56.7,13.0,2.3,MOP,15.0,34.5,Foliar spray or side dress during grain/fruit development,Fruit sweetness
sugarcane,germination,red,39.4,92.8,175.3,low,high,high,76.1,19.5,5.5,Urea,32.5,178.8,Apply at sowing time or within first 7 DAS,Germination boost
bajra,flowering,sandy,142.5,87.8,23.9,high,high,low,60.7,23.1,0.9,Urea,6.0,5.4,Apply at flower bud initiation; avoid leaf contact,Booster dose
linseed,vegetative,black_cotton,171.4,111.4,171.3,high,high,high,65.6,28.7,9.0,Urea,7.2,64.8,Top dress at 20-30 DAS; broadcast and irrigate,Top dress
pomegranate,pre_sowing,laterite,91.4,112.8,28.6,high,high,low,27.7,27.1,2.1,DAP + MOP,26.2,55.0,"Apply 7 days before sowing, mix into topsoil 10-15cm",Pre-bloom
grapes,vegetative,black_cotton,126.0,53.6,74.3,high,medium,medium,24.6,17.9,8.5,Urea,12.0,102.0,Top dress at 20-30 DAS; broadcast and irrigate,Shoot growth
urad,flowering,red,229.8,91.1,150.7,high,high,high,43.5,12.5,3.9,MOP,4.0,15.6,Apply at flower bud initiation; avoid leaf contact,Pod development
moong_kharif,germination,red,236.6,45.5,184.5,high,medium,high,41.5,19.3,4.1,Rhizobium Biofert,5.0,20.5,Apply at sowing time or within first 7 DAS,Seed treatment
moong_rabi,germination,black_cotton,222.0,54.7,67.7,high,medium,medium,76.5,13.1,4.4,Rhizobium Biofert,5.0,22.0,Apply at sowing time or within first 7 DAS,Seed treatment
rabi_maize,flowering,alluvial,63.2,105.0,52.6,medium,high,medium,62.8,21.7,1.1,Urea,18.0,19.8,Apply at flower bud initiation; avoid leaf contact,Booster
bajra,flowering,alluvial,153.2,32.8,133.3,high,low,high,74.0,23.7,8.8,Urea,6.0,52.8,Apply at flower bud initiation; avoid leaf contact,Booster dose
jowar_kharif,vegetative,laterite,62.0,58.0,22.3,medium,medium,low,21.3,15.3,7.6,Urea,20.0,152.0,Top dress at 20-30 DAS; broadcast and irrigate,Top dress after 3-4 weeks
maize_kharif,flowering,black_cotton,125.4,90.9,110.8,high,high,high,61.4,17.2,8.8,Urea,12.0,105.6,Apply at flower bud initiation; avoid leaf contact,Tasselling stage
rabi_maize,flowering,laterite,98.6,69.7,25.7,high,medium,low,42.5,37.5,5.7,Urea,10.8,61.6,Apply at flower bud initiation; avoid leaf contact,Booster
sunflower_kharif,pre_sowing,red,24.0,43.6,139.6,low,low,high,72.5,26.8,3.1,DAP + MOP,18.0,55.8,"Apply 7 days before sowing, mix into topsoil 10-15cm",Basal
jowar_rabi,vegetative,red,158.6,31.2,128.7,high,low,high,56.0,18.4,8.9,Urea,12.0,106.8,Top dress at 20-30 DAS; broadcast and irrigate,Split N top dress
safflower,flowering,laterite,271.6,85.6,101.7,high,high,high,78.7,21.6,4.4,Urea,6.0,26.4,Apply at flower bud initiation; avoid leaf contact,Capitulum stage
mustard,flowering,laterite,189.7,87.3,96.0,high,high,medium,53.7,23.3,8.4,Urea,6.0,50.4,Apply at flower bud initiation; avoid leaf contact,Booster
sesame,pre_sowing,sandy,218.7,31.6,113.0,high,low,high,51.1,27.7,4.4,DAP,21.6,95.0,"Apply 7 days before sowing, mix into topsoil 10-15cm",Light feeder
sunflower_rabi,flowering,red,271.8,42.3,124.0,high,low,high,68.1,27.8,4.1,Boron Spray,5.0,20.5,Apply at flower bud initiation; avoid leaf contact,Pollination support
linseed,vegetative,laterite,154.0,41.4,39.9,high,low,low,40.8,29.6,2.2,Urea,7.2,15.8,Top dress at 20-30 DAS; broadcast and irrigate,Top dress
moong_rabi,flowering,sandy,163.1,104.6,147.9,high,high,high,69.4,12.4,7.4,MOP,4.0,29.6,Apply at flower bud initiation; avoid leaf contact,Pod fill
rice,grain_fill,laterite,103.0,85.2,37.3,high,high,low,45.2,30.6,5.1,MOP,15.0,76.5,Foliar spray or side dress during grain/fruit development,Grain filling stage
bajra,pre_sowing,alluvial,48.2,48.1,88.2,medium,medium,medium,51.2,14.3,8.1,DAP,20.0,162.0,"Apply 7 days before sowing, mix into topsoil 10-15cm",Basal P
rice,grain_fill,black_cotton,241.3,56.0,82.8,high,medium,medium,37.7,37.6,1.5,MOP,12.0,18.0,Foliar spray or side dress during grain/fruit development,Grain filling stage
moong_rabi,flowering,black_cotton,20.6,82.4,83.4,low,high,medium,68.9,16.7,8.4,MOP,8.0,67.2,Apply at flower bud initiation; avoid leaf contact,Pod fill
tur_arhar,flowering,alluvial,12.4,66.8,192.8,low,medium,high,26.4,30.6,0.7,MOP,5.0,3.5,Apply at flower bud initiation; avoid leaf contact,Pod setting
jowar_rabi,vegetative,black_cotton,161.6,60.9,86.4,high,medium,medium,32.2,23.8,8.4,Urea,12.0,100.8,Top dress at 20-30 DAS; broadcast and irrigate,Split N top dress
jowar_rabi,flowering,red,221.7,46.9,43.0,high,medium,low,73.9,24.3,6.7,Urea,7.2,48.2,Apply at flower bud initiation; avoid leaf contact,Light booster
chickpea,germination,red,140.0,61.9,153.9,high,medium,high,35.7,21.4,2.3,Rhizobium Biofert,5.0,11.5,Apply at sowing time or within first 7 DAS,Seed inoculation
bajra,flowering,laterite,182.7,78.4,153.5,high,medium,high,37.2,17.3,4.9,Urea,6.0,29.4,Apply at flower bud initiation; avoid leaf contact,Booster dose
soybean,grain_fill,alluvial,165.2,95.6,184.8,high,high,high,42.6,32.6,7.0,Micronutrient Mix,5.0,35.0,Foliar spray or side dress during grain/fruit development,Zinc + Boron foliar spray
onion,pre_sowing,sandy,149.0,85.4,41.6,high,high,low,22.9,30.5,10.0,DAP + MOP,26.2,262.0,"Apply 7 days before sowing, mix into topsoil 10-15cm",Full P+K; half N
rabi_maize,pre_sowing,alluvial,72.0,28.3,104.8,medium,low,high,52.3,32.7,9.2,DAP + MOP,21.0,193.2,"Apply 7 days before sowing, mix into topsoil 10-15cm",Same as kharif maize
tur_arhar,pre_sowing,alluvial,204.8,20.4,114.8,high,low,high,71.1,13.1,3.9,SSP + MOP,13.2,51.5,"Apply 7 days before sowing, mix into topsoil 10-15cm",Low N; P+K basal
grapes,vegetative,black_cotton,22.3,59.0,78.8,low,medium,medium,38.1,32.9,7.5,Urea,26.0,195.0,Top dress at 20-30 DAS; broadcast and irrigate,Shoot growth
sesame,vegetative,sandy,17.8,62.4,85.2,low,medium,medium,62.5,33.2,2.5,Urea,15.6,39.0,Top dress at 20-30 DAS; broadcast and irrigate,Top dress
cotton,grain_fill,sandy,46.0,68.2,163.2,medium,medium,high,78.6,18.6,2.9,MOP,7.5,21.8,Foliar spray or side dress during grain/fruit development,Fibre quality
onion,grain_fill,black_cotton,268.6,30.2,49.5,high,low,low,30.6,35.0,8.1,MOP,18.8,152.3,Foliar spray or side dress during grain/fruit development,Bulb development
soybean,germination,red,32.5,30.0,23.6,low,low,low,69.6,37.2,2.3,Rhizobium Biofert,5.0,11.5,Apply at sowing time or within first 7 DAS,Seed treatment reduces N requirement
jowar_rabi,vegetative,alluvial,260.3,35.6,182.4,high,low,high,46.6,30.9,4.3,Urea,12.0,51.6,Top dress at 20-30 DAS; broadcast and irrigate,Split N top dress
cotton,flowering,alluvial,229.6,64.6,29.2,high,medium,low,43.8,29.0,3.4,Urea,15.0,51.0,Apply at flower bud initiation; avoid leaf contact,Boll development
mustard,pre_sowing,black_cotton,63.3,50.6,127.4,medium,medium,high,27.0,23.4,7.2,DAP + MOP,12.5,90.0,"Apply 7 days before sowing, mix into topsoil 10-15cm",Basal; sulfur from SSP
jowar_kharif,pre_sowing,alluvial,18.5,30.5,170.2,low,low,high,45.0,31.2,5.4,DAP,30.0,162.0,"Apply 7 days before sowing, mix into topsoil 10-15cm",Basal P and N
maize_kharif,grain_fill,laterite,153.1,112.6,49.2,high,high,low,40.9,28.4,5.1,MOP,12.5,63.7,Foliar spray or side dress during grain/fruit development,Cob development
linseed,vegetative,alluvial,209.8,93.6,184.7,high,high,high,69.1,20.0,1.5,Urea,7.2,10.8,Top dress at 20-30 DAS; broadcast and irrigate,Top dress
turmeric,pre_sowing,laterite,198.0,64.1,185.0,high,medium,high,73.7,32.0,8.8,DAP + MOP,20.0,176.0,"Apply 7 days before sowing, mix into topsoil 10-15cm",High K demand
sesame,pre_sowing,sandy,276.0,56.3,129.9,high,medium,high,70.3,31.0,4.3,DAP,18.0,77.4,"Apply 7 days before sowing, mix into topsoil 10-15cm",Light feeder
moong_kharif,germination,laterite,171.4,43.4,127.0,high,low,high,32.7,17.8,9.3,Rhizobium Biofert,5.0,46.5,Apply at sowing time or within first 7 DAS,Seed treatment
sunflower_rabi,pre_sowing,laterite,37.9,66.4,112.6,low,medium,high,38.5,21.6,6.0,DAP + MOP,15.0,90.0,"Apply 7 days before sowing, mix into topsoil 10-15cm",Basal
turmeric,grain_fill,sandy,143.0,80.6,146.7,high,high,high,71.9,30.5,1.3,MOP,10.0,13.0,Foliar spray or side dress during grain/fruit development,Curcumin synthesis
sesame,pre_sowing,laterite,237.2,44.2,181.2,high,low,high,22.1,19.4,2.4,DAP,21.6,51.8,"Apply 7 days before sowing, mix into topsoil 10-15cm",Light feeder
banana,vegetative,sandy,123.9,38.3,190.1,high,low,high,61.1,32.1,3.4,Urea + MOP,15.0,51.0,Top dress at 20-30 DAS; broadcast and irrigate,Sword sucker stage
grapes,pre_sowing,sandy,219.1,102.2,55.0,high,high,medium,67.8,31.2,5.0,DAP + MOP,18.0,90.0,"Apply 7 days before sowing, mix into topsoil 10-15cm",Pruning time dose
tomato,vegetative,sandy,155.7,93.6,80.8,high,high,medium,65.6,36.5,8.7,Urea,12.0,104.4,Top dress at 20-30 DAS; broadcast and irrigate,Vegetative growth
sunflower_kharif,pre_sowing,sandy,195.9,86.7,184.4,high,high,high,36.7,27.1,6.4,DAP + MOP,9.0,57.6,"Apply 7 days before sowing, mix into topsoil 10-15cm",Basal
sesame,vegetative,red,271.5,118.5,130.4,high,high,high,66.6,35.1,2.0,Urea,7.2,14.4,Top dress at 20-30 DAS; broadcast and irrigate,Top dress
onion,vegetative,red,265.7,51.3,126.3,high,medium,high,27.6,18.4,8.9,Urea,12.0,106.8,Top dress at 20-30 DAS; broadcast and irrigate,Leaf development
wheat,germination,alluvial,215.5,91.8,193.7,high,high,high,63.8,17.0,1.6,Urea,12.0,19.2,Apply at sowing time or within first 7 DAS,CRI stage
cucumber,vegetative,laterite,59.7,99.6,34.9,medium,high,low,40.5,19.4,4.5,Urea,15.0,67.5,Top dress at 20-30 DAS; broadcast and irrigate,Growth boost
sugarcane,grain_fill,alluvial,39.0,101.6,168.5,low,high,high,68.0,34.3,3.8,Urea,39.0,148.2,Foliar spray or side dress during grain/fruit development,Elongation stage
chilli,flowering,sandy,221.4,21.8,60.6,high,low,medium,57.2,15.7,9.4,19:19:19 NPK,9.0,84.6,Apply at flower bud initiation; avoid leaf contact,Fruit set
jowar_kharif,vegetative,black_cotton,68.3,53.1,147.5,medium,medium,high,64.1,13.0,1.0,Urea,20.0,20.0,Top dress at 20-30 DAS; broadcast and irrigate,Top dress after 3-4 weeks
orange,flowering,red,37.0,69.3,167.2,low,medium,high,33.3,21.6,4.5,Urea,26.0,117.0,Apply at flower bud initiation; avoid leaf contact,Flush growth
moong_kharif,flowering,sandy,62.3,35.6,81.6,medium,low,medium,33.4,37.2,1.2,MOP,8.0,9.6,Apply at flower bud initiation; avoid leaf contact,Pod fill
mustard,flowering,red,88.3,23.5,56.1,medium,low,medium,48.2,35.3,8.1,Urea,10.0,81.0,Apply at flower bud initiation; avoid leaf contact,Booster
wheat,pre_sowing,red,50.6,28.7,156.7,medium,low,high,58.8,16.3,8.3,DAP + MOP,21.0,174.3,"Apply 7 days before sowing, mix into topsoil 10-15cm",Full P+K; half N
linseed,pre_sowing,laterite,155.2,80.6,150.1,high,high,high,50.5,32.3,2.7,DAP + MOP,6.0,16.2,"Apply 7 days before sowing, mix into topsoil 10-15cm",Basal
sunflower_kharif,vegetative,red,108.6,106.7,25.5,high,high,low,77.7,37.2,1.5,Urea,10.8,16.2,Top dress at 20-30 DAS; broadcast and irrigate,Top dress
tomato,vegetative,alluvial,216.0,102.3,32.2,high,high,low,37.5,34.0,7.1,Urea,12.0,85.2,Top dress at 20-30 DAS; broadcast and irrigate,Vegetative growth
maize_kharif,vegetative,red,193.8,38.6,52.4,high,low,medium,33.7,30.2,4.4,Urea,15.0,66.0,Top dress at 20-30 DAS; broadcast and irrigate,Knee high stage N
soybean,pre_sowing,red,203.8,35.7,39.8,high,low,low,24.9,36.3,3.4,SSP + MOP,37.5,127.5,"Apply 7 days before sowing, mix into topsoil 10-15cm","Basal: 0 N, 50 P2O5, 40 K2O kg/ha via SSP+MOP"
jowar_rabi,flowering,red,129.2,106.3,93.9,high,high,medium,21.1,17.8,9.4,Urea,7.2,67.7,Apply at flower bud initiation; avoid leaf contact,Light booster
wheat,pre_sowing,black_cotton,183.3,67.3,172.6,high,medium,high,51.2,28.4,5.9,DAP + MOP,17.5,103.2,"Apply 7 days before sowing, mix into topsoil 10-15cm",Full P+K; half N
sunflower_rabi,flowering,alluvial,54.3,47.9,184.8,medium,medium,high,23.1,20.5,10.0,Boron Spray,5.0,50.0,Apply at flower bud initiation; avoid leaf contact,Pollination support
wheat,flowering,laterite,79.2,70.3,183.3,medium,medium,high,72.5,32.5,9.7,Urea,10.0,97.0,Apply at flower bud initiation; avoid leaf contact,Grain initiation
safflower,flowering,sandy,235.4,66.0,147.3,high,medium,high,43.2,31.9,0.7,Urea,6.0,4.2,Apply at flower bud initiation; avoid leaf contact,Capitulum stage
sunflower_kharif,vegetative,alluvial,255.9,84.4,125.5,high,high,high,41.3,17.8,5.1,Urea,10.8,55.1,Top dress at 20-30 DAS; broadcast and irrigate,Top dress
chilli,vegetative,black_cotton,64.4,102.0,194.4,medium,high,high,59.9,27.0,2.8,Urea,18.0,50.4,Top dress at 20-30 DAS; broadcast and irrigate,Plant establishment
mustard,pre_sowing,red,108.4,90.2,186.9,high,high,high,79.9,36.9,3.2,DAP + MOP,7.5,24.0,"Apply 7 days before sowing, mix into topsoil 10-15cm",Basal; sulfur from SSP
jowar_rabi,pre_sowing,alluvial,155.9,98.2,58.1,high,high,medium,71.9,18.2,8.8,DAP + MOP,18.0,158.4,"Apply 7 days before sowing, mix into topsoil 10-15cm",Full P and K basal
jowar_kharif,flowering,sandy,141.8,73.4,36.9,high,medium,low,57.8,15.6,8.1,Urea,9.0,72.9,Apply at flower bud initiation; avoid leaf contact,Second top dress
onion,vegetative,alluvial,202.0,114.9,33.9,high,high,low,79.2,35.1,9.0,Urea,12.0,108.0,Top dress at 20-30 DAS; broadcast and irrigate,Leaf development
turmeric,vegetative,black_cotton,238.4,33.6,72.0,high,low,medium,63.9,26.7,2.3,Urea + MOP,18.0,41.4,Top dress at 20-30 DAS; broadcast and irrigate,Rhizome development
banana,pre_sowing,sandy,275.3,58.5,130.9,high,medium,high,49.3,34.7,4.6,DAP + MOP,30.0,138.0,"Apply 7 days before sowing, mix into topsoil 10-15cm",Heavy K feeder; high basal
maize_kharif,grain_fill,laterite,187.9,61.5,173.9,high,medium,high,20.2,35.9,1.4,MOP,5.0,7.0,Foliar spray or side dress during grain/fruit development,Cob development
chilli,pre_sowing,alluvial,157.1,56.4,91.0,high,medium,medium,27.0,36.3,5.6,DAP + MOP,35.0,196.0,"Apply 7 days before sowing, mix into topsoil 10-15cm",Basal
grapes,vegetative,laterite,199.9,77.1,51.1,high,medium,medium,48.6,24.7,9.9,Urea,12.0,118.8,Top dress at 20-30 DAS; broadcast and irrigate,Shoot growth
jowar_kharif,vegetative,sandy,102.1,88.2,110.0,high,high,high,41.4,32.1,3.7,Urea,12.0,44.4,Top dress at 20-30 DAS; broadcast and irrigate,Top dress after 3-4 weeks
jowar_kharif,pre_sowing,black_cotton,50.5,76.1,123.2,medium,medium,high,64.1,22.0,3.0,DAP,25.0,75.0,"Apply 7 days before sowing, mix into topsoil 10-15cm",Basal P and N
moong_rabi,flowering,laterite,126.4,80.5,125.4,high,high,high,75.1,15.5,9.5,MOP,4.0,38.0,Apply at flower bud initiation; avoid leaf contact,Pod fill
soybean,vegetative,black_cotton,101.3,101.3,115.5,high,high,high,57.9,30.6,1.4,Urea,7.2,10.1,Top dress at 20-30 DAS; broadcast and irrigate,Top dress if N deficiency observed
sugarcane,pre_sowing,sandy,210.2,49.6,126.4,high,medium,high,24.6,15.3,6.1,DAP + MOP,25.0,152.5,"Apply 7 days before sowing, mix into topsoil 10-15cm",Heavy feeder; high basal
soybean,pre_sowing,alluvial,252.6,106.7,20.4,high,high,low,69.3,30.3,8.9,SSP + MOP,18.8,167.3,"Apply 7 days before sowing, mix into topsoil 10-15cm","Basal: 0 N, 50 P2O5, 40 K2O kg/ha via SSP+MOP"
onion,vegetative,alluvial,118.7,63.5,159.9,high,medium,high,60.2,19.8,4.1,Urea,12.0,49.2,Top dress at 20-30 DAS; broadcast and irrigate,Leaf development
watermelon,vegetative,alluvial,34.4,21.1,161.0,low,low,high,73.2,37.6,3.0,Urea,19.5,58.5,Top dress at 20-30 DAS; broadcast and irrigate,Vine growth
moong_rabi,germination,alluvial,74.5,47.1,154.6,medium,medium,high,31.9,25.3,9.4,Rhizobium Biofert,5.0,47.0,Apply at sowing time or within first 7 DAS,Seed treatment
cotton,flowering,laterite,158.3,33.2,51.8,high,low,medium,38.6,19.7,2.2,Urea,15.0,33.0,Apply at flower bud initiation; avoid leaf contact,Boll development
wheat,vegetative,alluvial,44.0,107.8,125.2,medium,high,high,34.1,29.6,6.2,Urea,20.0,124.0,Top dress at 20-30 DAS; broadcast and irrigate,Tillering
maize_kharif,flowering,alluvial,223.1,87.4,96.2,high,high,medium,66.6,17.1,2.7,Urea,12.0,32.4,Apply at flower bud initiation; avoid leaf contact,Tasselling stage
rabi_maize,flowering,red,63.6,75.5,78.9,medium,medium,medium,20.0,31.2,4.1,Urea,18.0,73.8,Apply at flower bud initiation; avoid leaf contact,Booster
tomato,vegetative,sandy,206.9,83.2,60.9,high,high,medium,21.5,17.4,8.2,Urea,12.0,98.4,Top dress at 20-30 DAS; broadcast and irrigate,Vegetative growth
bajra,pre_sowing,black_cotton,148.2,100.0,124.1,high,high,high,74.1,21.3,1.3,DAP,12.0,15.6,"Apply 7 days before sowing, mix into topsoil 10-15cm",Basal P
tomato,flowering,alluvial,267.2,42.0,142.4,high,low,high,29.3,27.4,2.2,19:19:19 NPK,4.5,9.9,Apply at flower bud initiation; avoid leaf contact,Balanced NPK at fruit set
safflower,vegetative,alluvial,255.6,98.4,71.8,high,high,medium,58.6,31.9,1.7,Urea,9.0,15.3,Top dress at 20-30 DAS; broadcast and irrigate,Rosette stage
safflower,flowering,laterite,117.3,54.8,154.3,high,medium,high,59.2,26.5,4.9,Urea,6.0,29.4,Apply at flower bud initiation; avoid leaf contact,Capitulum stage
moong_rabi,germination,sandy,69.7,51.7,187.3,medium,medium,high,53.8,19.9,9.2,Rhizobium Biofert,5.0,46.0,Apply at sowing time or within first 7 DAS,Seed treatment
sugarcane,grain_fill,laterite,84.0,110.8,164.0,medium,high,high,25.1,37.4,2.8,Urea,30.0,84.0,Foliar spray or side dress during grain/fruit development,Elongation stage
linseed,pre_sowing,black_cotton,157.8,53.7,158.3,high,medium,high,35.9,24.0,3.4,DAP + MOP,10.0,34.0,"Apply 7 days before sowing, mix into topsoil 10-15cm",Basal
mustard,vegetative,red,247.1,69.1,22.0,high,medium,low,41.4,21.3,6.0,Urea,10.8,64.8,Top dress at 20-30 DAS; broadcast and irrigate,Top dress at 20 DAS
sunflower_kharif,pre_sowing,laterite,104.0,113.5,78.6,high,high,medium,53.1,36.4,9.1,DAP + MOP,18.0,163.8,"Apply 7 days before sowing, mix into topsoil 10-15cm",Basal
rabi_maize,pre_sowing,sandy,131.0,107.2,61.0,high,high,medium,43.1,34.1,9.2,DAP + MOP,21.0,193.2,"Apply 7 days before sowing, mix into topsoil 10-15cm",Same as kharif maize
jowar_rabi,vegetative,black_cotton,30.3,94.5,41.1,low,high,low,42.8,19.1,9.4,Urea,26.0,244.4,Top dress at 20-30 DAS; broadcast and irrigate,Split N top dress
groundnut,grain_fill,red,275.5,28.8,115.7,high,low,high,24.3,32.7,6.4,MOP,5.0,32.0,Foliar spray or side dress during grain/fruit development,Kernel filling
sesame,pre_sowing,black_cotton,95.3,72.2,126.8,high,medium,high,34.5,18.7,1.5,DAP,18.0,27.0,"Apply 7 days before sowing, mix into topsoil 10-15cm",Light feeder
urad,flowering,alluvial,181.6,74.8,60.8,high,medium,medium,47.3,35.5,4.6,MOP,8.0,36.8,Apply at flower bud initiation; avoid leaf contact,Pod development
sunflower_kharif,pre_sowing,black_cotton,228.0,22.0,117.2,high,low,high,65.8,37.6,2.6,DAP + MOP,18.0,46.8,"Apply 7 days before sowing, mix into topsoil 10-15cm",Basal
sunflower_kharif,flowering,red,131.6,30.2,110.3,high,low,high,71.7,29.1,8.7,Boron Spray,5.0,43.5,Apply at flower bud initiation; avoid leaf contact,Prevent hollow stem
cucumber,pre_sowing,red,94.4,98.7,48.1,high,high,low,24.4,33.0,5.2,DAP + MOP,18.8,97.8,"Apply 7 days before sowing, mix into topsoil 10-15cm",Basal
tur_arhar,vegetative,sandy,236.4,33.6,74.8,high,low,medium,77.5,24.1,1.5,Urea,6.0,9.0,Top dress at 20-30 DAS; broadcast and irrigate,Light N if pale
tur_arhar,germination,alluvial,73.2,113.0,171.9,medium,high,high,69.0,21.1,7.3,Rhizobium Biofert,5.0,36.5,Apply at sowing time or within first 7 DAS,Seed treatment
urad,flowering,alluvial,152.4,111.6,34.5,high,high,low,66.7,31.5,4.6,MOP,10.0,46.0,Apply at flower bud initiation; avoid leaf contact,Pod development
cucumber,flowering,alluvial,201.7,78.0,189.8,high,medium,high,67.1,16.4,4.5,MOP,6.0,27.0,Apply at flower bud initiation; avoid leaf contact,Fruit quality
watermelon,pre_sowing,alluvial,149.9,93.2,180.5,high,high,high,35.2,36.2,5.7,DAP + MOP,9.0,51.3,"Apply 7 days before sowing, mix into topsoil 10-15cm",Basal
sunflower_rabi,vegetative,alluvial,96.7,31.7,142.7,high,low,high,23.8,35.4,2.0,Urea,10.8,21.6,Top dress at 20-30 DAS; broadcast and irrigate,Top dress
linseed,vegetative,black_cotton,193.0,95.9,65.3,high,high,medium,21.4,29.8,9.0,Urea,7.2,64.8,Top dress at 20-30 DAS; broadcast and irrigate,Top dress
orange,flowering,laterite,208.4,71.4,128.0,high,medium,high,53.1,29.4,9.5,Urea,12.0,114.0,Apply at flower bud initiation; avoid leaf contact,Flush growth
sesame,pre_sowing,laterite,208.9,106.3,129.5,high,high,high,28.7,13.4,2.3,DAP,10.8,24.8,"Apply 7 days before sowing, mix into topsoil 10-15cm",Light feeder
sunflower_rabi,flowering,red,229.6,89.1,184.5,high,high,high,58.7,27.9,9.4,Boron Spray,5.0,47.0,Apply at flower bud initiation; avoid leaf contact,Pollination support
jowar_kharif,vegetative,black_cotton,83.4,105.4,125.9,medium,high,high,43.2,30.4,5.9,Urea,20.0,118.0,Top dress at 20-30 DAS; broadcast and irrigate,Top dress after 3-4 weeks
chilli,flowering,sandy,48.4,79.3,37.5,medium,medium,low,26.7,12.7,9.7,19:19:19 NPK,18.8,182.4,Apply at flower bud initiation; avoid leaf contact,Fruit set
maize_kharif,flowering,red,274.2,72.9,27.2,high,medium,low,30.8,36.3,8.1,Urea,12.0,97.2,Apply at flower bud initiation; avoid leaf contact,Tasselling stage
wheat,pre_sowing,sandy,279.4,43.7,52.5,high,low,medium,46.1,12.4,3.2,DAP + MOP,42.0,134.4,"Apply 7 days before sowing, mix into topsoil 10-15cm",Full P+K; half N
turmeric,vegetative,black_cotton,128.6,23.3,90.1,high,low,medium,66.8,21.6,2.7,Urea + MOP,18.0,48.6,Top dress at 20-30 DAS; broadcast and irrigate,Rhizome development
cucumber,vegetative,black_cotton,36.5,87.0,180.4,low,high,high,53.7,31.6,3.0,Urea,19.5,58.5,Top dress at 20-30 DAS; broadcast and irrigate,Growth boost
sugarcane,grain_fill,laterite,57.1,78.5,113.9,medium,medium,high,26.2,19.4,4.8,Urea,30.0,144.0,Foliar spray or side dress during grain/fruit development,Elongation stage
sunflower_rabi,vegetative,alluvial,140.4,118.8,38.9,high,high,low,67.7,31.9,6.7,Urea,10.8,72.4,Top dress at 20-30 DAS; broadcast and irrigate,Top dress
linseed,vegetative,laterite,202.1,70.4,77.4,high,medium,medium,22.4,36.0,1.0,Urea,7.2,7.2,Top dress at 20-30 DAS; broadcast and irrigate,Top dress
cucumber,vegetative,alluvial,88.1,119.7,20.0,medium,high,low,79.9,29.3,4.4,Urea,15.0,66.0,Top dress at 20-30 DAS; broadcast and irrigate,Growth boost
soybean,vegetative,black_cotton,129.8,43.7,89.0,high,low,medium,36.0,19.8,7.4,Urea,7.2,53.3,Top dress at 20-30 DAS; broadcast and irrigate,Top dress if N deficiency observed
onion,grain_fill,laterite,45.2,118.6,81.6,medium,high,medium,42.3,34.5,8.1,MOP,15.0,121.5,Foliar spray or side dress during grain/fruit development,Bulb development
turmeric,vegetative,laterite,275.9,44.7,95.7,high,low,medium,60.8,14.2,6.6,Urea + MOP,18.0,118.8,Top dress at 20-30 DAS; broadcast and irrigate,Rhizome development
cotton,grain_fill,laterite,63.3,92.4,52.7,medium,high,medium,27.2,18.4,1.7,MOP,15.0,25.5,Foliar spray or side dress during grain/fruit development,Fibre quality
sunflower_rabi,flowering,laterite,222.8,49.7,161.8,high,medium,high,63.7,30.7,7.0,Boron Spray,5.0,35.0,Apply at flower bud initiation; avoid leaf contact,Pollination support
sesame,pre_sowing,laterite,44.9,106.3,158.0,medium,high,high,41.1,21.4,8.9,DAP,10.8,96.1,"Apply 7 days before sowing, mix into topsoil 10-15cm",Light feeder
grapes,pre_sowing,red,229.6,47.6,122.7,high,medium,high,70.6,22.0,0.7,DAP + MOP,15.0,10.5,"Apply 7 days before sowing, mix into topsoil 10-15cm",Pruning time dose
urad,pre_sowing,red,22.7,56.9,165.5,low,medium,high,77.2,28.7,5.6,SSP + MOP,9.0,50.4,"Apply 7 days before sowing, mix into topsoil 10-15cm",Basal P+K
orange,pre_sowing,laterite,141.8,72.4,144.7,high,medium,high,75.2,35.5,5.5,DAP + MOP,17.5,96.2,"Apply 7 days before sowing, mix into topsoil 10-15cm",Post-harvest dose
linseed,pre_sowing,sandy,145.6,48.8,83.1,high,medium,medium,66.8,34.4,8.3,DAP + MOP,20.0,166.0,"Apply 7 days before sowing, mix into topsoil 10-15cm",Basal
onion,vegetative,black_cotton,54.4,40.0,114.5,medium,low,high,61.8,36.2,9.5,Urea,20.0,190.0,Top dress at 20-30 DAS; broadcast and irrigate,Leaf development
turmeric,vegetative,sandy,239.8,79.3,178.7,high,medium,high,33.4,32.9,3.7,Urea + MOP,9.0,33.3,Top dress at 20-30 DAS; broadcast and irrigate,Rhizome development
jowar_kharif,vegetative,laterite,135.6,80.2,126.9,high,high,high,58.3,16.0,6.9,Urea,12.0,82.8,Top dress at 20-30 DAS; broadcast and irrigate,Top dress after 3-4 weeks
jowar_rabi,flowering,red,238.2,21.5,20.0,high,low,low,54.6,30.0,4.9,Urea,7.2,35.3,Apply at flower bud initiation; avoid leaf contact,Light booster
sunflower_rabi,pre_sowing,alluvial,128.4,109.6,80.3,high,high,medium,35.5,25.2,9.6,DAP + MOP,18.0,172.8,"Apply 7 days before sowing, mix into topsoil 10-15cm",Basal
onion,pre_sowing,alluvial,115.4,41.4,138.8,high,low,high,48.0,15.3,4.7,DAP + MOP,21.0,98.7,"Apply 7 days before sowing, mix into topsoil 10-15cm",Full P+K; half N
sunflower_rabi,vegetative,alluvial,26.7,115.9,124.6,low,high,high,43.7,21.8,3.0,Urea,23.4,70.2,Top dress at 20-30 DAS; broadcast and irrigate,Top dress
urad,germination,black_cotton,100.3,20.4,53.6,high,low,medium,39.9,21.6,8.5,Rhizobium Biofert,5.0,42.5,Apply at sowing time or within first 7 DAS,Seed inoculation
safflower,vegetative,alluvial,49.3,86.0,187.9,medium,high,high,58.2,23.5,7.8,Urea,15.0,117.0,Top dress at 20-30 DAS; broadcast and irrigate,Rosette stage
tomato,pre_sowing,red,127.1,62.4,42.2,high,medium,low,42.4,35.0,6.6,DAP + MOP,50.0,330.0,"Apply 7 days before sowing, mix into topsoil 10-15cm",Full P+K; half N
chickpea,pre_sowing,red,194.9,68.0,182.4,high,medium,high,33.2,36.4,3.6,SSP + MOP,10.0,36.0,"Apply 7 days before sowing, mix into topsoil 10-15cm",Low N; P and K basal
sunflower_rabi,flowering,alluvial,127.7,31.4,119.4,high,low,high,56.9,31.9,9.3,Boron Spray,5.0,46.5,Apply at flower bud initiation; avoid leaf contact,Pollination support
urad,germination,laterite,54.9,86.3,151.7,medium,high,high,43.3,33.6,2.2,Rhizobium Biofert,5.0,11.0,Apply at sowing time or within first 7 DAS,Seed inoculation
safflower,vegetative,red,32.2,63.4,140.8,low,medium,high,66.3,31.8,6.7,Urea,19.5,130.7,Top dress at 20-30 DAS; broadcast and irrigate,Rosette stage
jowar_kharif,pre_sowing,red,56.7,86.5,84.0,medium,high,medium,65.5,19.9,8.5,DAP,15.0,127.5,"Apply 7 days before sowing, mix into topsoil 10-15cm",Basal P and N
watermelon,grain_fill,black_cotton,169.4,33.9,89.1,high,low,medium,41.7,25.2,4.1,MOP,15.0,61.5,Foliar spray or side dress during grain/fruit development,Fruit sweetness
onion,harvest,black_cotton,136.2,25.1,136.5,high,low,high,35.5,13.7,5.3,NO FERTILIZER,0.0,0.0,Do not apply; withholding period required,Stop 3 weeks before harvest
bajra,pre_sowing,laterite,47.7,45.5,100.6,medium,medium,high,47.7,24.4,9.7,DAP,20.0,194.0,"Apply 7 days before sowing, mix into topsoil 10-15cm",Basal P
wheat,germination,laterite,258.0,62.8,183.2,high,medium,high,76.0,34.2,5.5,Urea,12.0,66.0,Apply at sowing time or within first 7 DAS,CRI stage
soybean,grain_fill,laterite,23.8,58.7,131.2,low,medium,high,42.1,37.3,3.8,Micronutrient Mix,5.0,19.0,Foliar spray or side dress during grain/fruit development,Zinc + Boron foliar spray
soybean,germination,alluvial,125.1,66.0,67.3,high,medium,medium,47.7,35.8,2.2,Rhizobium Biofert,5.0,11.0,Apply at sowing time or within first 7 DAS,Seed treatment reduces N requirement
sunflower_rabi,flowering,sandy,48.9,44.1,154.2,medium,low,high,68.5,31.0,7.8,Boron Spray,5.0,39.0,Apply at flower bud initiation; avoid leaf contact,Pollination support
moong_rabi,flowering,black_cotton,163.1,33.8,120.5,high,low,high,69.8,26.0,1.7,MOP,4.0,6.8,Apply at flower bud initiation; avoid leaf contact,Pod fill
linseed,pre_sowing,black_cotton,203.8,37.5,198.1,high,low,high,36.3,34.1,5.8,DAP + MOP,12.0,69.6,"Apply 7 days before sowing, mix into topsoil 10-15cm",Basal
jowar_kharif,vegetative,black_cotton,45.0,26.9,148.8,medium,low,high,36.9,23.3,9.3,Urea,20.0,186.0,Top dress at 20-30 DAS; broadcast and irrigate,Top dress after 3-4 weeks
sunflower_rabi,flowering,laterite,174.3,76.2,79.5,high,medium,medium,62.6,27.7,8.5,Boron Spray,5.0,42.5,Apply at flower bud initiation; avoid leaf contact,Pollination support
chilli,flowering,sandy,35.2,111.0,182.8,low,high,high,21.1,16.7,4.9,19:19:19 NPK,9.8,48.0,Apply at flower bud initiation; avoid leaf contact,Fruit set
banana,vegetative,black_cotton,57.7,36.3,184.3,medium,low,high,66.3,21.2,8.5,Urea + MOP,25.0,212.5,Top dress at 20-30 DAS; broadcast and irrigate,Sword sucker stage
orange,flowering,black_cotton,44.1,98.3,187.9,medium,high,high,52.9,36.7,7.4,Urea,20.0,148.0,Apply at flower bud initiation; avoid leaf contact,Flush growth
jowar_kharif,flowering,sandy,131.7,77.8,32.3,high,medium,low,79.1,27.2,8.9,Urea,9.0,80.1,Apply at flower bud initiation; avoid leaf contact,Second top dress
soybean,grain_fill,red,20.7,91.7,170.6,low,high,high,40.5,18.9,0.9,Micronutrient Mix,5.0,4.5,Foliar spray or side dress during grain/fruit development,Zinc + Boron foliar spray
rice,vegetative,laterite,97.7,118.6,34.0,high,high,low,24.3,34.1,5.3,Urea,13.2,70.0,Top dress at 20-30 DAS; broadcast and irrigate,25-30 DAS tillering
mustard,flowering,red,125.5,84.3,163.8,high,high,high,45.9,19.8,0.5,Urea,6.0,3.0,Apply at flower bud initiation; avoid leaf contact,Booster
orange,grain_fill,black_cotton,44.6,91.2,42.7,medium,high,low,49.4,13.2,5.6,MOP + Micronutrient,25.0,140.0,Foliar spray or side dress during grain/fruit development,Fruit color + quality
watermelon,pre_sowing,red,220.3,107.6,113.9,high,high,high,29.8,32.7,3.8,DAP + MOP,9.0,34.2,"Apply 7 days before sowing, mix into topsoil 10-15cm",Basal
wheat,flowering,red,175.6,41.7,182.4,high,low,high,42.4,22.1,4.5,Urea,6.0,27.0,Apply at flower bud initiation; avoid leaf contact,Grain initiation
mustard,flowering,red,64.2,59.0,24.9,medium,medium,low,71.3,28.6,5.0,Urea,10.0,50.0,Apply at flower bud initiation; avoid leaf contact,Booster
sugarcane,pre_sowing,sandy,19.6,62.7,129.2,low,medium,high,23.7,17.5,7.7,DAP + MOP,25.0,192.5,"Apply 7 days before sowing, mix into topsoil 10-15cm",Heavy feeder; high basal
tur_arhar,germination,sandy,250.5,31.0,139.9,high,low,high,28.4,28.3,9.8,Rhizobium Biofert,5.0,49.0,Apply at sowing time or within first 7 DAS,Seed treatment
bajra,pre_sowing,black_cotton,89.2,29.3,40.5,medium,low,low,79.6,12.2,8.6,DAP,24.0,206.4,"Apply 7 days before sowing, mix into topsoil 10-15cm",Basal P
cucumber,pre_sowing,laterite,67.9,101.6,171.3,medium,high,high,42.8,22.7,6.9,DAP + MOP,7.5,51.8,"Apply 7 days before sowing, mix into topsoil 10-15cm",Basal
linseed,pre_sowing,sandy,136.8,21.7,55.7,high,low,medium,23.3,15.3,2.5,DAP + MOP,24.0,60.0,"Apply 7 days before sowing, mix into topsoil 10-15cm",Basal
sunflower_rabi,flowering,red,107.8,61.1,23.7,high,medium,low,59.2,16.0,9.1,Boron Spray,5.0,45.5,Apply at flower bud initiation; avoid leaf contact,Pollination support
rabi_maize,vegetative,sandy,88.9,88.7,154.5,medium,high,high,27.5,31.9,9.6,Urea,25.0,240.0,Top dress at 20-30 DAS; broadcast and irrigate,Top dress
safflower,vegetative,sandy,240.3,76.9,21.8,high,medium,low,37.7,16.2,4.2,Urea,9.0,37.8,Top dress at 20-30 DAS; broadcast and irrigate,Rosette stage
sesame,pre_sowing,black_cotton,15.3,119.7,113.9,low,high,high,74.0,27.0,6.7,DAP,10.8,72.4,"Apply 7 days before sowing, mix into topsoil 10-15cm",Light feeder
bajra,flowering,sandy,98.2,45.4,82.6,high,medium,medium,21.4,28.9,7.7,Urea,6.0,46.2,Apply at flower bud initiation; avoid leaf contact,Booster dose
rabi_maize,pre_sowing,alluvial,197.6,117.3,73.2,high,high,medium,26.4,34.3,1.6,DAP + MOP,21.0,33.6,"Apply 7 days before sowing, mix into topsoil 10-15cm",Same as kharif maize
soybean,grain_fill,alluvial,70.1,47.8,88.9,medium,medium,medium,79.6,17.9,2.8,Micronutrient Mix,5.0,14.0,Foliar spray or side dress during grain/fruit development,Zinc + Boron foliar spray
rice,grain_fill,sandy,114.1,53.8,56.9,high,medium,medium,59.2,36.2,2.1,MOP,12.0,25.2,Foliar spray or side dress during grain/fruit development,Grain filling stage
sugarcane,germination,red,84.3,48.6,104.5,medium,medium,high,66.5,28.9,6.1,Urea,25.0,152.5,Apply at sowing time or within first 7 DAS,Germination boost
chickpea,germination,alluvial,215.6,104.9,23.0,high,high,low,50.1,27.4,2.8,Rhizobium Biofert,5.0,14.0,Apply at sowing time or within first 7 DAS,Seed inoculation
moong_kharif,flowering,alluvial,144.8,23.4,199.5,high,low,high,42.3,35.5,6.9,MOP,4.0,27.6,Apply at flower bud initiation; avoid leaf contact,Pod fill
rabi_maize,vegetative,alluvial,252.6,73.8,41.1,high,medium,low,55.8,20.0,2.1,Urea,15.0,31.5,Top dress at 20-30 DAS; broadcast and irrigate,Top dress
banana,grain_fill,alluvial,171.6,102.3,181.7,high,high,high,59.9,37.9,2.8,MOP,20.0,56.0,Foliar spray or side dress during grain/fruit development,Bunch filling
onion,pre_sowing,laterite,212.4,113.6,165.8,high,high,high,66.4,22.3,0.8,DAP + MOP,10.5,8.4,"Apply 7 days before sowing, mix into topsoil 10-15cm",Full P+K; half N
tomato,harvest,red,83.7,108.3,166.6,medium,high,high,72.0,27.4,7.8,13:00:45 NPK,5.0,39.0,Do not apply; withholding period required,Quality booster
rice,flowering,red,112.0,47.1,68.4,high,medium,medium,68.6,34.2,6.2,Urea + MOP,12.0,74.4,Apply at flower bud initiation; avoid leaf contact,Panicle initiation
groundnut,germination,sandy,240.0,105.5,84.9,high,high,medium,23.1,33.6,7.5,Rhizobium Biofert,5.0,37.5,Apply at sowing time or within first 7 DAS,Seed inoculation
chilli,flowering,alluvial,276.7,77.4,110.3,high,medium,high,69.8,36.7,2.3,19:19:19 NPK,4.5,10.3,Apply at flower bud initiation; avoid leaf contact,Fruit set
pomegranate,pre_sowing,laterite,79.3,57.6,132.2,medium,medium,high,56.3,19.4,7.0,DAP + MOP,17.5,122.5,"Apply 7 days before sowing, mix into topsoil 10-15cm",Pre-bloom
bajra,vegetative,black_cotton,191.7,32.0,127.6,high,low,high,47.3,23.5,8.7,Urea,10.8,94.0,Top dress at 20-30 DAS; broadcast and irrigate,N top dress 3 weeks after sowing
tur_arhar,germination,sandy,226.3,39.0,29.7,high,low,low,36.3,26.6,3.1,Rhizobium Biofert,5.0,15.5,Apply at sowing time or within first 7 DAS,Seed treatment
tomato,flowering,laterite,217.3,36.7,173.2,high,low,high,76.8,22.4,5.8,19:19:19 NPK,4.5,26.1,Apply at flower bud initiation; avoid leaf contact,Balanced NPK at fruit set
mustard,flowering,red,43.1,81.6,91.9,medium,high,medium,71.4,29.7,8.6,Urea,10.0,86.0,Apply at flower bud initiation; avoid leaf contact,Booster
chilli,grain_fill,sandy,257.7,58.2,144.8,high,medium,high,21.4,19.3,2.5,MOP,6.0,15.0,Foliar spray or side dress during grain/fruit development,Pungency development
maize_kharif,flowering,alluvial,64.4,96.6,84.7,medium,high,medium,53.4,17.5,9.1,Urea,20.0,182.0,Apply at flower bud initiation; avoid leaf contact,Tasselling stage
orange,pre_sowing,sandy,46.7,74.8,140.8,medium,medium,high,61.8,16.0,4.3,DAP + MOP,17.5,75.2,"Apply 7 days before sowing, mix into topsoil 10-15cm",Post-harvest dose
cucumber,vegetative,black_cotton,19.0,32.7,152.1,low,low,high,53.2,31.7,2.2,Urea,19.5,42.9,Top dress at 20-30 DAS; broadcast and irrigate,Growth boost
jowar_kharif,vegetative,alluvial,236.1,116.5,99.7,high,high,medium,49.5,27.8,2.9,Urea,12.0,34.8,Top dress at 20-30 DAS; broadcast and irrigate,Top dress after 3-4 weeks
moong_rabi,germination,red,242.1,94.3,97.9,high,high,medium,79.7,20.4,0.9,Rhizobium Biofert,5.0,4.5,Apply at sowing time or within first 7 DAS,Seed treatment
sesame,vegetative,alluvial,252.5,70.6,148.8,high,medium,high,64.4,21.0,8.0,Urea,7.2,57.6,Top dress at 20-30 DAS; broadcast and irrigate,Top dress
grapes,vegetative,sandy,279.5,103.7,109.5,high,high,high,69.2,30.8,6.9,Urea,12.0,82.8,Top dress at 20-30 DAS; broadcast and irrigate,Shoot growth
chickpea,flowering,red,143.4,21.3,144.4,high,low,high,76.8,17.4,5.1,MOP,4.0,20.4,Apply at flower bud initiation; avoid leaf contact,Foliar K for pod fill
sugarcane,germination,laterite,176.7,92.9,37.3,high,high,low,56.9,31.0,7.5,Urea,15.0,112.5,Apply at sowing time or within first 7 DAS,Germination boost
jowar_kharif,pre_sowing,red,100.9,110.5,136.1,high,high,high,44.8,35.9,4.9,DAP,15.0,73.5,"Apply 7 days before sowing, mix into topsoil 10-15cm",Basal P and N
onion,grain_fill,alluvial,56.9,59.9,161.1,medium,medium,high,58.0,24.5,5.4,MOP,7.5,40.5,Foliar spray or side dress during grain/fruit development,Bulb development
jowar_rabi,flowering,red,33.6,63.9,130.9,low,medium,high,45.9,18.6,2.8,Urea,15.6,43.7,Apply at flower bud initiation; avoid leaf contact,Light booster
watermelon,grain_fill,red,158.0,77.2,89.4,high,medium,medium,58.1,35.6,0.6,MOP,15.0,9.0,Foliar spray or side dress during grain/fruit development,Fruit sweetness
sugarcane,germination,red,137.3,83.5,53.5,high,high,medium,22.0,18.7,8.7,Urea,15.0,130.5,Apply at sowing time or within first 7 DAS,Germination boost
pomegranate,flowering,alluvial,187.6,88.2,165.1,high,high,high,46.2,35.3,5.2,Urea + MOP,9.0,46.8,Apply at flower bud initiation; avoid leaf contact,Fruit set
safflower,vegetative,alluvial,206.7,76.7,23.5,high,medium,low,26.9,17.0,4.7,Urea,9.0,42.3,Top dress at 20-30 DAS; broadcast and irrigate,Rosette stage
moong_rabi,germination,black_cotton,204.6,47.8,31.6,high,medium,low,33.7,36.8,9.5,Rhizobium Biofert,5.0,47.5,Apply at sowing time or within first 7 DAS,Seed treatment
urad,flowering,sandy,140.8,22.2,44.6,high,low,low,62.3,31.1,8.0,MOP,10.0,80.0,Apply at flower bud initiation; avoid leaf contact,Pod development
moong_rabi,pre_sowing,black_cotton,255.4,101.3,35.1,high,high,low,34.1,15.9,2.9,SSP + MOP,13.5,39.1,"Apply 7 days before sowing, mix into topsoil 10-15cm",Same as kharif moong
tomato,flowering,sandy,108.2,44.8,174.7,high,low,high,29.4,19.1,7.5,19:19:19 NPK,4.5,33.8,Apply at flower bud initiation; avoid leaf contact,Balanced NPK at fruit set
sunflower_kharif,vegetative,sandy,197.1,114.4,85.9,high,high,medium,36.9,29.5,2.4,Urea,10.8,25.9,Top dress at 20-30 DAS; broadcast and irrigate,Top dress
maize_kharif,pre_sowing,alluvial,106.2,88.8,140.5,high,high,high,30.4,32.7,2.2,DAP + MOP,10.5,23.1,"Apply 7 days before sowing, mix into topsoil 10-15cm",Full P+K; half N basal
banana,pre_sowing,sandy,161.6,59.8,80.0,high,medium,medium,43.6,26.7,4.6,DAP + MOP,60.0,276.0,"Apply 7 days before sowing, mix into topsoil 10-15cm",Heavy K feeder; high basal
tur_arhar,germination,alluvial,202.6,91.6,85.2,high,high,medium,78.8,33.4,1.4,Rhizobium Biofert,5.0,7.0,Apply at sowing time or within first 7 DAS,Seed treatment
sugarcane,grain_fill,sandy,231.2,25.1,48.7,high,low,low,28.4,37.2,3.4,Urea,18.0,61.2,Foliar spray or side dress during grain/fruit development,Elongation stage
soybean,germination,red,114.5,24.5,103.8,high,low,high,40.6,29.4,7.9,Rhizobium Biofert,5.0,39.5,Apply at sowing time or within first 7 DAS,Seed treatment reduces N requirement
moong_kharif,pre_sowing,sandy,230.8,85.4,166.4,high,high,high,52.3,32.6,4.5,SSP + MOP,5.4,24.3,"Apply 7 days before sowing, mix into topsoil 10-15cm",Low N legume
maize_kharif,grain_fill,laterite,50.3,57.0,25.2,medium,medium,low,23.4,34.7,3.2,MOP,12.5,40.0,Foliar spray or side dress during grain/fruit development,Cob development
maize_kharif,grain_fill,black_cotton,21.8,55.7,114.2,low,medium,high,62.3,21.3,5.6,MOP,5.0,28.0,Foliar spray or side dress during grain/fruit development,Cob development
tomato,harvest,alluvial,136.2,35.2,129.5,high,low,high,52.4,32.7,1.3,13:00:45 NPK,3.0,3.9,Do not apply; withholding period required,Quality booster
jowar_rabi,vegetative,red,29.7,24.7,172.8,low,low,high,66.7,35.9,9.0,Urea,26.0,234.0,Top dress at 20-30 DAS; broadcast and irrigate,Split N top dress
mustard,flowering,laterite,42.0,21.3,97.9,medium,low,medium,70.5,29.1,2.4,Urea,10.0,24.0,Apply at flower bud initiation; avoid leaf contact,Booster
moong_kharif,flowering,laterite,25.0,84.9,110.2,low,high,high,57.2,13.1,0.9,MOP,4.0,3.6,Apply at flower bud initiation; avoid leaf contact,Pod fill
tomato,pre_sowing,laterite,44.9,115.5,162.8,medium,high,high,31.2,27.8,5.9,DAP + MOP,12.0,70.8,"Apply 7 days before sowing, mix into topsoil 10-15cm",Full P+K; half N
banana,pre_sowing,laterite,180.5,97.0,181.9,high,high,high,75.9,24.1,4.4,DAP + MOP,18.0,79.2,"Apply 7 days before sowing, mix into topsoil 10-15cm",Heavy K feeder; high basal
cotton,grain_fill,black_cotton,67.7,43.2,126.2,medium,low,high,34.6,25.2,2.8,MOP,7.5,21.0,Foliar spray or side dress during grain/fruit development,Fibre quality
sesame,vegetative,laterite,94.4,61.2,147.8,high,medium,high,70.1,32.0,4.6,Urea,7.2,33.1,Top dress at 20-30 DAS; broadcast and irrigate,Top dress
sunflower_kharif,flowering,laterite,164.0,59.8,184.1,high,medium,high,39.8,19.5,8.4,Boron Spray,5.0,42.0,Apply at flower bud initiation; avoid leaf contact,Prevent hollow stem
maize_kharif,flowering,sandy,92.4,84.6,143.0,high,high,high,33.2,32.7,5.7,Urea,12.0,68.4,Apply at flower bud initiation; avoid leaf contact,Tasselling stage
pomegranate,pre_sowing,black_cotton,234.4,114.4,61.0,high,high,medium,62.5,12.9,6.5,DAP + MOP,21.0,136.5,"Apply 7 days before sowing, mix into topsoil 10-15cm",Pre-bloom
rice,flowering,red,43.8,94.4,138.3,medium,high,high,46.7,19.5,6.7,Urea + MOP,10.0,67.0,Apply at flower bud initiation; avoid leaf contact,Panicle initiation
sesame,pre_sowing,black_cotton,218.9,103.6,44.0,high,high,low,77.2,33.3,6.8,DAP,10.8,73.4,"Apply 7 days before sowing, mix into topsoil 10-15cm",Light feeder
chilli,flowering,alluvial,39.6,87.8,20.4,low,high,low,32.5,15.4,9.5,19:19:19 NPK,24.4,231.8,Apply at flower bud initiation; avoid leaf contact,Fruit set
rice,flowering,sandy,95.8,52.3,82.7,high,medium,medium,79.4,33.6,6.0,Urea + MOP,12.0,72.0,Apply at flower bud initiation; avoid leaf contact,Panicle initiation
watermelon,pre_sowing,red,114.4,21.1,75.0,high,low,medium,62.6,22.0,1.2,DAP + MOP,36.0,43.2,"Apply 7 days before sowing, mix into topsoil 10-15cm",Basal
rice,pre_sowing,sandy,238.6,61.3,69.8,high,medium,medium,34.8,20.3,9.7,DAP,30.0,291.0,"Apply 7 days before sowing, mix into topsoil 10-15cm",Basal
sesame,pre_sowing,laterite,177.4,65.6,91.0,high,medium,medium,59.5,25.4,8.9,DAP,18.0,160.2,"Apply 7 days before sowing, mix into topsoil 10-15cm",Light feeder
sunflower_kharif,flowering,black_cotton,262.1,95.8,170.0,high,high,high,52.6,33.2,5.8,Boron Spray,5.0,29.0,Apply at flower bud initiation; avoid leaf contact,Prevent hollow stem
moong_rabi,germination,alluvial,119.1,93.2,167.9,high,high,high,79.4,13.8,2.1,Rhizobium Biofert,5.0,10.5,Apply at sowing time or within first 7 DAS,Seed treatment
tomato,vegetative,alluvial,50.9,109.0,104.3,medium,high,high,43.9,18.1,5.1,Urea,20.0,102.0,Top dress at 20-30 DAS; broadcast and irrigate,Vegetative growth
bajra,pre_sowing,sandy,153.7,40.5,139.0,high,low,high,75.0,34.1,0.6,DAP,24.0,14.4,"Apply 7 days before sowing, mix into topsoil 10-15cm",Basal P
onion,vegetative,red,88.4,69.6,41.0,medium,medium,low,53.5,23.1,5.3,Urea,20.0,106.0,Top dress at 20-30 DAS; broadcast and irrigate,Leaf development
rice,flowering,alluvial,67.9,108.4,144.5,medium,high,high,24.8,29.7,9.6,Urea + MOP,10.0,96.0,Apply at flower bud initiation; avoid leaf contact,Panicle initiation
soybean,flowering,alluvial,77.7,65.9,65.1,medium,medium,medium,47.0,22.4,0.7,MOP,10.0,7.0,Apply at flower bud initiation; avoid leaf contact,K boost for pod setting
rice,vegetative,alluvial,256.2,106.3,102.1,high,high,high,44.3,25.0,9.6,Urea,13.2,126.7,Top dress at 20-30 DAS; broadcast and irrigate,25-30 DAS tillering
rabi_maize,pre_sowing,sandy,20.5,37.8,136.9,low,low,high,29.7,19.2,2.1,DAP + MOP,21.0,44.1,"Apply 7 days before sowing, mix into topsoil 10-15cm",Same as kharif maize
banana,pre_sowing,laterite,63.4,38.2,168.5,medium,low,high,31.9,22.8,2.0,DAP + MOP,36.0,72.0,"Apply 7 days before sowing, mix into topsoil 10-15cm",Heavy K feeder; high basal
cotton,grain_fill,red,274.0,90.0,55.5,high,high,medium,68.4,24.2,0.6,MOP,15.0,9.0,Foliar spray or side dress during grain/fruit development,Fibre quality
safflower,flowering,black_cotton,155.2,36.8,70.4,high,low,medium,59.9,28.7,5.7,Urea,6.0,34.2,Apply at flower bud initiation; avoid leaf contact,Capitulum stage
safflower,pre_sowing,black_cotton,234.6,36.7,27.0,high,low,low,26.1,12.2,8.3,DAP + MOP,37.5,311.2,"Apply 7 days before sowing, mix into topsoil 10-15cm",Basal
cotton,pre_sowing,laterite,82.1,88.0,125.0,medium,high,high,40.6,23.8,2.2,DAP + MOP,12.0,26.4,"Apply 7 days before sowing, mix into topsoil 10-15cm",Basal: 25N 25P 25K
jowar_kharif,flowering,alluvial,129.0,55.4,52.8,high,medium,medium,25.2,17.0,1.1,Urea,9.0,9.9,Apply at flower bud initiation; avoid leaf contact,Second top dress
pomegranate,grain_fill,sandy,144.9,119.4,171.7,high,high,high,70.5,21.3,3.6,MOP + Calcium,12.5,45.0,Foliar spray or side dress during grain/fruit development,Fruit development
sugarcane,harvest,sandy,175.0,54.0,29.5,high,medium,low,40.5,28.3,7.7,MOP,25.0,192.5,Do not apply; withholding period required,Juice quality
rice,grain_fill,red,157.8,99.4,32.1,high,high,low,27.1,21.3,5.5,MOP,15.0,82.5,Foliar spray or side dress during grain/fruit development,Grain filling stage
linseed,pre_sowing,sandy,272.4,76.2,187.3,high,medium,high,49.9,32.9,0.8,DAP + MOP,10.0,8.0,"Apply 7 days before sowing, mix into topsoil 10-15cm",Basal
rice,germination,black_cotton,77.4,50.2,45.0,medium,medium,low,66.4,22.0,1.2,Urea,18.0,21.6,Apply at sowing time or within first 7 DAS,7-10 DAS
watermelon,pre_sowing,alluvial,153.1,107.5,163.9,high,high,high,44.0,32.5,1.5,DAP + MOP,9.0,13.5,"Apply 7 days before sowing, mix into topsoil 10-15cm",Basal
grapes,vegetative,red,256.6,68.3,66.8,high,medium,medium,53.7,17.4,7.0,Urea,12.0,84.0,Top dress at 20-30 DAS; broadcast and irrigate,Shoot growth
rabi_maize,flowering,laterite,192.2,41.3,47.0,high,low,low,42.8,21.5,4.1,Urea,10.8,44.3,Apply at flower bud initiation; avoid leaf contact,Booster
tur_arhar,vegetative,sandy,135.4,43.2,136.1,high,low,high,60.8,15.7,6.0,Urea,6.0,36.0,Top dress at 20-30 DAS; broadcast and irrigate,Light N if pale
watermelon,vegetative,red,121.3,21.3,184.0,high,low,high,22.4,30.3,8.0,Urea,9.0,72.0,Top dress at 20-30 DAS; broadcast and irrigate,Vine growth
maize_kharif,grain_fill,laterite,267.7,37.9,65.0,high,low,medium,36.4,26.9,4.5,MOP,10.0,45.0,Foliar spray or side dress during grain/fruit development,Cob development
rice,grain_fill,alluvial,230.6,95.1,116.2,high,high,high,47.6,26.8,5.7,MOP,6.0,34.2,Foliar spray or side dress during grain/fruit development,Grain filling stage
cotton,grain_fill,red,48.8,26.0,152.5,medium,low,high,47.4,18.8,3.1,MOP,7.5,23.2,Foliar spray or side dress during grain/fruit development,Fibre quality
sunflower_rabi,flowering,red,239.0,23.6,176.4,high,low,high,29.8,25.1,3.1,Boron Spray,5.0,15.5,Apply at flower bud initiation; avoid leaf contact,Pollination support
bajra,pre_sowing,laterite,72.4,61.5,42.5,medium,medium,low,34.9,16.5,3.6,DAP,20.0,72.0,"Apply 7 days before sowing, mix into topsoil 10-15cm",Basal P
moong_kharif,germination,red,57.4,26.8,186.3,medium,low,high,59.0,27.0,5.3,Rhizobium Biofert,5.0,26.5,Apply at sowing time or within first 7 DAS,Seed treatment
sesame,vegetative,black_cotton,213.4,119.5,169.2,high,high,high,67.3,26.6,0.8,Urea,7.2,5.8,Top dress at 20-30 DAS; broadcast and irrigate,Top dress
jowar_kharif,vegetative,sandy,167.6,44.0,79.8,high,low,medium,60.1,30.0,2.2,Urea,12.0,26.4,Top dress at 20-30 DAS; broadcast and irrigate,Top dress after 3-4 weeks
turmeric,grain_fill,laterite,55.6,78.0,172.1,medium,medium,high,50.0,29.9,9.7,MOP,10.0,97.0,Foliar spray or side dress during grain/fruit development,Curcumin synthesis
tur_arhar,vegetative,alluvial,13.6,31.9,80.5,low,low,medium,64.5,34.1,3.0,Urea,13.0,39.0,Top dress at 20-30 DAS; broadcast and irrigate,Light N if pale
safflower,vegetative,alluvial,178.6,113.4,65.2,high,high,medium,41.6,33.6,7.9,Urea,9.0,71.1,Top dress at 20-30 DAS; broadcast and irrigate,Rosette stage
groundnut,flowering,alluvial,209.7,63.5,83.7,high,medium,medium,24.4,13.7,8.2,Gypsum,25.0,205.0,Apply at flower bud initiation; avoid leaf contact,Peg development
banana,grain_fill,red,267.1,109.5,85.2,high,high,medium,65.9,34.2,9.4,MOP,40.0,376.0,Foliar spray or side dress during grain/fruit development,Bunch filling
tomato,grain_fill,black_cotton,261.3,85.6,142.4,high,high,high,54.2,20.9,9.8,MOP + CaNO3,9.0,88.2,Foliar spray or side dress during grain/fruit development,Fruit development + Ca
chickpea,germination,sandy,220.2,114.1,75.7,high,high,medium,24.8,14.8,2.2,Rhizobium Biofert,5.0,11.0,Apply at sowing time or within first 7 DAS,Seed inoculation
onion,pre_sowing,laterite,260.7,107.8,166.0,high,high,high,30.1,12.5,8.0,DAP + MOP,10.5,84.0,"Apply 7 days before sowing, mix into topsoil 10-15cm",Full P+K; half N
urad,germination,laterite,239.9,119.8,79.2,high,high,medium,40.3,24.1,6.3,Rhizobium Biofert,5.0,31.5,Apply at sowing time or within first 7 DAS,Seed inoculation
sesame,pre_sowing,laterite,57.0,111.9,48.0,medium,high,low,54.5,19.8,3.8,DAP,10.8,41.0,"Apply 7 days before sowing, mix into topsoil 10-15cm",Light feeder
soybean,vegetative,red,254.8,57.6,51.4,high,medium,medium,68.2,37.5,4.7,Urea,7.2,33.8,Top dress at 20-30 DAS; broadcast and irrigate,Top dress if N deficiency observed
turmeric,vegetative,red,231.8,61.1,157.5,high,medium,high,76.1,29.8,9.5,Urea + MOP,9.0,85.5,Top dress at 20-30 DAS; broadcast and irrigate,Rhizome development
moong_kharif,germination,alluvial,95.1,45.4,51.3,high,medium,medium,59.6,28.7,8.0,Rhizobium Biofert,5.0,40.0,Apply at sowing time or within first 7 DAS,Seed treatment
pomegranate,flowering,alluvial,265.2,98.5,155.7,high,high,high,32.0,20.8,2.0,Urea + MOP,9.0,18.0,Apply at flower bud initiation; avoid leaf contact,Fruit set
maize_kharif,pre_sowing,alluvial,108.4,80.4,41.1,high,high,low,66.1,19.6,4.6,DAP + MOP,26.2,120.5,"Apply 7 days before sowing, mix into topsoil 10-15cm",Full P+K; half N basal
wheat,pre_sowing,sandy,105.9,70.7,51.0,high,medium,medium,63.9,13.7,5.9,DAP + MOP,35.0,206.5,"Apply 7 days before sowing, mix into topsoil 10-15cm",Full P+K; half N
onion,vegetative,laterite,213.4,63.0,166.9,high,medium,high,74.0,34.8,4.1,Urea,12.0,49.2,Top dress at 20-30 DAS; broadcast and irrigate,Leaf development
jowar_rabi,vegetative,alluvial,187.3,42.2,100.0,high,low,high,25.5,30.8,5.3,Urea,12.0,63.6,Top dress at 20-30 DAS; broadcast and irrigate,Split N top dress
chickpea,pre_sowing,red,34.7,111.1,56.8,low,high,medium,66.2,18.4,9.4,SSP + MOP,12.0,112.8,"Apply 7 days before sowing, mix into topsoil 10-15cm",Low N; P and K basal
onion,vegetative,alluvial,187.8,28.7,110.0,high,low,high,35.5,29.4,6.8,Urea,12.0,81.6,Top dress at 20-30 DAS; broadcast and irrigate,Leaf development
cotton,flowering,black_cotton,192.2,77.6,190.7,high,medium,high,59.6,15.2,4.3,Urea,15.0,64.5,Apply at flower bud initiation; avoid leaf contact,Boll development
orange,grain_fill,laterite,232.9,22.9,103.2,high,low,high,32.3,13.7,3.0,MOP + Micronutrient,10.0,30.0,Foliar spray or side dress during grain/fruit development,Fruit color + quality
sugarcane,pre_sowing,black_cotton,243.9,62.5,138.8,high,medium,high,37.7,32.2,0.9,DAP + MOP,25.0,22.5,"Apply 7 days before sowing, mix into topsoil 10-15cm",Heavy feeder; high basal
rabi_maize,pre_sowing,laterite,29.9,92.1,94.8,low,high,medium,73.9,37.4,1.1,DAP + MOP,21.0,23.1,"Apply 7 days before sowing, mix into topsoil 10-15cm",Same as kharif maize
orange,grain_fill,alluvial,77.2,64.8,168.9,medium,medium,high,32.1,35.8,4.8,MOP + Micronutrient,10.0,48.0,Foliar spray or side dress during grain/fruit development,Fruit color + quality
tur_arhar,flowering,laterite,123.4,98.8,78.9,high,high,medium,74.3,32.8,2.0,MOP,10.0,20.0,Apply at flower bud initiation; avoid leaf contact,Pod setting
cucumber,flowering,alluvial,182.7,85.7,63.9,high,high,medium,41.3,32.6,2.7,MOP,12.0,32.4,Apply at flower bud initiation; avoid leaf contact,Fruit quality
linseed,pre_sowing,sandy,114.3,51.7,73.0,high,medium,medium,47.8,16.8,8.5,DAP + MOP,20.0,170.0,"Apply 7 days before sowing, mix into topsoil 10-15cm",Basal
maize_kharif,vegetative,alluvial,225.7,86.6,25.9,high,high,low,72.1,33.8,8.1,Urea,15.0,121.5,Top dress at 20-30 DAS; broadcast and irrigate,Knee high stage N
rabi_maize,pre_sowing,laterite,262.5,95.7,88.5,high,high,medium,67.4,17.7,2.3,DAP + MOP,21.0,48.3,"Apply 7 days before sowing, mix into topsoil 10-15cm",Same as kharif maize
sunflower_kharif,flowering,alluvial,155.1,48.8,63.1,high,medium,medium,20.3,17.4,3.5,Boron Spray,5.0,17.5,Apply at flower bud initiation; avoid leaf contact,Prevent hollow stem
chilli,vegetative,black_cotton,178.3,45.2,177.5,high,medium,high,34.8,24.3,4.2,Urea,10.8,45.4,Top dress at 20-30 DAS; broadcast and irrigate,Plant establishment
orange,pre_sowing,red,96.7,117.8,99.3,high,high,medium,20.2,23.7,9.2,DAP + MOP,21.0,193.2,"Apply 7 days before sowing, mix into topsoil 10-15cm",Post-harvest dose
rice,grain_fill,black_cotton,65.1,20.4,91.1,medium,low,medium,27.0,20.7,2.2,MOP,12.0,26.4,Foliar spray or side dress during grain/fruit development,Grain filling stage
orange,flowering,alluvial,143.7,36.8,175.1,high,low,high,76.1,21.2,7.3,Urea,12.0,87.6,Apply at flower bud initiation; avoid leaf contact,Flush growth
moong_kharif,germination,sandy,76.4,117.2,75.2,medium,high,medium,61.2,18.9,4.1,Rhizobium Biofert,5.0,20.5,Apply at sowing time or within first 7 DAS,Seed treatment
sesame,pre_sowing,red,276.2,33.1,48.3,high,low,low,77.9,25.6,5.7,DAP,21.6,123.1,"Apply 7 days before sowing, mix into topsoil 10-15cm",Light feeder
pomegranate,pre_sowing,laterite,14.8,65.5,51.5,low,medium,medium,64.0,23.9,0.6,DAP + MOP,35.0,21.0,"Apply 7 days before sowing, mix into topsoil 10-15cm",Pre-bloom
rabi_maize,vegetative,alluvial,212.5,33.6,166.1,high,low,high,63.0,17.1,4.0,Urea,15.0,60.0,Top dress at 20-30 DAS; broadcast and irrigate,Top dress
banana,vegetative,sandy,273.7,115.6,67.1,high,high,medium,42.8,34.9,5.7,Urea + MOP,30.0,171.0,Top dress at 20-30 DAS; broadcast and irrigate,Sword sucker stage
sesame,vegetative,black_cotton,142.6,34.0,39.2,high,low,low,43.1,30.4,6.1,Urea,7.2,43.9,Top dress at 20-30 DAS; broadcast and irrigate,Top dress
rabi_maize,flowering,black_cotton,154.5,95.0,168.0,high,high,high,76.2,37.6,1.7,Urea,10.8,18.4,Apply at flower bud initiation; avoid leaf contact,Booster
turmeric,grain_fill,red,245.9,111.7,48.1,high,high,low,43.8,38.0,10.0,MOP,25.0,250.0,Foliar spray or side dress during grain/fruit development,Curcumin synthesis
wheat,vegetative,red,68.3,92.0,188.5,medium,high,high,33.6,22.1,7.9,Urea,20.0,158.0,Top dress at 20-30 DAS; broadcast and irrigate,Tillering
rabi_maize,pre_sowing,sandy,152.6,74.5,47.6,high,medium,low,49.5,31.3,9.7,DAP + MOP,43.8,424.9,"Apply 7 days before sowing, mix into topsoil 10-15cm",Same as kharif maize
cotton,grain_fill,red,176.2,25.5,93.0,high,low,medium,79.3,20.9,9.6,MOP,15.0,144.0,Foliar spray or side dress during grain/fruit development,Fibre quality
orange,pre_sowing,black_cotton,275.7,97.0,65.4,high,high,medium,50.0,23.6,7.9,DAP + MOP,21.0,165.9,"Apply 7 days before sowing, mix into topsoil 10-15cm",Post-harvest dose
onion,grain_fill,sandy,104.8,25.8,68.0,high,low,medium,30.6,35.2,8.9,MOP,15.0,133.5,Foliar spray or side dress during grain/fruit development,Bulb development
jowar_kharif,vegetative,black_cotton,135.2,79.9,197.0,high,medium,high,27.3,27.1,6.2,Urea,12.0,74.4,Top dress at 20-30 DAS; broadcast and irrigate,Top dress after 3-4 weeks
banana,flowering,red,137.0,113.5,186.2,high,high,high,26.4,12.6,2.0,Urea + MOP,13.5,27.0,Apply at flower bud initiation; avoid leaf contact,Bunch initiation
soybean,germination,alluvial,17.8,61.4,131.4,low,medium,high,26.8,30.5,5.9,Rhizobium Biofert,5.0,29.5,Apply at sowing time or within first 7 DAS,Seed treatment reduces N requirement
cucumber,pre_sowing,red,157.5,82.4,63.2,high,high,medium,39.3,28.6,9.8,DAP + MOP,15.0,147.0,"Apply 7 days before sowing, mix into topsoil 10-15cm",Basal
watermelon,vegetative,red,55.3,22.0,189.1,medium,low,high,48.8,29.9,7.0,Urea,15.0,105.0,Top dress at 20-30 DAS; broadcast and irrigate,Vine growth
grapes,flowering,laterite,23.0,25.4,176.2,low,low,high,20.4,13.0,4.1,13:00:45 NPK,9.8,40.2,Apply at flower bud initiation; avoid leaf contact,Berry set
orange,flowering,black_cotton,135.3,93.8,67.2,high,high,medium,74.0,24.1,3.1,Urea,12.0,37.2,Apply at flower bud initiation; avoid leaf contact,Flush growth
orange,flowering,laterite,187.9,59.1,92.0,high,medium,medium,27.6,36.1,2.0,Urea,12.0,24.0,Apply at flower bud initiation; avoid leaf contact,Flush growth
rice,germination,laterite,30.2,43.0,129.8,low,low,high,59.6,35.9,5.3,Urea,23.4,124.0,Apply at sowing time or within first 7 DAS,7-10 DAS
sugarcane,germination,black_cotton,211.1,65.6,120.8,high,medium,high,28.1,33.2,6.3,Urea,15.0,94.5,Apply at sowing time or within first 7 DAS,Germination boost
tur_arhar,vegetative,black_cotton,99.4,84.1,175.3,high,high,high,69.0,28.9,4.2,Urea,6.0,25.2,Top dress at 20-30 DAS; broadcast and irrigate,Light N if pale
moong_kharif,germination,alluvial,42.9,46.9,158.0,medium,medium,high,35.0,23.0,3.5,Rhizobium Biofert,5.0,17.5,Apply at sowing time or within first 7 DAS,Seed treatment
groundnut,flowering,black_cotton,78.7,78.0,97.5,medium,medium,medium,20.2,28.7,9.9,Gypsum,25.0,247.5,Apply at flower bud initiation; avoid leaf contact,Peg development
moong_kharif,flowering,alluvial,214.5,108.9,159.1,high,high,high,52.4,25.5,3.1,MOP,4.0,12.4,Apply at flower bud initiation; avoid leaf contact,Pod fill
jowar_rabi,vegetative,sandy,220.4,101.5,55.4,high,high,medium,35.5,19.0,9.5,Urea,12.0,114.0,Top dress at 20-30 DAS; broadcast and irrigate,Split N top dress
rabi_maize,pre_sowing,alluvial,10.9,68.4,81.9,low,medium,medium,24.4,27.6,5.5,DAP + MOP,35.0,192.5,"Apply 7 days before sowing, mix into topsoil 10-15cm",Same as kharif maize
pomegranate,pre_sowing,red,172.1,85.0,67.5,high,high,medium,31.6,13.0,7.5,DAP + MOP,21.0,157.5,"Apply 7 days before sowing, mix into topsoil 10-15cm",Pre-bloom
rabi_maize,pre_sowing,laterite,271.8,24.8,37.9,high,low,low,69.4,35.2,4.6,DAP + MOP,52.5,241.5,"Apply 7 days before sowing, mix into topsoil 10-15cm",Same as kharif maize
soybean,pre_sowing,alluvial,98.0,108.5,84.5,high,high,medium,62.1,20.7,8.9,SSP + MOP,15.0,133.5,"Apply 7 days before sowing, mix into topsoil 10-15cm","Basal: 0 N, 50 P2O5, 40 K2O kg/ha via SSP+MOP"
tomato,flowering,alluvial,212.2,63.6,114.9,high,medium,high,54.5,35.1,9.8,19:19:19 NPK,4.5,44.1,Apply at flower bud initiation; avoid leaf contact,Balanced NPK at fruit set
chickpea,germination,laterite,93.2,50.5,146.5,high,medium,high,46.4,14.3,8.4,Rhizobium Biofert,5.0,42.0,Apply at sowing time or within first 7 DAS,Seed inoculation
linseed,vegetative,black_cotton,175.0,106.0,137.3,high,high,high,53.5,15.2,2.0,Urea,7.2,14.4,Top dress at 20-30 DAS; broadcast and irrigate,Top dress
jowar_rabi,flowering,black_cotton,44.0,71.1,183.4,medium,medium,high,49.1,26.8,1.0,Urea,12.0,12.0,Apply at flower bud initiation; avoid leaf contact,Light booster
rice,vegetative,alluvial,77.9,109.8,53.8,medium,high,medium,63.4,16.7,1.2,Urea,22.0,26.4,Top dress at 20-30 DAS; broadcast and irrigate,25-30 DAS tillering
tur_arhar,germination,sandy,233.6,60.3,21.2,high,medium,low,43.5,14.8,4.5,Rhizobium Biofert,5.0,22.5,Apply at sowing time or within first 7 DAS,Seed treatment
moong_rabi,pre_sowing,laterite,47.1,119.3,172.3,medium,high,high,27.6,23.4,8.4,SSP + MOP,5.4,45.4,"Apply 7 days before sowing, mix into topsoil 10-15cm",Same as kharif moong
sugarcane,grain_fill,alluvial,231.7,37.0,171.7,high,low,high,74.3,25.6,8.3,Urea,18.0,149.4,Foliar spray or side dress during grain/fruit development,Elongation stage
bajra,pre_sowing,sandy,217.1,42.0,136.6,high,low,high,51.3,36.7,8.4,DAP,24.0,201.6,"Apply 7 days before sowing, mix into topsoil 10-15cm",Basal P
rice,germination,sandy,214.4,40.7,28.9,high,low,low,27.9,23.2,2.3,Urea,10.8,24.8,Apply at sowing time or within first 7 DAS,7-10 DAS
moong_kharif,pre_sowing,black_cotton,277.0,35.6,133.4,high,low,high,38.8,28.3,1.0,SSP + MOP,10.8,10.8,"Apply 7 days before sowing, mix into topsoil 10-15cm",Low N legume
rabi_maize,vegetative,alluvial,87.9,99.9,150.8,medium,high,high,54.9,32.7,2.8,Urea,25.0,70.0,Top dress at 20-30 DAS; broadcast and irrigate,Top dress
linseed,pre_sowing,sandy,129.3,74.1,147.6,high,medium,high,68.9,30.2,4.5,DAP + MOP,10.0,45.0,"Apply 7 days before sowing, mix into topsoil 10-15cm",Basal
sugarcane,grain_fill,red,136.0,24.9,127.1,high,low,high,23.1,14.8,7.1,Urea,18.0,127.8,Foliar spray or side dress during grain/fruit development,Elongation stage
sugarcane,harvest,red,164.1,88.1,138.0,high,high,high,64.4,14.7,4.8,MOP,10.0,48.0,Do not apply; withholding period required,Juice quality
bajra,pre_sowing,alluvial,190.9,82.5,141.7,high,high,high,35.2,12.3,2.9,DAP,12.0,34.8,"Apply 7 days before sowing, mix into topsoil 10-15cm",Basal P
linseed,vegetative,laterite,53.7,44.6,114.2,medium,low,high,63.9,17.5,1.5,Urea,12.0,18.0,Top dress at 20-30 DAS; broadcast and irrigate,Top dress
orange,flowering,red,55.5,106.9,191.3,medium,high,high,64.7,36.1,7.4,Urea,20.0,148.0,Apply at flower bud initiation; avoid leaf contact,Flush growth
tur_arhar,flowering,red,202.4,87.7,129.7,high,high,high,44.2,15.2,9.7,MOP,5.0,48.5,Apply at flower bud initiation; avoid leaf contact,Pod setting
tomato,vegetative,laterite,239.5,53.9,190.4,high,medium,high,51.7,32.1,6.8,Urea,12.0,81.6,Top dress at 20-30 DAS; broadcast and irrigate,Vegetative growth
cucumber,flowering,black_cotton,105.0,34.7,45.5,high,low,low,25.0,32.3,0.5,MOP,15.0,7.5,Apply at flower bud initiation; avoid leaf contact,Fruit quality
groundnut,pre_sowing,red,186.6,47.9,167.3,high,medium,high,21.8,37.0,5.4,SSP + Gypsum,30.0,162.0,"Apply 7 days before sowing, mix into topsoil 10-15cm",Ca from gypsum for pod fill
pomegranate,pre_sowing,alluvial,35.0,103.3,42.6,low,high,low,30.3,19.4,1.4,DAP + MOP,26.2,36.7,"Apply 7 days before sowing, mix into topsoil 10-15cm",Pre-bloom
cucumber,pre_sowing,sandy,74.8,90.0,164.9,medium,high,high,42.4,32.8,4.5,DAP + MOP,7.5,33.8,"Apply 7 days before sowing, mix into topsoil 10-15cm",Basal
moong_rabi,pre_sowing,laterite,32.8,61.5,138.8,low,medium,high,33.1,14.1,6.8,SSP + MOP,9.0,61.2,"Apply 7 days before sowing, mix into topsoil 10-15cm",Same as kharif moong
urad,pre_sowing,alluvial,191.7,38.5,105.3,high,low,high,21.9,29.6,6.0,SSP + MOP,10.8,64.8,"Apply 7 days before sowing, mix into topsoil 10-15cm",Basal P+K
chilli,grain_fill,laterite,227.4,29.4,158.6,high,low,high,67.2,36.4,9.2,MOP,6.0,55.2,Foliar spray or side dress during grain/fruit development,Pungency development
cotton,grain_fill,red,266.4,106.5,51.8,high,high,medium,58.9,18.4,1.4,MOP,15.0,21.0,Foliar spray or side dress during grain/fruit development,Fibre quality
urad,pre_sowing,sandy,211.2,34.0,182.8,high,low,high,43.6,14.5,3.6,SSP + MOP,10.8,38.9,"Apply 7 days before sowing, mix into topsoil 10-15cm",Basal P+K
watermelon,vegetative,black_cotton,206.2,51.7,76.8,high,medium,medium,41.8,37.1,8.5,Urea,9.0,76.5,Top dress at 20-30 DAS; broadcast and irrigate,Vine growth
tomato,pre_sowing,black_cotton,234.2,107.9,53.0,high,high,medium,28.1,32.1,10.0,DAP + MOP,24.0,240.0,"Apply 7 days before sowing, mix into topsoil 10-15cm",Full P+K; half N
orange,pre_sowing,alluvial,93.8,48.8,151.4,high,medium,high,45.5,25.5,8.9,DAP + MOP,17.5,155.8,"Apply 7 days before sowing, mix into topsoil 10-15cm",Post-harvest dose
pomegranate,flowering,laterite,32.3,99.7,86.1,low,high,medium,73.2,24.6,9.4,Urea + MOP,39.0,366.6,Apply at flower bud initiation; avoid leaf contact,Fruit set
grapes,grain_fill,sandy,17.2,81.1,173.2,low,high,high,33.0,20.0,9.7,MOP,10.0,97.0,Foliar spray or side dress during grain/fruit development,Maturity
maize_kharif,grain_fill,red,90.5,48.7,74.7,high,medium,medium,21.9,13.3,9.3,MOP,10.0,93.0,Foliar spray or side dress during grain/fruit development,Cob development
mustard,vegetative,alluvial,265.1,40.3,185.3,high,low,high,36.5,24.8,1.1,Urea,10.8,11.9,Top dress at 20-30 DAS; broadcast and irrigate,Top dress at 20 DAS
moong_rabi,pre_sowing,red,260.0,35.9,80.9,high,low,medium,62.5,31.9,7.6,SSP + MOP,21.6,164.2,"Apply 7 days before sowing, mix into topsoil 10-15cm",Same as kharif moong
maize_kharif,flowering,alluvial,176.2,30.6,59.0,high,low,medium,69.9,12.0,5.0,Urea,12.0,60.0,Apply at flower bud initiation; avoid leaf contact,Tasselling stage
tomato,harvest,laterite,72.7,114.8,62.2,medium,high,medium,43.8,25.5,2.8,13:00:45 NPK,10.0,28.0,Do not apply; withholding period required,Quality booster
groundnut,pre_sowing,black_cotton,228.8,29.8,143.4,high,low,high,25.2,14.0,8.5,SSP + Gypsum,36.0,306.0,"Apply 7 days before sowing, mix into topsoil 10-15cm",Ca from gypsum for pod fill
jowar_rabi,pre_sowing,sandy,59.1,101.9,88.7,medium,high,medium,26.1,31.4,1.1,DAP + MOP,18.0,19.8,"Apply 7 days before sowing, mix into topsoil 10-15cm",Full P and K basal
sunflower_rabi,vegetative,laterite,246.2,113.9,126.1,high,high,high,60.9,22.1,7.6,Urea,10.8,82.1,Top dress at 20-30 DAS; broadcast and irrigate,Top dress
safflower,vegetative,red,79.4,89.1,56.4,medium,high,medium,57.2,14.8,6.0,Urea,15.0,90.0,Top dress at 20-30 DAS; broadcast and irrigate,Rosette stage
onion,vegetative,red,28.1,31.3,144.7,low,low,high,77.6,22.9,0.7,Urea,26.0,18.2,Top dress at 20-30 DAS; broadcast and irrigate,Leaf development
jowar_rabi,vegetative,red,100.9,101.2,89.5,high,high,medium,68.8,25.9,4.1,Urea,12.0,49.2,Top dress at 20-30 DAS; broadcast and irrigate,Split N top dress
moong_kharif,germination,alluvial,129.6,119.5,29.2,high,high,low,35.4,19.0,4.3,Rhizobium Biofert,5.0,21.5,Apply at sowing time or within first 7 DAS,Seed treatment
tomato,vegetative,laterite,161.3,115.6,104.2,high,high,high,50.7,29.0,4.7,Urea,12.0,56.4,Top dress at 20-30 DAS; broadcast and irrigate,Vegetative growth
jowar_kharif,flowering,sandy,142.7,80.3,140.9,high,high,high,34.5,37.4,5.5,Urea,9.0,49.5,Apply at flower bud initiation; avoid leaf contact,Second top dress
groundnut,pre_sowing,alluvial,109.4,75.3,81.0,high,medium,medium,39.5,21.7,1.3,SSP + Gypsum,30.0,39.0,"Apply 7 days before sowing, mix into topsoil 10-15cm",Ca from gypsum for pod fill
onion,vegetative,red,78.3,47.8,114.6,medium,medium,high,46.1,14.5,2.7,Urea,20.0,54.0,Top dress at 20-30 DAS; broadcast and irrigate,Leaf development
tomato,harvest,red,22.3,37.7,155.3,low,low,high,28.4,14.3,8.2,13:00:45 NPK,6.5,53.3,Do not apply; withholding period required,Quality booster
rice,grain_fill,black_cotton,131.2,27.4,135.8,high,low,high,77.8,32.9,7.7,MOP,6.0,46.2,Foliar spray or side dress during grain/fruit development,Grain filling stage
safflower,flowering,red,242.4,43.0,153.7,high,low,high,47.9,36.9,9.6,Urea,6.0,57.6,Apply at flower bud initiation; avoid leaf contact,Capitulum stage
urad,flowering,red,96.0,43.5,88.0,high,low,medium,66.8,21.4,3.0,MOP,8.0,24.0,Apply at flower bud initiation; avoid leaf contact,Pod development
sesame,pre_sowing,black_cotton,80.1,24.4,122.0,medium,low,high,78.2,18.9,6.7,DAP,21.6,144.7,"Apply 7 days before sowing, mix into topsoil 10-15cm",Light feeder
rabi_maize,flowering,black_cotton,184.4,24.7,42.4,high,low,low,47.2,23.1,5.8,Urea,10.8,62.6,Apply at flower bud initiation; avoid leaf contact,Booster
turmeric,pre_sowing,sandy,270.9,39.0,187.8,high,low,high,31.9,31.7,4.5,DAP + MOP,24.0,108.0,"Apply 7 days before sowing, mix into topsoil 10-15cm",High K demand
urad,germination,alluvial,123.3,39.3,199.5,high,low,high,52.8,32.0,0.8,Rhizobium Biofert,5.0,4.0,Apply at sowing time or within first 7 DAS,Seed inoculation
orange,flowering,laterite,105.4,96.7,59.7,high,high,medium,34.0,14.3,2.1,Urea,12.0,25.2,Apply at flower bud initiation; avoid leaf contact,Flush growth
linseed,vegetative,black_cotton,65.6,27.7,140.4,medium,low,high,57.6,18.5,1.0,Urea,12.0,12.0,Top dress at 20-30 DAS; broadcast and irrigate,Top dress
sesame,pre_sowing,alluvial,156.4,46.9,199.9,high,medium,high,49.1,28.4,6.6,DAP,18.0,118.8,"Apply 7 days before sowing, mix into topsoil 10-15cm",Light feeder
onion,harvest,sandy,155.7,100.4,67.8,high,high,medium,29.5,13.7,9.3,NO FERTILIZER,0.0,0.0,Do not apply; withholding period required,Stop 3 weeks before harvest
tur_arhar,germination,black_cotton,187.7,21.4,48.2,high,low,low,72.5,22.4,9.9,Rhizobium Biofert,5.0,49.5,Apply at sowing time or within first 7 DAS,Seed treatment
onion,vegetative,laterite,150.7,43.1,119.8,high,low,high,51.8,20.3,7.9,Urea,12.0,94.8,Top dress at 20-30 DAS; broadcast and irrigate,Leaf development
jowar_kharif,vegetative,alluvial,211.2,44.9,84.1,high,low,medium,22.0,14.1,2.9,Urea,12.0,34.8,Top dress at 20-30 DAS; broadcast and irrigate,Top dress after 3-4 weeks
onion,pre_sowing,black_cotton,162.1,108.4,153.7,high,high,high,21.8,24.7,5.6,DAP + MOP,10.5,58.8,"Apply 7 days before sowing, mix into topsoil 10-15cm",Full P+K; half N
rice,vegetative,laterite,16.0,62.8,123.5,low,medium,high,41.0,29.3,9.8,Urea,28.6,280.3,Top dress at 20-30 DAS; broadcast and irrigate,25-30 DAS tillering
jowar_kharif,pre_sowing,alluvial,127.3,46.0,47.6,high,medium,low,41.2,33.5,2.0,DAP,25.0,50.0,"Apply 7 days before sowing, mix into topsoil 10-15cm",Basal P and N
jowar_rabi,flowering,sandy,151.2,118.2,77.5,high,high,medium,49.8,27.1,6.4,Urea,7.2,46.1,Apply at flower bud initiation; avoid leaf contact,Light booster
banana,grain_fill,alluvial,98.4,30.0,119.7,high,low,high,29.9,12.2,8.5,MOP,20.0,170.0,Foliar spray or side dress during grain/fruit development,Bunch filling
pomegranate,grain_fill,sandy,238.6,79.0,198.5,high,medium,high,54.3,17.8,8.7,MOP + Calcium,12.5,108.7,Foliar spray or side dress during grain/fruit development,Fruit development
wheat,pre_sowing,sandy,59.8,63.7,65.3,medium,medium,medium,28.9,23.6,1.4,DAP + MOP,35.0,49.0,"Apply 7 days before sowing, mix into topsoil 10-15cm",Full P+K; half N
rice,pre_sowing,black_cotton,64.8,69.2,191.5,medium,medium,high,70.7,14.9,2.2,DAP,30.0,66.0,"Apply 7 days before sowing, mix into topsoil 10-15cm",Basal
pomegranate,grain_fill,laterite,255.3,31.5,182.1,high,low,high,72.3,15.4,6.7,MOP + Calcium,12.5,83.8,Foliar spray or side dress during grain/fruit development,Fruit development
turmeric,pre_sowing,alluvial,127.5,116.6,32.7,high,high,low,23.9,30.1,1.9,DAP + MOP,30.0,57.0,"Apply 7 days before sowing, mix into topsoil 10-15cm",High K demand
rabi_maize,pre_sowing,alluvial,148.1,67.7,128.0,high,medium,high,68.0,12.1,9.9,DAP + MOP,17.5,173.2,"Apply 7 days before sowing, mix into topsoil 10-15cm",Same as kharif maize
chilli,pre_sowing,laterite,197.6,91.7,115.9,high,high,high,70.2,37.4,5.7,DAP + MOP,10.5,59.9,"Apply 7 days before sowing, mix into topsoil 10-15cm",Basal
banana,flowering,laterite,244.2,110.8,140.6,high,high,high,54.1,35.9,6.0,Urea + MOP,13.5,81.0,Apply at flower bud initiation; avoid leaf contact,Bunch initiation
mustard,flowering,black_cotton,214.4,102.5,131.7,high,high,high,40.9,17.8,7.0,Urea,6.0,42.0,Apply at flower bud initiation; avoid leaf contact,Booster
rabi_maize,flowering,black_cotton,123.0,38.4,29.7,high,low,low,31.6,32.7,7.3,Urea,10.8,78.8,Apply at flower bud initiation; avoid leaf contact,Booster
sesame,pre_sowing,alluvial,86.8,112.0,69.3,medium,high,medium,54.9,21.9,1.7,DAP,10.8,18.4,"Apply 7 days before sowing, mix into topsoil 10-15cm",Light feeder
rice,vegetative,black_cotton,37.1,30.5,117.0,low,low,high,62.5,19.5,8.1,Urea,28.6,231.7,Top dress at 20-30 DAS; broadcast and irrigate,25-30 DAS tillering
rabi_maize,flowering,laterite,94.5,76.1,50.7,high,medium,medium,49.8,26.1,6.5,Urea,10.8,70.2,Apply at flower bud initiation; avoid leaf contact,Booster
sugarcane,vegetative,red,245.6,103.3,168.6,high,high,high,50.6,21.9,1.9,Urea + MOP,15.0,28.5,Top dress at 20-30 DAS; broadcast and irrigate,Grand growth period
mustard,vegetative,alluvial,156.1,73.5,139.0,high,medium,high,73.2,31.1,5.5,Urea,10.8,59.4,Top dress at 20-30 DAS; broadcast and irrigate,Top dress at 20 DAS
soybean,flowering,sandy,102.5,96.8,121.0,high,high,high,60.2,25.0,4.2,MOP,5.0,21.0,Apply at flower bud initiation; avoid leaf contact,K boost for pod setting
orange,grain_fill,red,16.3,49.2,47.7,low,medium,low,22.6,12.8,0.9,MOP + Micronutrient,25.0,22.5,Foliar spray or side dress during grain/fruit development,Fruit color + quality
moong_kharif,pre_sowing,alluvial,55.5,55.2,84.3,medium,medium,medium,48.5,17.5,0.7,SSP + MOP,18.0,12.6,"Apply 7 days before sowing, mix into topsoil 10-15cm",Low N legume
urad,flowering,sandy,10.1,72.2,62.2,low,medium,medium,66.9,33.7,0.8,MOP,8.0,6.4,Apply at flower bud initiation; avoid leaf contact,Pod development
turmeric,pre_sowing,laterite,50.6,30.0,181.5,medium,low,high,74.4,27.6,4.6,DAP + MOP,24.0,110.4,"Apply 7 days before sowing, mix into topsoil 10-15cm",High K demand
wheat,germination,red,39.1,43.6,83.2,low,low,medium,69.6,20.1,8.3,Urea,26.0,215.8,Apply at sowing time or within first 7 DAS,CRI stage
bajra,pre_sowing,laterite,191.2,112.3,143.6,high,high,high,42.1,32.5,9.8,DAP,12.0,117.6,"Apply 7 days before sowing, mix into topsoil 10-15cm",Basal P
watermelon,flowering,sandy,128.3,46.5,127.8,high,medium,high,21.7,14.4,2.5,19:19:19 NPK,3.6,9.0,Apply at flower bud initiation; avoid leaf contact,Fruit set
mustard,vegetative,sandy,256.2,66.0,45.6,high,medium,low,62.4,13.0,1.4,Urea,10.8,15.1,Top dress at 20-30 DAS; broadcast and irrigate,Top dress at 20 DAS
grapes,pre_sowing,black_cotton,177.9,55.5,160.6,high,medium,high,70.6,29.9,1.7,DAP + MOP,15.0,25.5,"Apply 7 days before sowing, mix into topsoil 10-15cm",Pruning time dose
rabi_maize,pre_sowing,red,104.0,91.7,162.6,high,high,high,65.5,18.3,1.3,DAP + MOP,10.5,13.7,"Apply 7 days before sowing, mix into topsoil 10-15cm",Same as kharif maize
pomegranate,grain_fill,alluvial,171.9,101.4,91.7,high,high,medium,53.9,22.1,2.7,MOP + Calcium,25.0,67.5,Foliar spray or side dress during grain/fruit development,Fruit development
jowar_kharif,vegetative,laterite,168.2,100.4,40.4,high,high,low,65.3,32.0,8.9,Urea,12.0,106.8,Top dress at 20-30 DAS; broadcast and irrigate,Top dress after 3-4 weeks
onion,vegetative,alluvial,187.0,81.9,57.9,high,high,medium,73.6,36.0,6.1,Urea,12.0,73.2,Top dress at 20-30 DAS; broadcast and irrigate,Leaf development
watermelon,pre_sowing,alluvial,56.9,109.9,198.9,medium,high,high,28.8,18.9,2.2,DAP + MOP,9.0,19.8,"Apply 7 days before sowing, mix into topsoil 10-15cm",Basal
cotton,vegetative,black_cotton,72.6,81.1,117.6,medium,high,high,25.1,26.2,4.4,Urea + MOP,17.5,77.0,Top dress at 20-30 DAS; broadcast and irrigate,Square formation
tur_arhar,germination,sandy,203.2,30.0,130.0,high,low,high,74.4,16.5,5.1,Rhizobium Biofert,5.0,25.5,Apply at sowing time or within first 7 DAS,Seed treatment
onion,vegetative,black_cotton,31.4,100.8,101.1,low,high,high,28.6,15.3,7.4,Urea,26.0,192.4,Top dress at 20-30 DAS; broadcast and irrigate,Leaf development
rice,germination,sandy,12.3,35.4,88.2,low,low,medium,51.8,37.0,9.0,Urea,23.4,210.6,Apply at sowing time or within first 7 DAS,7-10 DAS
moong_kharif,pre_sowing,laterite,47.3,52.3,163.0,medium,medium,high,25.6,27.8,1.4,SSP + MOP,9.0,12.6,"Apply 7 days before sowing, mix into topsoil 10-15cm",Low N legume
sugarcane,harvest,sandy,209.6,83.4,130.0,high,high,high,39.3,32.6,4.8,MOP,10.0,48.0,Do not apply; withholding period required,Juice quality
jowar_kharif,flowering,red,271.3,60.4,80.5,high,medium,medium,36.9,33.9,7.0,Urea,9.0,63.0,Apply at flower bud initiation; avoid leaf contact,Second top dress
sugarcane,germination,black_cotton,148.6,31.3,32.6,high,low,low,60.2,25.4,2.2,Urea,15.0,33.0,Apply at sowing time or within first 7 DAS,Germination boost
bajra,pre_sowing,red,237.2,113.2,168.4,high,high,high,63.0,32.9,6.1,DAP,12.0,73.2,"Apply 7 days before sowing, mix into topsoil 10-15cm",Basal P
pomegranate,flowering,red,190.2,22.5,126.6,high,low,high,22.2,18.4,8.0,Urea + MOP,9.0,72.0,Apply at flower bud initiation; avoid leaf contact,Fruit set
sugarcane,pre_sowing,laterite,129.3,103.8,126.3,high,high,high,27.0,33.1,2.7,DAP + MOP,15.0,40.5,"Apply 7 days before sowing, mix into topsoil 10-15cm",Heavy feeder; high basal
sunflower_rabi,vegetative,laterite,23.5,100.6,166.8,low,high,high,53.9,34.8,4.9,Urea,23.4,114.7,Top dress at 20-30 DAS; broadcast and irrigate,Top dress
soybean,pre_sowing,laterite,52.8,109.0,93.7,medium,high,medium,71.9,32.6,2.2,SSP + MOP,15.0,33.0,"Apply 7 days before sowing, mix into topsoil 10-15cm","Basal: 0 N, 50 P2O5, 40 K2O kg/ha via SSP+MOP"
banana,pre_sowing,laterite,100.9,78.4,123.1,high,medium,high,59.8,34.6,3.0,DAP + MOP,30.0,90.0,"Apply 7 days before sowing, mix into topsoil 10-15cm",Heavy K feeder; high basal
groundnut,grain_fill,red,97.3,98.6,71.6,high,high,medium,51.4,35.1,4.3,MOP,10.0,43.0,Foliar spray or side dress during grain/fruit development,Kernel filling
groundnut,germination,red,227.7,31.9,55.3,high,low,medium,79.3,32.4,4.4,Rhizobium Biofert,5.0,22.0,Apply at sowing time or within first 7 DAS,Seed inoculation
rice,germination,red,260.3,112.8,26.7,high,high,low,55.4,36.1,0.8,Urea,10.8,8.6,Apply at sowing time or within first 7 DAS,7-10 DAS
pomegranate,grain_fill,black_cotton,173.0,104.5,153.2,high,high,high,76.8,13.6,4.1,MOP + Calcium,12.5,51.2,Foliar spray or side dress during grain/fruit development,Fruit development
rice,germination,black_cotton,199.2,62.6,66.7,high,medium,medium,54.9,34.1,0.9,Urea,10.8,9.7,Apply at sowing time or within first 7 DAS,7-10 DAS
bajra,pre_sowing,red,134.0,56.0,147.8,high,medium,high,42.9,14.0,8.2,DAP,20.0,164.0,"Apply 7 days before sowing, mix into topsoil 10-15cm",Basal P
cucumber,flowering,alluvial,268.1,88.7,119.4,high,high,high,59.4,16.9,9.5,MOP,6.0,57.0,Apply at flower bud initiation; avoid leaf contact,Fruit quality
chickpea,germination,red,160.6,113.8,140.0,high,high,high,59.7,25.0,2.6,Rhizobium Biofert,5.0,13.0,Apply at sowing time or within first 7 DAS,Seed inoculation
chickpea,flowering,sandy,89.5,22.3,120.5,medium,low,high,55.0,33.2,1.4,MOP,4.0,5.6,Apply at flower bud initiation; avoid leaf contact,Foliar K for pod fill
watermelon,vegetative,alluvial,239.5,27.9,135.3,high,low,high,65.4,25.8,4.0,Urea,9.0,36.0,Top dress at 20-30 DAS; broadcast and irrigate,Vine growth
chickpea,germination,red,263.0,73.7,84.2,high,medium,medium,55.8,36.4,9.2,Rhizobium Biofert,5.0,46.0,Apply at sowing time or within first 7 DAS,Seed inoculation
soybean,flowering,sandy,214.5,113.2,116.4,high,high,high,62.2,30.1,3.6,MOP,5.0,18.0,Apply at flower bud initiation; avoid leaf contact,K boost for pod setting
moong_rabi,flowering,red,167.3,103.9,143.2,high,high,high,35.6,31.9,4.9,MOP,4.0,19.6,Apply at flower bud initiation; avoid leaf contact,Pod fill
cucumber,pre_sowing,black_cotton,250.0,116.6,80.7,high,high,medium,71.0,34.2,3.3,DAP + MOP,15.0,49.5,"Apply 7 days before sowing, mix into topsoil 10-15cm",Basal
tur_arhar,flowering,alluvial,92.5,98.9,138.7,high,high,high,78.5,29.7,6.4,MOP,5.0,32.0,Apply at flower bud initiation; avoid leaf contact,Pod setting
safflower,pre_sowing,alluvial,110.6,80.7,172.4,high,high,high,79.3,26.8,6.7,DAP + MOP,7.5,50.2,"Apply 7 days before sowing, mix into topsoil 10-15cm",Basal
onion,vegetative,red,212.7,38.6,62.1,high,low,medium,79.0,29.0,6.4,Urea,12.0,76.8,Top dress at 20-30 DAS; broadcast and irrigate,Leaf development
orange,pre_sowing,laterite,237.9,92.7,109.5,high,high,high,53.5,21.8,1.3,DAP + MOP,10.5,13.7,"Apply 7 days before sowing, mix into topsoil 10-15cm",Post-harvest dose
safflower,flowering,sandy,138.1,111.9,174.1,high,high,high,73.1,22.3,5.5,Urea,6.0,33.0,Apply at flower bud initiation; avoid leaf contact,Capitulum stage
tur_arhar,vegetative,sandy,134.1,77.0,170.2,high,medium,high,60.1,34.2,5.3,Urea,6.0,31.8,Top dress at 20-30 DAS; broadcast and irrigate,Light N if pale
sugarcane,grain_fill,sandy,99.5,41.2,185.7,high,low,high,54.1,37.9,6.7,Urea,18.0,120.6,Foliar spray or side dress during grain/fruit development,Elongation stage
moong_kharif,flowering,sandy,36.9,109.2,69.3,low,high,medium,40.9,28.4,5.4,MOP,8.0,43.2,Apply at flower bud initiation; avoid leaf contact,Pod fill
sugarcane,pre_sowing,alluvial,149.8,38.0,66.5,high,low,medium,72.1,31.7,7.0,DAP + MOP,60.0,420.0,"Apply 7 days before sowing, mix into topsoil 10-15cm",Heavy feeder; high basal
sesame,pre_sowing,black_cotton,57.8,62.9,31.0,medium,medium,low,44.1,37.0,6.9,DAP,18.0,124.2,"Apply 7 days before sowing, mix into topsoil 10-15cm",Light feeder
orange,pre_sowing,sandy,150.4,46.3,51.0,high,medium,medium,30.3,37.9,8.5,DAP + MOP,35.0,297.5,"Apply 7 days before sowing, mix into topsoil 10-15cm",Post-harvest dose
moong_rabi,pre_sowing,laterite,209.0,87.0,170.7,high,high,high,79.8,30.0,5.1,SSP + MOP,5.4,27.5,"Apply 7 days before sowing, mix into topsoil 10-15cm",Same as kharif moong
moong_rabi,flowering,laterite,88.5,92.4,39.3,medium,high,low,37.7,18.3,2.1,MOP,10.0,21.0,Apply at flower bud initiation; avoid leaf contact,Pod fill
sugarcane,harvest,black_cotton,214.3,68.1,44.6,high,medium,low,67.7,26.0,9.7,MOP,25.0,242.5,Do not apply; withholding period required,Juice quality
banana,grain_fill,black_cotton,61.1,119.8,105.3,medium,high,high,65.7,14.0,2.8,MOP,20.0,56.0,Foliar spray or side dress during grain/fruit development,Bunch filling
groundnut,pre_sowing,black_cotton,224.0,60.6,71.6,high,medium,medium,20.1,20.6,4.4,SSP + Gypsum,30.0,132.0,"Apply 7 days before sowing, mix into topsoil 10-15cm",Ca from gypsum for pod fill
safflower,vegetative,alluvial,13.0,84.5,122.2,low,high,high,73.1,18.0,3.7,Urea,19.5,72.2,Top dress at 20-30 DAS; broadcast and irrigate,Rosette stage
urad,flowering,red,200.6,107.2,100.9,high,high,high,65.2,19.5,10.0,MOP,4.0,40.0,Apply at flower bud initiation; avoid leaf contact,Pod development
linseed,vegetative,laterite,57.2,69.6,128.8,medium,medium,high,68.4,26.5,7.7,Urea,12.0,92.4,Top dress at 20-30 DAS; broadcast and irrigate,Top dress
banana,flowering,sandy,249.6,65.8,194.8,high,medium,high,34.9,23.8,8.5,Urea + MOP,13.5,114.8,Apply at flower bud initiation; avoid leaf contact,Bunch initiation
bajra,vegetative,alluvial,36.7,27.9,150.6,low,low,high,29.6,27.5,7.7,Urea,23.4,180.2,Top dress at 20-30 DAS; broadcast and irrigate,N top dress 3 weeks after sowing
tur_arhar,flowering,laterite,224.9,112.0,141.6,high,high,high,59.7,25.9,5.2,MOP,5.0,26.0,Apply at flower bud initiation; avoid leaf contact,Pod setting
rice,pre_sowing,laterite,89.3,39.5,136.9,medium,low,high,69.2,31.9,4.0,DAP,36.0,144.0,"Apply 7 days before sowing, mix into topsoil 10-15cm",Basal
bajra,pre_sowing,black_cotton,229.7,49.9,86.6,high,medium,medium,73.1,17.7,0.5,DAP,20.0,10.0,"Apply 7 days before sowing, mix into topsoil 10-15cm",Basal P
orange,pre_sowing,sandy,225.5,73.5,133.7,high,medium,high,27.1,34.1,3.8,DAP + MOP,17.5,66.5,"Apply 7 days before sowing, mix into topsoil 10-15cm",Post-harvest dose
rabi_maize,flowering,sandy,112.7,103.7,153.7,high,high,high,28.6,36.6,5.8,Urea,10.8,62.6,Apply at flower bud initiation; avoid leaf contact,Booster
groundnut,flowering,sandy,174.9,55.3,65.2,high,medium,medium,76.6,17.7,6.0,Gypsum,25.0,150.0,Apply at flower bud initiation; avoid leaf contact,Peg development
turmeric,pre_sowing,laterite,231.3,74.7,168.0,high,medium,high,49.4,15.6,3.6,DAP + MOP,20.0,72.0,"Apply 7 days before sowing, mix into topsoil 10-15cm",High K demand
moong_rabi,germination,red,45.0,70.0,51.8,medium,medium,medium,65.2,25.5,3.1,Rhizobium Biofert,5.0,15.5,Apply at sowing time or within first 7 DAS,Seed treatment
pomegranate,pre_sowing,sandy,224.2,91.9,199.5,high,high,high,49.2,32.7,1.0,DAP + MOP,10.5,10.5,"Apply 7 days before sowing, mix into topsoil 10-15cm",Pre-bloom
jowar_rabi,vegetative,alluvial,211.3,107.7,181.5,high,high,high,71.0,22.2,8.1,Urea,12.0,97.2,Top dress at 20-30 DAS; broadcast and irrigate,Split N top dress
bajra,flowering,sandy,150.2,22.4,138.5,high,low,high,72.7,22.2,3.1,Urea,6.0,18.6,Apply at flower bud initiation; avoid leaf contact,Booster dose
moong_kharif,germination,sandy,230.6,110.9,121.1,high,high,high,67.6,16.3,6.4,Rhizobium Biofert,5.0,32.0,Apply at sowing time or within first 7 DAS,Seed treatment
tur_arhar,flowering,sandy,121.3,62.6,37.4,high,medium,low,38.2,16.0,5.9,MOP,12.5,73.8,Apply at flower bud initiation; avoid leaf contact,Pod setting
sunflower_rabi,vegetative,sandy,265.5,30.1,48.9,high,low,low,23.9,16.5,5.3,Urea,10.8,57.2,Top dress at 20-30 DAS; broadcast and irrigate,Top dress
linseed,vegetative,black_cotton,44.7,85.4,112.3,medium,high,high,48.0,18.7,4.5,Urea,12.0,54.0,Top dress at 20-30 DAS; broadcast and irrigate,Top dress
groundnut,germination,sandy,67.4,45.6,28.1,medium,medium,low,65.9,17.9,8.1,Rhizobium Biofert,5.0,40.5,Apply at sowing time or within first 7 DAS,Seed inoculation
chickpea,germination,black_cotton,240.0,58.0,69.4,high,medium,medium,61.1,21.4,4.6,Rhizobium Biofert,5.0,23.0,Apply at sowing time or within first 7 DAS,Seed inoculation
banana,vegetative,black_cotton,79.6,51.1,168.7,medium,medium,high,60.6,16.9,1.9,Urea + MOP,25.0,47.5,Top dress at 20-30 DAS; broadcast and irrigate,Sword sucker stage
safflower,flowering,sandy,18.7,26.8,134.3,low,low,high,33.0,24.6,4.2,Urea,13.0,54.6,Apply at flower bud initiation; avoid leaf contact,Capitulum stage
safflower,vegetative,sandy,96.8,80.1,106.0,high,high,high,72.7,30.8,0.6,Urea,9.0,5.4,Top dress at 20-30 DAS; broadcast and irrigate,Rosette stage
jowar_rabi,vegetative,alluvial,60.4,96.1,148.0,medium,high,high,20.8,30.8,8.6,Urea,20.0,172.0,Top dress at 20-30 DAS; broadcast and irrigate,Split N top dress
turmeric,grain_fill,red,191.9,108.9,27.2,high,high,low,79.1,23.0,7.2,MOP,25.0,180.0,Foliar spray or side dress during grain/fruit development,Curcumin synthesis
wheat,germination,alluvial,166.9,32.5,92.4,high,low,medium,46.9,22.0,4.7,Urea,12.0,56.4,Apply at sowing time or within first 7 DAS,CRI stage
tomato,grain_fill,alluvial,79.6,92.6,21.9,medium,high,low,37.3,12.6,2.6,MOP + CaNO3,22.5,58.5,Foliar spray or side dress during grain/fruit development,Fruit development + Ca
bajra,flowering,black_cotton,121.1,55.1,57.8,high,medium,medium,58.8,28.0,8.0,Urea,6.0,48.0,Apply at flower bud initiation; avoid leaf contact,Booster dose
pomegranate,flowering,laterite,140.4,43.5,107.5,high,low,high,51.6,33.9,2.3,Urea + MOP,9.0,20.7,Apply at flower bud initiation; avoid leaf contact,Fruit set
watermelon,grain_fill,alluvial,66.3,43.9,122.0,medium,low,high,78.8,30.8,9.4,MOP,7.5,70.5,Foliar spray or side dress during grain/fruit development,Fruit sweetness
turmeric,pre_sowing,red,253.1,66.4,143.5,high,medium,high,76.7,23.9,6.7,DAP + MOP,20.0,134.0,"Apply 7 days before sowing, mix into topsoil 10-15cm",High K demand
jowar_rabi,pre_sowing,alluvial,220.1,82.7,46.0,high,high,low,31.1,29.8,3.4,DAP + MOP,22.5,76.5,"Apply 7 days before sowing, mix into topsoil 10-15cm",Full P and K basal
onion,harvest,sandy,164.6,69.4,81.1,high,medium,medium,27.7,18.3,1.6,NO FERTILIZER,0.0,0.0,Do not apply; withholding period required,Stop 3 weeks before harvest
banana,flowering,sandy,254.8,39.2,178.0,high,low,high,34.7,21.4,4.9,Urea + MOP,13.5,66.2,Apply at flower bud initiation; avoid leaf contact,Bunch initiation
bajra,vegetative,alluvial,74.2,113.4,23.6,medium,high,low,57.2,33.6,6.8,Urea,18.0,122.4,Top dress at 20-30 DAS; broadcast and irrigate,N top dress 3 weeks after sowing
sesame,pre_sowing,alluvial,75.7,64.4,64.0,medium,medium,medium,24.2,33.7,8.7,DAP,18.0,156.6,"Apply 7 days before sowing, mix into topsoil 10-15cm",Light feeder
grapes,vegetative,black_cotton,146.1,51.5,180.9,high,medium,high,36.2,36.7,1.4,Urea,12.0,16.8,Top dress at 20-30 DAS; broadcast and irrigate,Shoot growth
mustard,pre_sowing,laterite,265.6,41.5,21.6,high,low,low,30.1,21.9,8.6,DAP + MOP,37.5,322.5,"Apply 7 days before sowing, mix into topsoil 10-15cm",Basal; sulfur from SSP
wheat,vegetative,laterite,143.1,83.2,179.4,high,high,high,48.8,30.1,6.4,Urea,12.0,76.8,Top dress at 20-30 DAS; broadcast and irrigate,Tillering
bajra,pre_sowing,black_cotton,190.8,34.1,146.3,high,low,high,56.7,31.7,1.1,DAP,24.0,26.4,"Apply 7 days before sowing, mix into topsoil 10-15cm",Basal P
turmeric,vegetative,red,197.0,80.7,27.4,high,high,low,68.0,26.0,4.6,Urea + MOP,22.5,103.5,Top dress at 20-30 DAS; broadcast and irrigate,Rhizome development
sunflower_kharif,flowering,laterite,107.8,41.2,172.5,high,low,high,52.5,29.3,1.7,Boron Spray,5.0,8.5,Apply at flower bud initiation; avoid leaf contact,Prevent hollow stem
jowar_rabi,pre_sowing,black_cotton,192.2,46.9,142.3,high,medium,high,58.1,18.7,3.7,DAP + MOP,15.0,55.5,"Apply 7 days before sowing, mix into topsoil 10-15cm",Full P and K basal
jowar_rabi,vegetative,laterite,74.8,50.4,36.3,medium,medium,low,27.7,13.3,2.9,Urea,20.0,58.0,Top dress at 20-30 DAS; broadcast and irrigate,Split N top dress
maize_kharif,grain_fill,sandy,235.5,90.5,138.5,high,high,high,71.9,35.6,7.6,MOP,5.0,38.0,Foliar spray or side dress during grain/fruit development,Cob development
urad,germination,laterite,83.9,37.6,140.8,medium,low,high,72.5,24.1,3.1,Rhizobium Biofert,5.0,15.5,Apply at sowing time or within first 7 DAS,Seed inoculation
orange,flowering,alluvial,114.4,81.2,118.2,high,high,high,30.3,29.2,1.3,Urea,12.0,15.6,Apply at flower bud initiation; avoid leaf contact,Flush growth
bajra,pre_sowing,red,223.0,30.8,90.8,high,low,medium,53.2,33.9,8.2,DAP,24.0,196.8,"Apply 7 days before sowing, mix into topsoil 10-15cm",Basal P
bajra,flowering,red,255.7,70.0,20.9,high,medium,low,47.9,30.5,7.7,Urea,6.0,46.2,Apply at flower bud initiation; avoid leaf contact,Booster dose
moong_rabi,pre_sowing,laterite,115.1,56.9,54.8,high,medium,medium,60.7,15.2,0.7,SSP + MOP,18.0,12.6,"Apply 7 days before sowing, mix into topsoil 10-15cm",Same as kharif moong
pomegranate,grain_fill,alluvial,27.0,50.2,164.5,low,medium,high,79.7,21.3,3.4,MOP + Calcium,12.5,42.5,Foliar spray or side dress during grain/fruit development,Fruit development
pomegranate,flowering,black_cotton,113.7,80.1,185.4,high,high,high,51.2,17.2,2.1,Urea + MOP,9.0,18.9,Apply at flower bud initiation; avoid leaf contact,Fruit set
maize_kharif,grain_fill,alluvial,58.7,37.4,180.4,medium,low,high,30.8,16.5,2.0,MOP,5.0,10.0,Foliar spray or side dress during grain/fruit development,Cob development
jowar_rabi,flowering,laterite,240.3,50.2,91.1,high,medium,medium,58.0,33.3,1.6,Urea,7.2,11.5,Apply at flower bud initiation; avoid leaf contact,Light booster
pomegranate,pre_sowing,laterite,254.9,30.3,97.8,high,low,medium,74.9,30.5,6.0,DAP + MOP,42.0,252.0,"Apply 7 days before sowing, mix into topsoil 10-15cm",Pre-bloom
maize_kharif,grain_fill,black_cotton,201.5,37.3,179.2,high,low,high,65.8,35.0,7.2,MOP,5.0,36.0,Foliar spray or side dress during grain/fruit development,Cob development
bajra,vegetative,black_cotton,154.2,23.6,186.8,high,low,high,31.2,37.3,8.6,Urea,10.8,92.9,Top dress at 20-30 DAS; broadcast and irrigate,N top dress 3 weeks after sowing
watermelon,vegetative,red,132.3,75.4,176.2,high,medium,high,54.1,18.7,2.2,Urea,9.0,19.8,Top dress at 20-30 DAS; broadcast and irrigate,Vine growth
groundnut,flowering,laterite,216.6,103.7,72.6,high,high,medium,71.8,17.0,4.1,Gypsum,25.0,102.5,Apply at flower bud initiation; avoid leaf contact,Peg development
chickpea,flowering,sandy,123.6,21.1,193.7,high,low,high,55.3,27.4,2.4,MOP,4.0,9.6,Apply at flower bud initiation; avoid leaf contact,Foliar K for pod fill
watermelon,grain_fill,sandy,220.6,83.6,188.3,high,high,high,47.7,15.2,6.0,MOP,7.5,45.0,Foliar spray or side dress during grain/fruit development,Fruit sweetness
pomegranate,flowering,alluvial,49.0,97.4,171.1,medium,high,high,73.8,23.1,1.2,Urea + MOP,15.0,18.0,Apply at flower bud initiation; avoid leaf contact,Fruit set
bajra,pre_sowing,laterite,278.3,84.3,137.7,high,high,high,36.2,35.2,2.7,DAP,12.0,32.4,"Apply 7 days before sowing, mix into topsoil 10-15cm",Basal P
pomegranate,grain_fill,black_cotton,240.4,79.9,57.1,high,medium,medium,31.5,13.9,2.3,MOP + Calcium,25.0,57.5,Foliar spray or side dress during grain/fruit development,Fruit development
jowar_kharif,flowering,black_cotton,139.2,115.8,81.0,high,high,medium,56.4,29.3,6.7,Urea,9.0,60.3,Apply at flower bud initiation; avoid leaf contact,Second top dress
tur_arhar,vegetative,laterite,207.7,97.7,191.9,high,high,high,38.9,35.6,9.7,Urea,6.0,58.2,Top dress at 20-30 DAS; broadcast and irrigate,Light N if pale
turmeric,vegetative,black_cotton,245.5,78.5,37.6,high,medium,low,61.6,35.9,4.9,Urea + MOP,22.5,110.3,Top dress at 20-30 DAS; broadcast and irrigate,Rhizome development
tomato,pre_sowing,laterite,189.3,110.3,112.2,high,high,high,56.8,15.2,1.5,DAP + MOP,12.0,18.0,"Apply 7 days before sowing, mix into topsoil 10-15cm",Full P+K; half N
bajra,pre_sowing,red,195.5,62.1,114.4,high,medium,high,24.3,18.5,5.5,DAP,20.0,110.0,"Apply 7 days before sowing, mix into topsoil 10-15cm",Basal P
bajra,pre_sowing,sandy,222.6,85.0,115.3,high,high,high,53.3,12.2,4.8,DAP,12.0,57.6,"Apply 7 days before sowing, mix into topsoil 10-15cm",Basal P
chickpea,flowering,laterite,245.5,66.4,60.3,high,medium,medium,45.5,16.4,0.8,MOP,8.0,6.4,Apply at flower bud initiation; avoid leaf contact,Foliar K for pod fill
mustard,flowering,red,79.4,102.9,163.1,medium,high,high,77.0,26.4,1.6,Urea,10.0,16.0,Apply at flower bud initiation; avoid leaf contact,Booster
sesame,pre_sowing,red,173.9,35.6,135.3,high,low,high,31.1,15.3,7.4,DAP,21.6,159.8,"Apply 7 days before sowing, mix into topsoil 10-15cm",Light feeder
jowar_rabi,flowering,red,240.4,80.9,136.4,high,high,high,24.5,13.4,5.3,Urea,7.2,38.2,Apply at flower bud initiation; avoid leaf contact,Light booster
moong_kharif,pre_sowing,black_cotton,61.9,76.5,197.8,medium,medium,high,28.8,13.8,9.5,SSP + MOP,9.0,85.5,"Apply 7 days before sowing, mix into topsoil 10-15cm",Low N legume
wheat,germination,red,60.9,27.6,106.3,medium,low,high,47.1,17.2,6.6,Urea,20.0,132.0,Apply at sowing time or within first 7 DAS,CRI stage
bajra,flowering,laterite,165.9,51.6,129.3,high,medium,high,27.4,33.3,8.1,Urea,6.0,48.6,Apply at flower bud initiation; avoid leaf contact,Booster dose
grapes,pre_sowing,black_cotton,253.2,114.8,194.8,high,high,high,52.7,28.0,2.0,DAP + MOP,9.0,18.0,"Apply 7 days before sowing, mix into topsoil 10-15cm",Pruning time dose
turmeric,grain_fill,black_cotton,93.2,83.4,187.9,high,high,high,47.6,14.5,6.6,MOP,10.0,66.0,Foliar spray or side dress during grain/fruit development,Curcumin synthesis
wheat,germination,sandy,244.6,35.3,180.7,high,low,high,74.5,27.9,1.6,Urea,12.0,19.2,Apply at sowing time or within first 7 DAS,CRI stage
sugarcane,pre_sowing,red,144.0,106.1,46.7,high,high,low,57.8,18.9,5.3,DAP + MOP,37.5,198.8,"Apply 7 days before sowing, mix into topsoil 10-15cm",Heavy feeder; high basal
rabi_maize,vegetative,red,113.5,43.6,141.0,high,low,high,38.3,29.3,2.9,Urea,15.0,43.5,Top dress at 20-30 DAS; broadcast and irrigate,Top dress
turmeric,grain_fill,laterite,192.7,21.8,21.3,high,low,low,61.5,23.1,9.2,MOP,25.0,230.0,Foliar spray or side dress during grain/fruit development,Curcumin synthesis
linseed,vegetative,alluvial,70.9,104.2,87.1,medium,high,medium,46.1,25.4,8.6,Urea,12.0,103.2,Top dress at 20-30 DAS; broadcast and irrigate,Top dress
chickpea,flowering,black_cotton,114.0,102.4,84.7,high,high,medium,41.3,17.2,7.2,MOP,8.0,57.6,Apply at flower bud initiation; avoid leaf contact,Foliar K for pod fill
mustard,vegetative,red,23.7,106.3,130.0,low,high,high,24.2,31.4,3.1,Urea,23.4,72.5,Top dress at 20-30 DAS; broadcast and irrigate,Top dress at 20 DAS
sugarcane,vegetative,red,76.2,70.8,128.6,medium,medium,high,79.6,22.4,0.6,Urea + MOP,25.0,15.0,Top dress at 20-30 DAS; broadcast and irrigate,Grand growth period
sunflower_kharif,pre_sowing,black_cotton,52.8,47.1,191.0,medium,medium,high,43.9,34.4,3.2,DAP + MOP,15.0,48.0,"Apply 7 days before sowing, mix into topsoil 10-15cm",Basal
tomato,grain_fill,red,125.5,105.8,96.7,high,high,medium,21.6,13.7,4.0,MOP + CaNO3,18.0,72.0,Foliar spray or side dress during grain/fruit development,Fruit development + Ca
tur_arhar,flowering,laterite,43.9,49.2,198.6,medium,medium,high,30.3,34.3,0.9,MOP,5.0,4.5,Apply at flower bud initiation; avoid leaf contact,Pod setting
rabi_maize,vegetative,laterite,202.3,46.2,28.8,high,medium,low,23.8,33.4,3.8,Urea,15.0,57.0,Top dress at 20-30 DAS; broadcast and irrigate,Top dress
jowar_rabi,vegetative,red,59.3,40.2,46.8,medium,low,low,30.7,32.2,2.6,Urea,20.0,52.0,Top dress at 20-30 DAS; broadcast and irrigate,Split N top dress
sunflower_rabi,vegetative,laterite,268.1,87.0,80.5,high,high,medium,63.7,13.5,4.0,Urea,10.8,43.2,Top dress at 20-30 DAS; broadcast and irrigate,Top dress
tur_arhar,pre_sowing,laterite,94.7,66.8,105.5,high,medium,high,37.8,25.7,8.4,SSP + MOP,11.0,92.4,"Apply 7 days before sowing, mix into topsoil 10-15cm",Low N; P+K basal
tur_arhar,germination,sandy,80.7,49.3,132.3,medium,medium,high,32.2,25.9,5.9,Rhizobium Biofert,5.0,29.5,Apply at sowing time or within first 7 DAS,Seed treatment
mustard,pre_sowing,black_cotton,150.1,81.3,54.7,high,high,medium,37.5,32.7,8.6,DAP + MOP,15.0,129.0,"Apply 7 days before sowing, mix into topsoil 10-15cm",Basal; sulfur from SSP
chilli,grain_fill,alluvial,246.4,105.6,127.9,high,high,high,42.1,25.2,2.1,MOP,6.0,12.6,Foliar spray or side dress during grain/fruit development,Pungency development
banana,vegetative,laterite,68.2,67.3,75.8,medium,medium,medium,62.8,20.2,0.8,Urea + MOP,50.0,40.0,Top dress at 20-30 DAS; broadcast and irrigate,Sword sucker stage
sunflower_rabi,flowering,laterite,140.7,88.6,76.5,high,high,medium,32.9,29.5,2.3,Boron Spray,5.0,11.5,Apply at flower bud initiation; avoid leaf contact,Pollination support
urad,flowering,laterite,230.1,29.7,196.3,high,low,high,23.2,29.5,9.9,MOP,4.0,39.6,Apply at flower bud initiation; avoid leaf contact,Pod development
grapes,vegetative,sandy,252.4,87.9,118.0,high,high,high,43.1,26.2,3.6,Urea,12.0,43.2,Top dress at 20-30 DAS; broadcast and irrigate,Shoot growth
jowar_kharif,pre_sowing,black_cotton,77.7,41.1,125.7,medium,low,high,68.3,14.5,4.9,DAP,30.0,147.0,"Apply 7 days before sowing, mix into topsoil 10-15cm",Basal P and N
urad,germination,red,175.9,62.0,168.1,high,medium,high,57.5,24.5,7.7,Rhizobium Biofert,5.0,38.5,Apply at sowing time or within first 7 DAS,Seed inoculation
mustard,flowering,laterite,228.2,97.5,48.2,high,high,low,41.6,26.2,2.3,Urea,6.0,13.8,Apply at flower bud initiation; avoid leaf contact,Booster
moong_rabi,flowering,alluvial,172.6,75.3,38.8,high,medium,low,69.2,20.5,1.4,MOP,10.0,14.0,Apply at flower bud initiation; avoid leaf contact,Pod fill
linseed,vegetative,sandy,192.9,60.2,81.9,high,medium,medium,68.9,19.6,7.1,Urea,7.2,51.1,Top dress at 20-30 DAS; broadcast and irrigate,Top dress
soybean,germination,red,75.9,74.8,199.2,medium,medium,high,69.8,31.9,5.9,Rhizobium Biofert,5.0,29.5,Apply at sowing time or within first 7 DAS,Seed treatment reduces N requirement
pomegranate,grain_fill,alluvial,94.2,46.2,114.1,high,medium,high,67.0,26.6,2.4,MOP + Calcium,12.5,30.0,Foliar spray or side dress during grain/fruit development,Fruit development
rabi_maize,pre_sowing,alluvial,184.3,27.0,93.2,high,low,medium,72.7,37.7,8.3,DAP + MOP,42.0,348.6,"Apply 7 days before sowing, mix into topsoil 10-15cm",Same as kharif maize
wheat,pre_sowing,alluvial,255.0,41.6,178.2,high,low,high,26.0,31.8,5.5,DAP + MOP,21.0,115.5,"Apply 7 days before sowing, mix into topsoil 10-15cm",Full P+K; half N
pomegranate,flowering,red,154.7,43.6,117.7,high,low,high,24.3,19.6,6.5,Urea + MOP,9.0,58.5,Apply at flower bud initiation; avoid leaf contact,Fruit set
chickpea,germination,red,132.9,48.0,126.5,high,medium,high,54.9,37.5,7.7,Rhizobium Biofert,5.0,38.5,Apply at sowing time or within first 7 DAS,Seed inoculation
sunflower_kharif,pre_sowing,alluvial,105.8,54.2,141.9,high,medium,high,20.5,32.5,1.2,DAP + MOP,15.0,18.0,"Apply 7 days before sowing, mix into topsoil 10-15cm",Basal
maize_kharif,vegetative,sandy,128.0,112.2,196.3,high,high,high,27.9,22.7,8.3,Urea,15.0,124.5,Top dress at 20-30 DAS; broadcast and irrigate,Knee high stage N
urad,germination,red,250.8,46.7,199.8,high,medium,high,30.6,37.0,4.3,Rhizobium Biofert,5.0,21.5,Apply at sowing time or within first 7 DAS,Seed inoculation
jowar_rabi,pre_sowing,black_cotton,168.0,83.3,125.3,high,high,high,34.6,28.3,3.0,DAP + MOP,9.0,27.0,"Apply 7 days before sowing, mix into topsoil 10-15cm",Full P and K basal
linseed,vegetative,red,216.4,111.2,47.0,high,high,low,71.4,37.1,8.7,Urea,7.2,62.6,Top dress at 20-30 DAS; broadcast and irrigate,Top dress
sunflower_kharif,vegetative,black_cotton,14.0,107.4,119.4,low,high,high,33.8,25.9,8.3,Urea,23.4,194.2,Top dress at 20-30 DAS; broadcast and irrigate,Top dress
sesame,pre_sowing,laterite,221.2,85.8,73.3,high,high,medium,56.2,32.4,1.2,DAP,10.8,13.0,"Apply 7 days before sowing, mix into topsoil 10-15cm",Light feeder
rabi_maize,pre_sowing,black_cotton,180.2,34.2,187.9,high,low,high,64.3,25.1,0.8,DAP + MOP,21.0,16.8,"Apply 7 days before sowing, mix into topsoil 10-15cm",Same as kharif maize
onion,vegetative,sandy,85.8,117.2,152.3,medium,high,high,78.4,32.7,2.8,Urea,20.0,56.0,Top dress at 20-30 DAS; broadcast and irrigate,Leaf development
chickpea,germination,sandy,246.0,73.9,165.8,high,medium,high,58.0,12.1,4.0,Rhizobium Biofert,5.0,20.0,Apply at sowing time or within first 7 DAS,Seed inoculation
chickpea,germination,laterite,146.6,107.4,97.8,high,high,medium,73.1,28.0,8.5,Rhizobium Biofert,5.0,42.5,Apply at sowing time or within first 7 DAS,Seed inoculation
groundnut,grain_fill,laterite,205.2,72.7,159.7,high,medium,high,25.7,22.6,6.4,MOP,5.0,32.0,Foliar spray or side dress during grain/fruit development,Kernel filling
sesame,vegetative,sandy,35.5,32.0,155.5,low,low,high,51.7,35.6,6.8,Urea,15.6,106.1,Top dress at 20-30 DAS; broadcast and irrigate,Top dress
watermelon,flowering,laterite,260.8,63.7,125.7,high,medium,high,35.6,34.3,6.3,19:19:19 NPK,3.6,22.7,Apply at flower bud initiation; avoid leaf contact,Fruit set
soybean,germination,laterite,162.5,24.9,110.2,high,low,high,59.3,28.9,8.9,Rhizobium Biofert,5.0,44.5,Apply at sowing time or within first 7 DAS,Seed treatment reduces N requirement
sugarcane,vegetative,red,115.0,87.6,54.2,high,high,medium,23.1,37.2,1.9,Urea + MOP,30.0,57.0,Top dress at 20-30 DAS; broadcast and irrigate,Grand growth period
grapes,pre_sowing,laterite,203.5,26.7,82.1,high,low,medium,44.2,31.1,4.2,DAP + MOP,36.0,151.2,"Apply 7 days before sowing, mix into topsoil 10-15cm",Pruning time dose
moong_kharif,germination,laterite,182.8,100.5,108.2,high,high,high,76.5,17.7,2.1,Rhizobium Biofert,5.0,10.5,Apply at sowing time or within first 7 DAS,Seed treatment
soybean,pre_sowing,black_cotton,253.1,76.4,193.3,high,medium,high,75.9,18.0,9.5,SSP + MOP,12.5,118.8,"Apply 7 days before sowing, mix into topsoil 10-15cm","Basal: 0 N, 50 P2O5, 40 K2O kg/ha via SSP+MOP"
linseed,pre_sowing,alluvial,269.8,50.3,96.1,high,medium,medium,43.7,13.6,9.5,DAP + MOP,20.0,190.0,"Apply 7 days before sowing, mix into topsoil 10-15cm",Basal
wheat,flowering,black_cotton,194.0,115.4,140.4,high,high,high,33.4,21.9,1.6,Urea,6.0,9.6,Apply at flower bud initiation; avoid leaf contact,Grain initiation
linseed,vegetative,sandy,89.9,22.7,182.7,medium,low,high,23.7,36.7,7.4,Urea,12.0,88.8,Top dress at 20-30 DAS; broadcast and irrigate,Top dress
jowar_kharif,pre_sowing,sandy,61.5,38.3,168.2,medium,low,high,25.3,37.4,1.5,DAP,30.0,45.0,"Apply 7 days before sowing, mix into topsoil 10-15cm",Basal P and N
chilli,grain_fill,red,18.3,89.3,143.9,low,high,high,79.4,26.1,3.8,MOP,6.0,22.8,Foliar spray or side dress during grain/fruit development,Pungency development
watermelon,vegetative,alluvial,252.5,40.8,140.2,high,low,high,64.2,20.6,9.5,Urea,9.0,85.5,Top dress at 20-30 DAS; broadcast and irrigate,Vine growth
urad,pre_sowing,black_cotton,123.7,94.4,166.8,high,high,high,46.6,23.5,5.7,SSP + MOP,5.4,30.8,"Apply 7 days before sowing, mix into topsoil 10-15cm",Basal P+K
maize_kharif,pre_sowing,laterite,262.5,77.5,28.0,high,medium,low,69.4,37.1,6.5,DAP + MOP,43.8,284.7,"Apply 7 days before sowing, mix into topsoil 10-15cm",Full P+K; half N basal
soybean,pre_sowing,red,118.4,29.5,82.7,high,low,medium,34.4,23.8,8.8,SSP + MOP,30.0,264.0,"Apply 7 days before sowing, mix into topsoil 10-15cm","Basal: 0 N, 50 P2O5, 40 K2O kg/ha via SSP+MOP"
sesame,vegetative,alluvial,17.9,50.1,126.6,low,medium,high,73.1,21.1,5.2,Urea,15.6,81.1,Top dress at 20-30 DAS; broadcast and irrigate,Top dress
sugarcane,germination,red,273.6,118.2,96.0,high,high,medium,65.5,21.0,4.2,Urea,15.0,63.0,Apply at sowing time or within first 7 DAS,Germination boost
jowar_rabi,vegetative,sandy,181.2,96.3,126.2,high,high,high,75.2,28.4,3.8,Urea,12.0,45.6,Top dress at 20-30 DAS; broadcast and irrigate,Split N top dress
grapes,grain_fill,red,126.0,48.1,102.5,high,medium,high,37.5,17.7,2.1,MOP,10.0,21.0,Foliar spray or side dress during grain/fruit development,Maturity
urad,pre_sowing,laterite,237.3,95.2,89.5,high,high,medium,25.8,19.0,1.5,SSP + MOP,10.8,16.2,"Apply 7 days before sowing, mix into topsoil 10-15cm",Basal P+K
bajra,pre_sowing,black_cotton,74.8,58.7,33.6,medium,medium,low,68.9,28.8,2.6,DAP,20.0,52.0,"Apply 7 days before sowing, mix into topsoil 10-15cm",Basal P
groundnut,grain_fill,red,229.4,76.5,138.9,high,medium,high,62.8,24.9,7.5,MOP,5.0,37.5,Foliar spray or side dress during grain/fruit development,Kernel filling
orange,flowering,red,29.0,119.9,24.9,low,high,low,78.3,29.8,10.0,Urea,26.0,260.0,Apply at flower bud initiation; avoid leaf contact,Flush growth
chilli,vegetative,black_cotton,29.2,93.5,116.6,low,high,high,42.0,18.1,9.0,Urea,23.4,210.6,Top dress at 20-30 DAS; broadcast and irrigate,Plant establishment
onion,vegetative,black_cotton,53.0,75.1,71.9,medium,medium,medium,61.9,26.3,0.7,Urea,20.0,14.0,Top dress at 20-30 DAS; broadcast and irrigate,Leaf development
moong_rabi,germination,alluvial,44.2,57.1,179.3,medium,medium,high,57.8,18.4,8.1,Rhizobium Biofert,5.0,40.5,Apply at sowing time or within first 7 DAS,Seed treatment
tomato,flowering,black_cotton,72.2,78.3,67.4,medium,medium,medium,54.9,17.1,6.0,19:19:19 NPK,15.0,90.0,Apply at flower bud initiation; avoid leaf contact,Balanced NPK at fruit set
chilli,vegetative,laterite,17.8,71.6,153.2,low,medium,high,76.9,19.2,5.1,Urea,23.4,119.3,Top dress at 20-30 DAS; broadcast and irrigate,Plant establishment
urad,germination,sandy,192.6,25.4,120.9,high,low,high,55.0,19.8,6.7,Rhizobium Biofert,5.0,33.5,Apply at sowing time or within first 7 DAS,Seed inoculation
sunflower_rabi,flowering,sandy,137.0,111.7,136.8,high,high,high,74.0,14.6,6.5,Boron Spray,5.0,32.5,Apply at flower bud initiation; avoid leaf contact,Pollination support
moong_kharif,germination,alluvial,15.3,109.3,95.3,low,high,medium,61.1,19.7,8.3,Rhizobium Biofert,5.0,41.5,Apply at sowing time or within first 7 DAS,Seed treatment
orange,grain_fill,laterite,207.2,25.3,32.5,high,low,low,62.6,17.9,6.4,MOP + Micronutrient,25.0,160.0,Foliar spray or side dress during grain/fruit development,Fruit color + quality
sunflower_rabi,flowering,alluvial,20.1,50.0,198.4,low,medium,high,69.5,30.9,2.2,Boron Spray,5.0,11.0,Apply at flower bud initiation; avoid leaf contact,Pollination support
groundnut,flowering,red,155.1,109.8,84.3,high,high,medium,36.6,33.3,0.9,Gypsum,25.0,22.5,Apply at flower bud initiation; avoid leaf contact,Peg development
sunflower_kharif,flowering,red,111.6,76.9,148.9,high,medium,high,43.5,33.5,6.0,Boron Spray,5.0,30.0,Apply at flower bud initiation; avoid leaf contact,Prevent hollow stem
grapes,pre_sowing,red,40.2,66.9,142.3,medium,medium,high,28.4,19.5,1.1,DAP + MOP,15.0,16.5,"Apply 7 days before sowing, mix into topsoil 10-15cm",Pruning time dose
soybean,flowering,black_cotton,233.7,32.2,122.3,high,low,high,77.7,29.7,1.2,MOP,5.0,6.0,Apply at flower bud initiation; avoid leaf contact,K boost for pod setting
tomato,pre_sowing,red,210.2,25.1,148.1,high,low,high,20.3,15.6,3.0,DAP + MOP,24.0,72.0,"Apply 7 days before sowing, mix into topsoil 10-15cm",Full P+K; half N
sunflower_rabi,vegetative,alluvial,170.9,110.7,189.1,high,high,high,64.1,22.3,9.9,Urea,10.8,106.9,Top dress at 20-30 DAS; broadcast and irrigate,Top dress
banana,flowering,alluvial,41.8,84.4,95.2,medium,high,medium,61.4,28.0,5.3,Urea + MOP,45.0,238.5,Apply at flower bud initiation; avoid leaf contact,Bunch initiation
urad,pre_sowing,black_cotton,101.6,60.3,144.2,high,medium,high,39.0,18.5,9.1,SSP + MOP,9.0,81.9,"Apply 7 days before sowing, mix into topsoil 10-15cm",Basal P+K
groundnut,flowering,laterite,93.5,97.7,139.3,high,high,high,45.4,26.9,3.9,Gypsum,25.0,97.5,Apply at flower bud initiation; avoid leaf contact,Peg development
sunflower_rabi,flowering,black_cotton,162.5,57.2,76.1,high,medium,medium,33.8,30.0,9.0,Boron Spray,5.0,45.0,Apply at flower bud initiation; avoid leaf contact,Pollination support
rabi_maize,flowering,alluvial,209.5,23.9,192.0,high,low,high,40.6,29.3,9.1,Urea,10.8,98.3,Apply at flower bud initiation; avoid leaf contact,Booster
sunflower_rabi,vegetative,red,63.2,86.7,187.6,medium,high,high,74.1,23.9,6.8,Urea,18.0,122.4,Top dress at 20-30 DAS; broadcast and irrigate,Top dress
sugarcane,harvest,black_cotton,43.8,111.0,30.4,medium,high,low,54.4,15.3,7.4,MOP,25.0,185.0,Do not apply; withholding period required,Juice quality
moong_rabi,pre_sowing,sandy,37.8,61.7,110.1,low,medium,high,20.2,35.3,7.9,SSP + MOP,9.0,71.1,"Apply 7 days before sowing, mix into topsoil 10-15cm",Same as kharif moong
linseed,pre_sowing,sandy,275.1,68.7,157.6,high,medium,high,75.9,32.2,7.6,DAP + MOP,10.0,76.0,"Apply 7 days before sowing, mix into topsoil 10-15cm",Basal
safflower,vegetative,alluvial,50.7,38.5,152.9,medium,low,high,31.4,13.5,1.6,Urea,15.0,24.0,Top dress at 20-30 DAS; broadcast and irrigate,Rosette stage
mustard,flowering,alluvial,180.5,55.2,63.9,high,medium,medium,73.1,13.3,8.8,Urea,6.0,52.8,Apply at flower bud initiation; avoid leaf contact,Booster
turmeric,vegetative,sandy,30.4,83.3,175.9,low,high,high,56.6,13.3,3.9,Urea + MOP,19.5,76.0,Top dress at 20-30 DAS; broadcast and irrigate,Rhizome development
mustard,vegetative,laterite,78.6,33.7,48.4,medium,low,low,60.9,13.6,3.6,Urea,18.0,64.8,Top dress at 20-30 DAS; broadcast and irrigate,Top dress at 20 DAS
groundnut,germination,black_cotton,110.8,74.3,117.3,high,medium,high,71.9,24.3,4.0,Rhizobium Biofert,5.0,20.0,Apply at sowing time or within first 7 DAS,Seed inoculation
maize_kharif,pre_sowing,laterite,43.7,89.7,139.7,medium,high,high,47.6,31.6,2.4,DAP + MOP,10.5,25.2,"Apply 7 days before sowing, mix into topsoil 10-15cm",Full P+K; half N basal
urad,pre_sowing,red,272.3,55.0,70.1,high,medium,medium,46.8,29.1,4.1,SSP + MOP,18.0,73.8,"Apply 7 days before sowing, mix into topsoil 10-15cm",Basal P+K
pomegranate,grain_fill,black_cotton,123.5,70.5,147.0,high,medium,high,76.2,16.8,9.0,MOP + Calcium,12.5,112.5,Foliar spray or side dress during grain/fruit development,Fruit development
sugarcane,pre_sowing,laterite,125.5,29.9,33.0,high,low,low,44.6,28.6,9.2,DAP + MOP,75.0,690.0,"Apply 7 days before sowing, mix into topsoil 10-15cm",Heavy feeder; high basal
chilli,grain_fill,red,176.2,103.6,54.3,high,high,medium,32.9,28.6,9.6,MOP,12.0,115.2,Foliar spray or side dress during grain/fruit development,Pungency development
soybean,flowering,laterite,86.4,52.9,95.8,medium,medium,medium,67.1,26.4,7.2,MOP,10.0,72.0,Apply at flower bud initiation; avoid leaf contact,K boost for pod setting
mustard,vegetative,sandy,31.0,106.2,64.9,low,high,medium,43.8,26.7,2.1,Urea,23.4,49.1,Top dress at 20-30 DAS; broadcast and irrigate,Top dress at 20 DAS
mustard,vegetative,black_cotton,221.6,119.5,90.5,high,high,medium,71.5,37.1,3.1,Urea,10.8,33.5,Top dress at 20-30 DAS; broadcast and irrigate,Top dress at 20 DAS
chickpea,germination,alluvial,260.5,116.4,192.7,high,high,high,45.4,27.2,6.4,Rhizobium Biofert,5.0,32.0,Apply at sowing time or within first 7 DAS,Seed inoculation
wheat,flowering,sandy,271.6,82.7,54.7,high,high,medium,49.1,27.2,7.5,Urea,6.0,45.0,Apply at flower bud initiation; avoid leaf contact,Grain initiation
tur_arhar,germination,sandy,85.6,60.6,180.9,medium,medium,high,27.1,19.5,2.8,Rhizobium Biofert,5.0,14.0,Apply at sowing time or within first 7 DAS,Seed treatment
maize_kharif,grain_fill,laterite,247.9,58.1,131.7,high,medium,high,35.1,30.9,6.1,MOP,5.0,30.5,Foliar spray or side dress during grain/fruit development,Cob development
orange,grain_fill,red,40.4,94.2,148.9,medium,high,high,23.1,35.5,7.2,MOP + Micronutrient,10.0,72.0,Foliar spray or side dress during grain/fruit development,Fruit color + quality
sunflower_kharif,pre_sowing,laterite,145.9,96.9,33.0,high,high,low,65.9,14.6,9.0,DAP + MOP,22.5,202.5,"Apply 7 days before sowing, mix into topsoil 10-15cm",Basal
safflower,pre_sowing,laterite,266.0,61.4,48.2,high,medium,low,21.9,15.3,9.3,DAP + MOP,31.2,290.2,"Apply 7 days before sowing, mix into topsoil 10-15cm",Basal
cucumber,flowering,sandy,154.8,69.3,190.7,high,medium,high,76.1,14.5,9.1,MOP,6.0,54.6,Apply at flower bud initiation; avoid leaf contact,Fruit quality
chilli,flowering,alluvial,36.0,39.6,118.5,low,low,high,34.8,26.1,0.8,19:19:19 NPK,9.8,7.8,Apply at flower bud initiation; avoid leaf contact,Fruit set
jowar_rabi,flowering,alluvial,154.0,114.7,189.0,high,high,high,67.0,19.8,9.8,Urea,7.2,70.6,Apply at flower bud initiation; avoid leaf contact,Light booster
chickpea,germination,alluvial,193.9,92.0,22.8,high,high,low,62.4,20.7,7.1,Rhizobium Biofert,5.0,35.5,Apply at sowing time or within first 7 DAS,Seed inoculation
cotton,pre_sowing,alluvial,38.8,104.3,154.0,low,high,high,34.0,24.8,5.6,DAP + MOP,12.0,67.2,"Apply 7 days before sowing, mix into topsoil 10-15cm",Basal: 25N 25P 25K
tur_arhar,flowering,laterite,23.8,31.9,33.1,low,low,low,22.0,36.2,7.5,MOP,12.5,93.8,Apply at flower bud initiation; avoid leaf contact,Pod setting
jowar_rabi,pre_sowing,sandy,48.9,96.4,178.4,medium,high,high,47.8,32.9,9.9,DAP + MOP,9.0,89.1,"Apply 7 days before sowing, mix into topsoil 10-15cm",Full P and K basal
watermelon,flowering,alluvial,251.9,55.3,38.3,high,medium,low,68.3,20.0,9.0,19:19:19 NPK,9.0,81.0,Apply at flower bud initiation; avoid leaf contact,Fruit set
pomegranate,pre_sowing,sandy,73.2,31.3,74.5,medium,low,medium,78.5,12.5,3.7,DAP + MOP,42.0,155.4,"Apply 7 days before sowing, mix into topsoil 10-15cm",Pre-bloom
turmeric,vegetative,sandy,259.4,118.2,199.9,high,high,high,52.1,32.3,6.1,Urea + MOP,9.0,54.9,Top dress at 20-30 DAS; broadcast and irrigate,Rhizome development
groundnut,grain_fill,red,127.0,67.3,174.7,high,medium,high,32.9,35.3,9.7,MOP,5.0,48.5,Foliar spray or side dress during grain/fruit development,Kernel filling
groundnut,grain_fill,alluvial,156.7,59.0,140.7,high,medium,high,32.9,27.1,3.1,MOP,5.0,15.5,Foliar spray or side dress during grain/fruit development,Kernel filling
sunflower_kharif,pre_sowing,red,167.4,71.5,66.6,high,medium,medium,72.2,19.2,6.5,DAP + MOP,30.0,195.0,"Apply 7 days before sowing, mix into topsoil 10-15cm",Basal
sunflower_kharif,pre_sowing,black_cotton,270.7,59.2,35.3,high,medium,low,58.2,19.5,4.7,DAP + MOP,37.5,176.2,"Apply 7 days before sowing, mix into topsoil 10-15cm",Basal
bajra,flowering,laterite,46.7,111.4,134.3,medium,high,high,40.8,26.9,9.3,Urea,10.0,93.0,Apply at flower bud initiation; avoid leaf contact,Booster dose
chilli,vegetative,alluvial,157.4,21.1,113.7,high,low,high,79.4,37.0,2.3,Urea,10.8,24.8,Top dress at 20-30 DAS; broadcast and irrigate,Plant establishment
sunflower_kharif,flowering,red,243.8,116.9,95.6,high,high,medium,21.1,23.8,4.4,Boron Spray,5.0,22.0,Apply at flower bud initiation; avoid leaf contact,Prevent hollow stem
bajra,vegetative,alluvial,18.3,114.5,64.8,low,high,medium,40.9,36.5,6.8,Urea,23.4,159.1,Top dress at 20-30 DAS; broadcast and irrigate,N top dress 3 weeks after sowing
wheat,vegetative,red,32.7,95.1,105.6,low,high,high,50.6,14.9,9.8,Urea,26.0,254.8,Top dress at 20-30 DAS; broadcast and irrigate,Tillering
moong_rabi,pre_sowing,black_cotton,25.0,71.0,45.9,low,medium,low,78.1,27.1,4.7,SSP + MOP,22.5,105.8,"Apply 7 days before sowing, mix into topsoil 10-15cm",Same as kharif moong
banana,pre_sowing,alluvial,259.7,102.8,194.0,high,high,high,32.4,18.9,3.2,DAP + MOP,18.0,57.6,"Apply 7 days before sowing, mix into topsoil 10-15cm",Heavy K feeder; high basal
mustard,vegetative,sandy,26.5,85.9,114.3,low,high,high,75.6,34.9,3.0,Urea,23.4,70.2,Top dress at 20-30 DAS; broadcast and irrigate,Top dress at 20 DAS
turmeric,pre_sowing,black_cotton,63.6,55.1,84.3,medium,medium,medium,40.5,28.4,4.3,DAP + MOP,40.0,172.0,"Apply 7 days before sowing, mix into topsoil 10-15cm",High K demand
sunflower_rabi,pre_sowing,red,106.3,54.1,95.6,high,medium,medium,41.6,13.3,7.4,DAP + MOP,30.0,222.0,"Apply 7 days before sowing, mix into topsoil 10-15cm",Basal
urad,flowering,alluvial,183.3,112.8,189.2,high,high,high,53.5,30.8,8.5,MOP,4.0,34.0,Apply at flower bud initiation; avoid leaf contact,Pod development
urad,germination,sandy,181.4,67.4,181.5,high,medium,high,60.1,27.8,5.3,Rhizobium Biofert,5.0,26.5,Apply at sowing time or within first 7 DAS,Seed inoculation
sesame,pre_sowing,laterite,110.7,87.1,197.0,high,high,high,61.2,18.2,1.4,DAP,10.8,15.1,"Apply 7 days before sowing, mix into topsoil 10-15cm",Light feeder
urad,flowering,black_cotton,48.1,76.8,108.8,medium,medium,high,43.2,24.5,3.1,MOP,4.0,12.4,Apply at flower bud initiation; avoid leaf contact,Pod development
sesame,vegetative,sandy,208.8,119.5,162.9,high,high,high,23.7,18.5,0.9,Urea,7.2,6.5,Top dress at 20-30 DAS; broadcast and irrigate,Top dress
tur_arhar,germination,laterite,103.5,37.5,81.7,high,low,medium,43.6,25.8,9.6,Rhizobium Biofert,5.0,48.0,Apply at sowing time or within first 7 DAS,Seed treatment
banana,grain_fill,sandy,26.7,103.3,130.3,low,high,high,30.7,18.1,3.1,MOP,20.0,62.0,Foliar spray or side dress during grain/fruit development,Bunch filling
turmeric,vegetative,sandy,143.6,107.0,110.5,high,high,high,66.4,19.4,9.3,Urea + MOP,9.0,83.7,Top dress at 20-30 DAS; broadcast and irrigate,Rhizome development
linseed,pre_sowing,laterite,131.8,97.6,32.1,high,high,low,68.7,36.2,6.1,DAP + MOP,15.0,91.5,"Apply 7 days before sowing, mix into topsoil 10-15cm",Basal
bajra,flowering,laterite,18.1,50.9,92.9,low,medium,medium,60.5,27.2,9.7,Urea,13.0,126.1,Apply at flower bud initiation; avoid leaf contact,Booster dose
rabi_maize,flowering,black_cotton,73.6,113.1,26.9,medium,high,low,69.7,36.0,0.5,Urea,18.0,9.0,Apply at flower bud initiation; avoid leaf contact,Booster
tur_arhar,flowering,sandy,90.8,102.3,37.8,high,high,low,46.7,27.9,8.5,MOP,12.5,106.2,Apply at flower bud initiation; avoid leaf contact,Pod setting
sunflower_rabi,vegetative,alluvial,150.3,67.4,190.8,high,medium,high,37.7,25.7,7.8,Urea,10.8,84.2,Top dress at 20-30 DAS; broadcast and irrigate,Top dress
maize_kharif,pre_sowing,black_cotton,244.8,44.8,93.8,high,low,medium,20.9,26.7,1.6,DAP + MOP,42.0,67.2,"Apply 7 days before sowing, mix into topsoil 10-15cm",Full P+K; half N basal
cucumber,pre_sowing,alluvial,137.8,104.2,119.7,high,high,high,27.0,24.3,1.2,DAP + MOP,7.5,9.0,"Apply 7 days before sowing, mix into topsoil 10-15cm",Basal
cucumber,pre_sowing,red,268.6,94.8,61.8,high,high,medium,68.3,34.0,7.2,DAP + MOP,15.0,108.0,"Apply 7 days before sowing, mix into topsoil 10-15cm",Basal
chilli,flowering,laterite,161.2,93.2,125.6,high,high,high,73.8,27.7,2.4,19:19:19 NPK,4.5,10.8,Apply at flower bud initiation; avoid leaf contact,Fruit set
sunflower_rabi,flowering,sandy,69.3,100.3,197.8,medium,high,high,51.0,37.9,9.8,Boron Spray,5.0,49.0,Apply at flower bud initiation; avoid leaf contact,Pollination support
rice,germination,laterite,208.5,25.4,81.3,high,low,medium,76.4,35.3,2.6,Urea,10.8,28.1,Apply at sowing time or within first 7 DAS,7-10 DAS
mustard,flowering,red,39.8,37.3,198.3,low,low,high,61.2,19.9,0.7,Urea,13.0,9.1,Apply at flower bud initiation; avoid leaf contact,Booster
orange,flowering,black_cotton,137.1,116.3,182.1,high,high,high,22.7,16.5,2.3,Urea,12.0,27.6,Apply at flower bud initiation; avoid leaf contact,Flush growth
cucumber,vegetative,black_cotton,86.0,44.7,155.5,medium,low,high,30.2,15.5,4.8,Urea,15.0,72.0,Top dress at 20-30 DAS; broadcast and irrigate,Growth boost
tomato,flowering,red,54.7,44.0,98.5,medium,low,medium,59.5,30.0,3.8,19:19:19 NPK,15.0,57.0,Apply at flower bud initiation; avoid leaf contact,Balanced NPK at fruit set
rice,grain_fill,black_cotton,247.1,83.0,143.6,high,high,high,62.7,23.1,6.7,MOP,6.0,40.2,Foliar spray or side dress during grain/fruit development,Grain filling stage
moong_kharif,pre_sowing,red,69.1,116.6,66.1,medium,high,medium,75.3,18.7,5.2,SSP + MOP,10.8,56.2,"Apply 7 days before sowing, mix into topsoil 10-15cm",Low N legume
cucumber,pre_sowing,sandy,235.2,27.3,168.8,high,low,high,56.4,12.6,6.4,DAP + MOP,15.0,96.0,"Apply 7 days before sowing, mix into topsoil 10-15cm",Basal
linseed,vegetative,laterite,128.2,82.1,42.1,high,high,low,26.3,24.3,2.7,Urea,7.2,19.4,Top dress at 20-30 DAS; broadcast and irrigate,Top dress
moong_kharif,pre_sowing,sandy,265.1,78.4,125.7,high,medium,high,21.3,37.3,3.7,SSP + MOP,9.0,33.3,"Apply 7 days before sowing, mix into topsoil 10-15cm",Low N legume
urad,pre_sowing,black_cotton,50.7,107.3,86.6,medium,high,medium,57.1,15.5,6.6,SSP + MOP,10.8,71.3,"Apply 7 days before sowing, mix into topsoil 10-15cm",Basal P+K
wheat,pre_sowing,black_cotton,257.3,35.4,161.1,high,low,high,42.1,24.1,4.9,DAP + MOP,21.0,102.9,"Apply 7 days before sowing, mix into topsoil 10-15cm",Full P+K; half N
bajra,flowering,alluvial,180.7,37.4,74.5,high,low,medium,40.3,23.5,1.0,Urea,6.0,6.0,Apply at flower bud initiation; avoid leaf contact,Booster dose
pomegranate,grain_fill,alluvial,175.5,75.0,98.0,high,medium,medium,23.1,29.6,2.5,MOP + Calcium,25.0,62.5,Foliar spray or side dress during grain/fruit development,Fruit development
linseed,vegetative,laterite,267.3,59.2,161.1,high,medium,high,25.0,23.7,8.7,Urea,7.2,62.6,Top dress at 20-30 DAS; broadcast and irrigate,Top dress
cucumber,pre_sowing,sandy,19.3,39.5,199.8,low,low,high,40.8,14.0,9.8,DAP + MOP,15.0,147.0,"Apply 7 days before sowing, mix into topsoil 10-15cm",Basal
soybean,germination,alluvial,192.9,101.8,90.0,high,high,medium,24.9,31.5,6.8,Rhizobium Biofert,5.0,34.0,Apply at sowing time or within first 7 DAS,Seed treatment reduces N requirement
watermelon,grain_fill,black_cotton,221.8,112.5,137.0,high,high,high,23.8,12.6,8.0,MOP,7.5,60.0,Foliar spray or side dress during grain/fruit development,Fruit sweetness
cucumber,flowering,black_cotton,201.3,48.5,100.9,high,medium,high,50.6,13.5,8.9,MOP,6.0,53.4,Apply at flower bud initiation; avoid leaf contact,Fruit quality
cucumber,flowering,laterite,225.4,43.8,55.0,high,low,medium,35.0,31.2,5.2,MOP,12.0,62.4,Apply at flower bud initiation; avoid leaf contact,Fruit quality
tur_arhar,pre_sowing,sandy,138.1,49.5,47.5,high,medium,low,74.4,12.6,5.8,SSP + MOP,27.5,159.5,"Apply 7 days before sowing, mix into topsoil 10-15cm",Low N; P+K basal
sunflower_rabi,pre_sowing,laterite,227.9,34.5,72.6,high,low,medium,21.8,15.4,9.7,DAP + MOP,36.0,349.2,"Apply 7 days before sowing, mix into topsoil 10-15cm",Basal
watermelon,vegetative,sandy,132.6,107.7,79.4,high,high,medium,37.5,17.0,2.9,Urea,9.0,26.1,Top dress at 20-30 DAS; broadcast and irrigate,Vine growth
grapes,pre_sowing,alluvial,70.3,72.2,89.2,medium,medium,medium,32.4,32.5,5.5,DAP + MOP,30.0,165.0,"Apply 7 days before sowing, mix into topsoil 10-15cm",Pruning time dose
groundnut,germination,alluvial,20.4,53.3,50.6,low,medium,medium,48.4,21.0,1.2,Rhizobium Biofert,5.0,6.0,Apply at sowing time or within first 7 DAS,Seed inoculation
bajra,vegetative,laterite,44.0,97.0,86.9,medium,high,medium,79.8,14.3,6.5,Urea,18.0,117.0,Top dress at 20-30 DAS; broadcast and irrigate,N top dress 3 weeks after sowing
jowar_rabi,flowering,laterite,11.6,68.6,100.7,low,medium,high,44.4,26.6,0.8,Urea,15.6,12.5,Apply at flower bud initiation; avoid leaf contact,Light booster
urad,germination,alluvial,192.7,53.4,74.3,high,medium,medium,58.7,28.9,2.3,Rhizobium Biofert,5.0,11.5,Apply at sowing time or within first 7 DAS,Seed inoculation
grapes,flowering,red,185.0,43.7,38.2,high,low,low,75.5,21.7,4.7,13:00:45 NPK,11.2,52.6,Apply at flower bud initiation; avoid leaf contact,Berry set
onion,pre_sowing,black_cotton,99.2,104.6,95.4,high,high,medium,51.0,28.6,10.0,DAP + MOP,21.0,210.0,"Apply 7 days before sowing, mix into topsoil 10-15cm",Full P+K; half N
urad,germination,black_cotton,245.6,78.0,56.8,high,medium,medium,79.6,14.8,2.6,Rhizobium Biofert,5.0,13.0,Apply at sowing time or within first 7 DAS,Seed inoculation
grapes,pre_sowing,laterite,202.6,75.4,23.8,high,medium,low,36.8,28.0,6.3,DAP + MOP,37.5,236.2,"Apply 7 days before sowing, mix into topsoil 10-15cm",Pruning time dose
banana,grain_fill,alluvial,160.1,114.9,48.0,high,high,low,40.4,20.1,9.3,MOP,50.0,465.0,Foliar spray or side dress during grain/fruit development,Bunch filling
chilli,vegetative,laterite,125.8,110.4,173.5,high,high,high,64.7,15.9,6.8,Urea,10.8,73.4,Top dress at 20-30 DAS; broadcast and irrigate,Plant establishment
sesame,vegetative,sandy,137.7,72.6,48.8,high,medium,low,56.3,29.0,7.9,Urea,7.2,56.9,Top dress at 20-30 DAS; broadcast and irrigate,Top dress
cotton,flowering,sandy,148.8,77.0,158.3,high,medium,high,21.1,22.9,1.4,Urea,15.0,21.0,Apply at flower bud initiation; avoid leaf contact,Boll development
linseed,vegetative,black_cotton,36.2,66.6,106.3,low,medium,high,60.6,22.1,7.5,Urea,15.6,117.0,Top dress at 20-30 DAS; broadcast and irrigate,Top dress
chickpea,germination,sandy,13.7,90.3,140.7,low,high,high,65.1,25.3,0.9,Rhizobium Biofert,5.0,4.5,Apply at sowing time or within first 7 DAS,Seed inoculation
watermelon,pre_sowing,laterite,73.1,46.5,57.5,medium,medium,medium,26.5,23.6,4.9,DAP + MOP,30.0,147.0,"Apply 7 days before sowing, mix into topsoil 10-15cm",Basal
orange,grain_fill,sandy,146.3,80.8,124.3,high,high,high,38.3,28.9,7.5,MOP + Micronutrient,10.0,75.0,Foliar spray or side dress during grain/fruit development,Fruit color + quality
groundnut,pre_sowing,black_cotton,30.5,65.6,36.4,low,medium,low,72.6,34.1,5.6,SSP + Gypsum,30.0,168.0,"Apply 7 days before sowing, mix into topsoil 10-15cm",Ca from gypsum for pod fill
sunflower_kharif,flowering,laterite,71.8,119.6,158.8,medium,high,high,25.7,30.1,9.5,Boron Spray,5.0,47.5,Apply at flower bud initiation; avoid leaf contact,Prevent hollow stem
sesame,pre_sowing,alluvial,114.4,27.5,78.8,high,low,medium,67.2,25.2,9.8,DAP,21.6,211.7,"Apply 7 days before sowing, mix into topsoil 10-15cm",Light feeder
rabi_maize,pre_sowing,red,187.9,109.1,116.4,high,high,high,56.6,15.1,2.7,DAP + MOP,10.5,28.4,"Apply 7 days before sowing, mix into topsoil 10-15cm",Same as kharif maize
pomegranate,grain_fill,sandy,151.2,23.2,76.0,high,low,medium,61.1,23.6,3.2,MOP + Calcium,25.0,80.0,Foliar spray or side dress during grain/fruit development,Fruit development
maize_kharif,pre_sowing,laterite,21.1,20.3,131.5,low,low,high,41.7,13.4,2.7,DAP + MOP,21.0,56.7,"Apply 7 days before sowing, mix into topsoil 10-15cm",Full P+K; half N basal
watermelon,pre_sowing,alluvial,59.9,54.6,89.4,medium,medium,medium,52.4,18.2,0.8,DAP + MOP,30.0,24.0,"Apply 7 days before sowing, mix into topsoil 10-15cm",Basal
watermelon,pre_sowing,alluvial,64.4,72.5,144.5,medium,medium,high,37.3,17.8,9.5,DAP + MOP,15.0,142.5,"Apply 7 days before sowing, mix into topsoil 10-15cm",Basal
linseed,pre_sowing,laterite,243.8,40.5,180.1,high,low,high,57.5,30.6,1.3,DAP + MOP,12.0,15.6,"Apply 7 days before sowing, mix into topsoil 10-15cm",Basal
jowar_kharif,vegetative,alluvial,45.1,34.9,35.8,medium,low,low,79.0,36.5,1.9,Urea,20.0,38.0,Top dress at 20-30 DAS; broadcast and irrigate,Top dress after 3-4 weeks
chickpea,germination,black_cotton,169.5,93.9,82.6,high,high,medium,72.3,34.8,6.6,Rhizobium Biofert,5.0,33.0,Apply at sowing time or within first 7 DAS,Seed inoculation
moong_rabi,flowering,red,261.1,94.6,197.9,high,high,high,47.0,18.5,0.5,MOP,4.0,2.0,Apply at flower bud initiation; avoid leaf contact,Pod fill
safflower,vegetative,sandy,193.7,95.7,164.7,high,high,high,39.5,25.8,7.7,Urea,9.0,69.3,Top dress at 20-30 DAS; broadcast and irrigate,Rosette stage
sesame,pre_sowing,red,220.6,30.5,179.7,high,low,high,40.3,36.6,1.6,DAP,21.6,34.6,"Apply 7 days before sowing, mix into topsoil 10-15cm",Light feeder
turmeric,vegetative,laterite,175.6,28.5,152.5,high,low,high,51.5,28.9,4.4,Urea + MOP,9.0,39.6,Top dress at 20-30 DAS; broadcast and irrigate,Rhizome development
mustard,pre_sowing,black_cotton,210.7,64.2,178.1,high,medium,high,69.4,17.9,7.7,DAP + MOP,12.5,96.2,"Apply 7 days before sowing, mix into topsoil 10-15cm",Basal; sulfur from SSP
sugarcane,vegetative,laterite,233.9,38.1,189.6,high,low,high,48.0,14.5,9.7,Urea + MOP,15.0,145.5,Top dress at 20-30 DAS; broadcast and irrigate,Grand growth period
groundnut,flowering,laterite,151.6,37.5,190.2,high,low,high,46.8,20.3,4.4,Gypsum,25.0,110.0,Apply at flower bud initiation; avoid leaf contact,Peg development
cucumber,flowering,sandy,91.7,36.3,32.0,high,low,low,37.4,20.1,9.9,MOP,15.0,148.5,Apply at flower bud initiation; avoid leaf contact,Fruit quality
rice,germination,laterite,262.7,94.9,37.7,high,high,low,73.2,36.0,8.7,Urea,10.8,94.0,Apply at sowing time or within first 7 DAS,7-10 DAS
sunflower_rabi,pre_sowing,alluvial,237.9,114.1,128.1,high,high,high,65.1,24.2,3.0,DAP + MOP,9.0,27.0,"Apply 7 days before sowing, mix into topsoil 10-15cm",Basal
jowar_kharif,pre_sowing,black_cotton,195.7,95.5,26.1,high,high,low,54.0,20.8,3.9,DAP,15.0,58.5,"Apply 7 days before sowing, mix into topsoil 10-15cm",Basal P and N
banana,flowering,sandy,133.3,115.7,26.4,high,high,low,45.6,26.0,8.7,Urea + MOP,33.8,294.1,Apply at flower bud initiation; avoid leaf contact,Bunch initiation
jowar_kharif,flowering,alluvial,171.9,112.0,89.2,high,high,medium,29.1,34.0,2.3,Urea,9.0,20.7,Apply at flower bud initiation; avoid leaf contact,Second top dress
groundnut,flowering,sandy,73.1,41.5,35.0,medium,low,low,49.8,17.7,2.2,Gypsum,25.0,55.0,Apply at flower bud initiation; avoid leaf contact,Peg development
chickpea,flowering,sandy,48.0,83.6,42.7,medium,high,low,44.5,22.6,1.5,MOP,10.0,15.0,Apply at flower bud initiation; avoid leaf contact,Foliar K for pod fill
chickpea,pre_sowing,alluvial,157.4,43.8,70.7,high,low,medium,21.1,31.5,3.9,SSP + MOP,24.0,93.6,"Apply 7 days before sowing, mix into topsoil 10-15cm",Low N; P and K basal
tomato,flowering,black_cotton,88.5,36.9,162.4,medium,low,high,27.9,27.9,8.4,19:19:19 NPK,7.5,63.0,Apply at flower bud initiation; avoid leaf contact,Balanced NPK at fruit set
linseed,pre_sowing,laterite,170.8,40.3,132.9,high,low,high,39.2,16.4,5.1,DAP + MOP,12.0,61.2,"Apply 7 days before sowing, mix into topsoil 10-15cm",Basal
chilli,vegetative,laterite,95.5,43.9,103.5,high,low,high,76.3,20.8,8.6,Urea,10.8,92.9,Top dress at 20-30 DAS; broadcast and irrigate,Plant establishment
orange,grain_fill,sandy,152.2,97.6,105.7,high,high,high,29.3,20.3,9.6,MOP + Micronutrient,10.0,96.0,Foliar spray or side dress during grain/fruit development,Fruit color + quality
turmeric,grain_fill,laterite,266.9,50.9,53.4,high,medium,medium,45.6,30.8,1.8,MOP,20.0,36.0,Foliar spray or side dress during grain/fruit development,Curcumin synthesis
jowar_kharif,flowering,sandy,76.4,24.0,145.5,medium,low,high,48.3,34.2,7.8,Urea,15.0,117.0,Apply at flower bud initiation; avoid leaf contact,Second top dress
rice,germination,alluvial,249.4,116.6,112.5,high,high,high,76.6,14.2,1.8,Urea,10.8,19.4,Apply at sowing time or within first 7 DAS,7-10 DAS
watermelon,pre_sowing,red,216.3,35.7,163.9,high,low,high,20.2,30.6,2.6,DAP + MOP,18.0,46.8,"Apply 7 days before sowing, mix into topsoil 10-15cm",Basal
onion,vegetative,black_cotton,249.1,103.3,192.2,high,high,high,45.2,21.2,1.9,Urea,12.0,22.8,Top dress at 20-30 DAS; broadcast and irrigate,Leaf development
safflower,vegetative,laterite,36.6,62.9,192.5,low,medium,high,58.7,14.6,1.8,Urea,19.5,35.1,Top dress at 20-30 DAS; broadcast and irrigate,Rosette stage
pomegranate,grain_fill,laterite,38.2,51.0,64.3,low,medium,medium,78.6,22.8,8.3,MOP + Calcium,25.0,207.5,Foliar spray or side dress during grain/fruit development,Fruit development
wheat,flowering,sandy,47.2,75.4,143.0,medium,medium,high,41.2,33.0,6.1,Urea,10.0,61.0,Apply at flower bud initiation; avoid leaf contact,Grain initiation
urad,flowering,alluvial,202.6,105.2,51.3,high,high,medium,29.9,18.4,4.8,MOP,8.0,38.4,Apply at flower bud initiation; avoid leaf contact,Pod development
sunflower_rabi,pre_sowing,sandy,58.5,101.0,158.0,medium,high,high,60.5,13.3,1.8,DAP + MOP,9.0,16.2,"Apply 7 days before sowing, mix into topsoil 10-15cm",Basal
tur_arhar,germination,red,107.9,28.6,46.3,high,low,low,78.6,35.7,7.2,Rhizobium Biofert,5.0,36.0,Apply at sowing time or within first 7 DAS,Seed treatment
soybean,vegetative,red,112.2,69.2,121.4,high,medium,high,49.0,24.7,1.8,Urea,7.2,13.0,Top dress at 20-30 DAS; broadcast and irrigate,Top dress if N deficiency observed
wheat,pre_sowing,red,195.4,75.1,112.5,high,medium,high,66.4,37.6,4.7,DAP + MOP,17.5,82.2,"Apply 7 days before sowing, mix into topsoil 10-15cm",Full P+K; half N
tur_arhar,flowering,laterite,205.5,54.6,196.3,high,medium,high,33.3,22.3,5.0,MOP,5.0,25.0,Apply at flower bud initiation; avoid leaf contact,Pod setting
grapes,flowering,sandy,189.9,115.6,67.5,high,high,medium,50.7,24.4,8.5,13:00:45 NPK,9.0,76.5,Apply at flower bud initiation; avoid leaf contact,Berry set
watermelon,pre_sowing,alluvial,145.5,90.1,170.7,high,high,high,38.0,34.8,3.7,DAP + MOP,9.0,33.3,"Apply 7 days before sowing, mix into topsoil 10-15cm",Basal
rabi_maize,vegetative,laterite,197.7,90.8,111.9,high,high,high,39.6,17.0,2.1,Urea,15.0,31.5,Top dress at 20-30 DAS; broadcast and irrigate,Top dress
sugarcane,germination,black_cotton,57.0,92.4,176.5,medium,high,high,51.7,18.8,8.7,Urea,25.0,217.5,Apply at sowing time or within first 7 DAS,Germination boost
rabi_maize,pre_sowing,alluvial,23.7,78.9,59.8,low,medium,medium,70.2,17.1,4.4,DAP + MOP,35.0,154.0,"Apply 7 days before sowing, mix into topsoil 10-15cm",Same as kharif maize
wheat,germination,laterite,208.3,33.8,97.9,high,low,medium,54.8,35.6,6.1,Urea,12.0,73.2,Apply at sowing time or within first 7 DAS,CRI stage
cucumber,vegetative,laterite,163.3,67.7,44.5,high,medium,low,78.1,17.0,1.4,Urea,9.0,12.6,Top dress at 20-30 DAS; broadcast and irrigate,Growth boost
chilli,vegetative,laterite,101.3,97.0,96.7,high,high,medium,77.3,35.8,1.4,Urea,10.8,15.1,Top dress at 20-30 DAS; broadcast and irrigate,Plant establishment
rabi_maize,vegetative,alluvial,183.3,106.9,32.3,high,high,low,28.6,15.1,7.6,Urea,15.0,114.0,Top dress at 20-30 DAS; broadcast and irrigate,Top dress
rice,vegetative,red,33.9,48.0,173.7,low,medium,high,48.4,12.0,5.9,Urea,28.6,168.7,Top dress at 20-30 DAS; broadcast and irrigate,25-30 DAS tillering
sunflower_kharif,vegetative,black_cotton,60.0,32.9,144.5,medium,low,high,79.0,17.0,3.9,Urea,18.0,70.2,Top dress at 20-30 DAS; broadcast and irrigate,Top dress
moong_kharif,germination,black_cotton,16.5,63.6,79.1,low,medium,medium,62.9,29.3,9.0,Rhizobium Biofert,5.0,45.0,Apply at sowing time or within first 7 DAS,Seed treatment
banana,flowering,red,244.6,107.2,98.4,high,high,medium,22.7,34.8,4.9,Urea + MOP,27.0,132.3,Apply at flower bud initiation; avoid leaf contact,Bunch initiation
grapes,flowering,red,179.9,82.7,33.0,high,high,low,45.4,14.1,9.5,13:00:45 NPK,11.2,106.4,Apply at flower bud initiation; avoid leaf contact,Berry set
sugarcane,vegetative,black_cotton,76.8,84.2,136.6,medium,high,high,68.4,20.6,2.1,Urea + MOP,25.0,52.5,Top dress at 20-30 DAS; broadcast and irrigate,Grand growth period
groundnut,pre_sowing,sandy,45.9,69.0,30.4,medium,medium,low,35.3,18.9,8.6,SSP + Gypsum,30.0,258.0,"Apply 7 days before sowing, mix into topsoil 10-15cm",Ca from gypsum for pod fill
cotton,vegetative,red,33.7,43.9,53.0,low,low,medium,78.9,20.3,8.9,Urea + MOP,45.5,404.9,Top dress at 20-30 DAS; broadcast and irrigate,Square formation
grapes,flowering,alluvial,73.2,90.9,167.5,medium,high,high,41.3,34.2,2.9,13:00:45 NPK,7.5,21.8,Apply at flower bud initiation; avoid leaf contact,Berry set
rabi_maize,flowering,red,254.5,85.7,70.5,high,high,medium,54.7,26.8,7.9,Urea,10.8,85.3,Apply at flower bud initiation; avoid leaf contact,Booster
maize_kharif,vegetative,sandy,141.1,90.8,118.7,high,high,high,30.3,28.9,7.6,Urea,15.0,114.0,Top dress at 20-30 DAS; broadcast and irrigate,Knee high stage N
sunflower_rabi,pre_sowing,black_cotton,198.4,101.2,96.8,high,high,medium,72.2,18.2,6.8,DAP + MOP,18.0,122.4,"Apply 7 days before sowing, mix into topsoil 10-15cm",Basal
sunflower_kharif,flowering,laterite,45.4,54.7,162.6,medium,medium,high,73.9,27.8,7.0,Boron Spray,5.0,35.0,Apply at flower bud initiation; avoid leaf contact,Prevent hollow stem
urad,flowering,alluvial,115.4,86.4,38.9,high,high,low,60.4,12.6,2.0,MOP,10.0,20.0,Apply at flower bud initiation; avoid leaf contact,Pod development
rice,flowering,black_cotton,257.9,82.2,171.4,high,high,high,66.4,16.9,4.1,Urea + MOP,6.0,24.6,Apply at flower bud initiation; avoid leaf contact,Panicle initiation
moong_rabi,germination,alluvial,209.6,104.7,102.5,high,high,high,25.0,33.2,0.8,Rhizobium Biofert,5.0,4.0,Apply at sowing time or within first 7 DAS,Seed treatment
rice,germination,laterite,71.3,106.5,132.2,medium,high,high,45.0,12.5,4.8,Urea,18.0,86.4,Apply at sowing time or within first 7 DAS,7-10 DAS
watermelon,pre_sowing,alluvial,236.2,50.7,90.6,high,medium,medium,61.6,26.5,7.4,DAP + MOP,30.0,222.0,"Apply 7 days before sowing, mix into topsoil 10-15cm",Basal
cucumber,vegetative,laterite,61.9,40.6,103.7,medium,low,high,53.9,34.3,6.8,Urea,15.0,102.0,Top dress at 20-30 DAS; broadcast and irrigate,Growth boost
jowar_rabi,flowering,alluvial,147.3,118.1,102.1,high,high,high,60.4,13.3,8.1,Urea,7.2,58.3,Apply at flower bud initiation; avoid leaf contact,Light booster
jowar_kharif,vegetative,alluvial,211.4,115.1,39.8,high,high,low,44.4,13.7,6.4,Urea,12.0,76.8,Top dress at 20-30 DAS; broadcast and irrigate,Top dress after 3-4 weeks
jowar_rabi,vegetative,black_cotton,100.7,82.6,168.9,high,high,high,68.0,25.6,7.6,Urea,12.0,91.2,Top dress at 20-30 DAS; broadcast and irrigate,Split N top dress
safflower,flowering,laterite,13.8,113.0,67.1,low,high,medium,32.8,18.6,2.3,Urea,13.0,29.9,Apply at flower bud initiation; avoid leaf contact,Capitulum stage
groundnut,germination,laterite,270.4,74.0,81.1,high,medium,medium,73.8,35.5,1.0,Rhizobium Biofert,5.0,5.0,Apply at sowing time or within first 7 DAS,Seed inoculation
wheat,flowering,laterite,83.3,22.3,45.8,medium,low,low,74.4,36.2,6.3,Urea,10.0,63.0,Apply at flower bud initiation; avoid leaf contact,Grain initiation
jowar_kharif,flowering,alluvial,245.5,60.5,178.9,high,medium,high,21.5,17.8,6.0,Urea,9.0,54.0,Apply at flower bud initiation; avoid leaf contact,Second top dress
cucumber,pre_sowing,black_cotton,173.7,68.0,150.1,high,medium,high,41.3,23.8,7.0,DAP + MOP,12.5,87.5,"Apply 7 days before sowing, mix into topsoil 10-15cm",Basal
maize_kharif,flowering,black_cotton,215.7,104.4,114.6,high,high,high,36.7,26.5,8.6,Urea,12.0,103.2,Apply at flower bud initiation; avoid leaf contact,Tasselling stage
moong_kharif,flowering,laterite,236.1,99.7,191.7,high,high,high,61.0,25.3,2.1,MOP,4.0,8.4,Apply at flower bud initiation; avoid leaf contact,Pod fill
wheat,vegetative,black_cotton,118.9,67.0,168.7,high,medium,high,26.6,19.5,8.8,Urea,12.0,105.6,Top dress at 20-30 DAS; broadcast and irrigate,Tillering
tur_arhar,pre_sowing,sandy,64.1,27.0,103.0,medium,low,high,42.9,15.5,1.1,SSP + MOP,13.2,14.5,"Apply 7 days before sowing, mix into topsoil 10-15cm",Low N; P+K basal
jowar_rabi,flowering,black_cotton,238.8,75.4,147.1,high,medium,high,24.3,20.1,5.3,Urea,7.2,38.2,Apply at flower bud initiation; avoid leaf contact,Light booster
soybean,flowering,sandy,247.6,84.8,86.5,high,high,medium,75.7,35.3,3.4,MOP,10.0,34.0,Apply at flower bud initiation; avoid leaf contact,K boost for pod setting
sesame,vegetative,red,229.4,81.0,92.2,high,high,medium,40.9,16.5,8.6,Urea,7.2,61.9,Top dress at 20-30 DAS; broadcast and irrigate,Top dress
onion,harvest,red,190.4,95.3,78.6,high,high,medium,23.8,32.9,7.4,NO FERTILIZER,0.0,0.0,Do not apply; withholding period required,Stop 3 weeks before harvest
rice,vegetative,black_cotton,15.8,95.2,84.0,low,high,medium,33.5,13.3,4.6,Urea,28.6,131.6,Top dress at 20-30 DAS; broadcast and irrigate,25-30 DAS tillering
turmeric,vegetative,red,272.2,104.5,73.6,high,high,medium,33.1,13.0,9.1,Urea + MOP,18.0,163.8,Top dress at 20-30 DAS; broadcast and irrigate,Rhizome development
orange,grain_fill,black_cotton,201.6,33.7,41.6,high,low,low,74.6,21.4,7.4,MOP + Micronutrient,25.0,185.0,Foliar spray or side dress during grain/fruit development,Fruit color + quality
moong_kharif,pre_sowing,sandy,257.3,114.5,117.8,high,high,high,62.0,12.5,3.1,SSP + MOP,5.4,16.7,"Apply 7 days before sowing, mix into topsoil 10-15cm",Low N legume
cotton,vegetative,sandy,238.4,48.7,102.4,high,medium,high,42.4,13.9,3.2,Urea + MOP,10.5,33.6,Top dress at 20-30 DAS; broadcast and irrigate,Square formation
turmeric,pre_sowing,sandy,170.3,65.7,153.0,high,medium,high,48.5,22.1,3.9,DAP + MOP,20.0,78.0,"Apply 7 days before sowing, mix into topsoil 10-15cm",High K demand
orange,grain_fill,laterite,14.9,102.2,109.7,low,high,high,68.1,37.9,4.4,MOP + Micronutrient,10.0,44.0,Foliar spray or side dress during grain/fruit development,Fruit color + quality
bajra,flowering,red,202.5,39.8,84.3,high,low,medium,69.2,15.7,0.8,Urea,6.0,4.8,Apply at flower bud initiation; avoid leaf contact,Booster dose
cotton,grain_fill,alluvial,215.5,23.2,60.0,high,low,medium,57.6,19.7,5.0,MOP,15.0,75.0,Foliar spray or side dress during grain/fruit development,Fibre quality
onion,harvest,black_cotton,252.4,29.4,136.7,high,low,high,22.1,31.4,7.2,NO FERTILIZER,0.0,0.0,Do not apply; withholding period required,Stop 3 weeks before harvest
jowar_rabi,vegetative,sandy,132.8,35.5,109.6,high,low,high,73.2,26.9,3.0,Urea,12.0,36.0,Top dress at 20-30 DAS; broadcast and irrigate,Split N top dress
maize_kharif,flowering,sandy,73.9,75.3,75.1,medium,medium,medium,66.5,15.8,7.1,Urea,20.0,142.0,Apply at flower bud initiation; avoid leaf contact,Tasselling stage
groundnut,germination,alluvial,60.0,24.5,162.0,medium,low,high,26.8,18.5,6.7,Rhizobium Biofert,5.0,33.5,Apply at sowing time or within first 7 DAS,Seed inoculation
cucumber,pre_sowing,alluvial,29.7,93.9,109.7,low,high,high,71.5,30.0,8.0,DAP + MOP,7.5,60.0,"Apply 7 days before sowing, mix into topsoil 10-15cm",Basal
tur_arhar,germination,red,44.9,75.8,109.5,medium,medium,high,37.2,22.0,7.1,Rhizobium Biofert,5.0,35.5,Apply at sowing time or within first 7 DAS,Seed treatment
chickpea,germination,red,73.8,63.6,146.5,medium,medium,high,45.2,18.5,4.3,Rhizobium Biofert,5.0,21.5,Apply at sowing time or within first 7 DAS,Seed inoculation
pomegranate,grain_fill,black_cotton,256.2,93.3,41.6,high,high,low,45.4,36.6,2.2,MOP + Calcium,31.2,68.6,Foliar spray or side dress during grain/fruit development,Fruit development
sunflower_rabi,vegetative,laterite,187.9,59.6,173.6,high,medium,high,59.0,24.9,6.6,Urea,10.8,71.3,Top dress at 20-30 DAS; broadcast and irrigate,Top dress
safflower,vegetative,black_cotton,108.8,40.7,86.9,high,low,medium,53.8,24.7,7.1,Urea,9.0,63.9,Top dress at 20-30 DAS; broadcast and irrigate,Rosette stage
moong_rabi,germination,sandy,54.8,21.2,194.1,medium,low,high,45.3,20.1,9.1,Rhizobium Biofert,5.0,45.5,Apply at sowing time or within first 7 DAS,Seed treatment
chickpea,flowering,laterite,43.8,47.8,66.3,medium,medium,medium,76.6,35.4,7.1,MOP,8.0,56.8,Apply at flower bud initiation; avoid leaf contact,Foliar K for pod fill
rice,grain_fill,black_cotton,16.0,58.7,99.2,low,medium,medium,42.3,21.8,7.2,MOP,12.0,86.4,Foliar spray or side dress during grain/fruit development,Grain filling stage
mustard,vegetative,laterite,160.6,62.5,85.3,high,medium,medium,76.0,14.1,0.9,Urea,10.8,9.7,Top dress at 20-30 DAS; broadcast and irrigate,Top dress at 20 DAS
watermelon,vegetative,black_cotton,263.7,107.0,21.0,high,high,low,44.0,19.6,4.7,Urea,9.0,42.3,Top dress at 20-30 DAS; broadcast and irrigate,Vine growth
urad,pre_sowing,laterite,151.3,48.5,63.4,high,medium,medium,49.4,21.5,9.8,SSP + MOP,18.0,176.4,"Apply 7 days before sowing, mix into topsoil 10-15cm",Basal P+K
groundnut,germination,black_cotton,56.2,88.4,95.4,medium,high,medium,76.2,28.4,1.5,Rhizobium Biofert,5.0,7.5,Apply at sowing time or within first 7 DAS,Seed inoculation
sunflower_rabi,vegetative,sandy,229.1,84.7,61.9,high,high,medium,58.9,25.2,1.0,Urea,10.8,10.8,Top dress at 20-30 DAS; broadcast and irrigate,Top dress
wheat,vegetative,red,222.7,91.4,142.1,high,high,high,54.8,25.9,7.6,Urea,12.0,91.2,Top dress at 20-30 DAS; broadcast and irrigate,Tillering
tomato,pre_sowing,alluvial,38.9,82.0,165.9,low,high,high,73.4,29.0,0.8,DAP + MOP,12.0,9.6,"Apply 7 days before sowing, mix into topsoil 10-15cm",Full P+K; half N
banana,grain_fill,black_cotton,21.6,116.0,130.0,low,high,high,53.9,22.8,5.1,MOP,20.0,102.0,Foliar spray or side dress during grain/fruit development,Bunch filling
soybean,pre_sowing,red,72.2,77.5,103.7,medium,medium,high,67.8,23.5,6.2,SSP + MOP,12.5,77.5,"Apply 7 days before sowing, mix into topsoil 10-15cm","Basal: 0 N, 50 P2O5, 40 K2O kg/ha via SSP+MOP"
moong_kharif,pre_sowing,black_cotton,11.9,56.5,134.8,low,medium,high,28.1,37.1,1.4,SSP + MOP,9.0,12.6,"Apply 7 days before sowing, mix into topsoil 10-15cm",Low N legume
moong_kharif,germination,black_cotton,173.0,41.8,102.0,high,low,high,39.9,21.0,6.5,Rhizobium Biofert,5.0,32.5,Apply at sowing time or within first 7 DAS,Seed treatment
tur_arhar,pre_sowing,sandy,102.9,25.9,74.7,high,low,medium,65.7,22.7,9.6,SSP + MOP,26.4,253.4,"Apply 7 days before sowing, mix into topsoil 10-15cm",Low N; P+K basal
banana,vegetative,laterite,50.1,89.7,25.5,medium,high,low,23.2,13.2,2.9,Urea + MOP,62.5,181.2,Top dress at 20-30 DAS; broadcast and irrigate,Sword sucker stage
chilli,flowering,black_cotton,100.5,105.3,115.7,high,high,high,51.8,24.6,9.6,19:19:19 NPK,4.5,43.2,Apply at flower bud initiation; avoid leaf contact,Fruit set
jowar_rabi,pre_sowing,sandy,276.7,77.5,128.6,high,medium,high,32.0,19.3,2.0,DAP + MOP,15.0,30.0,"Apply 7 days before sowing, mix into topsoil 10-15cm",Full P and K basal
sunflower_rabi,flowering,black_cotton,92.7,57.6,178.6,high,medium,high,31.6,28.2,0.8,Boron Spray,5.0,4.0,Apply at flower bud initiation; avoid leaf contact,Pollination support
mustard,flowering,sandy,263.6,20.9,148.8,high,low,high,34.4,35.0,8.5,Urea,6.0,51.0,Apply at flower bud initiation; avoid leaf contact,Booster
linseed,pre_sowing,red,129.4,41.5,22.4,high,low,low,69.7,35.6,5.3,DAP + MOP,30.0,159.0,"Apply 7 days before sowing, mix into topsoil 10-15cm",Basal
jowar_kharif,vegetative,alluvial,17.4,26.0,109.2,low,low,high,77.0,32.5,3.2,Urea,26.0,83.2,Top dress at 20-30 DAS; broadcast and irrigate,Top dress after 3-4 weeks
soybean,pre_sowing,laterite,29.3,74.0,162.4,low,medium,high,45.2,15.6,5.6,SSP + MOP,12.5,70.0,"Apply 7 days before sowing, mix into topsoil 10-15cm","Basal: 0 N, 50 P2O5, 40 K2O kg/ha via SSP+MOP"
groundnut,germination,alluvial,190.1,104.4,36.8,high,high,low,32.5,29.0,7.5,Rhizobium Biofert,5.0,37.5,Apply at sowing time or within first 7 DAS,Seed inoculation
sunflower_rabi,pre_sowing,laterite,170.5,111.4,177.3,high,high,high,60.3,37.9,7.6,DAP + MOP,9.0,68.4,"Apply 7 days before sowing, mix into topsoil 10-15cm",Basal
wheat,germination,sandy,110.4,32.8,186.8,high,low,high,39.7,28.9,9.3,Urea,12.0,111.6,Apply at sowing time or within first 7 DAS,CRI stage
maize_kharif,flowering,black_cotton,265.8,99.0,77.5,high,high,medium,77.3,13.4,1.8,Urea,12.0,21.6,Apply at flower bud initiation; avoid leaf contact,Tasselling stage
urad,germination,sandy,162.9,96.7,103.2,high,high,high,72.1,36.3,0.6,Rhizobium Biofert,5.0,3.0,Apply at sowing time or within first 7 DAS,Seed inoculation
sesame,pre_sowing,sandy,67.1,42.6,85.6,medium,low,medium,68.5,37.2,7.1,DAP,21.6,153.4,"Apply 7 days before sowing, mix into topsoil 10-15cm",Light feeder
moong_kharif,germination,sandy,27.6,20.4,117.1,low,low,high,45.2,34.4,7.2,Rhizobium Biofert,5.0,36.0,Apply at sowing time or within first 7 DAS,Seed treatment
maize_kharif,grain_fill,black_cotton,143.1,31.8,59.1,high,low,medium,58.8,28.4,4.6,MOP,10.0,46.0,Foliar spray or side dress during grain/fruit development,Cob development
banana,grain_fill,alluvial,64.3,30.7,24.1,medium,low,low,72.5,37.3,9.6,MOP,50.0,480.0,Foliar spray or side dress during grain/fruit development,Bunch filling
tur_arhar,germination,black_cotton,198.2,30.0,172.8,high,low,high,41.5,27.5,9.0,Rhizobium Biofert,5.0,45.0,Apply at sowing time or within first 7 DAS,Seed treatment
sesame,pre_sowing,black_cotton,152.7,98.4,121.6,high,high,high,40.3,36.2,8.4,DAP,10.8,90.7,"Apply 7 days before sowing, mix into topsoil 10-15cm",Light feeder
safflower,vegetative,black_cotton,234.4,51.4,136.1,high,medium,high,26.8,29.7,1.3,Urea,9.0,11.7,Top dress at 20-30 DAS; broadcast and irrigate,Rosette stage
chickpea,germination,sandy,262.4,92.6,36.7,high,high,low,42.4,34.0,1.5,Rhizobium Biofert,5.0,7.5,Apply at sowing time or within first 7 DAS,Seed inoculation
linseed,vegetative,alluvial,171.9,54.7,140.3,high,medium,high,45.8,37.2,3.8,Urea,7.2,27.4,Top dress at 20-30 DAS; broadcast and irrigate,Top dress
linseed,vegetative,red,196.3,72.2,186.0,high,medium,high,37.4,27.2,5.2,Urea,7.2,37.4,Top dress at 20-30 DAS; broadcast and irrigate,Top dress
safflower,pre_sowing,red,64.1,54.6,56.2,medium,medium,medium,32.5,18.8,1.5,DAP + MOP,25.0,37.5,"Apply 7 days before sowing, mix into topsoil 10-15cm",Basal
chickpea,germination,alluvial,137.2,98.0,69.2,high,high,medium,43.4,19.8,1.1,Rhizobium Biofert,5.0,5.5,Apply at sowing time or within first 7 DAS,Seed inoculation
cotton,grain_fill,black_cotton,32.3,35.0,21.9,low,low,low,71.8,22.6,9.0,MOP,18.8,169.2,Foliar spray or side dress during grain/fruit development,Fibre quality
orange,grain_fill,sandy,68.5,93.9,83.5,medium,high,medium,38.0,27.3,2.6,MOP + Micronutrient,20.0,52.0,Foliar spray or side dress during grain/fruit development,Fruit color + quality
rabi_maize,pre_sowing,laterite,199.3,27.7,93.6,high,low,medium,21.3,25.6,4.8,DAP + MOP,42.0,201.6,"Apply 7 days before sowing, mix into topsoil 10-15cm",Same as kharif maize
jowar_rabi,flowering,red,29.0,113.9,148.5,low,high,high,67.1,30.5,6.7,Urea,15.6,104.5,Apply at flower bud initiation; avoid leaf contact,Light booster
grapes,flowering,alluvial,213.0,33.6,21.8,high,low,low,69.3,33.3,5.0,13:00:45 NPK,11.2,56.0,Apply at flower bud initiation; avoid leaf contact,Berry set
grapes,grain_fill,red,20.9,82.9,105.5,low,high,high,45.7,26.1,6.5,MOP,10.0,65.0,Foliar spray or side dress during grain/fruit development,Maturity
watermelon,pre_sowing,laterite,95.7,24.8,161.4,high,low,high,36.4,16.3,3.1,DAP + MOP,18.0,55.8,"Apply 7 days before sowing, mix into topsoil 10-15cm",Basal
moong_rabi,pre_sowing,black_cotton,248.0,26.2,56.2,high,low,medium,58.6,22.5,6.0,SSP + MOP,21.6,129.6,"Apply 7 days before sowing, mix into topsoil 10-15cm",Same as kharif moong
jowar_kharif,vegetative,red,84.0,68.3,29.9,medium,medium,low,79.7,35.9,9.9,Urea,20.0,198.0,Top dress at 20-30 DAS; broadcast and irrigate,Top dress after 3-4 weeks
cotton,vegetative,black_cotton,168.5,62.6,187.8,high,medium,high,42.2,30.0,7.6,Urea + MOP,10.5,79.8,Top dress at 20-30 DAS; broadcast and irrigate,Square formation
chickpea,pre_sowing,black_cotton,221.9,34.4,168.9,high,low,high,75.7,13.8,8.4,SSP + MOP,12.0,100.8,"Apply 7 days before sowing, mix into topsoil 10-15cm",Low N; P and K basal
turmeric,vegetative,black_cotton,63.5,102.2,166.8,medium,high,high,75.1,19.0,7.0,Urea + MOP,15.0,105.0,Top dress at 20-30 DAS; broadcast and irrigate,Rhizome development
jowar_kharif,flowering,laterite,101.8,35.0,68.7,high,low,medium,33.6,18.4,2.0,Urea,9.0,18.0,Apply at flower bud initiation; avoid leaf contact,Second top dress
jowar_kharif,flowering,red,211.0,36.4,117.0,high,low,high,28.0,35.0,4.4,Urea,9.0,39.6,Apply at flower bud initiation; avoid leaf contact,Second top dress
urad,germination,red,63.3,57.4,48.1,medium,medium,low,39.7,25.8,2.5,Rhizobium Biofert,5.0,12.5,Apply at sowing time or within first 7 DAS,Seed inoculation
sugarcane,vegetative,laterite,256.4,21.1,68.1,high,low,medium,42.2,37.4,1.7,Urea + MOP,30.0,51.0,Top dress at 20-30 DAS; broadcast and irrigate,Grand growth period
chickpea,flowering,red,131.3,90.0,126.7,high,high,high,62.5,29.5,3.9,MOP,4.0,15.6,Apply at flower bud initiation; avoid leaf contact,Foliar K for pod fill
jowar_rabi,flowering,red,80.0,94.0,107.6,medium,high,high,58.8,17.9,1.3,Urea,12.0,15.6,Apply at flower bud initiation; avoid leaf contact,Light booster
jowar_kharif,flowering,sandy,231.6,118.6,164.2,high,high,high,61.8,33.6,2.2,Urea,9.0,19.8,Apply at flower bud initiation; avoid leaf contact,Second top dress
soybean,pre_sowing,alluvial,86.1,96.4,86.1,medium,high,medium,74.9,31.7,1.1,SSP + MOP,15.0,16.5,"Apply 7 days before sowing, mix into topsoil 10-15cm","Basal: 0 N, 50 P2O5, 40 K2O kg/ha via SSP+MOP"
bajra,vegetative,black_cotton,80.6,98.1,163.3,medium,high,high,27.6,28.6,4.9,Urea,18.0,88.2,Top dress at 20-30 DAS; broadcast and irrigate,N top dress 3 weeks after sowing
wheat,germination,sandy,157.7,86.7,91.0,high,high,medium,23.0,14.0,4.9,Urea,12.0,58.8,Apply at sowing time or within first 7 DAS,CRI stage
mustard,vegetative,sandy,164.6,39.5,149.9,high,low,high,28.5,34.1,4.8,Urea,10.8,51.8,Top dress at 20-30 DAS; broadcast and irrigate,Top dress at 20 DAS
orange,grain_fill,laterite,19.4,89.7,116.6,low,high,high,62.7,27.4,1.0,MOP + Micronutrient,10.0,10.0,Foliar spray or side dress during grain/fruit development,Fruit color + quality
tomato,vegetative,sandy,150.9,27.7,169.3,high,low,high,27.2,17.1,1.8,Urea,12.0,21.6,Top dress at 20-30 DAS; broadcast and irrigate,Vegetative growth
sunflower_rabi,flowering,sandy,238.0,65.1,145.5,high,medium,high,31.1,21.2,1.4,Boron Spray,5.0,7.0,Apply at flower bud initiation; avoid leaf contact,Pollination support
pomegranate,pre_sowing,laterite,221.0,62.5,172.6,high,medium,high,22.1,16.9,0.7,DAP + MOP,17.5,12.2,"Apply 7 days before sowing, mix into topsoil 10-15cm",Pre-bloom
tomato,harvest,black_cotton,48.7,40.5,60.6,medium,low,medium,31.8,31.2,0.8,13:00:45 NPK,10.0,8.0,Do not apply; withholding period required,Quality booster
pomegranate,flowering,laterite,61.8,111.2,182.7,medium,high,high,50.7,19.9,1.9,Urea + MOP,15.0,28.5,Apply at flower bud initiation; avoid leaf contact,Fruit set
orange,grain_fill,black_cotton,173.1,90.5,70.6,high,high,medium,64.5,15.3,5.8,MOP + Micronutrient,20.0,116.0,Foliar spray or side dress during grain/fruit development,Fruit color + quality
banana,pre_sowing,black_cotton,175.2,34.4,48.0,high,low,low,42.5,14.0,1.8,DAP + MOP,90.0,162.0,"Apply 7 days before sowing, mix into topsoil 10-15cm",Heavy K feeder; high basal
mustard,vegetative,alluvial,269.9,105.5,130.6,high,high,high,28.2,37.9,0.8,Urea,10.8,8.6,Top dress at 20-30 DAS; broadcast and irrigate,Top dress at 20 DAS
onion,pre_sowing,laterite,80.9,74.3,180.4,medium,medium,high,71.9,30.8,10.0,DAP + MOP,17.5,175.0,"Apply 7 days before sowing, mix into topsoil 10-15cm",Full P+K; half N
onion,pre_sowing,red,208.3,38.1,129.6,high,low,high,30.9,26.2,3.0,DAP + MOP,21.0,63.0,"Apply 7 days before sowing, mix into topsoil 10-15cm",Full P+K; half N
mustard,vegetative,sandy,16.3,116.2,151.8,low,high,high,73.4,25.1,3.1,Urea,23.4,72.5,Top dress at 20-30 DAS; broadcast and irrigate,Top dress at 20 DAS
banana,flowering,red,206.5,23.5,128.9,high,low,high,24.2,24.3,7.7,Urea + MOP,13.5,104.0,Apply at flower bud initiation; avoid leaf contact,Bunch initiation
maize_kharif,pre_sowing,black_cotton,86.1,114.8,91.9,medium,high,medium,76.7,33.6,9.3,DAP + MOP,21.0,195.3,"Apply 7 days before sowing, mix into topsoil 10-15cm",Full P+K; half N basal
sunflower_rabi,pre_sowing,laterite,119.4,48.7,126.9,high,medium,high,35.6,16.0,5.0,DAP + MOP,15.0,75.0,"Apply 7 days before sowing, mix into topsoil 10-15cm",Basal
turmeric,pre_sowing,alluvial,138.5,23.8,68.7,high,low,medium,56.8,19.4,5.5,DAP + MOP,48.0,264.0,"Apply 7 days before sowing, mix into topsoil 10-15cm",High K demand
moong_rabi,flowering,red,178.8,61.5,145.0,high,medium,high,43.1,34.6,1.7,MOP,4.0,6.8,Apply at flower bud initiation; avoid leaf contact,Pod fill
moong_kharif,flowering,laterite,195.7,111.6,63.0,high,high,medium,52.8,13.8,9.5,MOP,8.0,76.0,Apply at flower bud initiation; avoid leaf contact,Pod fill
urad,germination,alluvial,154.9,50.4,172.7,high,medium,high,37.0,13.1,4.5,Rhizobium Biofert,5.0,22.5,Apply at sowing time or within first 7 DAS,Seed inoculation
orange,flowering,sandy,273.6,67.7,150.7,high,medium,high,41.0,16.1,9.0,Urea,12.0,108.0,Apply at flower bud initiation; avoid leaf contact,Flush growth
rice,pre_sowing,black_cotton,196.4,102.0,48.2,high,high,low,59.6,19.8,4.6,DAP,18.0,82.8,"Apply 7 days before sowing, mix into topsoil 10-15cm",Basal
orange,grain_fill,laterite,89.4,69.0,75.0,medium,medium,medium,24.1,23.7,8.9,MOP + Micronutrient,20.0,178.0,Foliar spray or side dress during grain/fruit development,Fruit color + quality
cucumber,vegetative,red,122.7,111.9,109.5,high,high,high,56.8,23.0,4.8,Urea,9.0,43.2,Top dress at 20-30 DAS; broadcast and irrigate,Growth boost
sunflower_kharif,flowering,laterite,219.6,83.8,57.6,high,high,medium,54.4,33.8,5.8,Boron Spray,5.0,29.0,Apply at flower bud initiation; avoid leaf contact,Prevent hollow stem
chilli,flowering,red,250.9,101.7,134.3,high,high,high,38.6,29.5,3.8,19:19:19 NPK,4.5,17.1,Apply at flower bud initiation; avoid leaf contact,Fruit set
rice,grain_fill,red,87.6,57.1,102.8,medium,medium,high,54.1,15.8,8.2,MOP,6.0,49.2,Foliar spray or side dress during grain/fruit development,Grain filling stage
jowar_kharif,vegetative,black_cotton,219.9,119.8,112.2,high,high,high,67.4,22.1,1.5,Urea,12.0,18.0,Top dress at 20-30 DAS; broadcast and irrigate,Top dress after 3-4 weeks
safflower,flowering,sandy,168.7,105.8,94.6,high,high,medium,50.7,12.7,0.5,Urea,6.0,3.0,Apply at flower bud initiation; avoid leaf contact,Capitulum stage
urad,pre_sowing,black_cotton,274.7,84.7,57.5,high,high,medium,63.1,19.3,1.0,SSP + MOP,10.8,10.8,"Apply 7 days before sowing, mix into topsoil 10-15cm",Basal P+K
sunflower_rabi,flowering,sandy,155.3,23.3,116.9,high,low,high,76.8,35.2,8.6,Boron Spray,5.0,43.0,Apply at flower bud initiation; avoid leaf contact,Pollination support
turmeric,pre_sowing,alluvial,112.4,101.2,21.2,high,high,low,48.4,34.6,5.9,DAP + MOP,30.0,177.0,"Apply 7 days before sowing, mix into topsoil 10-15cm",High K demand
sesame,pre_sowing,black_cotton,263.2,56.7,85.8,high,medium,medium,73.3,12.7,5.8,DAP,18.0,104.4,"Apply 7 days before sowing, mix into topsoil 10-15cm",Light feeder
cucumber,pre_sowing,laterite,169.0,97.5,108.0,high,high,high,34.8,36.8,6.9,DAP + MOP,7.5,51.8,"Apply 7 days before sowing, mix into topsoil 10-15cm",Basal
mustard,vegetative,alluvial,203.6,55.4,70.2,high,medium,medium,78.5,20.7,6.3,Urea,10.8,68.0,Top dress at 20-30 DAS; broadcast and irrigate,Top dress at 20 DAS
maize_kharif,pre_sowing,black_cotton,190.4,73.0,61.7,high,medium,medium,24.7,24.7,5.2,DAP + MOP,35.0,182.0,"Apply 7 days before sowing, mix into topsoil 10-15cm",Full P+K; half N basal
watermelon,vegetative,laterite,214.4,79.4,132.5,high,medium,high,77.3,20.7,4.1,Urea,9.0,36.9,Top dress at 20-30 DAS; broadcast and irrigate,Vine growth
onion,pre_sowing,sandy,102.3,71.6,192.5,high,medium,high,64.8,14.1,1.6,DAP + MOP,17.5,28.0,"Apply 7 days before sowing, mix into topsoil 10-15cm",Full P+K; half N
rabi_maize,pre_sowing,red,242.8,39.8,80.3,high,low,medium,25.0,30.1,8.5,DAP + MOP,42.0,357.0,"Apply 7 days before sowing, mix into topsoil 10-15cm",Same as kharif maize
jowar_rabi,pre_sowing,laterite,39.4,61.9,77.6,low,medium,medium,76.3,29.2,9.2,DAP + MOP,30.0,276.0,"Apply 7 days before sowing, mix into topsoil 10-15cm",Full P and K basal
moong_kharif,flowering,sandy,28.8,93.0,77.9,low,high,medium,43.9,27.2,4.7,MOP,8.0,37.6,Apply at flower bud initiation; avoid leaf contact,Pod fill
moong_kharif,pre_sowing,black_cotton,171.2,37.6,26.0,high,low,low,34.4,31.5,5.4,SSP + MOP,27.0,145.8,"Apply 7 days before sowing, mix into topsoil 10-15cm",Low N legume
moong_kharif,germination,laterite,64.5,69.8,120.2,medium,medium,high,38.2,19.7,2.6,Rhizobium Biofert,5.0,13.0,Apply at sowing time or within first 7 DAS,Seed treatment
tomato,vegetative,alluvial,222.7,74.4,63.3,high,medium,medium,46.1,27.0,3.2,Urea,12.0,38.4,Top dress at 20-30 DAS; broadcast and irrigate,Vegetative growth
moong_rabi,germination,black_cotton,115.5,51.6,117.6,high,medium,high,64.3,37.0,1.2,Rhizobium Biofert,5.0,6.0,Apply at sowing time or within first 7 DAS,Seed treatment
sunflower_rabi,vegetative,red,221.7,72.4,114.4,high,medium,high,32.5,28.9,1.2,Urea,10.8,13.0,Top dress at 20-30 DAS; broadcast and irrigate,Top dress
sesame,vegetative,black_cotton,167.8,118.5,122.9,high,high,high,44.1,35.4,1.1,Urea,7.2,7.9,Top dress at 20-30 DAS; broadcast and irrigate,Top dress
safflower,vegetative,sandy,31.5,91.7,118.9,low,high,high,56.8,18.0,4.8,Urea,19.5,93.6,Top dress at 20-30 DAS; broadcast and irrigate,Rosette stage
urad,flowering,sandy,35.6,84.5,65.6,low,high,medium,76.4,29.5,3.1,MOP,8.0,24.8,Apply at flower bud initiation; avoid leaf contact,Pod development
banana,vegetative,laterite,230.6,104.6,130.8,high,high,high,28.2,34.6,1.0,Urea + MOP,15.0,15.0,Top dress at 20-30 DAS; broadcast and irrigate,Sword sucker stage
wheat,germination,alluvial,242.2,64.5,167.4,high,medium,high,73.6,19.2,9.8,Urea,12.0,117.6,Apply at sowing time or within first 7 DAS,CRI stage
chickpea,pre_sowing,alluvial,195.0,62.8,94.7,high,medium,medium,55.3,27.1,3.5,SSP + MOP,20.0,70.0,"Apply 7 days before sowing, mix into topsoil 10-15cm",Low N; P and K basal
jowar_rabi,flowering,red,240.3,104.3,128.9,high,high,high,70.4,12.0,0.6,Urea,7.2,4.3,Apply at flower bud initiation; avoid leaf contact,Light booster
rice,flowering,red,45.3,44.6,77.9,medium,low,medium,73.6,35.7,7.1,Urea + MOP,20.0,142.0,Apply at flower bud initiation; avoid leaf contact,Panicle initiation
rabi_maize,pre_sowing,alluvial,74.1,69.6,181.9,medium,medium,high,65.4,28.2,8.9,DAP + MOP,17.5,155.8,"Apply 7 days before sowing, mix into topsoil 10-15cm",Same as kharif maize
wheat,pre_sowing,laterite,224.0,103.9,159.9,high,high,high,73.1,24.2,8.2,DAP + MOP,10.5,86.1,"Apply 7 days before sowing, mix into topsoil 10-15cm",Full P+K; half N
wheat,flowering,red,90.7,118.2,155.2,high,high,high,71.1,20.0,7.0,Urea,6.0,42.0,Apply at flower bud initiation; avoid leaf contact,Grain initiation
bajra,pre_sowing,alluvial,135.3,61.9,191.2,high,medium,high,59.6,16.0,1.7,DAP,20.0,34.0,"Apply 7 days before sowing, mix into topsoil 10-15cm",Basal P
moong_kharif,germination,red,268.8,49.8,197.1,high,medium,high,63.5,35.8,4.2,Rhizobium Biofert,5.0,21.0,Apply at sowing time or within first 7 DAS,Seed treatment
watermelon,vegetative,sandy,153.9,93.6,47.6,high,high,low,42.8,18.7,5.5,Urea,9.0,49.5,Top dress at 20-30 DAS; broadcast and irrigate,Vine growth
soybean,grain_fill,black_cotton,266.7,102.5,52.8,high,high,medium,41.3,29.9,8.5,Micronutrient Mix,5.0,42.5,Foliar spray or side dress during grain/fruit development,Zinc + Boron foliar spray
tomato,grain_fill,alluvial,12.5,65.8,82.8,low,medium,medium,77.1,13.5,9.8,MOP + CaNO3,18.0,176.4,Foliar spray or side dress during grain/fruit development,Fruit development + Ca
turmeric,pre_sowing,alluvial,265.9,101.1,25.0,high,high,low,53.2,20.3,5.6,DAP + MOP,30.0,168.0,"Apply 7 days before sowing, mix into topsoil 10-15cm",High K demand
sesame,pre_sowing,alluvial,218.8,45.9,133.5,high,medium,high,78.4,17.8,3.1,DAP,18.0,55.8,"Apply 7 days before sowing, mix into topsoil 10-15cm",Light feeder
cotton,vegetative,sandy,98.1,102.3,171.6,high,high,high,62.8,23.2,7.5,Urea + MOP,10.5,78.8,Top dress at 20-30 DAS; broadcast and irrigate,Square formation
tur_arhar,flowering,red,267.2,95.5,140.5,high,high,high,26.9,34.8,6.2,MOP,5.0,31.0,Apply at flower bud initiation; avoid leaf contact,Pod setting
chilli,flowering,sandy,195.8,100.4,186.7,high,high,high,74.5,33.2,7.4,19:19:19 NPK,4.5,33.3,Apply at flower bud initiation; avoid leaf contact,Fruit set
rabi_maize,pre_sowing,sandy,71.9,42.6,181.4,medium,low,high,63.3,28.6,2.0,DAP + MOP,21.0,42.0,"Apply 7 days before sowing, mix into topsoil 10-15cm",Same as kharif maize
soybean,vegetative,alluvial,270.4,63.4,33.4,high,medium,low,29.2,35.7,8.4,Urea,7.2,60.5,Top dress at 20-30 DAS; broadcast and irrigate,Top dress if N deficiency observed
chickpea,germination,sandy,163.5,69.6,107.9,high,medium,high,55.0,20.6,9.5,Rhizobium Biofert,5.0,47.5,Apply at sowing time or within first 7 DAS,Seed inoculation
onion,pre_sowing,red,101.8,87.3,64.2,high,high,medium,72.3,30.3,6.4,DAP + MOP,21.0,134.4,"Apply 7 days before sowing, mix into topsoil 10-15cm",Full P+K; half N
cucumber,vegetative,alluvial,247.6,83.3,43.8,high,high,low,72.9,13.3,9.1,Urea,9.0,81.9,Top dress at 20-30 DAS; broadcast and irrigate,Growth boost
sesame,pre_sowing,red,232.6,79.2,48.3,high,medium,low,60.1,21.6,7.1,DAP,18.0,127.8,"Apply 7 days before sowing, mix into topsoil 10-15cm",Light feeder
pomegranate,grain_fill,sandy,168.6,57.5,56.2,high,medium,medium,31.6,36.0,6.1,MOP + Calcium,25.0,152.5,Foliar spray or side dress during grain/fruit development,Fruit development
safflower,pre_sowing,laterite,22.5,76.2,107.5,low,medium,high,36.6,26.0,6.8,DAP + MOP,12.5,85.0,"Apply 7 days before sowing, mix into topsoil 10-15cm",Basal
rice,vegetative,laterite,114.8,59.2,83.3,high,medium,medium,21.2,24.2,8.5,Urea,13.2,112.2,Top dress at 20-30 DAS; broadcast and irrigate,25-30 DAS tillering
turmeric,grain_fill,red,248.4,32.1,135.2,high,low,high,57.5,32.1,4.1,MOP,10.0,41.0,Foliar spray or side dress during grain/fruit development,Curcumin synthesis
turmeric,vegetative,alluvial,202.2,72.0,107.9,high,medium,high,69.8,27.7,2.0,Urea + MOP,9.0,18.0,Top dress at 20-30 DAS; broadcast and irrigate,Rhizome development
sugarcane,vegetative,red,105.0,29.2,142.6,high,low,high,51.6,16.4,7.7,Urea + MOP,15.0,115.5,Top dress at 20-30 DAS; broadcast and irrigate,Grand growth period
cucumber,vegetative,sandy,33.6,78.1,76.1,low,medium,medium,24.9,13.9,9.6,Urea,19.5,187.2,Top dress at 20-30 DAS; broadcast and irrigate,Growth boost
linseed,vegetative,laterite,85.1,95.1,133.1,medium,high,high,58.2,22.4,4.9,Urea,12.0,58.8,Top dress at 20-30 DAS; broadcast and irrigate,Top dress
soybean,germination,red,206.4,94.9,115.6,high,high,high,20.3,23.1,7.9,Rhizobium Biofert,5.0,39.5,Apply at sowing time or within first 7 DAS,Seed treatment reduces N requirement
urad,flowering,laterite,112.5,26.2,141.9,high,low,high,63.3,29.9,6.9,MOP,4.0,27.6,Apply at flower bud initiation; avoid leaf contact,Pod development
banana,flowering,black_cotton,246.2,117.6,153.8,high,high,high,20.9,31.3,0.8,Urea + MOP,13.5,10.8,Apply at flower bud initiation; avoid leaf contact,Bunch initiation
chickpea,germination,alluvial,22.8,88.9,47.3,low,high,low,76.9,24.2,1.7,Rhizobium Biofert,5.0,8.5,Apply at sowing time or within first 7 DAS,Seed inoculation
linseed,pre_sowing,black_cotton,245.3,37.0,117.3,high,low,high,78.1,33.2,0.5,DAP + MOP,12.0,6.0,"Apply 7 days before sowing, mix into topsoil 10-15cm",Basal
tomato,flowering,red,225.7,104.1,160.7,high,high,high,51.2,27.4,8.5,19:19:19 NPK,4.5,38.2,Apply at flower bud initiation; avoid leaf contact,Balanced NPK at fruit set
wheat,pre_sowing,sandy,221.6,70.6,68.0,high,medium,medium,56.5,16.7,5.2,DAP + MOP,35.0,182.0,"Apply 7 days before sowing, mix into topsoil 10-15cm",Full P+K; half N
chilli,pre_sowing,black_cotton,20.0,116.3,98.6,low,high,medium,60.1,36.3,3.4,DAP + MOP,21.0,71.4,"Apply 7 days before sowing, mix into topsoil 10-15cm",Basal
banana,grain_fill,alluvial,119.9,117.7,127.7,high,high,high,57.3,27.3,5.8,MOP,20.0,116.0,Foliar spray or side dress during grain/fruit development,Bunch filling
banana,grain_fill,black_cotton,175.2,95.9,21.4,high,high,low,26.4,30.3,3.6,MOP,50.0,180.0,Foliar spray or side dress during grain/fruit development,Bunch filling
rice,germination,red,262.8,93.2,192.4,high,high,high,24.3,17.4,9.1,Urea,10.8,98.3,Apply at sowing time or within first 7 DAS,7-10 DAS
pomegranate,grain_fill,sandy,226.0,51.0,181.7,high,medium,high,31.0,16.3,4.1,MOP + Calcium,12.5,51.2,Foliar spray or side dress during grain/fruit development,Fruit development
sesame,pre_sowing,sandy,63.6,37.8,173.9,medium,low,high,54.3,30.7,2.0,DAP,21.6,43.2,"Apply 7 days before sowing, mix into topsoil 10-15cm",Light feeder
jowar_rabi,vegetative,sandy,113.6,50.6,118.1,high,medium,high,52.5,34.1,1.5,Urea,12.0,18.0,Top dress at 20-30 DAS; broadcast and irrigate,Split N top dress
moong_kharif,germination,sandy,138.6,110.1,192.7,high,high,high,78.0,22.5,8.0,Rhizobium Biofert,5.0,40.0,Apply at sowing time or within first 7 DAS,Seed treatment
safflower,pre_sowing,sandy,184.5,98.6,135.8,high,high,high,70.0,18.5,6.4,DAP + MOP,7.5,48.0,"Apply 7 days before sowing, mix into topsoil 10-15cm",Basal
moong_rabi,flowering,laterite,130.7,83.6,175.0,high,high,high,43.1,14.4,3.4,MOP,4.0,13.6,Apply at flower bud initiation; avoid leaf contact,Pod fill
grapes,vegetative,sandy,62.5,82.8,31.7,medium,high,low,29.9,35.8,3.7,Urea,20.0,74.0,Top dress at 20-30 DAS; broadcast and irrigate,Shoot growth
cotton,grain_fill,black_cotton,31.4,59.8,146.3,low,medium,high,26.2,18.0,6.5,MOP,7.5,48.8,Foliar spray or side dress during grain/fruit development,Fibre quality
chickpea,germination,laterite,147.2,31.5,86.2,high,low,medium,77.4,13.5,10.0,Rhizobium Biofert,5.0,50.0,Apply at sowing time or within first 7 DAS,Seed inoculation
sugarcane,grain_fill,alluvial,267.1,82.4,70.8,high,high,medium,46.4,30.5,3.2,Urea,18.0,57.6,Foliar spray or side dress during grain/fruit development,Elongation stage
wheat,vegetative,red,66.9,102.0,136.2,medium,high,high,67.5,37.4,9.2,Urea,20.0,184.0,Top dress at 20-30 DAS; broadcast and irrigate,Tillering
grapes,flowering,black_cotton,60.2,96.1,198.9,medium,high,high,32.7,33.3,0.5,13:00:45 NPK,7.5,3.8,Apply at flower bud initiation; avoid leaf contact,Berry set
urad,pre_sowing,alluvial,222.1,44.8,47.5,high,low,low,35.2,18.3,3.0,SSP + MOP,27.0,81.0,"Apply 7 days before sowing, mix into topsoil 10-15cm",Basal P+K
banana,pre_sowing,alluvial,137.7,30.2,73.4,high,low,medium,63.1,29.3,5.7,DAP + MOP,72.0,410.4,"Apply 7 days before sowing, mix into topsoil 10-15cm",Heavy K feeder; high basal
sunflower_kharif,pre_sowing,alluvial,130.1,65.5,141.5,high,medium,high,49.0,15.1,8.3,DAP + MOP,15.0,124.5,"Apply 7 days before sowing, mix into topsoil 10-15cm",Basal
watermelon,grain_fill,alluvial,196.4,51.6,148.8,high,medium,high,66.9,31.3,9.0,MOP,7.5,67.5,Foliar spray or side dress during grain/fruit development,Fruit sweetness
jowar_rabi,vegetative,laterite,97.9,35.9,88.7,high,low,medium,24.1,15.4,7.7,Urea,12.0,92.4,Top dress at 20-30 DAS; broadcast and irrigate,Split N top dress
safflower,pre_sowing,red,58.7,61.8,167.5,medium,medium,high,71.1,20.8,7.7,DAP + MOP,12.5,96.2,"Apply 7 days before sowing, mix into topsoil 10-15cm",Basal
moong_rabi,pre_sowing,alluvial,189.4,45.6,71.6,high,medium,medium,24.2,14.4,6.8,SSP + MOP,18.0,122.4,"Apply 7 days before sowing, mix into topsoil 10-15cm",Same as kharif moong
grapes,vegetative,sandy,276.4,102.0,141.2,high,high,high,28.4,29.2,5.3,Urea,12.0,63.6,Top dress at 20-30 DAS; broadcast and irrigate,Shoot growth
soybean,vegetative,alluvial,40.1,87.4,29.9,medium,high,low,71.0,32.4,8.7,Urea,12.0,104.4,Top dress at 20-30 DAS; broadcast and irrigate,Top dress if N deficiency observed
chilli,pre_sowing,laterite,41.1,79.5,76.0,medium,medium,medium,32.8,31.0,9.2,DAP + MOP,35.0,322.0,"Apply 7 days before sowing, mix into topsoil 10-15cm",Basal
sugarcane,pre_sowing,sandy,91.0,110.6,102.1,high,high,high,37.3,24.5,2.6,DAP + MOP,15.0,39.0,"Apply 7 days before sowing, mix into topsoil 10-15cm",Heavy feeder; high basal
turmeric,grain_fill,black_cotton,207.0,48.1,194.0,high,medium,high,50.3,35.7,2.7,MOP,10.0,27.0,Foliar spray or side dress during grain/fruit development,Curcumin synthesis
sunflower_kharif,pre_sowing,sandy,275.5,97.3,181.5,high,high,high,35.2,37.0,9.5,DAP + MOP,9.0,85.5,"Apply 7 days before sowing, mix into topsoil 10-15cm",Basal
urad,pre_sowing,black_cotton,110.1,47.7,76.7,high,medium,medium,73.5,17.7,8.2,SSP + MOP,18.0,147.6,"Apply 7 days before sowing, mix into topsoil 10-15cm",Basal P+K
rabi_maize,flowering,red,245.4,94.5,69.5,high,high,medium,64.0,31.0,7.0,Urea,10.8,75.6,Apply at flower bud initiation; avoid leaf contact,Booster
moong_rabi,flowering,black_cotton,266.4,77.2,81.8,high,medium,medium,49.6,36.5,3.6,MOP,8.0,28.8,Apply at flower bud initiation; avoid leaf contact,Pod fill
maize_kharif,pre_sowing,sandy,79.4,104.1,110.5,medium,high,high,68.9,16.5,0.7,DAP + MOP,10.5,7.3,"Apply 7 days before sowing, mix into topsoil 10-15cm",Full P+K; half N basal
urad,pre_sowing,sandy,272.6,107.6,71.3,high,high,medium,47.4,23.4,7.8,SSP + MOP,10.8,84.2,"Apply 7 days before sowing, mix into topsoil 10-15cm",Basal P+K
tur_arhar,flowering,laterite,30.3,28.6,127.9,low,low,high,75.2,20.0,5.0,MOP,5.0,25.0,Apply at flower bud initiation; avoid leaf contact,Pod setting
tur_arhar,flowering,alluvial,126.9,100.7,95.6,high,high,medium,27.7,35.6,1.8,MOP,10.0,18.0,Apply at flower bud initiation; avoid leaf contact,Pod setting
sesame,vegetative,laterite,133.8,33.2,145.4,high,low,high,48.5,18.4,6.6,Urea,7.2,47.5,Top dress at 20-30 DAS; broadcast and irrigate,Top dress
sesame,pre_sowing,alluvial,216.1,81.7,136.9,high,high,high,77.2,30.9,0.9,DAP,10.8,9.7,"Apply 7 days before sowing, mix into topsoil 10-15cm",Light feeder
chickpea,flowering,alluvial,249.8,86.8,36.5,high,high,low,79.4,30.8,3.7,MOP,10.0,37.0,Apply at flower bud initiation; avoid leaf contact,Foliar K for pod fill
safflower,pre_sowing,alluvial,250.6,75.8,37.5,high,medium,low,56.6,17.1,7.2,DAP + MOP,31.2,224.6,"Apply 7 days before sowing, mix into topsoil 10-15cm",Basal
cucumber,vegetative,laterite,92.7,38.4,158.1,high,low,high,21.2,29.0,5.6,Urea,9.0,50.4,Top dress at 20-30 DAS; broadcast and irrigate,Growth boost
urad,pre_sowing,laterite,33.9,85.8,173.5,low,high,high,74.5,15.6,3.5,SSP + MOP,5.4,18.9,"Apply 7 days before sowing, mix into topsoil 10-15cm",Basal P+K
tomato,pre_sowing,alluvial,88.1,117.5,137.9,medium,high,high,31.9,12.0,9.4,DAP + MOP,12.0,112.8,"Apply 7 days before sowing, mix into topsoil 10-15cm",Full P+K; half N
maize_kharif,flowering,red,57.0,91.4,197.5,medium,high,high,61.6,35.4,7.1,Urea,20.0,142.0,Apply at flower bud initiation; avoid leaf contact,Tasselling stage
bajra,flowering,sandy,74.2,37.1,96.3,medium,low,medium,51.8,24.8,3.4,Urea,10.0,34.0,Apply at flower bud initiation; avoid leaf contact,Booster dose
moong_rabi,germination,sandy,279.7,49.4,197.4,high,medium,high,51.3,25.2,7.7,Rhizobium Biofert,5.0,38.5,Apply at sowing time or within first 7 DAS,Seed treatment
sugarcane,pre_sowing,alluvial,114.0,76.3,52.7,high,medium,medium,66.6,21.1,3.8,DAP + MOP,50.0,190.0,"Apply 7 days before sowing, mix into topsoil 10-15cm",Heavy feeder; high basal
cucumber,flowering,alluvial,195.5,72.8,97.0,high,medium,medium,71.7,29.0,2.7,MOP,12.0,32.4,Apply at flower bud initiation; avoid leaf contact,Fruit quality
chilli,flowering,sandy,39.0,68.0,149.8,low,medium,high,75.7,24.1,4.1,19:19:19 NPK,9.8,40.2,Apply at flower bud initiation; avoid leaf contact,Fruit set
safflower,pre_sowing,red,129.3,31.6,180.6,high,low,high,48.6,33.3,9.0,DAP + MOP,15.0,135.0,"Apply 7 days before sowing, mix into topsoil 10-15cm",Basal
sugarcane,vegetative,laterite,226.0,108.5,73.2,high,high,medium,74.3,20.6,5.7,Urea + MOP,30.0,171.0,Top dress at 20-30 DAS; broadcast and irrigate,Grand growth period
bajra,pre_sowing,sandy,13.9,104.1,20.6,low,high,low,72.7,15.6,4.2,DAP,12.0,50.4,"Apply 7 days before sowing, mix into topsoil 10-15cm",Basal P
wheat,germination,red,170.5,32.9,190.3,high,low,high,38.2,28.1,1.6,Urea,12.0,19.2,Apply at sowing time or within first 7 DAS,CRI stage
chickpea,pre_sowing,laterite,183.1,58.6,78.6,high,medium,medium,60.2,13.7,9.1,SSP + MOP,20.0,182.0,"Apply 7 days before sowing, mix into topsoil 10-15cm",Low N; P and K basal
sunflower_rabi,flowering,alluvial,213.1,23.1,94.5,high,low,medium,72.3,21.3,7.4,Boron Spray,5.0,37.0,Apply at flower bud initiation; avoid leaf contact,Pollination support
watermelon,grain_fill,black_cotton,189.1,44.2,108.1,high,low,high,72.2,24.3,1.3,MOP,7.5,9.8,Foliar spray or side dress during grain/fruit development,Fruit sweetness
groundnut,pre_sowing,alluvial,95.8,26.0,137.3,high,low,high,24.6,22.4,5.3,SSP + Gypsum,36.0,190.8,"Apply 7 days before sowing, mix into topsoil 10-15cm",Ca from gypsum for pod fill
safflower,flowering,laterite,170.2,99.2,30.7,high,high,low,75.1,15.0,8.6,Urea,6.0,51.6,Apply at flower bud initiation; avoid leaf contact,Capitulum stage
turmeric,vegetative,alluvial,242.5,21.9,121.4,high,low,high,71.7,24.1,9.7,Urea + MOP,9.0,87.3,Top dress at 20-30 DAS; broadcast and irrigate,Rhizome development
jowar_rabi,flowering,sandy,256.2,116.0,70.7,high,high,medium,70.3,21.4,3.6,Urea,7.2,25.9,Apply at flower bud initiation; avoid leaf contact,Light booster
grapes,vegetative,black_cotton,65.3,38.1,134.8,medium,low,high,32.6,22.3,9.5,Urea,20.0,190.0,Top dress at 20-30 DAS; broadcast and irrigate,Shoot growth
cucumber,vegetative,black_cotton,87.0,55.1,34.9,medium,medium,low,63.5,29.9,9.3,Urea,15.0,139.5,Top dress at 20-30 DAS; broadcast and irrigate,Growth boost
pomegranate,flowering,red,41.6,102.2,53.5,medium,high,medium,24.3,19.5,8.5,Urea + MOP,30.0,255.0,Apply at flower bud initiation; avoid leaf contact,Fruit set
jowar_kharif,pre_sowing,sandy,52.9,51.5,180.8,medium,medium,high,28.8,37.8,9.7,DAP,25.0,242.5,"Apply 7 days before sowing, mix into topsoil 10-15cm",Basal P and N
safflower,pre_sowing,red,164.4,48.2,190.8,high,medium,high,72.6,27.4,0.8,DAP + MOP,12.5,10.0,"Apply 7 days before sowing, mix into topsoil 10-15cm",Basal
jowar_kharif,vegetative,red,166.0,88.5,38.9,high,high,low,39.4,26.5,2.4,Urea,12.0,28.8,Top dress at 20-30 DAS; broadcast and irrigate,Top dress after 3-4 weeks
urad,germination,black_cotton,15.1,113.9,59.1,low,high,medium,73.2,31.1,8.6,Rhizobium Biofert,5.0,43.0,Apply at sowing time or within first 7 DAS,Seed inoculation
tomato,vegetative,laterite,29.2,78.3,190.2,low,medium,high,36.7,35.6,5.2,Urea,26.0,135.2,Top dress at 20-30 DAS; broadcast and irrigate,Vegetative growth
urad,germination,sandy,155.0,89.6,48.7,high,high,low,68.3,35.9,9.8,Rhizobium Biofert,5.0,49.0,Apply at sowing time or within first 7 DAS,Seed inoculation
sugarcane,harvest,sandy,40.3,51.4,175.0,medium,medium,high,55.2,22.5,0.5,MOP,10.0,5.0,Do not apply; withholding period required,Juice quality
chilli,grain_fill,laterite,69.2,73.0,83.7,medium,medium,medium,27.7,19.5,6.6,MOP,12.0,79.2,Foliar spray or side dress during grain/fruit development,Pungency development
sesame,vegetative,sandy,46.1,47.9,158.4,medium,medium,high,76.0,29.0,4.0,Urea,12.0,48.0,Top dress at 20-30 DAS; broadcast and irrigate,Top dress
turmeric,grain_fill,red,276.3,69.5,98.4,high,medium,medium,53.9,23.1,6.0,MOP,20.0,120.0,Foliar spray or side dress during grain/fruit development,Curcumin synthesis
rice,germination,sandy,50.8,56.9,143.6,medium,medium,high,46.3,24.8,4.8,Urea,18.0,86.4,Apply at sowing time or within first 7 DAS,7-10 DAS
chilli,vegetative,laterite,245.3,31.3,165.4,high,low,high,79.3,14.1,2.7,Urea,10.8,29.2,Top dress at 20-30 DAS; broadcast and irrigate,Plant establishment
jowar_kharif,vegetative,black_cotton,90.8,100.5,151.9,high,high,high,42.7,18.7,6.6,Urea,12.0,79.2,Top dress at 20-30 DAS; broadcast and irrigate,Top dress after 3-4 weeks
tomato,harvest,red,63.8,100.7,79.7,medium,high,medium,61.3,15.8,8.3,13:00:45 NPK,10.0,83.0,Do not apply; withholding period required,Quality booster
banana,pre_sowing,alluvial,16.7,40.9,35.4,low,low,low,26.9,24.5,4.8,DAP + MOP,90.0,432.0,"Apply 7 days before sowing, mix into topsoil 10-15cm",Heavy K feeder; high basal
groundnut,flowering,alluvial,46.1,45.6,21.4,medium,medium,low,44.6,34.7,1.6,Gypsum,25.0,40.0,Apply at flower bud initiation; avoid leaf contact,Peg development
bajra,vegetative,laterite,251.7,85.6,138.2,high,high,high,64.9,18.3,1.4,Urea,10.8,15.1,Top dress at 20-30 DAS; broadcast and irrigate,N top dress 3 weeks after sowing
rice,flowering,sandy,260.6,55.8,53.4,high,medium,medium,24.6,15.6,10.0,Urea + MOP,12.0,120.0,Apply at flower bud initiation; avoid leaf contact,Panicle initiation
tur_arhar,germination,red,189.5,88.9,64.9,high,high,medium,30.8,17.7,2.2,Rhizobium Biofert,5.0,11.0,Apply at sowing time or within first 7 DAS,Seed treatment
turmeric,grain_fill,black_cotton,230.0,25.8,38.2,high,low,low,21.6,29.5,4.7,MOP,25.0,117.5,Foliar spray or side dress during grain/fruit development,Curcumin synthesis
sugarcane,pre_sowing,red,113.2,57.8,155.4,high,medium,high,72.7,14.8,3.8,DAP + MOP,25.0,95.0,"Apply 7 days before sowing, mix into topsoil 10-15cm",Heavy feeder; high basal
safflower,flowering,sandy,214.9,23.9,57.1,high,low,medium,32.3,35.9,4.4,Urea,6.0,26.4,Apply at flower bud initiation; avoid leaf contact,Capitulum stage
chilli,flowering,red,48.7,88.3,189.8,medium,high,high,50.4,14.3,1.1,19:19:19 NPK,7.5,8.2,Apply at flower bud initiation; avoid leaf contact,Fruit set
rice,grain_fill,red,209.2,51.8,179.0,high,medium,high,36.8,36.3,3.1,MOP,6.0,18.6,Foliar spray or side dress during grain/fruit development,Grain filling stage
grapes,flowering,sandy,128.4,99.3,139.9,high,high,high,40.9,16.7,8.3,13:00:45 NPK,4.5,37.4,Apply at flower bud initiation; avoid leaf contact,Berry set
grapes,flowering,sandy,173.8,90.6,137.7,high,high,high,57.4,31.4,9.8,13:00:45 NPK,4.5,44.1,Apply at flower bud initiation; avoid leaf contact,Berry set
safflower,pre_sowing,black_cotton,216.0,49.6,199.6,high,medium,high,46.1,27.8,8.3,DAP + MOP,12.5,103.8,"Apply 7 days before sowing, mix into topsoil 10-15cm",Basal
chilli,grain_fill,black_cotton,71.4,68.3,149.4,medium,medium,high,61.4,14.7,2.5,MOP,6.0,15.0,Foliar spray or side dress during grain/fruit development,Pungency development
sesame,vegetative,sandy,73.2,98.0,100.2,medium,high,high,49.5,33.2,8.4,Urea,12.0,100.8,Top dress at 20-30 DAS; broadcast and irrigate,Top dress
safflower,flowering,sandy,78.8,51.7,162.4,medium,medium,high,64.5,17.1,5.3,Urea,10.0,53.0,Apply at flower bud initiation; avoid leaf contact,Capitulum stage
moong_kharif,flowering,red,20.1,69.0,47.5,low,medium,low,62.5,20.7,3.4,MOP,10.0,34.0,Apply at flower bud initiation; avoid leaf contact,Pod fill
groundnut,pre_sowing,laterite,151.2,93.8,93.7,high,high,medium,60.1,20.4,2.8,SSP + Gypsum,18.0,50.4,"Apply 7 days before sowing, mix into topsoil 10-15cm",Ca from gypsum for pod fill
cotton,grain_fill,alluvial,272.5,119.9,88.2,high,high,medium,72.8,13.4,0.7,MOP,15.0,10.5,Foliar spray or side dress during grain/fruit development,Fibre quality
sunflower_rabi,pre_sowing,alluvial,254.6,53.9,161.9,high,medium,high,68.1,36.0,7.1,DAP + MOP,15.0,106.5,"Apply 7 days before sowing, mix into topsoil 10-15cm",Basal
wheat,germination,laterite,175.5,45.0,34.1,high,medium,low,36.8,28.3,3.1,Urea,12.0,37.2,Apply at sowing time or within first 7 DAS,CRI stage
rabi_maize,vegetative,alluvial,259.1,52.6,77.4,high,medium,medium,74.1,23.2,4.2,Urea,15.0,63.0,Top dress at 20-30 DAS; broadcast and irrigate,Top dress
bajra,pre_sowing,black_cotton,209.4,38.4,196.2,high,low,high,40.5,14.9,5.5,DAP,24.0,132.0,"Apply 7 days before sowing, mix into topsoil 10-15cm",Basal P
cotton,grain_fill,laterite,47.9,34.9,168.4,medium,low,high,30.5,17.4,6.1,MOP,7.5,45.8,Foliar spray or side dress during grain/fruit development,Fibre quality
mustard,flowering,red,80.6,50.9,116.1,medium,medium,high,35.1,24.3,4.1,Urea,10.0,41.0,Apply at flower bud initiation; avoid leaf contact,Booster
cotton,grain_fill,alluvial,12.2,35.0,106.4,low,low,high,56.1,15.1,5.5,MOP,7.5,41.2,Foliar spray or side dress during grain/fruit development,Fibre quality
tur_arhar,vegetative,black_cotton,165.9,114.0,181.0,high,high,high,22.9,15.3,1.8,Urea,6.0,10.8,Top dress at 20-30 DAS; broadcast and irrigate,Light N if pale
maize_kharif,flowering,alluvial,214.0,93.0,136.4,high,high,high,57.6,18.1,9.6,Urea,12.0,115.2,Apply at flower bud initiation; avoid leaf contact,Tasselling stage
jowar_kharif,pre_sowing,red,56.4,99.2,31.3,medium,high,low,20.6,37.1,7.4,DAP,15.0,111.0,"Apply 7 days before sowing, mix into topsoil 10-15cm",Basal P and N
chickpea,flowering,laterite,115.3,25.7,61.4,high,low,medium,39.8,22.3,2.9,MOP,8.0,23.2,Apply at flower bud initiation; avoid leaf contact,Foliar K for pod fill
linseed,pre_sowing,alluvial,257.1,74.6,157.0,high,medium,high,73.3,28.1,8.0,DAP + MOP,10.0,80.0,"Apply 7 days before sowing, mix into topsoil 10-15cm",Basal
jowar_rabi,pre_sowing,black_cotton,235.3,74.1,133.6,high,medium,high,73.9,15.4,5.2,DAP + MOP,15.0,78.0,"Apply 7 days before sowing, mix into topsoil 10-15cm",Full P and K basal
tur_arhar,flowering,red,132.4,31.0,121.2,high,low,high,63.6,21.1,4.9,MOP,5.0,24.5,Apply at flower bud initiation; avoid leaf contact,Pod setting
sunflower_kharif,flowering,sandy,210.3,81.7,127.0,high,high,high,75.6,21.1,5.9,Boron Spray,5.0,29.5,Apply at flower bud initiation; avoid leaf contact,Prevent hollow stem
turmeric,grain_fill,laterite,120.2,99.8,121.0,high,high,high,64.5,37.9,3.8,MOP,10.0,38.0,Foliar spray or side dress during grain/fruit development,Curcumin synthesis
moong_kharif,flowering,black_cotton,183.1,24.2,123.7,high,low,high,24.7,31.7,4.7,MOP,4.0,18.8,Apply at flower bud initiation; avoid leaf contact,Pod fill
safflower,flowering,sandy,109.1,79.5,141.0,high,medium,high,26.4,30.6,4.4,Urea,6.0,26.4,Apply at flower bud initiation; avoid leaf contact,Capitulum stage
soybean,pre_sowing,red,203.0,89.5,132.7,high,high,high,65.4,18.9,7.1,SSP + MOP,7.5,53.2,"Apply 7 days before sowing, mix into topsoil 10-15cm","Basal: 0 N, 50 P2O5, 40 K2O kg/ha via SSP+MOP"
sesame,pre_sowing,red,142.9,70.9,167.3,high,medium,high,35.8,34.3,2.0,DAP,18.0,36.0,"Apply 7 days before sowing, mix into topsoil 10-15cm",Light feeder
jowar_rabi,flowering,red,129.5,62.4,35.1,high,medium,low,21.0,25.1,5.5,Urea,7.2,39.6,Apply at flower bud initiation; avoid leaf contact,Light booster
grapes,flowering,red,244.0,73.3,181.5,high,medium,high,42.7,34.9,4.7,13:00:45 NPK,4.5,21.2,Apply at flower bud initiation; avoid leaf contact,Berry set
cucumber,flowering,red,17.5,102.4,194.2,low,high,high,50.8,25.6,9.4,MOP,6.0,56.4,Apply at flower bud initiation; avoid leaf contact,Fruit quality
chickpea,germination,laterite,124.3,81.5,119.7,high,high,high,70.4,13.1,9.2,Rhizobium Biofert,5.0,46.0,Apply at sowing time or within first 7 DAS,Seed inoculation
rabi_maize,pre_sowing,alluvial,55.7,40.2,145.5,medium,low,high,50.1,20.0,5.2,DAP + MOP,21.0,109.2,"Apply 7 days before sowing, mix into topsoil 10-15cm",Same as kharif maize
watermelon,vegetative,alluvial,182.7,100.9,97.8,high,high,medium,73.8,37.6,1.6,Urea,9.0,14.4,Top dress at 20-30 DAS; broadcast and irrigate,Vine growth
moong_kharif,flowering,black_cotton,113.3,80.3,153.3,high,high,high,21.3,17.3,6.7,MOP,4.0,26.8,Apply at flower bud initiation; avoid leaf contact,Pod fill
rabi_maize,vegetative,red,149.2,58.5,82.7,high,medium,medium,76.7,17.1,7.2,Urea,15.0,108.0,Top dress at 20-30 DAS; broadcast and irrigate,Top dress
jowar_kharif,vegetative,alluvial,182.3,112.1,167.1,high,high,high,47.8,12.6,8.1,Urea,12.0,97.2,Top dress at 20-30 DAS; broadcast and irrigate,Top dress after 3-4 weeks
grapes,pre_sowing,sandy,120.8,45.4,190.7,high,medium,high,34.6,12.8,8.6,DAP + MOP,15.0,129.0,"Apply 7 days before sowing, mix into topsoil 10-15cm",Pruning time dose
moong_kharif,pre_sowing,laterite,134.3,73.5,26.0,high,medium,low,20.7,22.2,4.6,SSP + MOP,22.5,103.5,"Apply 7 days before sowing, mix into topsoil 10-15cm",Low N legume
groundnut,germination,sandy,142.3,67.2,30.6,high,medium,low,74.4,29.2,9.0,Rhizobium Biofert,5.0,45.0,Apply at sowing time or within first 7 DAS,Seed inoculation
moong_rabi,germination,black_cotton,49.2,92.3,110.6,medium,high,high,67.5,21.5,1.3,Rhizobium Biofert,5.0,6.5,Apply at sowing time or within first 7 DAS,Seed treatment
tur_arhar,vegetative,alluvial,175.4,40.6,47.5,high,low,low,31.8,12.8,0.7,Urea,6.0,4.2,Top dress at 20-30 DAS; broadcast and irrigate,Light N if pale
cucumber,pre_sowing,red,181.3,88.7,66.7,high,high,medium,75.8,17.0,8.3,DAP + MOP,15.0,124.5,"Apply 7 days before sowing, mix into topsoil 10-15cm",Basal
pomegranate,pre_sowing,sandy,192.8,30.8,27.7,high,low,low,79.6,34.2,3.8,DAP + MOP,52.5,199.5,"Apply 7 days before sowing, mix into topsoil 10-15cm",Pre-bloom
tomato,vegetative,laterite,246.9,98.2,84.3,high,high,medium,77.5,15.0,9.7,Urea,12.0,116.4,Top dress at 20-30 DAS; broadcast and irrigate,Vegetative growth
banana,pre_sowing,alluvial,233.6,23.8,32.3,high,low,low,53.7,36.9,9.7,DAP + MOP,90.0,873.0,"Apply 7 days before sowing, mix into topsoil 10-15cm",Heavy K feeder; high basal
soybean,flowering,laterite,127.0,62.7,64.8,high,medium,medium,32.1,20.2,1.7,MOP,10.0,17.0,Apply at flower bud initiation; avoid leaf contact,K boost for pod setting
chilli,vegetative,laterite,258.1,89.9,130.1,high,high,high,70.6,30.0,9.3,Urea,10.8,100.4,Top dress at 20-30 DAS; broadcast and irrigate,Plant establishment
watermelon,flowering,alluvial,10.5,61.3,94.0,low,medium,medium,48.8,14.1,3.3,19:19:19 NPK,15.6,51.5,Apply at flower bud initiation; avoid leaf contact,Fruit set
jowar_kharif,pre_sowing,alluvial,106.7,111.2,106.0,high,high,high,36.1,12.4,8.9,DAP,15.0,133.5,"Apply 7 days before sowing, mix into topsoil 10-15cm",Basal P and N
tur_arhar,flowering,alluvial,73.4,102.4,48.6,medium,high,low,79.6,26.6,2.5,MOP,12.5,31.2,Apply at flower bud initiation; avoid leaf contact,Pod setting
moong_kharif,flowering,alluvial,119.2,52.7,129.1,high,medium,high,23.1,32.8,8.5,MOP,4.0,34.0,Apply at flower bud initiation; avoid leaf contact,Pod fill
jowar_kharif,flowering,sandy,274.8,97.2,69.1,high,high,medium,41.1,28.6,5.9,Urea,9.0,53.1,Apply at flower bud initiation; avoid leaf contact,Second top dress
pomegranate,grain_fill,laterite,71.8,95.5,47.8,medium,high,low,68.7,31.5,0.9,MOP + Calcium,31.2,28.1,Foliar spray or side dress during grain/fruit development,Fruit development
tomato,pre_sowing,red,80.0,51.0,71.5,medium,medium,medium,21.5,16.5,5.1,DAP + MOP,40.0,204.0,"Apply 7 days before sowing, mix into topsoil 10-15cm",Full P+K; half N
urad,flowering,laterite,216.8,76.1,133.9,high,medium,high,55.9,36.5,1.8,MOP,4.0,7.2,Apply at flower bud initiation; avoid leaf contact,Pod development
sugarcane,vegetative,black_cotton,221.0,52.1,44.2,high,medium,low,34.1,28.2,1.2,Urea + MOP,37.5,45.0,Top dress at 20-30 DAS; broadcast and irrigate,Grand growth period
tur_arhar,flowering,alluvial,10.8,42.5,37.3,low,low,low,45.6,33.6,9.7,MOP,12.5,121.2,Apply at flower bud initiation; avoid leaf contact,Pod setting
bajra,flowering,alluvial,63.8,60.3,155.0,medium,medium,high,64.1,28.1,3.2,Urea,10.0,32.0,Apply at flower bud initiation; avoid leaf contact,Booster dose
sesame,vegetative,sandy,92.1,20.9,181.6,high,low,high,35.8,20.0,7.5,Urea,7.2,54.0,Top dress at 20-30 DAS; broadcast and irrigate,Top dress
pomegranate,pre_sowing,red,136.7,108.7,62.8,high,high,medium,67.2,26.2,7.9,DAP + MOP,21.0,165.9,"Apply 7 days before sowing, mix into topsoil 10-15cm",Pre-bloom
maize_kharif,vegetative,red,260.0,47.6,58.9,high,medium,medium,39.1,35.3,3.1,Urea,15.0,46.5,Top dress at 20-30 DAS; broadcast and irrigate,Knee high stage N
moong_rabi,flowering,red,80.2,66.5,21.4,medium,medium,low,31.8,33.3,3.0,MOP,10.0,30.0,Apply at flower bud initiation; avoid leaf contact,Pod fill
sugarcane,germination,laterite,252.7,102.1,63.1,high,high,medium,48.2,18.8,5.3,Urea,15.0,79.5,Apply at sowing time or within first 7 DAS,Germination boost
rice,flowering,alluvial,117.6,67.2,44.1,high,medium,low,56.2,33.0,3.0,Urea + MOP,15.0,45.0,Apply at flower bud initiation; avoid leaf contact,Panicle initiation
mustard,vegetative,alluvial,251.0,102.3,83.6,high,high,medium,47.9,20.3,9.6,Urea,10.8,103.7,Top dress at 20-30 DAS; broadcast and irrigate,Top dress at 20 DAS
mustard,flowering,black_cotton,24.5,64.0,187.3,low,medium,high,66.1,25.4,9.4,Urea,13.0,122.2,Apply at flower bud initiation; avoid leaf contact,Booster
tomato,grain_fill,alluvial,76.0,33.1,190.6,medium,low,high,78.0,15.8,7.9,MOP + CaNO3,9.0,71.1,Foliar spray or side dress during grain/fruit development,Fruit development + Ca
sesame,vegetative,laterite,120.1,39.7,27.6,high,low,low,50.1,37.2,5.3,Urea,7.2,38.2,Top dress at 20-30 DAS; broadcast and irrigate,Top dress
sunflower_rabi,vegetative,alluvial,40.2,33.0,189.1,medium,low,high,23.2,14.5,9.9,Urea,18.0,178.2,Top dress at 20-30 DAS; broadcast and irrigate,Top dress
grapes,grain_fill,laterite,242.2,83.8,94.7,high,high,medium,39.9,21.5,3.8,MOP,20.0,76.0,Foliar spray or side dress during grain/fruit development,Maturity
safflower,vegetative,alluvial,67.5,82.5,49.7,medium,high,low,46.8,18.9,3.3,Urea,15.0,49.5,Top dress at 20-30 DAS; broadcast and irrigate,Rosette stage
banana,pre_sowing,red,141.5,23.3,157.6,high,low,high,22.7,34.5,6.5,DAP + MOP,36.0,234.0,"Apply 7 days before sowing, mix into topsoil 10-15cm",Heavy K feeder; high basal
safflower,vegetative,laterite,121.0,60.2,171.6,high,medium,high,20.3,30.3,2.5,Urea,9.0,22.5,Top dress at 20-30 DAS; broadcast and irrigate,Rosette stage
banana,grain_fill,laterite,55.2,105.9,44.9,medium,high,low,45.5,34.2,1.0,MOP,50.0,50.0,Foliar spray or side dress during grain/fruit development,Bunch filling
jowar_kharif,vegetative,laterite,245.5,57.6,163.0,high,medium,high,38.2,28.8,6.5,Urea,12.0,78.0,Top dress at 20-30 DAS; broadcast and irrigate,Top dress after 3-4 weeks
onion,vegetative,sandy,25.3,99.2,137.8,low,high,high,76.5,28.3,4.4,Urea,26.0,114.4,Top dress at 20-30 DAS; broadcast and irrigate,Leaf development
sugarcane,vegetative,sandy,146.8,106.3,93.6,high,high,medium,76.5,24.9,2.2,Urea + MOP,30.0,66.0,Top dress at 20-30 DAS; broadcast and irrigate,Grand growth period
cucumber,flowering,alluvial,47.7,113.2,119.2,medium,high,high,50.4,16.6,8.4,MOP,6.0,50.4,Apply at flower bud initiation; avoid leaf contact,Fruit quality
chilli,vegetative,sandy,224.5,70.0,27.3,high,medium,low,61.1,28.5,3.5,Urea,10.8,37.8,Top dress at 20-30 DAS; broadcast and irrigate,Plant establishment
soybean,vegetative,sandy,118.2,102.9,112.8,high,high,high,30.7,24.6,1.8,Urea,7.2,13.0,Top dress at 20-30 DAS; broadcast and irrigate,Top dress if N deficiency observed
maize_kharif,grain_fill,laterite,75.5,56.0,96.9,medium,medium,medium,63.6,16.3,1.0,MOP,10.0,10.0,Foliar spray or side dress during grain/fruit development,Cob development
sesame,pre_sowing,alluvial,197.4,41.4,149.1,high,low,high,28.9,29.0,8.5,DAP,21.6,183.6,"Apply 7 days before sowing, mix into topsoil 10-15cm",Light feeder
cotton,pre_sowing,red,195.1,41.9,131.2,high,low,high,56.4,34.3,8.7,DAP + MOP,24.0,208.8,"Apply 7 days before sowing, mix into topsoil 10-15cm",Basal: 25N 25P 25K
pomegranate,grain_fill,laterite,102.7,23.4,184.7,high,low,high,79.3,19.7,4.6,MOP + Calcium,12.5,57.5,Foliar spray or side dress during grain/fruit development,Fruit development
cotton,grain_fill,alluvial,168.9,46.1,132.5,high,medium,high,79.3,37.4,4.0,MOP,7.5,30.0,Foliar spray or side dress during grain/fruit development,Fibre quality
urad,germination,sandy,274.1,82.5,36.7,high,high,low,62.6,34.9,1.5,Rhizobium Biofert,5.0,7.5,Apply at sowing time or within first 7 DAS,Seed inoculation
wheat,vegetative,black_cotton,231.7,76.4,33.1,high,medium,low,35.3,14.5,3.3,Urea,12.0,39.6,Top dress at 20-30 DAS; broadcast and irrigate,Tillering
linseed,vegetative,black_cotton,110.8,20.9,117.1,high,low,high,78.4,14.6,6.3,Urea,7.2,45.4,Top dress at 20-30 DAS; broadcast and irrigate,Top dress
mustard,flowering,sandy,94.5,69.8,163.2,high,medium,high,49.3,24.5,1.8,Urea,6.0,10.8,Apply at flower bud initiation; avoid leaf contact,Booster
groundnut,germination,black_cotton,247.0,79.1,117.4,high,medium,high,76.3,29.4,4.4,Rhizobium Biofert,5.0,22.0,Apply at sowing time or within first 7 DAS,Seed inoculation
tomato,flowering,black_cotton,142.5,90.1,148.2,high,high,high,77.0,14.3,9.3,19:19:19 NPK,4.5,41.9,Apply at flower bud initiation; avoid leaf contact,Balanced NPK at fruit set
urad,flowering,sandy,44.5,82.5,154.1,medium,high,high,75.5,14.9,6.9,MOP,4.0,27.6,Apply at flower bud initiation; avoid leaf contact,Pod development
mustard,vegetative,red,165.4,100.9,130.8,high,high,high,75.3,21.6,9.1,Urea,10.8,98.3,Top dress at 20-30 DAS; broadcast and irrigate,Top dress at 20 DAS
jowar_kharif,pre_sowing,sandy,267.5,44.6,176.6,high,low,high,34.1,19.5,9.9,DAP,30.0,297.0,"Apply 7 days before sowing, mix into topsoil 10-15cm",Basal P and N
tomato,vegetative,alluvial,227.9,102.1,107.8,high,high,high,48.7,37.2,4.1,Urea,12.0,49.2,Top dress at 20-30 DAS; broadcast and irrigate,Vegetative growth
maize_kharif,grain_fill,red,24.4,75.4,197.7,low,medium,high,40.4,16.4,9.1,MOP,5.0,45.5,Foliar spray or side dress during grain/fruit development,Cob development
safflower,pre_sowing,laterite,121.2,83.9,39.2,high,high,low,46.4,32.4,1.9,DAP + MOP,18.8,35.7,"Apply 7 days before sowing, mix into topsoil 10-15cm",Basal
rice,flowering,sandy,262.7,116.6,199.6,high,high,high,31.0,32.2,1.7,Urea + MOP,6.0,10.2,Apply at flower bud initiation; avoid leaf contact,Panicle initiation
jowar_kharif,pre_sowing,sandy,275.6,25.6,134.5,high,low,high,61.3,18.7,5.1,DAP,30.0,153.0,"Apply 7 days before sowing, mix into topsoil 10-15cm",Basal P and N
moong_kharif,germination,sandy,51.3,119.6,117.8,medium,high,high,22.7,30.2,9.3,Rhizobium Biofert,5.0,46.5,Apply at sowing time or within first 7 DAS,Seed treatment
jowar_kharif,flowering,alluvial,143.9,108.5,165.8,high,high,high,39.4,14.3,6.7,Urea,9.0,60.3,Apply at flower bud initiation; avoid leaf contact,Second top dress
orange,pre_sowing,red,259.6,70.9,45.7,high,medium,low,64.3,18.8,4.8,DAP + MOP,43.8,210.2,"Apply 7 days before sowing, mix into topsoil 10-15cm",Post-harvest dose
jowar_kharif,flowering,laterite,265.1,100.9,166.8,high,high,high,23.9,15.4,7.3,Urea,9.0,65.7,Apply at flower bud initiation; avoid leaf contact,Second top dress
maize_kharif,vegetative,sandy,29.3,93.3,143.1,low,high,high,27.9,27.0,4.6,Urea,32.5,149.5,Top dress at 20-30 DAS; broadcast and irrigate,Knee high stage N
orange,pre_sowing,black_cotton,231.4,87.0,101.4,high,high,high,71.7,23.7,5.0,DAP + MOP,10.5,52.5,"Apply 7 days before sowing, mix into topsoil 10-15cm",Post-harvest dose
watermelon,grain_fill,black_cotton,19.9,115.7,141.1,low,high,high,46.9,19.6,7.5,MOP,7.5,56.2,Foliar spray or side dress during grain/fruit development,Fruit sweetness
orange,grain_fill,sandy,106.0,30.7,59.1,high,low,medium,49.2,26.8,2.4,MOP + Micronutrient,20.0,48.0,Foliar spray or side dress during grain/fruit development,Fruit color + quality
orange,grain_fill,black_cotton,36.5,107.3,60.1,low,high,medium,64.6,33.3,3.4,MOP + Micronutrient,20.0,68.0,Foliar spray or side dress during grain/fruit development,Fruit color + quality
rice,flowering,red,237.8,81.8,122.2,high,high,high,64.1,37.4,8.4,Urea + MOP,6.0,50.4,Apply at flower bud initiation; avoid leaf contact,Panicle initiation
urad,germination,black_cotton,243.0,74.1,195.9,high,medium,high,44.1,20.1,9.0,Rhizobium Biofert,5.0,45.0,Apply at sowing time or within first 7 DAS,Seed inoculation
jowar_kharif,pre_sowing,red,138.0,68.2,155.1,high,medium,high,38.8,27.1,7.7,DAP,25.0,192.5,"Apply 7 days before sowing, mix into topsoil 10-15cm",Basal P and N
urad,germination,alluvial,174.9,103.7,90.3,high,high,medium,26.2,28.1,0.8,Rhizobium Biofert,5.0,4.0,Apply at sowing time or within first 7 DAS,Seed inoculation
grapes,pre_sowing,alluvial,33.8,31.6,150.8,low,low,high,24.0,36.3,2.2,DAP + MOP,18.0,39.6,"Apply 7 days before sowing, mix into topsoil 10-15cm",Pruning time dose
sesame,pre_sowing,sandy,185.3,86.2,158.7,high,high,high,52.5,31.6,2.9,DAP,10.8,31.3,"Apply 7 days before sowing, mix into topsoil 10-15cm",Light feeder
rice,vegetative,alluvial,153.0,74.1,116.3,high,medium,high,77.4,12.8,5.9,Urea,13.2,77.9,Top dress at 20-30 DAS; broadcast and irrigate,25-30 DAS tillering
onion,vegetative,red,236.2,52.5,152.2,high,medium,high,47.5,27.9,4.4,Urea,12.0,52.8,Top dress at 20-30 DAS; broadcast and irrigate,Leaf development
safflower,flowering,alluvial,219.5,106.3,76.1,high,high,medium,46.3,36.4,7.9,Urea,6.0,47.4,Apply at flower bud initiation; avoid leaf contact,Capitulum stage
orange,grain_fill,red,167.3,119.9,65.4,high,high,medium,53.8,18.6,1.7,MOP + Micronutrient,20.0,34.0,Foliar spray or side dress during grain/fruit development,Fruit color + quality
tomato,grain_fill,red,183.3,31.4,24.9,high,low,low,22.5,22.4,3.5,MOP + CaNO3,22.5,78.8,Foliar spray or side dress during grain/fruit development,Fruit development + Ca
jowar_rabi,vegetative,sandy,128.5,74.5,113.2,high,medium,high,47.8,12.3,3.1,Urea,12.0,37.2,Top dress at 20-30 DAS; broadcast and irrigate,Split N top dress
sunflower_kharif,flowering,red,228.4,34.1,186.4,high,low,high,64.6,36.3,4.1,Boron Spray,5.0,20.5,Apply at flower bud initiation; avoid leaf contact,Prevent hollow stem
grapes,grain_fill,sandy,34.7,70.0,192.5,low,medium,high,52.3,27.6,3.1,MOP,10.0,31.0,Foliar spray or side dress during grain/fruit development,Maturity
soybean,flowering,sandy,149.6,31.5,163.1,high,low,high,43.8,26.7,2.5,MOP,5.0,12.5,Apply at flower bud initiation; avoid leaf contact,K boost for pod setting
tur_arhar,pre_sowing,alluvial,61.7,115.9,48.3,medium,high,low,21.7,24.8,0.6,SSP + MOP,16.5,9.9,"Apply 7 days before sowing, mix into topsoil 10-15cm",Low N; P+K basal
rice,pre_sowing,sandy,247.8,33.5,91.0,high,low,medium,40.7,18.0,1.6,DAP,36.0,57.6,"Apply 7 days before sowing, mix into topsoil 10-15cm",Basal
tomato,pre_sowing,alluvial,70.5,26.0,57.5,medium,low,medium,62.6,34.0,5.6,DAP + MOP,48.0,268.8,"Apply 7 days before sowing, mix into topsoil 10-15cm",Full P+K; half N
soybean,pre_sowing,sandy,89.8,34.2,161.9,medium,low,high,40.1,31.1,4.6,SSP + MOP,15.0,69.0,"Apply 7 days before sowing, mix into topsoil 10-15cm","Basal: 0 N, 50 P2O5, 40 K2O kg/ha via SSP+MOP"
moong_rabi,germination,alluvial,216.8,86.3,156.1,high,high,high,32.7,36.1,5.9,Rhizobium Biofert,5.0,29.5,Apply at sowing time or within first 7 DAS,Seed treatment
jowar_rabi,flowering,alluvial,24.9,116.4,36.9,low,high,low,74.0,26.1,7.2,Urea,15.6,112.3,Apply at flower bud initiation; avoid leaf contact,Light booster
watermelon,vegetative,sandy,24.6,113.3,145.7,low,high,high,20.7,14.3,7.3,Urea,19.5,142.3,Top dress at 20-30 DAS; broadcast and irrigate,Vine growth
jowar_kharif,vegetative,alluvial,48.1,46.9,145.2,medium,medium,high,52.4,22.6,6.4,Urea,20.0,128.0,Top dress at 20-30 DAS; broadcast and irrigate,Top dress after 3-4 weeks
mustard,flowering,sandy,12.9,90.1,97.0,low,high,medium,57.5,21.6,8.4,Urea,13.0,109.2,Apply at flower bud initiation; avoid leaf contact,Booster
moong_kharif,pre_sowing,laterite,234.6,49.7,98.2,high,medium,medium,76.3,35.7,8.7,SSP + MOP,18.0,156.6,"Apply 7 days before sowing, mix into topsoil 10-15cm",Low N legume
bajra,flowering,black_cotton,97.3,41.2,105.2,high,low,high,76.2,27.1,9.5,Urea,6.0,57.0,Apply at flower bud initiation; avoid leaf contact,Booster dose
jowar_rabi,pre_sowing,red,71.8,104.4,171.2,medium,high,high,46.8,34.8,9.3,DAP + MOP,9.0,83.7,"Apply 7 days before sowing, mix into topsoil 10-15cm",Full P and K basal
jowar_kharif,vegetative,black_cotton,71.4,100.9,114.8,medium,high,high,24.9,36.0,3.4,Urea,20.0,68.0,Top dress at 20-30 DAS; broadcast and irrigate,Top dress after 3-4 weeks
moong_kharif,flowering,alluvial,251.5,42.7,70.4,high,low,medium,42.3,34.8,9.7,MOP,8.0,77.6,Apply at flower bud initiation; avoid leaf contact,Pod fill
watermelon,vegetative,laterite,262.8,62.3,196.7,high,medium,high,46.0,19.4,8.0,Urea,9.0,72.0,Top dress at 20-30 DAS; broadcast and irrigate,Vine growth
safflower,flowering,black_cotton,141.0,58.0,117.3,high,medium,high,78.6,20.2,9.1,Urea,6.0,54.6,Apply at flower bud initiation; avoid leaf contact,Capitulum stage
bajra,flowering,red,225.3,107.7,136.8,high,high,high,32.0,22.4,2.4,Urea,6.0,14.4,Apply at flower bud initiation; avoid leaf contact,Booster dose
maize_kharif,vegetative,black_cotton,81.9,67.2,143.9,medium,medium,high,22.4,25.4,7.9,Urea,25.0,197.5,Top dress at 20-30 DAS; broadcast and irrigate,Knee high stage N
rabi_maize,pre_sowing,alluvial,240.2,42.8,183.3,high,low,high,73.5,28.2,2.7,DAP + MOP,21.0,56.7,"Apply 7 days before sowing, mix into topsoil 10-15cm",Same as kharif maize
cotton,pre_sowing,laterite,55.4,78.1,121.0,medium,medium,high,62.6,13.4,3.4,DAP + MOP,20.0,68.0,"Apply 7 days before sowing, mix into topsoil 10-15cm",Basal: 25N 25P 25K
cotton,grain_fill,alluvial,153.2,48.5,127.1,high,medium,high,58.2,23.2,7.0,MOP,7.5,52.5,Foliar spray or side dress during grain/fruit development,Fibre quality
rice,pre_sowing,alluvial,46.4,80.4,34.3,medium,high,low,58.3,21.0,5.1,DAP,18.0,91.8,"Apply 7 days before sowing, mix into topsoil 10-15cm",Basal
mustard,pre_sowing,alluvial,20.6,70.6,80.6,low,medium,medium,26.5,22.8,6.0,DAP + MOP,25.0,150.0,"Apply 7 days before sowing, mix into topsoil 10-15cm",Basal; sulfur from SSP
sugarcane,germination,black_cotton,34.9,35.7,102.2,low,low,high,73.3,16.7,8.0,Urea,32.5,260.0,Apply at sowing time or within first 7 DAS,Germination boost
grapes,flowering,black_cotton,228.0,55.8,134.9,high,medium,high,69.3,31.6,6.5,13:00:45 NPK,4.5,29.2,Apply at flower bud initiation; avoid leaf contact,Berry set
grapes,pre_sowing,red,56.5,53.9,69.8,medium,medium,medium,75.2,23.0,5.7,DAP + MOP,30.0,171.0,"Apply 7 days before sowing, mix into topsoil 10-15cm",Pruning time dose
sunflower_kharif,pre_sowing,black_cotton,57.9,29.4,116.5,medium,low,high,68.0,35.1,4.6,DAP + MOP,18.0,82.8,"Apply 7 days before sowing, mix into topsoil 10-15cm",Basal
cucumber,flowering,red,261.6,88.7,151.7,high,high,high,22.2,24.3,0.7,MOP,6.0,4.2,Apply at flower bud initiation; avoid leaf contact,Fruit quality
moong_rabi,germination,black_cotton,191.7,71.1,20.6,high,medium,low,71.3,34.0,4.0,Rhizobium Biofert,5.0,20.0,Apply at sowing time or within first 7 DAS,Seed treatment
tomato,grain_fill,laterite,96.1,101.5,136.1,high,high,high,77.7,29.2,7.2,MOP + CaNO3,9.0,64.8,Foliar spray or side dress during grain/fruit development,Fruit development + Ca
chilli,vegetative,sandy,215.3,49.1,23.0,high,medium,low,43.1,29.4,6.1,Urea,10.8,65.9,Top dress at 20-30 DAS; broadcast and irrigate,Plant establishment
maize_kharif,flowering,red,210.4,87.5,188.7,high,high,high,26.9,35.9,2.5,Urea,12.0,30.0,Apply at flower bud initiation; avoid leaf contact,Tasselling stage
jowar_kharif,flowering,laterite,166.6,101.5,180.2,high,high,high,72.2,23.8,5.2,Urea,9.0,46.8,Apply at flower bud initiation; avoid leaf contact,Second top dress
grapes,vegetative,red,84.9,96.5,159.4,medium,high,high,58.4,19.5,6.8,Urea,20.0,136.0,Top dress at 20-30 DAS; broadcast and irrigate,Shoot growth
sunflower_kharif,vegetative,sandy,209.4,116.1,85.7,high,high,medium,25.3,15.2,3.6,Urea,10.8,38.9,Top dress at 20-30 DAS; broadcast and irrigate,Top dress
maize_kharif,pre_sowing,alluvial,207.5,24.1,126.2,high,low,high,75.0,15.1,3.5,DAP + MOP,21.0,73.5,"Apply 7 days before sowing, mix into topsoil 10-15cm",Full P+K; half N basal
mustard,vegetative,laterite,21.2,92.7,145.2,low,high,high,68.8,20.7,1.4,Urea,23.4,32.8,Top dress at 20-30 DAS; broadcast and irrigate,Top dress at 20 DAS
jowar_rabi,vegetative,alluvial,246.6,24.3,32.3,high,low,low,54.3,29.2,1.7,Urea,12.0,20.4,Top dress at 20-30 DAS; broadcast and irrigate,Split N top dress
orange,pre_sowing,alluvial,102.8,101.0,100.7,high,high,high,70.1,37.7,3.6,DAP + MOP,10.5,37.8,"Apply 7 days before sowing, mix into topsoil 10-15cm",Post-harvest dose
chickpea,pre_sowing,sandy,257.3,98.4,117.9,high,high,high,23.2,14.3,6.0,SSP + MOP,6.0,36.0,"Apply 7 days before sowing, mix into topsoil 10-15cm",Low N; P and K basal
sunflower_kharif,pre_sowing,red,66.2,30.3,99.4,medium,low,medium,67.7,22.5,7.2,DAP + MOP,36.0,259.2,"Apply 7 days before sowing, mix into topsoil 10-15cm",Basal
safflower,pre_sowing,black_cotton,189.4,33.0,172.6,high,low,high,25.5,31.2,4.8,DAP + MOP,15.0,72.0,"Apply 7 days before sowing, mix into topsoil 10-15cm",Basal
groundnut,grain_fill,red,265.6,20.7,53.0,high,low,medium,63.5,36.1,3.1,MOP,10.0,31.0,Foliar spray or side dress during grain/fruit development,Kernel filling
moong_kharif,pre_sowing,red,222.9,25.1,48.4,high,low,low,51.9,23.2,6.2,SSP + MOP,27.0,167.4,"Apply 7 days before sowing, mix into topsoil 10-15cm",Low N legume
safflower,vegetative,alluvial,13.8,74.3,188.7,low,medium,high,34.2,19.8,6.0,Urea,19.5,117.0,Top dress at 20-30 DAS; broadcast and irrigate,Rosette stage
moong_rabi,pre_sowing,sandy,229.4,32.7,191.3,high,low,high,54.0,16.2,4.7,SSP + MOP,10.8,50.8,"Apply 7 days before sowing, mix into topsoil 10-15cm",Same as kharif moong
watermelon,pre_sowing,sandy,226.9,25.7,158.0,high,low,high,26.3,19.5,0.9,DAP + MOP,18.0,16.2,"Apply 7 days before sowing, mix into topsoil 10-15cm",Basal
jowar_kharif,flowering,alluvial,42.5,27.7,147.4,medium,low,high,41.0,32.7,8.0,Urea,15.0,120.0,Apply at flower bud initiation; avoid leaf contact,Second top dress
sunflower_kharif,pre_sowing,black_cotton,149.4,60.2,177.8,high,medium,high,37.3,26.8,0.9,DAP + MOP,15.0,13.5,"Apply 7 days before sowing, mix into topsoil 10-15cm",Basal
jowar_kharif,flowering,alluvial,40.0,23.9,151.5,medium,low,high,56.3,17.4,2.2,Urea,15.0,33.0,Apply at flower bud initiation; avoid leaf contact,Second top dress
pomegranate,pre_sowing,laterite,111.2,98.9,27.0,high,high,low,50.4,15.0,7.4,DAP + MOP,26.2,193.9,"Apply 7 days before sowing, mix into topsoil 10-15cm",Pre-bloom
bajra,vegetative,laterite,37.4,63.2,153.2,low,medium,high,26.4,14.9,4.4,Urea,23.4,103.0,Top dress at 20-30 DAS; broadcast and irrigate,N top dress 3 weeks after sowing
groundnut,flowering,sandy,234.5,56.1,122.7,high,medium,high,73.6,13.9,3.4,Gypsum,25.0,85.0,Apply at flower bud initiation; avoid leaf contact,Peg development
tur_arhar,germination,sandy,244.7,108.3,125.1,high,high,high,42.4,36.5,3.3,Rhizobium Biofert,5.0,16.5,Apply at sowing time or within first 7 DAS,Seed treatment
safflower,flowering,laterite,107.8,71.5,127.2,high,medium,high,26.3,37.2,2.2,Urea,6.0,13.2,Apply at flower bud initiation; avoid leaf contact,Capitulum stage
linseed,pre_sowing,red,27.5,117.3,52.5,low,high,medium,78.1,15.3,6.9,DAP + MOP,12.0,82.8,"Apply 7 days before sowing, mix into topsoil 10-15cm",Basal
banana,pre_sowing,alluvial,70.3,88.4,45.8,medium,high,low,67.9,36.5,6.4,DAP + MOP,45.0,288.0,"Apply 7 days before sowing, mix into topsoil 10-15cm",Heavy K feeder; high basal
maize_kharif,pre_sowing,alluvial,135.1,84.8,158.5,high,high,high,30.7,30.0,7.0,DAP + MOP,10.5,73.5,"Apply 7 days before sowing, mix into topsoil 10-15cm",Full P+K; half N basal
maize_kharif,vegetative,laterite,248.4,103.8,197.3,high,high,high,72.5,25.3,8.5,Urea,15.0,127.5,Top dress at 20-30 DAS; broadcast and irrigate,Knee high stage N
sunflower_rabi,vegetative,black_cotton,125.0,52.8,135.2,high,medium,high,44.0,34.8,3.4,Urea,10.8,36.7,Top dress at 20-30 DAS; broadcast and irrigate,Top dress
tomato,vegetative,sandy,241.7,78.2,21.1,high,medium,low,45.5,13.2,7.8,Urea,12.0,93.6,Top dress at 20-30 DAS; broadcast and irrigate,Vegetative growth
sesame,pre_sowing,black_cotton,199.3,58.8,149.7,high,medium,high,54.3,19.9,5.8,DAP,18.0,104.4,"Apply 7 days before sowing, mix into topsoil 10-15cm",Light feeder
grapes,grain_fill,black_cotton,194.7,101.8,130.8,high,high,high,37.3,14.5,8.8,MOP,10.0,88.0,Foliar spray or side dress during grain/fruit development,Maturity
cotton,pre_sowing,laterite,96.8,107.8,132.6,high,high,high,33.1,30.8,8.0,DAP + MOP,12.0,96.0,"Apply 7 days before sowing, mix into topsoil 10-15cm",Basal: 25N 25P 25K
cotton,pre_sowing,alluvial,151.7,38.1,143.3,high,low,high,55.5,32.3,7.5,DAP + MOP,24.0,180.0,"Apply 7 days before sowing, mix into topsoil 10-15cm",Basal: 25N 25P 25K
sesame,vegetative,alluvial,122.5,79.1,122.2,high,medium,high,20.5,26.1,1.2,Urea,7.2,8.6,Top dress at 20-30 DAS; broadcast and irrigate,Top dress
jowar_kharif,vegetative,alluvial,16.1,23.0,74.0,low,low,medium,48.9,22.5,8.0,Urea,26.0,208.0,Top dress at 20-30 DAS; broadcast and irrigate,Top dress after 3-4 weeks
onion,pre_sowing,red,105.1,45.3,121.5,high,medium,high,30.0,13.2,2.8,DAP + MOP,17.5,49.0,"Apply 7 days before sowing, mix into topsoil 10-15cm",Full P+K; half N
tomato,grain_fill,black_cotton,269.0,52.3,155.9,high,medium,high,64.0,24.4,1.2,MOP + CaNO3,9.0,10.8,Foliar spray or side dress during grain/fruit development,Fruit development + Ca
maize_kharif,grain_fill,sandy,220.5,77.3,50.5,high,medium,medium,29.4,37.8,1.4,MOP,10.0,14.0,Foliar spray or side dress during grain/fruit development,Cob development
tur_arhar,germination,red,264.3,93.4,153.4,high,high,high,55.3,34.4,1.5,Rhizobium Biofert,5.0,7.5,Apply at sowing time or within first 7 DAS,Seed treatment
sesame,vegetative,red,238.0,55.3,84.2,high,medium,medium,47.0,20.2,8.6,Urea,7.2,61.9,Top dress at 20-30 DAS; broadcast and irrigate,Top dress
onion,pre_sowing,laterite,57.0,36.6,70.5,medium,low,medium,54.2,31.2,2.1,DAP + MOP,42.0,88.2,"Apply 7 days before sowing, mix into topsoil 10-15cm",Full P+K; half N
chickpea,flowering,laterite,170.2,109.6,195.3,high,high,high,71.7,14.7,6.6,MOP,4.0,26.4,Apply at flower bud initiation; avoid leaf contact,Foliar K for pod fill
cotton,vegetative,red,128.3,21.9,172.0,high,low,high,75.3,35.6,1.2,Urea + MOP,10.5,12.6,Top dress at 20-30 DAS; broadcast and irrigate,Square formation
rice,flowering,black_cotton,254.2,27.2,184.4,high,low,high,52.3,22.5,1.6,Urea + MOP,6.0,9.6,Apply at flower bud initiation; avoid leaf contact,Panicle initiation
rice,vegetative,red,272.7,38.3,108.7,high,low,high,36.4,16.7,6.6,Urea,13.2,87.1,Top dress at 20-30 DAS; broadcast and irrigate,25-30 DAS tillering
bajra,vegetative,alluvial,268.2,29.1,84.0,high,low,medium,51.2,14.0,5.3,Urea,10.8,57.2,Top dress at 20-30 DAS; broadcast and irrigate,N top dress 3 weeks after sowing
urad,flowering,alluvial,28.4,61.9,196.7,low,medium,high,75.4,29.7,5.6,MOP,4.0,22.4,Apply at flower bud initiation; avoid leaf contact,Pod development
rabi_maize,flowering,alluvial,255.3,101.0,120.1,high,high,high,58.2,17.0,2.5,Urea,10.8,27.0,Apply at flower bud initiation; avoid leaf contact,Booster
cucumber,flowering,red,101.2,48.7,52.4,high,medium,medium,79.9,13.9,6.6,MOP,12.0,79.2,Apply at flower bud initiation; avoid leaf contact,Fruit quality
pomegranate,grain_fill,red,137.5,53.4,125.6,high,medium,high,62.5,22.8,7.0,MOP + Calcium,12.5,87.5,Foliar spray or side dress during grain/fruit development,Fruit development
sunflower_rabi,vegetative,sandy,126.4,65.5,21.4,high,medium,low,33.5,31.3,8.1,Urea,10.8,87.5,Top dress at 20-30 DAS; broadcast and irrigate,Top dress
turmeric,pre_sowing,red,127.0,23.2,151.3,high,low,high,51.1,23.8,7.3,DAP + MOP,24.0,175.2,"Apply 7 days before sowing, mix into topsoil 10-15cm",High K demand
turmeric,pre_sowing,alluvial,129.9,60.2,132.5,high,medium,high,73.0,27.8,1.0,DAP + MOP,20.0,20.0,"Apply 7 days before sowing, mix into topsoil 10-15cm",High K demand
groundnut,flowering,red,103.9,41.6,73.6,high,low,medium,26.4,22.6,2.0,Gypsum,25.0,50.0,Apply at flower bud initiation; avoid leaf contact,Peg development
cucumber,flowering,black_cotton,205.9,58.4,67.6,high,medium,medium,33.7,24.5,1.4,MOP,12.0,16.8,Apply at flower bud initiation; avoid leaf contact,Fruit quality
groundnut,pre_sowing,red,265.9,42.3,78.9,high,low,medium,69.0,14.1,6.6,SSP + Gypsum,36.0,237.6,"Apply 7 days before sowing, mix into topsoil 10-15cm",Ca from gypsum for pod fill
orange,pre_sowing,red,184.9,88.4,125.8,high,high,high,43.9,19.0,4.1,DAP + MOP,10.5,43.0,"Apply 7 days before sowing, mix into topsoil 10-15cm",Post-harvest dose
turmeric,vegetative,red,100.4,48.4,36.0,high,medium,low,65.4,21.2,0.8,Urea + MOP,22.5,18.0,Top dress at 20-30 DAS; broadcast and irrigate,Rhizome development
jowar_rabi,pre_sowing,red,262.4,102.0,131.8,high,high,high,25.1,22.8,4.3,DAP + MOP,9.0,38.7,"Apply 7 days before sowing, mix into topsoil 10-15cm",Full P and K basal
jowar_kharif,flowering,red,195.6,99.7,156.6,high,high,high,48.9,22.3,0.6,Urea,9.0,5.4,Apply at flower bud initiation; avoid leaf contact,Second top dress
wheat,flowering,alluvial,249.5,51.6,81.8,high,medium,medium,71.9,36.8,1.6,Urea,6.0,9.6,Apply at flower bud initiation; avoid leaf contact,Grain initiation
soybean,grain_fill,black_cotton,169.3,30.3,118.6,high,low,high,45.9,12.6,10.0,Micronutrient Mix,5.0,50.0,Foliar spray or side dress during grain/fruit development,Zinc + Boron foliar spray
banana,vegetative,alluvial,182.3,91.0,23.9,high,high,low,78.8,17.3,5.3,Urea + MOP,37.5,198.8,Top dress at 20-30 DAS; broadcast and irrigate,Sword sucker stage
chilli,pre_sowing,red,19.2,73.4,101.1,low,medium,high,67.3,17.6,1.7,DAP + MOP,17.5,29.8,"Apply 7 days before sowing, mix into topsoil 10-15cm",Basal
orange,flowering,laterite,70.9,92.1,56.5,medium,high,medium,24.1,13.2,6.6,Urea,20.0,132.0,Apply at flower bud initiation; avoid leaf contact,Flush growth
rabi_maize,pre_sowing,alluvial,109.1,72.5,152.7,high,medium,high,64.2,38.0,5.5,DAP + MOP,17.5,96.2,"Apply 7 days before sowing, mix into topsoil 10-15cm",Same as kharif maize
urad,flowering,black_cotton,14.2,114.3,26.1,low,high,low,28.4,32.3,7.8,MOP,10.0,78.0,Apply at flower bud initiation; avoid leaf contact,Pod development
moong_kharif,pre_sowing,laterite,232.2,79.9,154.1,high,medium,high,45.1,18.6,4.7,SSP + MOP,9.0,42.3,"Apply 7 days before sowing, mix into topsoil 10-15cm",Low N legume
moong_rabi,pre_sowing,laterite,82.6,114.0,53.4,medium,high,medium,62.7,28.4,8.5,SSP + MOP,10.8,91.8,"Apply 7 days before sowing, mix into topsoil 10-15cm",Same as kharif moong
watermelon,grain_fill,alluvial,114.1,53.2,94.0,high,medium,medium,58.8,16.0,3.0,MOP,15.0,45.0,Foliar spray or side dress during grain/fruit development,Fruit sweetness
mustard,vegetative,sandy,213.0,86.8,170.6,high,high,high,70.1,21.0,9.0,Urea,10.8,97.2,Top dress at 20-30 DAS; broadcast and irrigate,Top dress at 20 DAS
moong_kharif,flowering,black_cotton,155.0,32.7,31.6,high,low,low,40.9,27.0,8.1,MOP,10.0,81.0,Apply at flower bud initiation; avoid leaf contact,Pod fill
maize_kharif,pre_sowing,sandy,11.0,55.3,120.7,low,medium,high,59.8,21.3,3.3,DAP + MOP,17.5,57.8,"Apply 7 days before sowing, mix into topsoil 10-15cm",Full P+K; half N basal
sugarcane,pre_sowing,sandy,146.1,55.1,167.1,high,medium,high,25.8,36.6,8.6,DAP + MOP,25.0,215.0,"Apply 7 days before sowing, mix into topsoil 10-15cm",Heavy feeder; high basal
banana,pre_sowing,sandy,159.0,103.0,152.7,high,high,high,33.6,30.1,4.5,DAP + MOP,18.0,81.0,"Apply 7 days before sowing, mix into topsoil 10-15cm",Heavy K feeder; high basal
pomegranate,pre_sowing,sandy,258.3,77.9,178.7,high,medium,high,73.6,29.9,5.7,DAP + MOP,17.5,99.8,"Apply 7 days before sowing, mix into topsoil 10-15cm",Pre-bloom
orange,flowering,black_cotton,98.3,35.9,162.5,high,low,high,38.5,21.4,2.3,Urea,12.0,27.6,Apply at flower bud initiation; avoid leaf contact,Flush growth
tur_arhar,vegetative,laterite,256.2,63.0,25.5,high,medium,low,73.2,19.9,5.5,Urea,6.0,33.0,Top dress at 20-30 DAS; broadcast and irrigate,Light N if pale
sunflower_kharif,vegetative,red,50.9,41.6,167.2,medium,low,high,24.9,22.9,8.6,Urea,18.0,154.8,Top dress at 20-30 DAS; broadcast and irrigate,Top dress
cotton,flowering,sandy,158.6,91.7,115.3,high,high,high,54.1,34.5,3.2,Urea,15.0,48.0,Apply at flower bud initiation; avoid leaf contact,Boll development
orange,flowering,sandy,229.3,94.7,157.1,high,high,high,61.3,12.9,7.7,Urea,12.0,92.4,Apply at flower bud initiation; avoid leaf contact,Flush growth
urad,pre_sowing,alluvial,61.6,110.2,47.8,medium,high,low,22.9,24.3,2.0,SSP + MOP,13.5,27.0,"Apply 7 days before sowing, mix into topsoil 10-15cm",Basal P+K
chilli,grain_fill,red,66.3,78.2,105.5,medium,medium,high,39.4,28.6,4.4,MOP,6.0,26.4,Foliar spray or side dress during grain/fruit development,Pungency development
watermelon,pre_sowing,red,84.3,111.3,112.9,medium,high,high,56.0,19.0,1.0,DAP + MOP,9.0,9.0,"Apply 7 days before sowing, mix into topsoil 10-15cm",Basal
jowar_rabi,flowering,black_cotton,274.1,53.6,146.6,high,medium,high,40.0,36.7,3.9,Urea,7.2,28.1,Apply at flower bud initiation; avoid leaf contact,Light booster
moong_rabi,germination,red,41.3,106.9,191.7,medium,high,high,58.7,17.5,3.0,Rhizobium Biofert,5.0,15.0,Apply at sowing time or within first 7 DAS,Seed treatment
tur_arhar,germination,alluvial,269.4,93.6,69.2,high,high,medium,42.3,33.4,1.6,Rhizobium Biofert,5.0,8.0,Apply at sowing time or within first 7 DAS,Seed treatment
chickpea,pre_sowing,black_cotton,190.1,73.7,151.6,high,medium,high,57.0,36.0,6.6,SSP + MOP,10.0,66.0,"Apply 7 days before sowing, mix into topsoil 10-15cm",Low N; P and K basal
jowar_rabi,vegetative,laterite,33.6,27.7,168.9,low,low,high,25.9,24.3,4.0,Urea,26.0,104.0,Top dress at 20-30 DAS; broadcast and irrigate,Split N top dress
mustard,flowering,sandy,108.4,60.8,26.0,high,medium,low,60.8,26.4,8.2,Urea,6.0,49.2,Apply at flower bud initiation; avoid leaf contact,Booster
sesame,vegetative,black_cotton,267.1,30.9,184.0,high,low,high,42.5,18.5,2.4,Urea,7.2,17.3,Top dress at 20-30 DAS; broadcast and irrigate,Top dress
sunflower_kharif,flowering,laterite,102.7,87.3,57.8,high,high,medium,36.7,17.8,9.6,Boron Spray,5.0,48.0,Apply at flower bud initiation; avoid leaf contact,Prevent hollow stem
safflower,pre_sowing,red,162.5,52.6,193.7,high,medium,high,42.6,12.5,9.1,DAP + MOP,12.5,113.8,"Apply 7 days before sowing, mix into topsoil 10-15cm",Basal
mustard,pre_sowing,sandy,230.7,31.2,37.5,high,low,low,21.4,13.9,5.8,DAP + MOP,37.5,217.5,"Apply 7 days before sowing, mix into topsoil 10-15cm",Basal; sulfur from SSP
wheat,pre_sowing,alluvial,51.8,26.1,199.5,medium,low,high,63.4,30.1,6.3,DAP + MOP,21.0,132.3,"Apply 7 days before sowing, mix into topsoil 10-15cm",Full P+K; half N
rabi_maize,flowering,red,92.5,32.6,116.1,high,low,high,31.7,16.5,1.4,Urea,10.8,15.1,Apply at flower bud initiation; avoid leaf contact,Booster
linseed,pre_sowing,alluvial,50.0,46.7,149.8,medium,medium,high,29.0,22.4,6.3,DAP + MOP,10.0,63.0,"Apply 7 days before sowing, mix into topsoil 10-15cm",Basal
maize_kharif,flowering,sandy,115.1,71.3,123.1,high,medium,high,30.9,21.7,1.4,Urea,12.0,16.8,Apply at flower bud initiation; avoid leaf contact,Tasselling stage
sesame,pre_sowing,laterite,19.3,64.2,83.2,low,medium,medium,57.1,20.5,6.0,DAP,18.0,108.0,"Apply 7 days before sowing, mix into topsoil 10-15cm",Light feeder
rabi_maize,pre_sowing,sandy,11.8,40.9,161.1,low,low,high,44.7,18.7,1.2,DAP + MOP,21.0,25.2,"Apply 7 days before sowing, mix into topsoil 10-15cm",Same as kharif maize
sesame,pre_sowing,laterite,13.8,104.3,144.1,low,high,high,43.2,37.4,8.9,DAP,10.8,96.1,"Apply 7 days before sowing, mix into topsoil 10-15cm",Light feeder
sunflower_rabi,vegetative,sandy,257.9,81.0,150.7,high,high,high,76.9,24.4,4.7,Urea,10.8,50.8,Top dress at 20-30 DAS; broadcast and irrigate,Top dress
moong_kharif,pre_sowing,alluvial,132.4,98.4,87.2,high,high,medium,38.5,14.2,9.8,SSP + MOP,10.8,105.8,"Apply 7 days before sowing, mix into topsoil 10-15cm",Low N legume
mustard,flowering,red,145.1,69.4,99.5,high,medium,medium,30.9,27.6,8.9,Urea,6.0,53.4,Apply at flower bud initiation; avoid leaf contact,Booster
watermelon,vegetative,alluvial,19.0,107.6,178.8,low,high,high,23.7,25.0,5.8,Urea,19.5,113.1,Top dress at 20-30 DAS; broadcast and irrigate,Vine growth
safflower,flowering,black_cotton,192.4,114.4,156.9,high,high,high,23.8,25.7,3.9,Urea,6.0,23.4,Apply at flower bud initiation; avoid leaf contact,Capitulum stage
moong_kharif,germination,sandy,274.0,102.4,82.8,high,high,medium,41.9,26.7,8.1,Rhizobium Biofert,5.0,40.5,Apply at sowing time or within first 7 DAS,Seed treatment
sugarcane,pre_sowing,alluvial,65.0,44.0,80.5,medium,low,medium,33.8,27.2,5.2,DAP + MOP,60.0,312.0,"Apply 7 days before sowing, mix into topsoil 10-15cm",Heavy feeder; high basal
grapes,flowering,red,130.6,101.4,191.8,high,high,high,36.5,36.2,0.8,13:00:45 NPK,4.5,3.6,Apply at flower bud initiation; avoid leaf contact,Berry set
chickpea,flowering,laterite,218.4,57.4,160.4,high,medium,high,59.7,27.1,4.2,MOP,4.0,16.8,Apply at flower bud initiation; avoid leaf contact,Foliar K for pod fill
cotton,flowering,sandy,16.8,31.1,80.5,low,low,medium,76.0,26.1,2.6,Urea,32.5,84.5,Apply at flower bud initiation; avoid leaf contact,Boll development
onion,harvest,black_cotton,68.3,112.1,48.9,medium,high,low,67.5,27.5,3.9,NO FERTILIZER,0.0,0.0,Do not apply; withholding period required,Stop 3 weeks before harvest
groundnut,pre_sowing,laterite,259.1,69.2,109.1,high,medium,high,56.0,21.1,5.0,SSP + Gypsum,30.0,150.0,"Apply 7 days before sowing, mix into topsoil 10-15cm",Ca from gypsum for pod fill
chickpea,germination,black_cotton,37.5,88.5,167.6,low,high,high,56.0,35.1,0.8,Rhizobium Biofert,5.0,4.0,Apply at sowing time or within first 7 DAS,Seed inoculation
linseed,vegetative,red,168.2,68.7,157.9,high,medium,high,36.5,27.5,6.6,Urea,7.2,47.5,Top dress at 20-30 DAS; broadcast and irrigate,Top dress
cucumber,pre_sowing,red,96.3,29.2,167.3,high,low,high,79.2,21.0,7.5,DAP + MOP,15.0,112.5,"Apply 7 days before sowing, mix into topsoil 10-15cm",Basal
jowar_kharif,pre_sowing,laterite,231.1,108.2,35.7,high,high,low,30.5,26.3,8.3,DAP,15.0,124.5,"Apply 7 days before sowing, mix into topsoil 10-15cm",Basal P and N
watermelon,vegetative,sandy,30.3,80.6,192.7,low,high,high,22.1,18.4,7.9,Urea,19.5,154.1,Top dress at 20-30 DAS; broadcast and irrigate,Vine growth
sugarcane,grain_fill,sandy,215.2,43.7,90.7,high,low,medium,67.6,21.9,0.7,Urea,18.0,12.6,Foliar spray or side dress during grain/fruit development,Elongation stage
tur_arhar,flowering,laterite,183.9,72.5,162.2,high,medium,high,61.2,16.7,4.7,MOP,5.0,23.5,Apply at flower bud initiation; avoid leaf contact,Pod setting
cucumber,flowering,black_cotton,185.8,117.5,95.1,high,high,medium,74.2,36.5,7.1,MOP,12.0,85.2,Apply at flower bud initiation; avoid leaf contact,Fruit quality
orange,flowering,alluvial,53.4,44.3,136.7,medium,low,high,24.4,34.5,3.3,Urea,20.0,66.0,Apply at flower bud initiation; avoid leaf contact,Flush growth
safflower,flowering,black_cotton,45.6,70.8,177.8,medium,medium,high,36.8,33.3,7.5,Urea,10.0,75.0,Apply at flower bud initiation; avoid leaf contact,Capitulum stage
banana,flowering,black_cotton,134.7,117.7,184.7,high,high,high,23.6,29.5,1.0,Urea + MOP,13.5,13.5,Apply at flower bud initiation; avoid leaf contact,Bunch initiation
urad,flowering,black_cotton,54.2,39.5,53.7,medium,low,medium,23.0,33.8,9.1,MOP,8.0,72.8,Apply at flower bud initiation; avoid leaf contact,Pod development
jowar_rabi,flowering,black_cotton,88.7,80.0,199.3,medium,high,high,56.4,27.0,8.1,Urea,12.0,97.2,Apply at flower bud initiation; avoid leaf contact,Light booster
banana,vegetative,laterite,83.4,29.4,84.1,medium,low,medium,68.0,26.0,2.4,Urea + MOP,50.0,120.0,Top dress at 20-30 DAS; broadcast and irrigate,Sword sucker stage
sunflower_rabi,vegetative,alluvial,135.4,34.5,96.5,high,low,medium,70.3,13.9,1.6,Urea,10.8,17.3,Top dress at 20-30 DAS; broadcast and irrigate,Top dress
wheat,vegetative,alluvial,239.9,100.5,87.1,high,high,medium,77.2,16.3,2.3,Urea,12.0,27.6,Top dress at 20-30 DAS; broadcast and irrigate,Tillering
grapes,pre_sowing,sandy,14.9,35.6,165.5,low,low,high,43.3,33.0,2.7,DAP + MOP,18.0,48.6,"Apply 7 days before sowing, mix into topsoil 10-15cm",Pruning time dose
groundnut,grain_fill,sandy,177.4,60.6,36.3,high,medium,low,52.1,29.0,7.2,MOP,12.5,90.0,Foliar spray or side dress during grain/fruit development,Kernel filling
orange,grain_fill,red,36.2,111.2,51.9,low,high,medium,55.1,12.4,5.4,MOP + Micronutrient,20.0,108.0,Foliar spray or side dress during grain/fruit development,Fruit color + quality
cucumber,vegetative,red,189.7,51.6,77.6,high,medium,medium,34.2,18.0,7.8,Urea,9.0,70.2,Top dress at 20-30 DAS; broadcast and irrigate,Growth boost
moong_rabi,pre_sowing,red,277.9,31.3,142.1,high,low,high,42.8,30.9,1.2,SSP + MOP,10.8,13.0,"Apply 7 days before sowing, mix into topsoil 10-15cm",Same as kharif moong
bajra,flowering,alluvial,79.0,55.5,49.7,medium,medium,low,72.4,13.4,4.6,Urea,10.0,46.0,Apply at flower bud initiation; avoid leaf contact,Booster dose
watermelon,vegetative,black_cotton,255.6,96.5,151.0,high,high,high,75.1,35.3,3.1,Urea,9.0,27.9,Top dress at 20-30 DAS; broadcast and irrigate,Vine growth
banana,pre_sowing,laterite,129.8,82.0,78.6,high,high,medium,23.6,34.8,0.7,DAP + MOP,36.0,25.2,"Apply 7 days before sowing, mix into topsoil 10-15cm",Heavy K feeder; high basal
banana,grain_fill,sandy,274.1,116.8,75.9,high,high,medium,25.0,16.6,5.9,MOP,40.0,236.0,Foliar spray or side dress during grain/fruit development,Bunch filling
onion,pre_sowing,laterite,108.4,23.6,181.9,high,low,high,51.4,30.7,9.7,DAP + MOP,21.0,203.7,"Apply 7 days before sowing, mix into topsoil 10-15cm",Full P+K; half N
cotton,vegetative,laterite,271.2,28.3,41.4,high,low,low,67.4,13.6,8.4,Urea + MOP,26.2,220.1,Top dress at 20-30 DAS; broadcast and irrigate,Square formation
pomegranate,grain_fill,laterite,70.8,80.0,90.7,medium,high,medium,68.9,19.2,9.0,MOP + Calcium,25.0,225.0,Foliar spray or side dress during grain/fruit development,Fruit development
onion,pre_sowing,sandy,117.3,100.2,26.9,high,high,low,57.2,19.3,0.8,DAP + MOP,26.2,21.0,"Apply 7 days before sowing, mix into topsoil 10-15cm",Full P+K; half N
bajra,pre_sowing,sandy,126.4,71.9,105.5,high,medium,high,73.2,14.5,4.7,DAP,20.0,94.0,"Apply 7 days before sowing, mix into topsoil 10-15cm",Basal P
moong_kharif,pre_sowing,laterite,237.2,70.7,31.5,high,medium,low,46.1,20.7,7.8,SSP + MOP,22.5,175.5,"Apply 7 days before sowing, mix into topsoil 10-15cm",Low N legume
sunflower_rabi,pre_sowing,sandy,17.0,56.6,151.1,low,medium,high,72.9,16.3,1.8,DAP + MOP,15.0,27.0,"Apply 7 days before sowing, mix into topsoil 10-15cm",Basal
turmeric,grain_fill,sandy,235.9,51.6,184.7,high,medium,high,71.6,20.4,2.0,MOP,10.0,20.0,Foliar spray or side dress during grain/fruit development,Curcumin synthesis
wheat,pre_sowing,sandy,186.7,77.2,21.4,high,medium,low,28.3,14.4,4.6,DAP + MOP,43.8,201.5,"Apply 7 days before sowing, mix into topsoil 10-15cm",Full P+K; half N
moong_rabi,germination,laterite,184.6,36.0,182.4,high,low,high,32.8,25.8,2.5,Rhizobium Biofert,5.0,12.5,Apply at sowing time or within first 7 DAS,Seed treatment
moong_kharif,flowering,sandy,205.0,47.9,116.7,high,medium,high,57.4,23.2,2.2,MOP,4.0,8.8,Apply at flower bud initiation; avoid leaf contact,Pod fill
safflower,pre_sowing,sandy,184.5,33.4,37.5,high,low,low,21.0,24.0,9.1,DAP + MOP,37.5,341.2,"Apply 7 days before sowing, mix into topsoil 10-15cm",Basal
sugarcane,harvest,red,103.0,34.8,84.9,high,low,medium,30.8,23.4,1.7,MOP,20.0,34.0,Do not apply; withholding period required,Juice quality
rabi_maize,flowering,laterite,117.9,109.5,138.5,high,high,high,58.5,21.9,8.0,Urea,10.8,86.4,Apply at flower bud initiation; avoid leaf contact,Booster
jowar_kharif,vegetative,red,114.4,108.2,127.1,high,high,high,25.1,32.2,5.7,Urea,12.0,68.4,Top dress at 20-30 DAS; broadcast and irrigate,Top dress after 3-4 weeks
safflower,pre_sowing,black_cotton,44.6,66.2,150.4,medium,medium,high,55.8,17.4,2.0,DAP + MOP,12.5,25.0,"Apply 7 days before sowing, mix into topsoil 10-15cm",Basal
sunflower_kharif,pre_sowing,black_cotton,164.8,80.2,164.3,high,high,high,68.2,20.3,1.6,DAP + MOP,9.0,14.4,"Apply 7 days before sowing, mix into topsoil 10-15cm",Basal
moong_kharif,germination,laterite,222.8,80.9,59.6,high,high,medium,49.2,28.7,8.6,Rhizobium Biofert,5.0,43.0,Apply at sowing time or within first 7 DAS,Seed treatment
urad,germination,sandy,56.5,70.7,37.8,medium,medium,low,68.5,33.6,2.9,Rhizobium Biofert,5.0,14.5,Apply at sowing time or within first 7 DAS,Seed inoculation
safflower,flowering,alluvial,20.2,64.8,153.4,low,medium,high,54.2,22.8,9.6,Urea,13.0,124.8,Apply at flower bud initiation; avoid leaf contact,Capitulum stage
jowar_rabi,pre_sowing,sandy,237.0,88.7,54.2,high,high,medium,74.2,30.9,3.6,DAP + MOP,18.0,64.8,"Apply 7 days before sowing, mix into topsoil 10-15cm",Full P and K basal
pomegranate,flowering,black_cotton,91.6,104.8,151.7,high,high,high,43.8,14.0,5.7,Urea + MOP,9.0,51.3,Apply at flower bud initiation; avoid leaf contact,Fruit set
sunflower_rabi,flowering,sandy,34.2,76.9,195.2,low,medium,high,57.9,29.5,9.7,Boron Spray,5.0,48.5,Apply at flower bud initiation; avoid leaf contact,Pollination support
maize_kharif,pre_sowing,alluvial,142.7,40.7,165.1,high,low,high,40.7,29.0,5.9,DAP + MOP,21.0,123.9,"Apply 7 days before sowing, mix into topsoil 10-15cm",Full P+K; half N basal
watermelon,grain_fill,sandy,230.8,92.7,83.3,high,high,medium,67.8,33.9,5.3,MOP,15.0,79.5,Foliar spray or side dress during grain/fruit development,Fruit sweetness
soybean,flowering,laterite,134.5,117.8,34.0,high,high,low,52.0,14.1,5.7,MOP,12.5,71.2,Apply at flower bud initiation; avoid leaf contact,K boost for pod setting
orange,flowering,sandy,219.9,114.5,156.9,high,high,high,76.1,14.6,9.3,Urea,12.0,111.6,Apply at flower bud initiation; avoid leaf contact,Flush growth
watermelon,flowering,laterite,195.6,112.2,180.2,high,high,high,33.1,14.0,9.8,19:19:19 NPK,3.6,35.3,Apply at flower bud initiation; avoid leaf contact,Fruit set
sunflower_rabi,flowering,alluvial,173.1,22.7,143.0,high,low,high,65.0,25.2,9.9,Boron Spray,5.0,49.5,Apply at flower bud initiation; avoid leaf contact,Pollination support
banana,vegetative,alluvial,82.8,74.5,102.0,medium,medium,high,59.6,28.7,5.7,Urea + MOP,25.0,142.5,Top dress at 20-30 DAS; broadcast and irrigate,Sword sucker stage
tur_arhar,flowering,red,48.3,66.4,65.5,medium,medium,medium,42.4,21.9,7.6,MOP,10.0,76.0,Apply at flower bud initiation; avoid leaf contact,Pod setting
rabi_maize,pre_sowing,sandy,147.6,53.1,31.1,high,medium,low,68.6,23.9,6.1,DAP + MOP,43.8,267.2,"Apply 7 days before sowing, mix into topsoil 10-15cm",Same as kharif maize
groundnut,pre_sowing,red,85.6,74.4,107.8,medium,medium,high,43.4,16.9,3.9,SSP + Gypsum,30.0,117.0,"Apply 7 days before sowing, mix into topsoil 10-15cm",Ca from gypsum for pod fill
cotton,pre_sowing,red,99.8,41.7,101.8,high,low,high,39.0,17.3,5.4,DAP + MOP,24.0,129.6,"Apply 7 days before sowing, mix into topsoil 10-15cm",Basal: 25N 25P 25K
sunflower_kharif,vegetative,laterite,29.3,63.3,190.0,low,medium,high,43.2,14.3,6.4,Urea,23.4,149.8,Top dress at 20-30 DAS; broadcast and irrigate,Top dress
sunflower_kharif,flowering,sandy,129.1,89.7,41.9,high,high,low,49.5,13.6,2.1,Boron Spray,5.0,10.5,Apply at flower bud initiation; avoid leaf contact,Prevent hollow stem
cotton,grain_fill,red,103.3,71.7,24.8,high,medium,low,37.8,14.9,2.2,MOP,18.8,41.4,Foliar spray or side dress during grain/fruit development,Fibre quality
pomegranate,pre_sowing,laterite,16.8,102.6,190.9,low,high,high,62.4,31.8,8.4,DAP + MOP,10.5,88.2,"Apply 7 days before sowing, mix into topsoil 10-15cm",Pre-bloom
jowar_rabi,vegetative,black_cotton,99.7,77.7,54.3,high,medium,medium,54.9,17.3,8.9,Urea,12.0,106.8,Top dress at 20-30 DAS; broadcast and irrigate,Split N top dress
tomato,flowering,laterite,52.6,84.2,151.6,medium,high,high,74.1,22.9,6.6,19:19:19 NPK,7.5,49.5,Apply at flower bud initiation; avoid leaf contact,Balanced NPK at fruit set
moong_rabi,flowering,laterite,121.1,80.9,180.0,high,high,high,34.0,23.2,3.9,MOP,4.0,15.6,Apply at flower bud initiation; avoid leaf contact,Pod fill
grapes,grain_fill,sandy,50.7,64.8,82.0,medium,medium,medium,43.6,33.3,0.6,MOP,20.0,12.0,Foliar spray or side dress during grain/fruit development,Maturity
moong_kharif,pre_sowing,sandy,49.2,24.0,58.2,medium,low,medium,71.4,24.6,4.6,SSP + MOP,21.6,99.4,"Apply 7 days before sowing, mix into topsoil 10-15cm",Low N legume
mustard,vegetative,black_cotton,65.3,109.0,69.8,medium,high,medium,48.4,16.5,2.3,Urea,18.0,41.4,Top dress at 20-30 DAS; broadcast and irrigate,Top dress at 20 DAS
grapes,pre_sowing,sandy,269.2,79.9,182.2,high,medium,high,39.7,22.7,6.6,DAP + MOP,15.0,99.0,"Apply 7 days before sowing, mix into topsoil 10-15cm",Pruning time dose
maize_kharif,grain_fill,alluvial,151.7,100.6,59.7,high,high,medium,59.8,35.3,1.0,MOP,10.0,10.0,Foliar spray or side dress during grain/fruit development,Cob development
banana,pre_sowing,laterite,114.3,116.1,176.6,high,high,high,34.8,37.0,9.6,DAP + MOP,18.0,172.8,"Apply 7 days before sowing, mix into topsoil 10-15cm",Heavy K feeder; high basal
onion,grain_fill,alluvial,158.2,71.7,122.3,high,medium,high,72.4,36.4,9.6,MOP,7.5,72.0,Foliar spray or side dress during grain/fruit development,Bulb development
onion,grain_fill,laterite,199.8,112.1,142.3,high,high,high,67.5,19.8,9.1,MOP,7.5,68.2,Foliar spray or side dress during grain/fruit development,Bulb development
wheat,flowering,alluvial,123.7,54.8,90.0,high,medium,medium,41.9,30.3,9.9,Urea,6.0,59.4,Apply at flower bud initiation; avoid leaf contact,Grain initiation
rabi_maize,flowering,alluvial,215.2,77.8,74.8,high,medium,medium,55.3,25.7,5.2,Urea,10.8,56.2,Apply at flower bud initiation; avoid leaf contact,Booster
chilli,vegetative,black_cotton,74.5,24.2,112.4,medium,low,high,79.8,21.0,7.1,Urea,18.0,127.8,Top dress at 20-30 DAS; broadcast and irrigate,Plant establishment
jowar_kharif,flowering,sandy,17.1,104.0,136.5,low,high,high,32.0,26.2,6.9,Urea,19.5,134.6,Apply at flower bud initiation; avoid leaf contact,Second top dress
rice,germination,alluvial,268.5,21.0,36.5,high,low,low,33.4,26.6,6.6,Urea,10.8,71.3,Apply at sowing time or within first 7 DAS,7-10 DAS
tur_arhar,vegetative,laterite,243.9,43.1,174.9,high,low,high,40.7,22.4,7.6,Urea,6.0,45.6,Top dress at 20-30 DAS; broadcast and irrigate,Light N if pale
chilli,vegetative,alluvial,201.4,59.0,143.3,high,medium,high,24.7,24.4,8.3,Urea,10.8,89.6,Top dress at 20-30 DAS; broadcast and irrigate,Plant establishment
moong_rabi,flowering,sandy,28.7,32.7,111.8,low,low,high,55.1,16.5,6.5,MOP,4.0,26.0,Apply at flower bud initiation; avoid leaf contact,Pod fill
grapes,pre_sowing,laterite,239.6,74.4,186.6,high,medium,high,78.2,12.8,6.5,DAP + MOP,15.0,97.5,"Apply 7 days before sowing, mix into topsoil 10-15cm",Pruning time dose
tomato,pre_sowing,red,36.2,78.6,100.0,low,medium,high,53.6,35.1,8.8,DAP + MOP,20.0,176.0,"Apply 7 days before sowing, mix into topsoil 10-15cm",Full P+K; half N
bajra,flowering,black_cotton,151.2,78.2,155.6,high,medium,high,75.0,21.4,4.0,Urea,6.0,24.0,Apply at flower bud initiation; avoid leaf contact,Booster dose
grapes,pre_sowing,laterite,238.5,30.9,38.3,high,low,low,79.8,16.9,9.8,DAP + MOP,45.0,441.0,"Apply 7 days before sowing, mix into topsoil 10-15cm",Pruning time dose
tur_arhar,flowering,alluvial,107.1,104.9,171.0,high,high,high,20.3,15.3,8.4,MOP,5.0,42.0,Apply at flower bud initiation; avoid leaf contact,Pod setting
cotton,flowering,laterite,145.7,34.6,71.0,high,low,medium,54.4,20.2,9.8,Urea,15.0,147.0,Apply at flower bud initiation; avoid leaf contact,Boll development
tomato,flowering,laterite,255.3,38.9,46.6,high,low,low,21.1,18.8,5.6,19:19:19 NPK,11.2,62.7,Apply at flower bud initiation; avoid leaf contact,Balanced NPK at fruit set
mustard,flowering,black_cotton,102.5,37.0,156.6,high,low,high,23.4,18.6,2.8,Urea,6.0,16.8,Apply at flower bud initiation; avoid leaf contact,Booster
moong_rabi,flowering,laterite,33.6,86.6,133.5,low,high,high,67.3,29.7,7.7,MOP,4.0,30.8,Apply at flower bud initiation; avoid leaf contact,Pod fill
linseed,pre_sowing,sandy,66.2,26.4,128.0,medium,low,high,71.8,14.4,8.3,DAP + MOP,12.0,99.6,"Apply 7 days before sowing, mix into topsoil 10-15cm",Basal
tomato,grain_fill,sandy,144.9,100.4,37.4,high,high,low,60.7,18.3,5.7,MOP + CaNO3,22.5,128.2,Foliar spray or side dress during grain/fruit development,Fruit development + Ca
chilli,flowering,alluvial,205.6,109.6,156.9,high,high,high,24.5,16.4,7.9,19:19:19 NPK,4.5,35.6,Apply at flower bud initiation; avoid leaf contact,Fruit set
sesame,vegetative,black_cotton,253.9,23.2,194.9,high,low,high,38.0,26.2,2.8,Urea,7.2,20.2,Top dress at 20-30 DAS; broadcast and irrigate,Top dress
tur_arhar,flowering,sandy,210.1,31.8,179.1,high,low,high,41.8,22.5,0.6,MOP,5.0,3.0,Apply at flower bud initiation; avoid leaf contact,Pod setting
turmeric,grain_fill,black_cotton,191.7,44.9,84.7,high,low,medium,71.2,20.2,9.6,MOP,20.0,192.0,Foliar spray or side dress during grain/fruit development,Curcumin synthesis
rabi_maize,vegetative,red,93.0,60.6,92.5,high,medium,medium,73.3,26.2,5.2,Urea,15.0,78.0,Top dress at 20-30 DAS; broadcast and irrigate,Top dress
cucumber,vegetative,laterite,272.2,63.1,146.5,high,medium,high,21.4,25.2,3.5,Urea,9.0,31.5,Top dress at 20-30 DAS; broadcast and irrigate,Growth boost
sesame,vegetative,black_cotton,101.3,69.4,27.6,high,medium,low,55.1,23.6,8.1,Urea,7.2,58.3,Top dress at 20-30 DAS; broadcast and irrigate,Top dress
chilli,pre_sowing,black_cotton,241.5,77.4,58.7,high,medium,medium,43.4,34.0,9.5,DAP + MOP,35.0,332.5,"Apply 7 days before sowing, mix into topsoil 10-15cm",Basal
chilli,pre_sowing,black_cotton,143.7,87.4,182.3,high,high,high,36.0,33.4,5.0,DAP + MOP,10.5,52.5,"Apply 7 days before sowing, mix into topsoil 10-15cm",Basal
moong_rabi,pre_sowing,laterite,109.0,119.0,42.2,high,high,low,25.2,37.9,1.9,SSP + MOP,13.5,25.6,"Apply 7 days before sowing, mix into topsoil 10-15cm",Same as kharif moong
mustard,flowering,alluvial,273.3,74.1,27.7,high,medium,low,32.6,35.6,7.7,Urea,6.0,46.2,Apply at flower bud initiation; avoid leaf contact,Booster
chilli,flowering,black_cotton,191.5,73.5,166.9,high,medium,high,74.5,37.9,5.6,19:19:19 NPK,4.5,25.2,Apply at flower bud initiation; avoid leaf contact,Fruit set
jowar_kharif,pre_sowing,sandy,100.3,109.4,49.5,high,high,low,58.6,28.3,5.3,DAP,15.0,79.5,"Apply 7 days before sowing, mix into topsoil 10-15cm",Basal P and N
groundnut,grain_fill,black_cotton,141.6,81.8,22.3,high,high,low,62.8,36.1,3.5,MOP,12.5,43.8,Foliar spray or side dress during grain/fruit development,Kernel filling
rabi_maize,vegetative,laterite,13.8,77.1,105.3,low,medium,high,50.1,16.9,9.1,Urea,32.5,295.8,Top dress at 20-30 DAS; broadcast and irrigate,Top dress
linseed,vegetative,alluvial,179.2,77.5,60.6,high,medium,medium,38.3,29.6,4.2,Urea,7.2,30.2,Top dress at 20-30 DAS; broadcast and irrigate,Top dress
linseed,pre_sowing,alluvial,279.0,78.2,71.2,high,medium,medium,71.4,29.4,8.1,DAP + MOP,20.0,162.0,"Apply 7 days before sowing, mix into topsoil 10-15cm",Basal
tur_arhar,pre_sowing,red,51.2,79.4,185.9,medium,medium,high,65.7,35.9,6.6,SSP + MOP,11.0,72.6,"Apply 7 days before sowing, mix into topsoil 10-15cm",Low N; P+K basal
turmeric,pre_sowing,red,203.1,50.3,115.2,high,medium,high,28.9,24.9,8.4,DAP + MOP,20.0,168.0,"Apply 7 days before sowing, mix into topsoil 10-15cm",High K demand
chickpea,pre_sowing,red,186.4,52.1,105.7,high,medium,high,71.5,31.4,1.1,SSP + MOP,10.0,11.0,"Apply 7 days before sowing, mix into topsoil 10-15cm",Low N; P and K basal
rabi_maize,flowering,sandy,147.1,91.3,82.1,high,high,medium,37.8,33.5,8.7,Urea,10.8,94.0,Apply at flower bud initiation; avoid leaf contact,Booster
cotton,pre_sowing,black_cotton,47.9,71.8,58.9,medium,medium,medium,78.4,26.5,4.7,DAP + MOP,40.0,188.0,"Apply 7 days before sowing, mix into topsoil 10-15cm",Basal: 25N 25P 25K
groundnut,pre_sowing,sandy,184.5,93.2,190.8,high,high,high,28.2,22.9,9.1,SSP + Gypsum,18.0,163.8,"Apply 7 days before sowing, mix into topsoil 10-15cm",Ca from gypsum for pod fill
moong_kharif,pre_sowing,alluvial,46.0,28.5,156.3,medium,low,high,65.2,23.1,4.4,SSP + MOP,10.8,47.5,"Apply 7 days before sowing, mix into topsoil 10-15cm",Low N legume
jowar_kharif,vegetative,red,122.7,119.5,184.3,high,high,high,29.0,16.9,1.5,Urea,12.0,18.0,Top dress at 20-30 DAS; broadcast and irrigate,Top dress after 3-4 weeks
sesame,pre_sowing,black_cotton,35.6,88.3,52.7,low,high,medium,59.4,25.8,6.8,DAP,10.8,73.4,"Apply 7 days before sowing, mix into topsoil 10-15cm",Light feeder
rice,flowering,red,255.6,30.9,144.4,high,low,high,44.8,34.6,6.3,Urea + MOP,6.0,37.8,Apply at flower bud initiation; avoid leaf contact,Panicle initiation
sunflower_kharif,pre_sowing,laterite,194.0,35.2,61.3,high,low,medium,36.1,12.0,9.8,DAP + MOP,36.0,352.8,"Apply 7 days before sowing, mix into topsoil 10-15cm",Basal
tur_arhar,germination,laterite,224.9,60.6,158.2,high,medium,high,62.6,32.1,5.5,Rhizobium Biofert,5.0,27.5,Apply at sowing time or within first 7 DAS,Seed treatment
chilli,grain_fill,sandy,130.0,40.0,154.5,high,low,high,24.6,29.7,7.0,MOP,6.0,42.0,Foliar spray or side dress during grain/fruit development,Pungency development
sugarcane,pre_sowing,red,197.2,105.9,164.3,high,high,high,77.6,17.7,7.9,DAP + MOP,15.0,118.5,"Apply 7 days before sowing, mix into topsoil 10-15cm",Heavy feeder; high basal
mustard,pre_sowing,black_cotton,40.1,58.9,77.8,medium,medium,medium,33.3,18.4,7.0,DAP + MOP,25.0,175.0,"Apply 7 days before sowing, mix into topsoil 10-15cm",Basal; sulfur from SSP
rabi_maize,pre_sowing,alluvial,58.4,105.6,79.0,medium,high,medium,21.5,31.5,1.9,DAP + MOP,21.0,39.9,"Apply 7 days before sowing, mix into topsoil 10-15cm",Same as kharif maize
tur_arhar,pre_sowing,alluvial,137.7,104.8,88.6,high,high,medium,62.4,17.7,8.8,SSP + MOP,13.2,116.2,"Apply 7 days before sowing, mix into topsoil 10-15cm",Low N; P+K basal
sunflower_kharif,pre_sowing,black_cotton,18.1,64.8,30.3,low,medium,low,48.2,23.4,0.5,DAP + MOP,37.5,18.8,"Apply 7 days before sowing, mix into topsoil 10-15cm",Basal
soybean,grain_fill,black_cotton,202.9,30.0,35.0,high,low,low,37.9,33.9,8.7,Micronutrient Mix,5.0,43.5,Foliar spray or side dress during grain/fruit development,Zinc + Boron foliar spray
onion,harvest,alluvial,73.1,55.2,196.8,medium,medium,high,55.6,23.9,1.9,NO FERTILIZER,0.0,0.0,Do not apply; withholding period required,Stop 3 weeks before harvest
grapes,vegetative,laterite,110.7,40.6,161.1,high,low,high,38.0,29.4,3.3,Urea,12.0,39.6,Top dress at 20-30 DAS; broadcast and irrigate,Shoot growth
moong_rabi,pre_sowing,laterite,184.2,107.6,153.5,high,high,high,37.1,19.5,5.7,SSP + MOP,5.4,30.8,"Apply 7 days before sowing, mix into topsoil 10-15cm",Same as kharif moong
chilli,pre_sowing,laterite,265.6,97.3,156.7,high,high,high,70.5,16.7,6.6,DAP + MOP,10.5,69.3,"Apply 7 days before sowing, mix into topsoil 10-15cm",Basal
maize_kharif,flowering,black_cotton,244.8,71.7,25.9,high,medium,low,21.3,28.0,3.9,Urea,12.0,46.8,Apply at flower bud initiation; avoid leaf contact,Tasselling stage
cotton,grain_fill,sandy,268.7,90.4,164.2,high,high,high,39.2,18.8,3.0,MOP,7.5,22.5,Foliar spray or side dress during grain/fruit development,Fibre quality
groundnut,grain_fill,sandy,91.1,39.4,78.6,high,low,medium,26.7,22.6,1.2,MOP,10.0,12.0,Foliar spray or side dress during grain/fruit development,Kernel filling
moong_rabi,germination,black_cotton,140.6,21.5,129.9,high,low,high,57.9,18.5,8.4,Rhizobium Biofert,5.0,42.0,Apply at sowing time or within first 7 DAS,Seed treatment
chickpea,flowering,laterite,142.7,26.2,51.7,high,low,medium,64.6,22.3,7.5,MOP,8.0,60.0,Apply at flower bud initiation; avoid leaf contact,Foliar K for pod fill
chilli,grain_fill,alluvial,24.6,28.7,100.1,low,low,high,22.9,13.6,8.7,MOP,6.0,52.2,Foliar spray or side dress during grain/fruit development,Pungency development
chickpea,germination,red,150.4,60.1,192.8,high,medium,high,49.2,33.5,8.5,Rhizobium Biofert,5.0,42.5,Apply at sowing time or within first 7 DAS,Seed inoculation
watermelon,flowering,black_cotton,96.2,78.0,194.5,high,medium,high,27.2,32.3,2.4,19:19:19 NPK,3.6,8.6,Apply at flower bud initiation; avoid leaf contact,Fruit set
orange,grain_fill,red,43.4,39.1,34.5,medium,low,low,78.7,33.0,4.8,MOP + Micronutrient,25.0,120.0,Foliar spray or side dress during grain/fruit development,Fruit color + quality
tur_arhar,germination,red,125.6,85.9,32.7,high,high,low,69.9,25.9,2.1,Rhizobium Biofert,5.0,10.5,Apply at sowing time or within first 7 DAS,Seed treatment
sunflower_rabi,flowering,alluvial,206.6,97.6,76.9,high,high,medium,55.7,35.9,9.3,Boron Spray,5.0,46.5,Apply at flower bud initiation; avoid leaf contact,Pollination support
onion,grain_fill,alluvial,151.3,66.3,175.7,high,medium,high,54.5,19.6,4.0,MOP,7.5,30.0,Foliar spray or side dress during grain/fruit development,Bulb development
rabi_maize,pre_sowing,black_cotton,208.3,113.8,88.8,high,high,medium,46.9,30.5,8.4,DAP + MOP,21.0,176.4,"Apply 7 days before sowing, mix into topsoil 10-15cm",Same as kharif maize
cucumber,vegetative,black_cotton,19.4,110.7,87.8,low,high,medium,40.3,32.1,9.7,Urea,19.5,189.1,Top dress at 20-30 DAS; broadcast and irrigate,Growth boost
chickpea,pre_sowing,sandy,41.8,81.3,155.5,medium,high,high,58.5,16.3,8.3,SSP + MOP,6.0,49.8,"Apply 7 days before sowing, mix into topsoil 10-15cm",Low N; P and K basal
cotton,grain_fill,red,220.0,118.3,67.8,high,high,medium,32.5,32.2,4.5,MOP,15.0,67.5,Foliar spray or side dress during grain/fruit development,Fibre quality
bajra,vegetative,black_cotton,141.0,72.8,96.5,high,medium,medium,52.9,31.5,4.6,Urea,10.8,49.7,Top dress at 20-30 DAS; broadcast and irrigate,N top dress 3 weeks after sowing
banana,vegetative,laterite,62.9,24.6,146.2,medium,low,high,57.2,23.1,1.2,Urea + MOP,25.0,30.0,Top dress at 20-30 DAS; broadcast and irrigate,Sword sucker stage
pomegranate,pre_sowing,laterite,75.3,99.4,144.3,medium,high,high,23.6,35.3,9.2,DAP + MOP,10.5,96.6,"Apply 7 days before sowing, mix into topsoil 10-15cm",Pre-bloom
banana,pre_sowing,laterite,53.3,107.7,190.0,medium,high,high,70.4,21.0,0.7,DAP + MOP,18.0,12.6,"Apply 7 days before sowing, mix into topsoil 10-15cm",Heavy K feeder; high basal
maize_kharif,flowering,red,45.1,35.2,162.0,medium,low,high,39.4,33.4,7.4,Urea,20.0,148.0,Apply at flower bud initiation; avoid leaf contact,Tasselling stage
maize_kharif,flowering,laterite,48.7,116.5,30.9,medium,high,low,24.3,26.1,5.6,Urea,20.0,112.0,Apply at flower bud initiation; avoid leaf contact,Tasselling stage
orange,flowering,laterite,56.0,96.6,69.9,medium,high,medium,55.3,24.2,2.8,Urea,20.0,56.0,Apply at flower bud initiation; avoid leaf contact,Flush growth
linseed,vegetative,black_cotton,196.9,26.0,148.3,high,low,high,62.9,18.1,0.9,Urea,7.2,6.5,Top dress at 20-30 DAS; broadcast and irrigate,Top dress
sunflower_kharif,flowering,red,120.3,37.3,172.1,high,low,high,20.4,16.2,9.1,Boron Spray,5.0,45.5,Apply at flower bud initiation; avoid leaf contact,Prevent hollow stem
onion,harvest,laterite,267.7,40.9,65.6,high,low,medium,29.4,30.5,0.8,NO FERTILIZER,0.0,0.0,Do not apply; withholding period required,Stop 3 weeks before harvest
safflower,flowering,red,47.5,86.5,174.9,medium,high,high,44.5,19.6,7.2,Urea,10.0,72.0,Apply at flower bud initiation; avoid leaf contact,Capitulum stage
turmeric,vegetative,black_cotton,104.1,61.7,27.3,high,medium,low,58.0,37.6,7.3,Urea + MOP,22.5,164.2,Top dress at 20-30 DAS; broadcast and irrigate,Rhizome development
orange,pre_sowing,black_cotton,159.9,44.2,165.6,high,low,high,69.1,31.7,3.9,DAP + MOP,21.0,81.9,"Apply 7 days before sowing, mix into topsoil 10-15cm",Post-harvest dose
linseed,pre_sowing,alluvial,23.1,48.2,138.0,low,medium,high,36.7,36.9,2.2,DAP + MOP,10.0,22.0,"Apply 7 days before sowing, mix into topsoil 10-15cm",Basal
jowar_rabi,flowering,alluvial,239.6,54.6,31.3,high,medium,low,74.4,26.6,6.6,Urea,7.2,47.5,Apply at flower bud initiation; avoid leaf contact,Light booster
moong_rabi,flowering,laterite,83.5,73.9,101.9,medium,medium,high,56.1,31.3,5.3,MOP,4.0,21.2,Apply at flower bud initiation; avoid leaf contact,Pod fill
linseed,vegetative,red,170.5,89.7,85.0,high,high,medium,53.0,28.1,3.7,Urea,7.2,26.6,Top dress at 20-30 DAS; broadcast and irrigate,Top dress
mustard,flowering,red,262.6,77.2,117.3,high,medium,high,36.3,22.7,2.3,Urea,6.0,13.8,Apply at flower bud initiation; avoid leaf contact,Booster
urad,flowering,sandy,167.5,24.6,57.5,high,low,medium,24.8,34.9,6.8,MOP,8.0,54.4,Apply at flower bud initiation; avoid leaf contact,Pod development
pomegranate,flowering,sandy,255.7,51.4,176.7,high,medium,high,39.5,35.2,3.8,Urea + MOP,9.0,34.2,Apply at flower bud initiation; avoid leaf contact,Fruit set
maize_kharif,grain_fill,alluvial,74.4,87.8,68.3,medium,high,medium,73.7,33.3,2.7,MOP,10.0,27.0,Foliar spray or side dress during grain/fruit development,Cob development
bajra,pre_sowing,laterite,138.9,77.9,132.2,high,medium,high,45.9,12.9,6.7,DAP,20.0,134.0,"Apply 7 days before sowing, mix into topsoil 10-15cm",Basal P
safflower,pre_sowing,sandy,255.7,92.5,154.8,high,high,high,22.0,21.6,6.0,DAP + MOP,7.5,45.0,"Apply 7 days before sowing, mix into topsoil 10-15cm",Basal
soybean,germination,sandy,246.5,54.4,100.6,high,medium,high,33.0,27.3,0.9,Rhizobium Biofert,5.0,4.5,Apply at sowing time or within first 7 DAS,Seed treatment reduces N requirement
chickpea,pre_sowing,black_cotton,42.4,117.2,119.0,medium,high,high,38.9,35.5,7.8,SSP + MOP,6.0,46.8,"Apply 7 days before sowing, mix into topsoil 10-15cm",Low N; P and K basal
pomegranate,pre_sowing,alluvial,26.2,103.4,121.5,low,high,high,29.4,14.6,6.8,DAP + MOP,10.5,71.4,"Apply 7 days before sowing, mix into topsoil 10-15cm",Pre-bloom
onion,harvest,sandy,156.7,90.7,131.1,high,high,high,75.7,17.4,7.1,NO FERTILIZER,0.0,0.0,Do not apply; withholding period required,Stop 3 weeks before harvest
pomegranate,grain_fill,sandy,91.7,99.9,170.3,high,high,high,66.8,17.4,5.4,MOP + Calcium,12.5,67.5,Foliar spray or side dress during grain/fruit development,Fruit development
chilli,flowering,red,203.4,36.0,108.0,high,low,high,46.6,31.3,9.7,19:19:19 NPK,4.5,43.6,Apply at flower bud initiation; avoid leaf contact,Fruit set
moong_rabi,flowering,sandy,182.2,79.2,41.6,high,medium,low,77.6,27.7,2.1,MOP,10.0,21.0,Apply at flower bud initiation; avoid leaf contact,Pod fill
linseed,vegetative,sandy,47.9,114.4,167.9,medium,high,high,72.0,18.4,6.3,Urea,12.0,75.6,Top dress at 20-30 DAS; broadcast and irrigate,Top dress
mustard,pre_sowing,sandy,248.9,105.3,102.0,high,high,high,66.0,12.2,1.9,DAP + MOP,7.5,14.2,"Apply 7 days before sowing, mix into topsoil 10-15cm",Basal; sulfur from SSP
jowar_rabi,pre_sowing,laterite,25.7,41.8,65.6,low,low,medium,66.8,23.9,9.7,DAP + MOP,36.0,349.2,"Apply 7 days before sowing, mix into topsoil 10-15cm",Full P and K basal
wheat,flowering,sandy,161.4,103.9,97.9,high,high,medium,42.1,27.0,7.6,Urea,6.0,45.6,Apply at flower bud initiation; avoid leaf contact,Grain initiation
chilli,pre_sowing,red,117.1,95.6,102.7,high,high,high,31.5,14.0,0.7,DAP + MOP,10.5,7.3,"Apply 7 days before sowing, mix into topsoil 10-15cm",Basal
pomegranate,flowering,black_cotton,145.7,29.4,43.8,high,low,low,69.9,28.0,6.1,Urea + MOP,22.5,137.2,Apply at flower bud initiation; avoid leaf contact,Fruit set
grapes,grain_fill,alluvial,83.9,54.5,92.5,medium,medium,medium,72.9,24.7,9.4,MOP,20.0,188.0,Foliar spray or side dress during grain/fruit development,Maturity
groundnut,germination,red,244.6,22.5,38.0,high,low,low,44.1,24.2,3.2,Rhizobium Biofert,5.0,16.0,Apply at sowing time or within first 7 DAS,Seed inoculation
moong_rabi,flowering,sandy,36.1,51.4,168.8,low,medium,high,79.5,35.1,1.4,MOP,4.0,5.6,Apply at flower bud initiation; avoid leaf contact,Pod fill
jowar_rabi,vegetative,laterite,109.7,20.5,116.0,high,low,high,78.3,29.4,8.7,Urea,12.0,104.4,Top dress at 20-30 DAS; broadcast and irrigate,Split N top dress
rice,germination,black_cotton,167.4,106.6,124.9,high,high,high,73.1,26.6,6.4,Urea,10.8,69.1,Apply at sowing time or within first 7 DAS,7-10 DAS
sugarcane,germination,laterite,173.4,101.6,34.2,high,high,low,55.0,17.5,2.0,Urea,15.0,30.0,Apply at sowing time or within first 7 DAS,Germination boost
tomato,vegetative,alluvial,67.0,90.5,51.0,medium,high,medium,44.7,37.5,1.2,Urea,20.0,24.0,Top dress at 20-30 DAS; broadcast and irrigate,Vegetative growth
orange,pre_sowing,black_cotton,124.0,116.9,74.4,high,high,medium,67.8,35.8,9.9,DAP + MOP,21.0,207.9,"Apply 7 days before sowing, mix into topsoil 10-15cm",Post-harvest dose
maize_kharif,pre_sowing,red,89.6,78.1,58.4,medium,medium,medium,41.0,18.3,4.3,DAP + MOP,35.0,150.5,"Apply 7 days before sowing, mix into topsoil 10-15cm",Full P+K; half N basal
cucumber,pre_sowing,alluvial,249.5,48.6,161.8,high,medium,high,22.9,13.3,9.9,DAP + MOP,12.5,123.8,"Apply 7 days before sowing, mix into topsoil 10-15cm",Basal
mustard,flowering,laterite,258.4,84.8,135.4,high,high,high,54.1,21.1,5.3,Urea,6.0,31.8,Apply at flower bud initiation; avoid leaf contact,Booster
sesame,pre_sowing,alluvial,90.7,90.6,186.4,high,high,high,46.7,17.0,8.9,DAP,10.8,96.1,"Apply 7 days before sowing, mix into topsoil 10-15cm",Light feeder
linseed,pre_sowing,sandy,29.4,88.3,26.2,low,high,low,30.1,27.3,0.7,DAP + MOP,15.0,10.5,"Apply 7 days before sowing, mix into topsoil 10-15cm",Basal
turmeric,pre_sowing,laterite,60.1,55.6,28.3,medium,medium,low,48.8,15.4,6.1,DAP + MOP,50.0,305.0,"Apply 7 days before sowing, mix into topsoil 10-15cm",High K demand
soybean,pre_sowing,black_cotton,55.5,89.8,180.6,medium,high,high,39.0,33.9,2.0,SSP + MOP,7.5,15.0,"Apply 7 days before sowing, mix into topsoil 10-15cm","Basal: 0 N, 50 P2O5, 40 K2O kg/ha via SSP+MOP"
cucumber,flowering,alluvial,249.5,97.5,178.1,high,high,high,38.7,24.1,2.6,MOP,6.0,15.6,Apply at flower bud initiation; avoid leaf contact,Fruit quality
mustard,pre_sowing,alluvial,73.2,22.6,147.6,medium,low,high,29.8,33.3,0.5,DAP + MOP,15.0,7.5,"Apply 7 days before sowing, mix into topsoil 10-15cm",Basal; sulfur from SSP
onion,grain_fill,black_cotton,272.7,51.8,91.5,high,medium,medium,26.3,22.5,7.9,MOP,15.0,118.5,Foliar spray or side dress during grain/fruit development,Bulb development
groundnut,germination,alluvial,206.9,39.2,85.3,high,low,medium,52.8,13.0,5.3,Rhizobium Biofert,5.0,26.5,Apply at sowing time or within first 7 DAS,Seed inoculation
watermelon,pre_sowing,black_cotton,51.4,21.3,115.7,medium,low,high,31.6,24.7,10.0,DAP + MOP,18.0,180.0,"Apply 7 days before sowing, mix into topsoil 10-15cm",Basal
sugarcane,germination,alluvial,140.7,28.2,152.4,high,low,high,69.6,28.2,1.0,Urea,15.0,15.0,Apply at sowing time or within first 7 DAS,Germination boost
orange,pre_sowing,laterite,92.5,100.8,185.6,high,high,high,79.3,17.0,4.5,DAP + MOP,10.5,47.2,"Apply 7 days before sowing, mix into topsoil 10-15cm",Post-harvest dose
banana,flowering,sandy,114.0,110.6,26.4,high,high,low,45.4,22.2,9.7,Urea + MOP,33.8,327.9,Apply at flower bud initiation; avoid leaf contact,Bunch initiation
linseed,pre_sowing,alluvial,83.0,33.0,168.1,medium,low,high,78.9,27.2,8.0,DAP + MOP,12.0,96.0,"Apply 7 days before sowing, mix into topsoil 10-15cm",Basal
sunflower_kharif,vegetative,alluvial,134.5,115.0,187.3,high,high,high,55.7,24.5,5.9,Urea,10.8,63.7,Top dress at 20-30 DAS; broadcast and irrigate,Top dress
moong_rabi,flowering,laterite,257.1,88.2,198.0,high,high,high,54.4,32.0,2.0,MOP,4.0,8.0,Apply at flower bud initiation; avoid leaf contact,Pod fill
rice,germination,red,39.0,70.4,135.3,low,medium,high,59.3,12.4,6.3,Urea,23.4,147.4,Apply at sowing time or within first 7 DAS,7-10 DAS
bajra,vegetative,laterite,239.2,52.7,35.2,high,medium,low,62.9,16.6,6.5,Urea,10.8,70.2,Top dress at 20-30 DAS; broadcast and irrigate,N top dress 3 weeks after sowing
groundnut,flowering,black_cotton,55.6,37.8,48.1,medium,low,low,75.4,21.0,4.4,Gypsum,25.0,110.0,Apply at flower bud initiation; avoid leaf contact,Peg development
moong_kharif,flowering,sandy,93.1,53.7,47.4,high,medium,low,71.9,25.2,9.0,MOP,10.0,90.0,Apply at flower bud initiation; avoid leaf contact,Pod fill
urad,flowering,red,223.7,98.8,32.8,high,high,low,76.0,23.0,9.6,MOP,10.0,96.0,Apply at flower bud initiation; avoid leaf contact,Pod development
rabi_maize,flowering,red,61.6,64.2,117.6,medium,medium,high,58.9,17.4,9.5,Urea,18.0,171.0,Apply at flower bud initiation; avoid leaf contact,Booster
cucumber,vegetative,alluvial,269.7,86.9,136.7,high,high,high,31.4,13.8,5.0,Urea,9.0,45.0,Top dress at 20-30 DAS; broadcast and irrigate,Growth boost
banana,grain_fill,laterite,122.2,74.5,60.3,high,medium,medium,56.4,36.4,8.3,MOP,40.0,332.0,Foliar spray or side dress during grain/fruit development,Bunch filling
turmeric,vegetative,sandy,98.0,32.6,94.2,high,low,medium,79.3,13.1,5.1,Urea + MOP,18.0,91.8,Top dress at 20-30 DAS; broadcast and irrigate,Rhizome development
wheat,pre_sowing,alluvial,194.8,115.9,54.3,high,high,medium,53.3,24.4,7.1,DAP + MOP,21.0,149.1,"Apply 7 days before sowing, mix into topsoil 10-15cm",Full P+K; half N
bajra,flowering,red,21.9,63.1,80.5,low,medium,medium,34.0,33.8,7.6,Urea,13.0,98.8,Apply at flower bud initiation; avoid leaf contact,Booster dose
onion,harvest,red,94.4,101.6,155.2,high,high,high,34.2,33.6,5.6,NO FERTILIZER,0.0,0.0,Do not apply; withholding period required,Stop 3 weeks before harvest
linseed,vegetative,alluvial,41.7,41.7,54.9,medium,low,medium,61.3,31.9,6.6,Urea,12.0,79.2,Top dress at 20-30 DAS; broadcast and irrigate,Top dress
maize_kharif,vegetative,laterite,31.4,62.4,189.8,low,medium,high,20.1,22.7,2.2,Urea,32.5,71.5,Top dress at 20-30 DAS; broadcast and irrigate,Knee high stage N
banana,flowering,alluvial,226.3,49.8,165.5,high,medium,high,73.2,31.5,1.7,Urea + MOP,13.5,22.9,Apply at flower bud initiation; avoid leaf contact,Bunch initiation
jowar_kharif,pre_sowing,alluvial,85.2,71.1,70.2,medium,medium,medium,45.5,31.7,5.5,DAP,25.0,137.5,"Apply 7 days before sowing, mix into topsoil 10-15cm",Basal P and N
rice,grain_fill,alluvial,75.2,31.7,117.7,medium,low,high,67.1,29.2,5.8,MOP,6.0,34.8,Foliar spray or side dress during grain/fruit development,Grain filling stage
maize_kharif,pre_sowing,laterite,28.1,32.3,107.1,low,low,high,34.1,27.5,6.8,DAP + MOP,21.0,142.8,"Apply 7 days before sowing, mix into topsoil 10-15cm",Full P+K; half N basal
moong_kharif,pre_sowing,alluvial,81.8,113.1,66.7,medium,high,medium,53.4,23.2,9.7,SSP + MOP,10.8,104.8,"Apply 7 days before sowing, mix into topsoil 10-15cm",Low N legume
sunflower_rabi,vegetative,sandy,74.4,22.3,28.4,medium,low,low,78.7,35.0,6.0,Urea,18.0,108.0,Top dress at 20-30 DAS; broadcast and irrigate,Top dress
chickpea,pre_sowing,red,53.9,20.7,96.4,medium,low,medium,34.3,14.4,3.8,SSP + MOP,24.0,91.2,"Apply 7 days before sowing, mix into topsoil 10-15cm",Low N; P and K basal
linseed,pre_sowing,laterite,273.1,80.5,173.4,high,high,high,58.2,30.2,4.8,DAP + MOP,6.0,28.8,"Apply 7 days before sowing, mix into topsoil 10-15cm",Basal
turmeric,grain_fill,alluvial,215.1,80.8,194.5,high,high,high,77.9,35.7,1.7,MOP,10.0,17.0,Foliar spray or side dress during grain/fruit development,Curcumin synthesis
cucumber,flowering,laterite,12.1,75.4,130.7,low,medium,high,66.0,28.6,3.0,MOP,6.0,18.0,Apply at flower bud initiation; avoid leaf contact,Fruit quality
jowar_rabi,flowering,laterite,72.3,40.1,83.6,medium,low,medium,68.4,13.3,1.1,Urea,12.0,13.2,Apply at flower bud initiation; avoid leaf contact,Light booster
mustard,vegetative,alluvial,172.1,66.7,33.8,high,medium,low,61.9,21.7,6.7,Urea,10.8,72.4,Top dress at 20-30 DAS; broadcast and irrigate,Top dress at 20 DAS
chilli,pre_sowing,black_cotton,83.0,114.1,78.7,medium,high,medium,24.5,12.6,5.6,DAP + MOP,21.0,117.6,"Apply 7 days before sowing, mix into topsoil 10-15cm",Basal
rice,flowering,red,116.8,96.1,86.0,high,high,medium,36.0,14.4,3.2,Urea + MOP,12.0,38.4,Apply at flower bud initiation; avoid leaf contact,Panicle initiation
cucumber,vegetative,black_cotton,240.7,113.0,151.2,high,high,high,42.6,16.8,10.0,Urea,9.0,90.0,Top dress at 20-30 DAS; broadcast and irrigate,Growth boost
moong_kharif,pre_sowing,black_cotton,241.5,23.2,69.7,high,low,medium,25.6,19.5,8.5,SSP + MOP,21.6,183.6,"Apply 7 days before sowing, mix into topsoil 10-15cm",Low N legume
linseed,vegetative,alluvial,149.0,75.4,190.6,high,medium,high,52.2,31.2,8.5,Urea,7.2,61.2,Top dress at 20-30 DAS; broadcast and irrigate,Top dress
pomegranate,flowering,sandy,140.7,91.1,185.6,high,high,high,38.3,18.8,9.8,Urea + MOP,9.0,88.2,Apply at flower bud initiation; avoid leaf contact,Fruit set
sunflower_kharif,flowering,alluvial,181.5,50.5,75.4,high,medium,medium,53.3,14.7,3.7,Boron Spray,5.0,18.5,Apply at flower bud initiation; avoid leaf contact,Prevent hollow stem
orange,pre_sowing,laterite,164.3,23.8,45.2,high,low,low,22.7,37.9,2.7,DAP + MOP,52.5,141.8,"Apply 7 days before sowing, mix into topsoil 10-15cm",Post-harvest dose
cotton,pre_sowing,laterite,26.7,28.4,57.7,low,low,medium,46.1,15.4,9.5,DAP + MOP,48.0,456.0,"Apply 7 days before sowing, mix into topsoil 10-15cm",Basal: 25N 25P 25K
onion,pre_sowing,sandy,230.8,84.0,146.0,high,high,high,33.2,24.6,10.0,DAP + MOP,10.5,105.0,"Apply 7 days before sowing, mix into topsoil 10-15cm",Full P+K; half N
safflower,pre_sowing,alluvial,89.7,97.3,175.9,medium,high,high,77.9,17.6,8.5,DAP + MOP,7.5,63.8,"Apply 7 days before sowing, mix into topsoil 10-15cm",Basal
wheat,pre_sowing,alluvial,14.6,32.4,20.8,low,low,low,58.2,20.4,8.5,DAP + MOP,52.5,446.2,"Apply 7 days before sowing, mix into topsoil 10-15cm",Full P+K; half N
grapes,pre_sowing,black_cotton,188.7,52.6,85.4,high,medium,medium,68.6,18.6,3.1,DAP + MOP,30.0,93.0,"Apply 7 days before sowing, mix into topsoil 10-15cm",Pruning time dose
chickpea,flowering,laterite,196.7,96.6,68.5,high,high,medium,55.5,15.3,4.7,MOP,8.0,37.6,Apply at flower bud initiation; avoid leaf contact,Foliar K for pod fill
onion,harvest,sandy,110.3,81.4,174.1,high,high,high,32.0,37.8,5.4,NO FERTILIZER,0.0,0.0,Do not apply; withholding period required,Stop 3 weeks before harvest
sunflower_kharif,vegetative,sandy,85.6,60.3,108.0,medium,medium,high,71.5,35.6,6.1,Urea,18.0,109.8,Top dress at 20-30 DAS; broadcast and irrigate,Top dress
grapes,vegetative,black_cotton,179.7,102.0,147.2,high,high,high,77.3,17.3,8.7,Urea,12.0,104.4,Top dress at 20-30 DAS; broadcast and irrigate,Shoot growth
maize_kharif,flowering,alluvial,18.6,110.6,84.8,low,high,medium,76.3,23.1,3.8,Urea,26.0,98.8,Apply at flower bud initiation; avoid leaf contact,Tasselling stage
rabi_maize,vegetative,red,196.2,37.6,23.5,high,low,low,31.2,34.7,6.7,Urea,15.0,100.5,Top dress at 20-30 DAS; broadcast and irrigate,Top dress
rabi_maize,flowering,black_cotton,45.6,36.4,131.5,medium,low,high,51.3,19.1,8.4,Urea,18.0,151.2,Apply at flower bud initiation; avoid leaf contact,Booster
soybean,pre_sowing,black_cotton,244.8,84.5,167.4,high,high,high,76.8,30.7,3.7,SSP + MOP,7.5,27.8,"Apply 7 days before sowing, mix into topsoil 10-15cm","Basal: 0 N, 50 P2O5, 40 K2O kg/ha via SSP+MOP"
sugarcane,harvest,black_cotton,62.7,113.3,50.8,medium,high,medium,76.5,30.8,1.8,MOP,20.0,36.0,Do not apply; withholding period required,Juice quality
groundnut,germination,black_cotton,156.0,69.5,130.0,high,medium,high,38.1,35.0,9.7,Rhizobium Biofert,5.0,48.5,Apply at sowing time or within first 7 DAS,Seed inoculation
grapes,flowering,sandy,135.9,49.5,56.7,high,medium,medium,74.7,12.8,8.1,13:00:45 NPK,9.0,72.9,Apply at flower bud initiation; avoid leaf contact,Berry set
onion,grain_fill,sandy,275.5,47.8,194.0,high,medium,high,58.3,12.2,1.3,MOP,7.5,9.8,Foliar spray or side dress during grain/fruit development,Bulb development
safflower,vegetative,laterite,186.7,79.0,199.2,high,medium,high,42.6,37.8,8.6,Urea,9.0,77.4,Top dress at 20-30 DAS; broadcast and irrigate,Rosette stage
watermelon,flowering,red,14.4,84.0,96.3,low,high,medium,33.8,14.4,3.1,19:19:19 NPK,15.6,48.4,Apply at flower bud initiation; avoid leaf contact,Fruit set
watermelon,pre_sowing,red,262.1,83.7,116.0,high,high,high,39.3,35.2,9.5,DAP + MOP,9.0,85.5,"Apply 7 days before sowing, mix into topsoil 10-15cm",Basal
tomato,harvest,black_cotton,65.2,92.4,98.8,medium,high,medium,33.5,32.6,5.1,13:00:45 NPK,10.0,51.0,Do not apply; withholding period required,Quality booster
chickpea,pre_sowing,sandy,133.5,98.5,147.0,high,high,high,66.2,15.5,3.9,SSP + MOP,6.0,23.4,"Apply 7 days before sowing, mix into topsoil 10-15cm",Low N; P and K basal
sunflower_kharif,flowering,red,54.6,118.4,147.5,medium,high,high,66.3,28.2,6.4,Boron Spray,5.0,32.0,Apply at flower bud initiation; avoid leaf contact,Prevent hollow stem
turmeric,grain_fill,laterite,141.6,100.9,129.9,high,high,high,24.4,34.6,9.7,MOP,10.0,97.0,Foliar spray or side dress during grain/fruit development,Curcumin synthesis
groundnut,pre_sowing,laterite,269.0,50.8,88.8,high,medium,medium,30.6,16.6,6.1,SSP + Gypsum,30.0,183.0,"Apply 7 days before sowing, mix into topsoil 10-15cm",Ca from gypsum for pod fill
sugarcane,germination,red,153.7,20.1,159.1,high,low,high,20.1,29.0,8.8,Urea,15.0,132.0,Apply at sowing time or within first 7 DAS,Germination boost
cucumber,pre_sowing,red,255.9,94.3,198.0,high,high,high,73.4,32.9,6.1,DAP + MOP,7.5,45.8,"Apply 7 days before sowing, mix into topsoil 10-15cm",Basal
chilli,pre_sowing,red,212.5,56.8,87.7,high,medium,medium,78.4,15.6,8.7,DAP + MOP,35.0,304.5,"Apply 7 days before sowing, mix into topsoil 10-15cm",Basal
soybean,grain_fill,alluvial,158.0,76.4,161.0,high,medium,high,58.3,26.6,7.0,Micronutrient Mix,5.0,35.0,Foliar spray or side dress during grain/fruit development,Zinc + Boron foliar spray
moong_rabi,pre_sowing,alluvial,103.6,67.7,114.1,high,medium,high,32.3,21.6,2.4,SSP + MOP,9.0,21.6,"Apply 7 days before sowing, mix into topsoil 10-15cm",Same as kharif moong
cucumber,flowering,sandy,158.7,114.4,114.1,high,high,high,78.6,12.5,3.1,MOP,6.0,18.6,Apply at flower bud initiation; avoid leaf contact,Fruit quality
rabi_maize,vegetative,laterite,248.5,96.6,151.4,high,high,high,57.9,25.9,9.8,Urea,15.0,147.0,Top dress at 20-30 DAS; broadcast and irrigate,Top dress
maize_kharif,pre_sowing,laterite,147.4,93.1,193.6,high,high,high,32.3,19.1,2.2,DAP + MOP,10.5,23.1,"Apply 7 days before sowing, mix into topsoil 10-15cm",Full P+K; half N basal
bajra,vegetative,sandy,124.0,53.3,61.0,high,medium,medium,59.9,19.6,3.7,Urea,10.8,40.0,Top dress at 20-30 DAS; broadcast and irrigate,N top dress 3 weeks after sowing
sesame,vegetative,sandy,10.9,36.1,151.1,low,low,high,49.1,35.8,4.7,Urea,15.6,73.3,Top dress at 20-30 DAS; broadcast and irrigate,Top dress
chickpea,flowering,red,231.7,48.9,165.1,high,medium,high,37.1,34.0,4.3,MOP,4.0,17.2,Apply at flower bud initiation; avoid leaf contact,Foliar K for pod fill
linseed,vegetative,alluvial,51.2,108.6,40.2,medium,high,low,41.5,14.9,3.7,Urea,12.0,44.4,Top dress at 20-30 DAS; broadcast and irrigate,Top dress
grapes,vegetative,sandy,207.4,78.0,44.0,high,medium,low,68.4,34.5,9.8,Urea,12.0,117.6,Top dress at 20-30 DAS; broadcast and irrigate,Shoot growth
sesame,pre_sowing,sandy,86.7,71.2,40.7,medium,medium,low,32.8,13.5,2.9,DAP,18.0,52.2,"Apply 7 days before sowing, mix into topsoil 10-15cm",Light feeder
tomato,harvest,alluvial,205.7,110.3,135.7,high,high,high,20.9,18.3,10.0,13:00:45 NPK,3.0,30.0,Do not apply; withholding period required,Quality booster
jowar_kharif,flowering,alluvial,224.3,67.4,69.6,high,medium,medium,33.6,31.7,9.7,Urea,9.0,87.3,Apply at flower bud initiation; avoid leaf contact,Second top dress
rice,vegetative,sandy,203.0,57.4,174.6,high,medium,high,59.6,37.2,2.8,Urea,13.2,37.0,Top dress at 20-30 DAS; broadcast and irrigate,25-30 DAS tillering
jowar_kharif,pre_sowing,red,51.4,65.1,157.0,medium,medium,high,68.8,20.4,5.3,DAP,25.0,132.5,"Apply 7 days before sowing, mix into topsoil 10-15cm",Basal P and N
sunflower_rabi,flowering,red,103.1,59.3,161.4,high,medium,high,56.4,12.8,8.9,Boron Spray,5.0,44.5,Apply at flower bud initiation; avoid leaf contact,Pollination support
sunflower_rabi,vegetative,sandy,205.3,104.4,155.9,high,high,high,20.3,35.1,4.9,Urea,10.8,52.9,Top dress at 20-30 DAS; broadcast and irrigate,Top dress
sugarcane,vegetative,sandy,244.4,95.5,140.6,high,high,high,28.7,34.0,8.2,Urea + MOP,15.0,123.0,Top dress at 20-30 DAS; broadcast and irrigate,Grand growth period
sugarcane,pre_sowing,alluvial,257.7,50.3,178.5,high,medium,high,25.4,34.1,1.6,DAP + MOP,25.0,40.0,"Apply 7 days before sowing, mix into topsoil 10-15cm",Heavy feeder; high basal
rice,grain_fill,red,267.7,46.7,157.8,high,medium,high,35.0,21.7,1.5,MOP,6.0,9.0,Foliar spray or side dress during grain/fruit development,Grain filling stage
maize_kharif,vegetative,sandy,140.7,118.7,43.8,high,high,low,56.0,16.8,9.5,Urea,15.0,142.5,Top dress at 20-30 DAS; broadcast and irrigate,Knee high stage N
mustard,flowering,alluvial,177.6,97.5,114.2,high,high,high,51.5,36.7,2.0,Urea,6.0,12.0,Apply at flower bud initiation; avoid leaf contact,Booster
moong_rabi,germination,red,169.1,106.8,128.7,high,high,high,52.2,18.6,3.8,Rhizobium Biofert,5.0,19.0,Apply at sowing time or within first 7 DAS,Seed treatment
chickpea,germination,sandy,12.1,30.6,128.4,low,low,high,66.2,35.7,1.8,Rhizobium Biofert,5.0,9.0,Apply at sowing time or within first 7 DAS,Seed inoculation
cotton,flowering,sandy,141.7,63.4,40.9,high,medium,low,76.6,21.4,6.0,Urea,15.0,90.0,Apply at flower bud initiation; avoid leaf contact,Boll development
onion,harvest,sandy,90.3,63.2,126.5,high,medium,high,78.0,21.3,0.8,NO FERTILIZER,0.0,0.0,Do not apply; withholding period required,Stop 3 weeks before harvest
safflower,pre_sowing,sandy,168.4,44.0,100.0,high,low,high,61.9,35.4,2.6,DAP + MOP,15.0,39.0,"Apply 7 days before sowing, mix into topsoil 10-15cm",Basal
grapes,grain_fill,black_cotton,90.9,102.3,103.3,high,high,high,69.1,24.6,5.1,MOP,10.0,51.0,Foliar spray or side dress during grain/fruit development,Maturity
jowar_rabi,flowering,red,239.1,72.7,31.5,high,medium,low,47.2,14.3,2.8,Urea,7.2,20.2,Apply at flower bud initiation; avoid leaf contact,Light booster
jowar_kharif,pre_sowing,black_cotton,167.5,82.0,116.2,high,high,high,29.1,33.3,6.4,DAP,15.0,96.0,"Apply 7 days before sowing, mix into topsoil 10-15cm",Basal P and N
bajra,vegetative,alluvial,190.4,38.9,137.2,high,low,high,53.4,20.4,6.3,Urea,10.8,68.0,Top dress at 20-30 DAS; broadcast and irrigate,N top dress 3 weeks after sowing
mustard,vegetative,red,146.9,60.4,173.9,high,medium,high,48.0,16.8,6.7,Urea,10.8,72.4,Top dress at 20-30 DAS; broadcast and irrigate,Top dress at 20 DAS
rabi_maize,pre_sowing,laterite,105.8,81.1,64.3,high,high,medium,44.4,17.1,6.2,DAP + MOP,21.0,130.2,"Apply 7 days before sowing, mix into topsoil 10-15cm",Same as kharif maize
cotton,grain_fill,sandy,256.9,46.7,190.7,high,medium,high,24.3,33.8,1.5,MOP,7.5,11.2,Foliar spray or side dress during grain/fruit development,Fibre quality
urad,pre_sowing,laterite,88.0,118.4,79.9,medium,high,medium,31.8,21.4,3.2,SSP + MOP,10.8,34.6,"Apply 7 days before sowing, mix into topsoil 10-15cm",Basal P+K
moong_kharif,germination,red,107.7,94.0,75.6,high,high,medium,29.8,22.9,1.4,Rhizobium Biofert,5.0,7.0,Apply at sowing time or within first 7 DAS,Seed treatment
bajra,flowering,laterite,225.3,95.5,175.0,high,high,high,52.3,16.4,0.8,Urea,6.0,4.8,Apply at flower bud initiation; avoid leaf contact,Booster dose
sesame,vegetative,laterite,157.5,58.7,151.9,high,medium,high,39.6,33.0,4.6,Urea,7.2,33.1,Top dress at 20-30 DAS; broadcast and irrigate,Top dress
watermelon,pre_sowing,sandy,196.6,59.1,138.2,high,medium,high,34.0,34.6,0.5,DAP + MOP,15.0,7.5,"Apply 7 days before sowing, mix into topsoil 10-15cm",Basal
jowar_rabi,vegetative,black_cotton,214.2,94.9,83.2,high,high,medium,50.2,25.1,3.2,Urea,12.0,38.4,Top dress at 20-30 DAS; broadcast and irrigate,Split N top dress
onion,vegetative,laterite,80.5,21.4,95.2,medium,low,medium,79.2,29.8,1.0,Urea,20.0,20.0,Top dress at 20-30 DAS; broadcast and irrigate,Leaf development
rice,grain_fill,alluvial,126.7,78.0,22.9,high,medium,low,20.6,26.6,5.5,MOP,15.0,82.5,Foliar spray or side dress during grain/fruit development,Grain filling stage
tomato,vegetative,black_cotton,205.0,61.0,88.8,high,medium,medium,78.6,23.4,8.0,Urea,12.0,96.0,Top dress at 20-30 DAS; broadcast and irrigate,Vegetative growth
banana,pre_sowing,black_cotton,102.9,32.8,28.2,high,low,low,52.0,36.8,6.3,DAP + MOP,90.0,567.0,"Apply 7 days before sowing, mix into topsoil 10-15cm",Heavy K feeder; high basal
groundnut,germination,alluvial,212.3,22.4,113.7,high,low,high,55.7,12.1,1.0,Rhizobium Biofert,5.0,5.0,Apply at sowing time or within first 7 DAS,Seed inoculation
cotton,vegetative,alluvial,33.4,99.2,56.2,low,high,medium,50.7,18.9,6.9,Urea + MOP,45.5,313.9,Top dress at 20-30 DAS; broadcast and irrigate,Square formation
wheat,pre_sowing,alluvial,93.8,109.6,127.7,high,high,high,23.3,13.3,3.8,DAP + MOP,10.5,39.9,"Apply 7 days before sowing, mix into topsoil 10-15cm",Full P+K; half N
jowar_kharif,vegetative,alluvial,87.2,26.1,63.8,medium,low,medium,59.8,34.8,9.1,Urea,20.0,182.0,Top dress at 20-30 DAS; broadcast and irrigate,Top dress after 3-4 weeks
moong_kharif,germination,red,58.2,62.0,110.9,medium,medium,high,53.8,38.0,5.2,Rhizobium Biofert,5.0,26.0,Apply at sowing time or within first 7 DAS,Seed treatment
groundnut,grain_fill,alluvial,257.9,77.4,131.1,high,medium,high,55.4,28.5,7.3,MOP,5.0,36.5,Foliar spray or side dress during grain/fruit development,Kernel filling
tur_arhar,pre_sowing,red,157.3,56.2,137.3,high,medium,high,52.0,17.9,4.3,SSP + MOP,11.0,47.3,"Apply 7 days before sowing, mix into topsoil 10-15cm",Low N; P+K basal
watermelon,grain_fill,sandy,215.1,66.2,120.6,high,medium,high,71.6,13.7,8.1,MOP,7.5,60.8,Foliar spray or side dress during grain/fruit development,Fruit sweetness
banana,grain_fill,laterite,191.9,56.3,78.4,high,medium,medium,25.5,26.4,9.4,MOP,40.0,376.0,Foliar spray or side dress during grain/fruit development,Bunch filling
soybean,vegetative,laterite,90.1,52.1,27.6,high,medium,low,23.1,30.0,8.4,Urea,7.2,60.5,Top dress at 20-30 DAS; broadcast and irrigate,Top dress if N deficiency observed
cucumber,vegetative,black_cotton,106.9,74.4,22.5,high,medium,low,64.3,14.7,2.3,Urea,9.0,20.7,Top dress at 20-30 DAS; broadcast and irrigate,Growth boost
jowar_kharif,vegetative,laterite,158.6,30.1,116.6,high,low,high,64.9,32.4,9.2,Urea,12.0,110.4,Top dress at 20-30 DAS; broadcast and irrigate,Top dress after 3-4 weeks
cotton,vegetative,red,69.8,117.3,117.0,medium,high,high,45.6,15.7,4.2,Urea + MOP,17.5,73.5,Top dress at 20-30 DAS; broadcast and irrigate,Square formation
sunflower_kharif,vegetative,sandy,86.3,35.2,54.6,medium,low,medium,46.5,33.7,6.4,Urea,18.0,115.2,Top dress at 20-30 DAS; broadcast and irrigate,Top dress
sesame,vegetative,red,150.9,62.2,100.3,high,medium,high,42.7,25.0,1.8,Urea,7.2,13.0,Top dress at 20-30 DAS; broadcast and irrigate,Top dress
groundnut,pre_sowing,laterite,123.2,109.1,164.4,high,high,high,61.8,31.1,4.9,SSP + Gypsum,18.0,88.2,"Apply 7 days before sowing, mix into topsoil 10-15cm",Ca from gypsum for pod fill
rabi_maize,vegetative,laterite,40.0,51.2,152.1,medium,medium,high,69.9,12.4,3.7,Urea,25.0,92.5,Top dress at 20-30 DAS; broadcast and irrigate,Top dress
bajra,pre_sowing,laterite,187.3,22.3,74.2,high,low,medium,35.3,19.7,8.8,DAP,24.0,211.2,"Apply 7 days before sowing, mix into topsoil 10-15cm",Basal P
maize_kharif,flowering,laterite,263.6,114.0,116.4,high,high,high,58.4,31.0,8.6,Urea,12.0,103.2,Apply at flower bud initiation; avoid leaf contact,Tasselling stage
rice,pre_sowing,sandy,237.2,26.9,148.2,high,low,high,26.3,29.7,3.2,DAP,36.0,115.2,"Apply 7 days before sowing, mix into topsoil 10-15cm",Basal
cotton,flowering,alluvial,27.5,73.1,134.5,low,medium,high,44.3,34.8,3.0,Urea,32.5,97.5,Apply at flower bud initiation; avoid leaf contact,Boll development
onion,grain_fill,black_cotton,103.0,85.1,119.1,high,high,high,70.8,16.5,0.8,MOP,7.5,6.0,Foliar spray or side dress during grain/fruit development,Bulb development
jowar_rabi,vegetative,alluvial,181.8,89.8,152.2,high,high,high,36.2,28.6,2.9,Urea,12.0,34.8,Top dress at 20-30 DAS; broadcast and irrigate,Split N top dress
sunflower_kharif,flowering,sandy,33.9,115.2,82.9,low,high,medium,69.1,29.1,1.9,Boron Spray,5.0,9.5,Apply at flower bud initiation; avoid leaf contact,Prevent hollow stem
wheat,vegetative,sandy,115.1,68.1,170.7,high,medium,high,28.7,12.9,0.9,Urea,12.0,10.8,Top dress at 20-30 DAS; broadcast and irrigate,Tillering
wheat,germination,sandy,15.8,88.1,119.2,low,high,high,33.5,28.4,9.0,Urea,26.0,234.0,Apply at sowing time or within first 7 DAS,CRI stage
chilli,pre_sowing,alluvial,127.0,72.1,170.9,high,medium,high,60.6,30.7,1.8,DAP + MOP,17.5,31.5,"Apply 7 days before sowing, mix into topsoil 10-15cm",Basal
bajra,flowering,laterite,232.9,75.7,124.9,high,medium,high,44.3,36.3,3.5,Urea,6.0,21.0,Apply at flower bud initiation; avoid leaf contact,Booster dose
rice,vegetative,red,242.9,37.3,192.8,high,low,high,56.0,15.0,7.1,Urea,13.2,93.7,Top dress at 20-30 DAS; broadcast and irrigate,25-30 DAS tillering
onion,grain_fill,sandy,221.0,60.9,195.1,high,medium,high,50.0,21.3,1.8,MOP,7.5,13.5,Foliar spray or side dress during grain/fruit development,Bulb development
soybean,vegetative,laterite,156.7,88.0,101.4,high,high,high,75.5,36.0,7.7,Urea,7.2,55.4,Top dress at 20-30 DAS; broadcast and irrigate,Top dress if N deficiency observed
urad,germination,sandy,132.2,109.7,94.6,high,high,medium,39.9,32.2,9.8,Rhizobium Biofert,5.0,49.0,Apply at sowing time or within first 7 DAS,Seed inoculation
moong_kharif,flowering,sandy,114.2,50.5,117.6,high,medium,high,79.7,26.0,8.0,MOP,4.0,32.0,Apply at flower bud initiation; avoid leaf contact,Pod fill
linseed,vegetative,black_cotton,81.4,109.3,165.5,medium,high,high,28.4,18.1,3.1,Urea,12.0,37.2,Top dress at 20-30 DAS; broadcast and irrigate,Top dress
cotton,flowering,laterite,203.2,97.5,51.3,high,high,medium,44.4,13.4,4.5,Urea,15.0,67.5,Apply at flower bud initiation; avoid leaf contact,Boll development
banana,pre_sowing,black_cotton,136.6,39.3,100.2,high,low,high,78.8,15.9,6.3,DAP + MOP,36.0,226.8,"Apply 7 days before sowing, mix into topsoil 10-15cm",Heavy K feeder; high basal
rabi_maize,flowering,alluvial,140.9,93.1,87.0,high,high,medium,30.3,23.9,7.4,Urea,10.8,79.9,Apply at flower bud initiation; avoid leaf contact,Booster
sunflower_rabi,flowering,sandy,36.6,59.4,51.1,low,medium,medium,76.8,14.1,8.9,Boron Spray,5.0,44.5,Apply at flower bud initiation; avoid leaf contact,Pollination support
groundnut,pre_sowing,red,138.0,96.8,187.1,high,high,high,73.4,20.0,5.7,SSP + Gypsum,18.0,102.6,"Apply 7 days before sowing, mix into topsoil 10-15cm",Ca from gypsum for pod fill
moong_kharif,germination,alluvial,147.0,35.9,72.8,high,low,medium,56.7,26.9,5.1,Rhizobium Biofert,5.0,25.5,Apply at sowing time or within first 7 DAS,Seed treatment
rice,vegetative,alluvial,229.8,117.5,126.9,high,high,high,37.0,28.9,0.7,Urea,13.2,9.2,Top dress at 20-30 DAS; broadcast and irrigate,25-30 DAS tillering
jowar_rabi,vegetative,laterite,74.9,22.0,145.1,medium,low,high,42.1,21.5,4.6,Urea,20.0,92.0,Top dress at 20-30 DAS; broadcast and irrigate,Split N top dress
rice,pre_sowing,red,115.6,115.5,148.7,high,high,high,62.8,31.4,2.3,DAP,18.0,41.4,"Apply 7 days before sowing, mix into topsoil 10-15cm",Basal
sunflower_kharif,flowering,laterite,225.6,75.3,56.4,high,medium,medium,76.0,36.0,9.1,Boron Spray,5.0,45.5,Apply at flower bud initiation; avoid leaf contact,Prevent hollow stem
bajra,pre_sowing,alluvial,164.9,118.4,138.2,high,high,high,56.7,22.5,8.1,DAP,12.0,97.2,"Apply 7 days before sowing, mix into topsoil 10-15cm",Basal P
maize_kharif,vegetative,black_cotton,223.5,37.2,190.6,high,low,high,27.7,16.0,2.3,Urea,15.0,34.5,Top dress at 20-30 DAS; broadcast and irrigate,Knee high stage N
grapes,grain_fill,sandy,240.8,89.3,37.2,high,high,low,79.2,14.4,7.7,MOP,25.0,192.5,Foliar spray or side dress during grain/fruit development,Maturity
jowar_rabi,pre_sowing,alluvial,68.8,100.6,183.5,medium,high,high,27.6,16.3,6.2,DAP + MOP,9.0,55.8,"Apply 7 days before sowing, mix into topsoil 10-15cm",Full P and K basal
jowar_kharif,vegetative,alluvial,179.5,28.4,133.0,high,low,high,56.4,14.0,7.5,Urea,12.0,90.0,Top dress at 20-30 DAS; broadcast and irrigate,Top dress after 3-4 weeks
mustard,flowering,red,197.2,41.6,52.6,high,low,medium,40.3,22.6,3.3,Urea,6.0,19.8,Apply at flower bud initiation; avoid leaf contact,Booster
soybean,pre_sowing,alluvial,264.3,61.6,122.3,high,medium,high,73.4,37.7,2.7,SSP + MOP,12.5,33.8,"Apply 7 days before sowing, mix into topsoil 10-15cm","Basal: 0 N, 50 P2O5, 40 K2O kg/ha via SSP+MOP"
tur_arhar,flowering,red,234.8,48.1,166.0,high,medium,high,71.3,21.1,4.3,MOP,5.0,21.5,Apply at flower bud initiation; avoid leaf contact,Pod setting
jowar_kharif,vegetative,alluvial,274.7,26.7,74.9,high,low,medium,55.4,32.6,4.8,Urea,12.0,57.6,Top dress at 20-30 DAS; broadcast and irrigate,Top dress after 3-4 weeks
banana,pre_sowing,sandy,244.8,73.7,39.4,high,medium,low,65.6,23.4,0.8,DAP + MOP,75.0,60.0,"Apply 7 days before sowing, mix into topsoil 10-15cm",Heavy K feeder; high basal
onion,pre_sowing,laterite,230.6,52.5,34.7,high,medium,low,76.2,34.1,5.4,DAP + MOP,43.8,236.5,"Apply 7 days before sowing, mix into topsoil 10-15cm",Full P+K; half N
chilli,flowering,alluvial,127.8,69.2,162.7,high,medium,high,35.3,32.1,7.9,19:19:19 NPK,4.5,35.6,Apply at flower bud initiation; avoid leaf contact,Fruit set
grapes,flowering,sandy,279.3,74.3,176.2,high,medium,high,64.2,31.6,7.9,13:00:45 NPK,4.5,35.6,Apply at flower bud initiation; avoid leaf contact,Berry set
safflower,flowering,red,50.8,108.0,95.3,medium,high,medium,50.1,33.7,5.9,Urea,10.0,59.0,Apply at flower bud initiation; avoid leaf contact,Capitulum stage
cucumber,flowering,red,255.4,64.0,126.5,high,medium,high,34.9,34.3,1.2,MOP,6.0,7.2,Apply at flower bud initiation; avoid leaf contact,Fruit quality
groundnut,flowering,alluvial,186.6,73.0,165.2,high,medium,high,33.1,34.6,6.7,Gypsum,25.0,167.5,Apply at flower bud initiation; avoid leaf contact,Peg development
safflower,flowering,black_cotton,46.2,75.3,134.0,medium,medium,high,25.7,37.1,6.8,Urea,10.0,68.0,Apply at flower bud initiation; avoid leaf contact,Capitulum stage
bajra,pre_sowing,black_cotton,129.9,64.6,151.3,high,medium,high,54.5,31.0,2.5,DAP,20.0,50.0,"Apply 7 days before sowing, mix into topsoil 10-15cm",Basal P
linseed,pre_sowing,laterite,230.3,70.9,135.3,high,medium,high,51.8,22.6,6.9,DAP + MOP,10.0,69.0,"Apply 7 days before sowing, mix into topsoil 10-15cm",Basal
cucumber,flowering,sandy,96.3,116.6,114.3,high,high,high,29.8,19.6,8.0,MOP,6.0,48.0,Apply at flower bud initiation; avoid leaf contact,Fruit quality
tur_arhar,vegetative,black_cotton,177.4,65.9,67.8,high,medium,medium,28.5,18.5,9.5,Urea,6.0,57.0,Top dress at 20-30 DAS; broadcast and irrigate,Light N if pale
watermelon,pre_sowing,black_cotton,80.6,64.6,163.7,medium,medium,high,75.6,33.1,5.7,DAP + MOP,15.0,85.5,"Apply 7 days before sowing, mix into topsoil 10-15cm",Basal
rice,vegetative,sandy,186.8,112.6,187.4,high,high,high,25.2,27.8,5.0,Urea,13.2,66.0,Top dress at 20-30 DAS; broadcast and irrigate,25-30 DAS tillering
groundnut,pre_sowing,black_cotton,71.2,28.7,51.3,medium,low,medium,38.6,18.2,8.9,SSP + Gypsum,36.0,320.4,"Apply 7 days before sowing, mix into topsoil 10-15cm",Ca from gypsum for pod fill
banana,grain_fill,alluvial,264.3,100.0,178.7,high,high,high,66.6,32.0,7.8,MOP,20.0,156.0,Foliar spray or side dress during grain/fruit development,Bunch filling
urad,pre_sowing,alluvial,229.5,94.8,62.9,high,high,medium,20.2,28.8,8.3,SSP + MOP,10.8,89.6,"Apply 7 days before sowing, mix into topsoil 10-15cm",Basal P+K
linseed,vegetative,alluvial,52.7,115.7,165.2,medium,high,high,59.7,30.1,6.3,Urea,12.0,75.6,Top dress at 20-30 DAS; broadcast and irrigate,Top dress
cotton,flowering,sandy,156.9,55.7,134.9,high,medium,high,65.9,18.6,8.0,Urea,15.0,120.0,Apply at flower bud initiation; avoid leaf contact,Boll development
tomato,harvest,alluvial,66.4,39.9,163.8,medium,low,high,50.2,21.0,8.6,13:00:45 NPK,5.0,43.0,Do not apply; withholding period required,Quality booster
sunflower_rabi,vegetative,red,89.7,113.9,169.5,medium,high,high,79.2,34.7,4.5,Urea,18.0,81.0,Top dress at 20-30 DAS; broadcast and irrigate,Top dress
tomato,vegetative,laterite,176.5,32.0,132.7,high,low,high,34.7,23.7,9.4,Urea,12.0,112.8,Top dress at 20-30 DAS; broadcast and irrigate,Vegetative growth
sesame,pre_sowing,red,183.0,46.5,30.4,high,medium,low,72.0,32.8,5.0,DAP,18.0,90.0,"Apply 7 days before sowing, mix into topsoil 10-15cm",Light feeder
rice,grain_fill,sandy,189.7,50.2,65.1,high,medium,medium,29.3,36.0,8.9,MOP,12.0,106.8,Foliar spray or side dress during grain/fruit development,Grain filling stage
jowar_kharif,flowering,sandy,160.9,35.4,70.3,high,low,medium,59.0,34.4,9.6,Urea,9.0,86.4,Apply at flower bud initiation; avoid leaf contact,Second top dress
turmeric,vegetative,laterite,109.8,119.4,198.7,high,high,high,27.4,28.5,9.7,Urea + MOP,9.0,87.3,Top dress at 20-30 DAS; broadcast and irrigate,Rhizome development
rabi_maize,flowering,laterite,263.4,90.9,193.6,high,high,high,43.8,32.3,3.0,Urea,10.8,32.4,Apply at flower bud initiation; avoid leaf contact,Booster
mustard,vegetative,red,128.1,105.4,90.9,high,high,medium,69.3,29.7,5.4,Urea,10.8,58.3,Top dress at 20-30 DAS; broadcast and irrigate,Top dress at 20 DAS
moong_rabi,pre_sowing,laterite,101.5,24.2,24.7,high,low,low,68.7,25.9,3.6,SSP + MOP,27.0,97.2,"Apply 7 days before sowing, mix into topsoil 10-15cm",Same as kharif moong
chilli,grain_fill,red,70.6,58.3,171.1,medium,medium,high,64.8,21.3,1.8,MOP,6.0,10.8,Foliar spray or side dress during grain/fruit development,Pungency development
chickpea,pre_sowing,laterite,75.8,108.3,74.7,medium,high,medium,66.2,18.3,8.5,SSP + MOP,12.0,102.0,"Apply 7 days before sowing, mix into topsoil 10-15cm",Low N; P and K basal
maize_kharif,grain_fill,red,254.8,118.5,130.3,high,high,high,37.9,18.2,6.1,MOP,5.0,30.5,Foliar spray or side dress during grain/fruit development,Cob development
rice,vegetative,red,163.5,107.4,81.3,high,high,medium,64.6,31.1,3.0,Urea,13.2,39.6,Top dress at 20-30 DAS; broadcast and irrigate,25-30 DAS tillering
moong_rabi,flowering,black_cotton,95.7,31.7,86.5,high,low,medium,54.7,28.2,6.1,MOP,8.0,48.8,Apply at flower bud initiation; avoid leaf contact,Pod fill
grapes,pre_sowing,sandy,104.2,66.4,90.6,high,medium,medium,69.8,30.0,3.2,DAP + MOP,30.0,96.0,"Apply 7 days before sowing, mix into topsoil 10-15cm",Pruning time dose
jowar_kharif,pre_sowing,alluvial,255.3,109.0,91.5,high,high,medium,40.6,17.7,6.3,DAP,15.0,94.5,"Apply 7 days before sowing, mix into topsoil 10-15cm",Basal P and N
moong_rabi,flowering,laterite,108.3,79.3,66.5,high,medium,medium,78.9,24.1,6.5,MOP,8.0,52.0,Apply at flower bud initiation; avoid leaf contact,Pod fill
banana,grain_fill,black_cotton,124.6,109.5,28.7,high,high,low,59.4,32.4,8.0,MOP,50.0,400.0,Foliar spray or side dress during grain/fruit development,Bunch filling
rice,pre_sowing,laterite,146.3,58.6,192.0,high,medium,high,47.2,14.6,2.4,DAP,30.0,72.0,"Apply 7 days before sowing, mix into topsoil 10-15cm",Basal
moong_kharif,germination,red,203.5,107.0,167.6,high,high,high,64.7,34.7,7.3,Rhizobium Biofert,5.0,36.5,Apply at sowing time or within first 7 DAS,Seed treatment
jowar_kharif,vegetative,black_cotton,114.9,97.2,24.9,high,high,low,71.7,35.8,2.1,Urea,12.0,25.2,Top dress at 20-30 DAS; broadcast and irrigate,Top dress after 3-4 weeks
sesame,vegetative,sandy,256.2,107.5,20.6,high,high,low,41.2,26.9,7.4,Urea,7.2,53.3,Top dress at 20-30 DAS; broadcast and irrigate,Top dress
orange,flowering,red,16.0,67.0,129.2,low,medium,high,59.3,32.2,5.4,Urea,26.0,140.4,Apply at flower bud initiation; avoid leaf contact,Flush growth
groundnut,flowering,laterite,49.8,33.0,196.7,medium,low,high,60.7,30.4,8.7,Gypsum,25.0,217.5,Apply at flower bud initiation; avoid leaf contact,Peg development
