soil_type,ph,nitrogen_n,phosphorus_p,potassium_k,ec,moisture,soil_temperature,ph_class,n_class,p_class,k_class,ec_class,moisture_class,overall_health
alluvial,5.97,75.9,116.0,29.7,1232,55.2,29.6,slightly_acidic,low,very_high,very_low,high_salinity,optimal,poor
red,7.0,200.0,5.3,65.2,2102,49.7,35.4,neutral,very_high,very_low,low,very_high_salinity,optimal,poor
red,6.78,251.5,29.7,74.1,291,75.1,27.1,neutral,very_high,very_low,medium,low,moist,fair
red,5.52,26.2,119.1,154.9,2261,58.6,27.2,slightly_acidic,very_low,very_high,high,very_high_salinity,optimal,poor
black_cotton,8.28,294.7,104.9,164.8,2136,13.5,24.8,slightly_alkaline,very_high,high,very_high,very_high_salinity,very_dry,fair
black_cotton,8.63,236.3,136.4,63.5,1598,87.8,41.2,strongly_alkaline,very_high,very_high,low,very_high_salinity,waterlogged,poor
alluvial,8.72,21.6,118.8,214.4,1898,90.1,27.0,strongly_alkaline,very_low,very_high,very_high,very_high_salinity,waterlogged,poor
red,7.08,123.8,23.7,177.8,111,93.6,11.7,neutral,high,very_low,very_high,very_low,waterlogged,fair
black_cotton,7.86,229.2,63.4,60.0,1300,55.7,25.6,slightly_alkaline,very_high,medium,low,high_salinity,optimal,fair
laterite,8.2,198.1,24.9,119.2,122,48.7,21.3,slightly_alkaline,very_high,very_low,high,very_low,optimal,fair
laterite,7.09,23.3,70.0,168.5,1909,7.4,10.3,neutral,very_low,medium,very_high,very_high_salinity,very_dry,fair
black_cotton,7.5,142.5,121.6,214.5,330,82.0,17.7,slightly_alkaline,high,very_high,very_high,low,waterlogged,good
red,7.97,30.4,27.2,10.4,2399,26.0,26.0,slightly_alkaline,very_low,very_low,very_low,very_high_salinity,dry,very_poor
laterite,8.85,175.1,103.9,94.7,1305,58.8,38.3,strongly_alkaline,high,high,medium,high_salinity,optimal,good
laterite,7.3,92.0,42.3,102.6,538,58.3,12.3,neutral,medium,low,medium,normal,optimal,good
black_cotton,7.81,7.6,93.9,28.5,574,12.5,23.6,slightly_alkaline,very_low,high,very_low,normal,very_dry,fair
black_cotton,8.78,118.4,67.1,110.0,1763,74.2,16.2,strongly_alkaline,medium,medium,high,very_high_salinity,moist,fair
laterite,8.3,88.6,126.4,23.5,1347,33.4,16.2,slightly_alkaline,medium,very_high,very_low,high_salinity,dry,fair
alluvial,8.87,227.7,140.0,107.8,1893,75.3,26.8,strongly_alkaline,very_high,very_high,medium,very_high_salinity,moist,poor
sandy,6.91,290.9,39.4,213.6,2198,80.9,31.1,neutral,very_high,low,very_high,very_high_salinity,waterlogged,fair
black_cotton,5.73,35.4,23.6,204.8,1764,24.1,36.4,slightly_acidic,very_low,very_low,very_high,very_high_salinity,dry,very_poor
sandy,7.02,204.7,12.7,9.8,1824,57.8,30.5,neutral,very_high,very_low,very_low,very_high_salinity,optimal,poor
red,5.72,52.5,135.8,18.0,1328,61.2,40.6,slightly_acidic,low,very_high,very_low,high_salinity,moist,poor
black_cotton,8.46,93.6,53.5,144.1,1863,5.5,24.4,slightly_alkaline,medium,low,high,very_high_salinity,very_dry,fair
red,6.73,237.5,77.0,181.3,1120,14.9,22.0,neutral,very_high,medium,very_high,high_salinity,very_dry,fair
red,4.67,236.6,114.0,180.8,2347,62.0,36.4,strongly_acidic,very_high,very_high,very_high,very_high_salinity,moist,poor
sandy,8.51,30.9,11.1,219.8,1846,51.0,12.3,strongly_alkaline,very_low,very_low,very_high,very_high_salinity,optimal,very_poor
laterite,5.42,172.5,104.5,74.8,636,48.7,24.0,strongly_acidic,high,high,medium,normal,optimal,good
sandy,6.24,199.5,80.2,47.1,1765,24.1,29.6,slightly_acidic,very_high,high,low,very_high_salinity,dry,fair
alluvial,7.4,102.6,135.3,97.3,1298,36.8,30.6,neutral,medium,very_high,medium,high_salinity,dry,good
alluvial,6.1,71.6,26.3,149.1,2092,52.4,24.3,slightly_acidic,low,very_low,high,very_high_salinity,optimal,poor
alluvial,6.72,210.3,17.7,131.3,244,31.0,40.9,neutral,very_high,very_low,high,low,dry,fair
alluvial,7.12,132.4,75.9,95.8,1048,78.9,13.3,neutral,high,medium,medium,high_salinity,moist,good
laterite,8.12,164.8,68.8,201.8,2243,39.7,37.8,slightly_alkaline,high,medium,very_high,very_high_salinity,dry,fair
laterite,7.25,82.0,135.6,70.6,768,51.0,24.1,neutral,medium,very_high,medium,normal,optimal,good
sandy,4.59,27.6,49.6,213.9,1670,58.8,37.5,strongly_acidic,very_low,low,very_high,very_high_salinity,optimal,very_poor
alluvial,6.1,41.3,99.3,35.9,196,56.9,21.0,slightly_acidic,low,high,very_low,very_low,optimal,poor
black_cotton,8.47,200.6,109.3,34.4,877,67.7,25.1,slightly_alkaline,very_high,high,very_low,high_salinity,moist,fair
black_cotton,6.79,132.3,32.1,142.2,166,89.0,25.5,neutral,high,low,high,very_low,waterlogged,good
sandy,8.99,272.6,17.3,17.5,947,47.1,23.0,strongly_alkaline,very_high,very_low,very_low,high_salinity,optimal,very_poor
black_cotton,8.42,155.4,75.0,130.6,2194,7.8,31.2,slightly_alkaline,high,medium,high,very_high_salinity,very_dry,good
sandy,8.79,217.2,29.2,125.4,595,36.6,19.7,strongly_alkaline,very_high,very_low,high,normal,dry,fair
sandy,6.91,159.0,54.4,101.8,1674,90.1,13.7,neutral,high,low,medium,very_high_salinity,waterlogged,fair
laterite,6.52,118.2,60.4,104.4,975,16.0,25.9,neutral,medium,medium,medium,high_salinity,very_dry,good
alluvial,8.13,154.7,47.2,61.6,2357,37.9,20.1,slightly_alkaline,high,low,low,very_high_salinity,dry,fair
black_cotton,4.7,290.5,80.2,171.3,1533,81.4,23.5,strongly_acidic,very_high,high,very_high,very_high_salinity,waterlogged,poor
black_cotton,8.77,220.3,96.1,96.6,1536,69.4,17.9,strongly_alkaline,very_high,high,medium,very_high_salinity,moist,fair
alluvial,5.56,230.4,20.8,76.7,1519,49.7,40.4,slightly_acidic,very_high,very_low,medium,very_high_salinity,optimal,poor
laterite,8.77,49.8,9.0,12.7,491,92.6,40.8,strongly_alkaline,low,very_low,very_low,normal,waterlogged,poor
laterite,5.65,143.1,17.3,65.2,2354,82.4,13.1,slightly_acidic,high,very_low,low,very_high_salinity,waterlogged,poor
laterite,4.67,278.1,67.3,193.1,334,19.7,27.9,strongly_acidic,very_high,medium,very_high,low,very_dry,fair
alluvial,7.9,277.4,20.5,154.4,2409,51.9,10.5,slightly_alkaline,very_high,very_low,high,very_high_salinity,optimal,fair
alluvial,5.71,70.7,39.2,78.1,1652,55.0,38.9,slightly_acidic,low,low,medium,very_high_salinity,optimal,poor
laterite,8.37,60.0,113.9,12.0,1790,76.2,32.5,slightly_alkaline,low,very_high,very_low,very_high_salinity,moist,poor
laterite,5.45,121.8,21.7,71.5,339,35.6,19.9,strongly_acidic,high,very_low,medium,low,dry,fair
sandy,6.59,77.8,41.7,89.8,390,74.8,13.7,neutral,low,low,medium,low,moist,fair
sandy,4.62,95.9,19.8,64.1,392,66.4,26.9,strongly_acidic,medium,very_low,low,low,moist,poor
laterite,8.15,214.4,86.5,117.2,1944,43.9,22.2,slightly_alkaline,very_high,high,high,very_high_salinity,optimal,good
laterite,8.91,63.9,10.0,49.3,2261,14.9,27.6,strongly_alkaline,low,very_low,low,very_high_salinity,very_dry,very_poor
sandy,8.44,241.1,53.3,201.8,1463,72.4,14.9,slightly_alkaline,very_high,low,very_high,high_salinity,moist,fair
alluvial,6.54,45.7,14.0,18.6,82,74.9,35.4,neutral,low,very_low,very_low,very_low,moist,poor
alluvial,6.27,48.0,75.8,163.1,1180,6.5,37.3,slightly_acidic,low,medium,very_high,high_salinity,very_dry,fair
laterite,6.32,111.3,100.0,150.9,2484,15.8,19.9,slightly_acidic,medium,high,high,very_high_salinity,very_dry,good
sandy,7.28,33.6,45.6,67.8,1144,44.2,36.8,neutral,very_low,low,low,high_salinity,optimal,poor
alluvial,4.84,13.1,62.9,193.8,782,7.6,32.1,strongly_acidic,very_low,medium,very_high,normal,very_dry,fair
alluvial,6.11,293.4,131.3,139.4,127,50.1,13.9,slightly_acidic,very_high,very_high,high,very_low,optimal,fair
alluvial,8.4,280.8,128.8,18.2,1876,73.5,22.1,slightly_alkaline,very_high,very_high,very_low,very_high_salinity,moist,poor
alluvial,5.57,194.0,80.0,39.5,612,40.2,40.3,slightly_acidic,very_high,high,very_low,normal,optimal,fair
black_cotton,6.44,199.9,131.8,85.4,1921,12.4,42.0,slightly_acidic,very_high,very_high,medium,very_high_salinity,very_dry,fair
sandy,7.79,72.6,73.7,66.5,104,40.3,24.7,slightly_alkaline,low,medium,low,very_low,optimal,fair
sandy,6.04,225.7,107.6,166.7,1503,42.9,31.9,slightly_acidic,very_high,high,very_high,very_high_salinity,optimal,fair
sandy,6.41,61.2,85.9,185.9,2367,13.4,25.1,slightly_acidic,low,high,very_high,very_high_salinity,very_dry,fair
red,6.02,85.6,68.0,174.6,885,16.8,27.6,slightly_acidic,medium,medium,very_high,high_salinity,very_dry,fair
alluvial,7.23,270.2,26.4,33.7,1000,41.3,11.3,neutral,very_high,very_low,very_low,high_salinity,optimal,poor
sandy,6.98,249.8,113.9,113.1,1825,17.2,34.1,neutral,very_high,very_high,high,very_high_salinity,very_dry,fair
red,7.16,257.2,22.5,218.3,373,19.0,10.5,neutral,very_high,very_low,very_high,low,very_dry,fair
alluvial,5.38,233.0,57.5,143.0,2337,64.2,34.2,strongly_acidic,very_high,medium,high,very_high_salinity,moist,fair
laterite,8.43,157.7,71.3,28.7,1456,19.4,18.8,slightly_alkaline,high,medium,very_low,high_salinity,very_dry,fair
black_cotton,4.94,173.0,28.4,207.5,372,32.6,13.0,strongly_acidic,high,very_low,very_high,low,dry,poor
laterite,8.65,161.4,35.8,19.9,1240,58.3,18.2,strongly_alkaline,high,low,very_low,high_salinity,optimal,poor
laterite,8.73,98.9,99.4,146.2,1709,45.9,24.1,strongly_alkaline,medium,high,high,very_high_salinity,optimal,fair
black_cotton,5.15,18.2,19.3,10.6,1204,13.2,24.5,strongly_acidic,very_low,very_low,very_low,high_salinity,very_dry,very_poor
sandy,8.94,93.0,64.4,98.1,341,87.0,33.9,strongly_alkaline,medium,medium,medium,low,waterlogged,fair
red,5.27,284.6,79.8,118.5,600,12.3,15.1,strongly_acidic,very_high,medium,high,normal,very_dry,good
alluvial,5.4,101.6,86.4,16.7,168,38.1,41.0,strongly_acidic,medium,high,very_low,very_low,dry,poor
black_cotton,7.57,251.1,81.6,54.9,1941,8.1,32.1,slightly_alkaline,very_high,high,low,very_high_salinity,very_dry,fair
laterite,8.05,244.6,49.5,84.8,2283,10.0,29.9,slightly_alkaline,very_high,low,medium,very_high_salinity,very_dry,fair
black_cotton,4.71,166.8,52.8,16.7,1260,93.1,30.5,strongly_acidic,high,low,very_low,high_salinity,waterlogged,poor
red,4.97,218.6,14.0,60.3,2472,55.4,14.8,strongly_acidic,very_high,very_low,low,very_high_salinity,optimal,very_poor
black_cotton,8.33,117.3,103.6,26.3,578,10.6,37.3,slightly_alkaline,medium,high,very_low,normal,very_dry,good
red,8.47,277.7,77.9,83.1,1520,40.9,41.7,slightly_alkaline,very_high,medium,medium,very_high_salinity,optimal,fair
laterite,7.55,263.5,77.3,122.8,510,38.9,19.8,slightly_alkaline,very_high,medium,high,normal,dry,good
red,7.09,100.3,42.6,101.8,1256,52.2,39.4,neutral,medium,low,medium,high_salinity,optimal,fair
black_cotton,4.94,189.7,75.6,55.0,677,43.5,30.4,strongly_acidic,very_high,medium,low,normal,optimal,fair
sandy,4.89,53.4,29.2,189.0,126,78.1,20.7,strongly_acidic,low,very_low,very_high,very_low,moist,very_poor
laterite,8.73,130.3,49.7,138.3,2261,76.4,24.5,strongly_alkaline,high,low,high,very_high_salinity,moist,fair
laterite,8.28,6.6,137.2,77.4,1483,88.4,30.1,slightly_alkaline,very_low,very_high,medium,high_salinity,waterlogged,fair
sandy,7.82,268.0,109.0,114.5,648,62.4,36.7,slightly_alkaline,very_high,high,high,normal,moist,excellent
black_cotton,5.4,287.8,113.4,153.4,1992,50.7,37.6,strongly_acidic,very_high,very_high,high,very_high_salinity,optimal,poor
red,5.14,298.5,66.5,21.9,1397,42.6,15.9,strongly_acidic,very_high,medium,very_low,high_salinity,optimal,poor
sandy,8.74,217.9,21.5,211.8,2104,90.3,22.3,strongly_alkaline,very_high,very_low,very_high,very_high_salinity,waterlogged,poor
sandy,5.14,282.9,48.3,161.6,2285,44.3,32.0,strongly_acidic,very_high,low,very_high,very_high_salinity,optimal,poor
laterite,4.82,267.6,16.3,153.1,1979,92.5,19.0,strongly_acidic,very_high,very_low,high,very_high_salinity,waterlogged,poor
sandy,7.54,284.4,48.9,27.2,652,50.8,16.6,slightly_alkaline,very_high,low,very_low,normal,optimal,fair
black_cotton,8.69,223.2,108.5,96.5,1599,86.5,24.3,strongly_alkaline,very_high,high,medium,very_high_salinity,waterlogged,fair
laterite,4.93,267.1,50.5,169.5,776,30.3,30.8,strongly_acidic,very_high,low,very_high,normal,dry,fair
red,5.16,130.3,108.0,90.0,1718,49.9,27.2,strongly_acidic,high,high,medium,very_high_salinity,optimal,fair
red,6.91,249.6,86.3,23.1,885,60.4,31.1,neutral,very_high,high,very_low,high_salinity,moist,fair
black_cotton,8.59,59.5,66.7,55.6,407,68.2,38.1,strongly_alkaline,low,medium,low,normal,moist,fair
black_cotton,7.7,90.7,120.5,78.0,625,59.3,15.9,slightly_alkaline,medium,very_high,medium,normal,optimal,good
black_cotton,6.3,262.4,91.4,213.7,490,27.4,29.4,slightly_acidic,very_high,high,very_high,normal,dry,good
red,5.09,21.6,26.5,90.4,1667,63.2,38.5,strongly_acidic,very_low,very_low,medium,very_high_salinity,moist,very_poor
sandy,5.63,274.6,92.5,29.4,1695,31.2,34.1,slightly_acidic,very_high,high,very_low,very_high_salinity,dry,poor
black_cotton,7.92,33.1,64.5,193.3,103,22.5,22.0,slightly_alkaline,very_low,medium,very_high,very_low,dry,fair
alluvial,6.42,200.2,130.5,14.3,1310,90.4,40.6,slightly_acidic,very_high,very_high,very_low,high_salinity,waterlogged,poor
sandy,7.23,224.9,121.6,105.2,154,74.8,37.1,neutral,very_high,very_high,medium,very_low,moist,fair
laterite,6.85,265.8,26.3,49.8,152,10.4,16.4,neutral,very_high,very_low,low,very_low,very_dry,poor
laterite,6.54,183.4,9.4,31.8,2168,18.0,12.3,neutral,very_high,very_low,very_low,very_high_salinity,very_dry,poor
alluvial,7.41,266.1,88.4,132.7,1775,12.9,16.9,neutral,very_high,high,high,very_high_salinity,very_dry,good
black_cotton,5.31,161.0,40.8,100.2,2086,79.7,29.3,strongly_acidic,high,low,medium,very_high_salinity,moist,poor
sandy,4.94,272.3,16.2,19.4,2331,91.5,33.1,strongly_acidic,very_high,very_low,very_low,very_high_salinity,waterlogged,very_poor
laterite,7.87,268.0,41.5,65.8,2125,45.9,22.8,slightly_alkaline,very_high,low,low,very_high_salinity,optimal,poor
sandy,6.32,288.5,127.5,64.7,2261,11.9,16.4,slightly_acidic,very_high,very_high,low,very_high_salinity,very_dry,poor
alluvial,6.14,172.1,16.8,145.1,850,68.4,18.9,slightly_acidic,high,very_low,high,high_salinity,moist,fair
alluvial,6.4,54.2,65.4,27.8,1555,45.1,29.7,slightly_acidic,low,medium,very_low,very_high_salinity,optimal,poor
alluvial,8.14,5.9,83.4,11.9,1308,41.1,22.2,slightly_alkaline,very_low,high,very_low,high_salinity,optimal,poor
black_cotton,4.55,214.2,43.2,85.1,2353,80.6,19.0,strongly_acidic,very_high,low,medium,very_high_salinity,waterlogged,poor
red,8.97,40.6,79.2,31.8,1777,19.7,21.9,strongly_alkaline,low,medium,very_low,very_high_salinity,very_dry,poor
alluvial,5.64,123.6,21.3,158.1,1400,37.3,31.0,slightly_acidic,high,very_low,high,high_salinity,dry,fair
sandy,5.98,287.5,103.2,123.9,1238,76.1,34.3,slightly_acidic,very_high,high,high,high_salinity,moist,good
sandy,7.01,249.2,97.5,82.4,746,87.0,11.1,neutral,very_high,high,medium,normal,waterlogged,excellent
red,5.26,248.5,89.1,101.1,386,92.9,24.6,strongly_acidic,very_high,high,medium,low,waterlogged,fair
laterite,4.89,168.3,19.3,35.3,1844,57.7,26.0,strongly_acidic,high,very_low,very_low,very_high_salinity,optimal,very_poor
black_cotton,6.94,222.1,105.5,135.9,1336,76.3,25.4,neutral,very_high,high,high,high_salinity,moist,good
black_cotton,5.2,231.7,42.4,198.2,1079,89.7,12.2,strongly_acidic,very_high,low,very_high,high_salinity,waterlogged,poor
red,6.35,70.0,29.2,72.4,1700,35.0,39.6,slightly_acidic,low,very_low,medium,very_high_salinity,dry,poor
alluvial,6.77,152.3,45.1,95.0,757,58.3,39.5,neutral,high,low,medium,normal,optimal,good
red,6.93,14.7,46.9,210.7,2331,47.7,10.5,neutral,very_low,low,very_high,very_high_salinity,optimal,poor
red,8.56,99.5,42.5,195.4,336,21.2,12.0,strongly_alkaline,medium,low,very_high,low,dry,fair
sandy,6.19,165.0,138.1,5.2,2295,26.6,30.5,slightly_acidic,high,very_high,very_low,very_high_salinity,dry,poor
black_cotton,7.66,226.5,61.8,151.0,869,12.6,18.0,slightly_alkaline,very_high,medium,high,high_salinity,very_dry,good
red,6.78,250.2,61.4,89.3,402,77.8,36.4,neutral,very_high,medium,medium,normal,moist,good
black_cotton,6.24,184.6,136.3,158.2,2077,63.6,18.9,slightly_acidic,very_high,very_high,high,very_high_salinity,moist,fair
black_cotton,7.54,294.3,48.0,134.1,363,20.2,17.2,slightly_alkaline,very_high,low,high,low,dry,fair
laterite,6.0,242.2,106.1,216.4,191,13.1,21.4,slightly_acidic,very_high,high,very_high,very_low,very_dry,fair
alluvial,8.44,292.7,12.0,183.7,640,52.7,35.5,slightly_alkaline,very_high,very_low,very_high,normal,optimal,fair
laterite,5.21,245.5,47.1,59.2,477,92.8,22.9,strongly_acidic,very_high,low,low,normal,waterlogged,poor
alluvial,4.83,137.0,90.3,183.0,312,82.0,16.5,strongly_acidic,high,high,very_high,low,waterlogged,fair
sandy,5.14,240.5,132.8,77.5,1569,84.3,41.7,strongly_acidic,very_high,very_high,medium,very_high_salinity,waterlogged,poor
alluvial,7.06,272.3,23.0,51.4,1067,71.0,11.0,neutral,very_high,very_low,low,high_salinity,moist,poor
red,7.53,60.4,44.8,184.9,2141,51.3,37.5,slightly_alkaline,low,low,very_high,very_high_salinity,optimal,poor
sandy,5.27,258.3,21.1,37.5,1918,84.4,33.5,strongly_acidic,very_high,very_low,very_low,very_high_salinity,waterlogged,very_poor
alluvial,5.83,121.5,116.0,88.4,369,31.3,13.5,slightly_acidic,high,very_high,medium,low,dry,good
alluvial,8.19,15.9,136.8,148.9,701,6.8,11.8,slightly_alkaline,very_low,very_high,high,normal,very_dry,good
black_cotton,6.97,148.4,102.2,211.9,793,55.2,24.9,neutral,high,high,very_high,normal,optimal,excellent
black_cotton,6.82,181.9,117.7,204.0,1881,8.1,41.3,neutral,very_high,very_high,very_high,very_high_salinity,very_dry,fair
alluvial,4.57,36.4,18.8,39.9,1760,50.1,39.6,strongly_acidic,very_low,very_low,very_low,very_high_salinity,optimal,very_poor
sandy,5.21,34.3,41.8,41.4,1824,93.0,30.3,strongly_acidic,very_low,low,low,very_high_salinity,waterlogged,very_poor
red,8.76,102.7,8.8,28.1,153,82.1,35.5,strongly_alkaline,medium,very_low,very_low,very_low,waterlogged,poor
sandy,8.83,106.4,24.7,68.6,1280,10.3,16.0,strongly_alkaline,medium,very_low,low,high_salinity,very_dry,poor
sandy,8.16,198.4,78.9,206.1,1192,31.9,16.7,slightly_alkaline,very_high,medium,very_high,high_salinity,dry,fair
alluvial,5.87,20.5,11.7,152.3,1298,71.5,36.8,slightly_acidic,very_low,very_low,high,high_salinity,moist,poor
black_cotton,5.67,262.2,41.6,107.8,251,66.2,30.7,slightly_acidic,very_high,low,medium,low,moist,fair
sandy,5.14,29.8,83.6,120.2,715,36.5,22.5,strongly_acidic,very_low,high,high,normal,dry,fair
sandy,6.66,94.1,30.6,16.2,1519,26.2,23.3,neutral,medium,low,very_low,very_high_salinity,dry,poor
red,7.53,149.3,65.4,179.8,132,8.0,17.0,slightly_alkaline,high,medium,very_high,very_low,very_dry,good
black_cotton,7.0,236.3,64.2,185.7,2330,23.6,33.3,neutral,very_high,medium,very_high,very_high_salinity,dry,fair
laterite,7.82,77.0,26.3,54.4,1671,91.2,18.3,slightly_alkaline,low,very_low,low,very_high_salinity,waterlogged,poor
red,8.29,112.5,5.9,105.9,1800,68.5,32.3,slightly_alkaline,medium,very_low,medium,very_high_salinity,moist,fair
black_cotton,7.51,212.3,135.7,181.0,586,10.4,32.9,slightly_alkaline,very_high,very_high,very_high,normal,very_dry,good
sandy,7.82,185.4,88.1,39.2,736,48.9,19.1,slightly_alkaline,very_high,high,very_low,normal,optimal,good
red,7.93,268.2,132.6,81.9,2226,30.2,39.9,slightly_alkaline,very_high,very_high,medium,very_high_salinity,dry,fair
red,6.09,254.4,27.2,121.6,172,5.7,34.7,slightly_acidic,very_high,very_low,high,very_low,very_dry,fair
laterite,7.86,53.5,64.6,115.2,1882,92.7,18.4,slightly_alkaline,low,medium,high,very_high_salinity,waterlogged,fair
black_cotton,4.58,211.7,29.4,26.7,668,65.0,37.7,strongly_acidic,very_high,very_low,very_low,normal,moist,poor
sandy,7.88,205.3,26.3,71.8,1650,35.5,34.8,slightly_alkaline,very_high,very_low,medium,very_high_salinity,dry,poor
laterite,7.9,46.5,32.2,209.8,1061,57.0,30.6,slightly_alkaline,low,low,very_high,high_salinity,optimal,poor
alluvial,8.84,114.1,78.3,178.0,1348,90.1,19.5,strongly_alkaline,medium,medium,very_high,high_salinity,waterlogged,fair
laterite,6.38,137.2,24.0,96.3,587,38.4,27.3,slightly_acidic,high,very_low,medium,normal,dry,good
alluvial,5.5,49.7,115.4,12.9,856,65.4,20.2,slightly_acidic,low,very_high,very_low,high_salinity,moist,poor
alluvial,4.53,85.6,52.2,132.9,1047,69.5,12.9,strongly_acidic,medium,low,high,high_salinity,moist,fair
red,5.8,296.9,17.4,82.8,148,57.2,17.2,slightly_acidic,very_high,very_low,medium,very_low,optimal,poor
black_cotton,4.65,172.9,22.5,17.8,297,80.5,27.6,strongly_acidic,high,very_low,very_low,low,waterlogged,poor
black_cotton,6.82,238.4,90.4,201.7,711,26.6,29.5,neutral,very_high,high,very_high,normal,dry,good
alluvial,6.6,77.4,63.5,148.6,1926,71.3,18.8,neutral,low,medium,high,very_high_salinity,moist,fair
laterite,7.29,102.9,39.8,129.8,1428,90.8,30.5,neutral,medium,low,high,high_salinity,waterlogged,good
black_cotton,8.21,102.5,137.8,59.6,175,53.5,25.8,slightly_alkaline,medium,very_high,low,very_low,optimal,fair
red,7.95,289.5,27.1,126.1,1576,67.3,16.9,slightly_alkaline,very_high,very_low,high,very_high_salinity,moist,fair
alluvial,8.43,43.2,21.2,205.1,400,57.3,31.7,slightly_alkaline,low,very_low,very_high,normal,optimal,fair
laterite,6.29,111.8,106.4,152.1,2142,45.7,13.1,slightly_acidic,medium,high,high,very_high_salinity,optimal,good
red,8.24,172.9,63.8,140.4,145,41.1,37.3,slightly_alkaline,high,medium,high,very_low,optimal,good
sandy,6.42,127.6,121.8,33.7,826,30.3,23.6,slightly_acidic,high,very_high,very_low,high_salinity,dry,fair
alluvial,8.31,275.0,8.0,91.4,338,46.5,27.3,slightly_alkaline,very_high,very_low,medium,low,optimal,fair
alluvial,5.38,42.5,92.4,124.1,913,13.9,29.0,strongly_acidic,low,high,high,high_salinity,very_dry,fair
alluvial,7.03,144.0,101.8,14.2,894,39.2,36.6,neutral,high,high,very_low,high_salinity,dry,good
red,5.96,289.5,74.0,44.6,2266,15.4,33.8,slightly_acidic,very_high,medium,low,very_high_salinity,very_dry,poor
laterite,6.68,62.9,84.2,61.6,1293,77.0,18.5,neutral,low,high,low,high_salinity,moist,fair
alluvial,6.23,237.5,34.1,86.1,2172,74.4,41.7,slightly_acidic,very_high,low,medium,very_high_salinity,moist,poor
sandy,6.57,43.7,124.3,216.6,1917,17.6,22.2,neutral,low,very_high,very_high,very_high_salinity,very_dry,fair
red,7.02,253.5,62.2,10.5,145,42.4,38.5,neutral,very_high,medium,very_low,very_low,optimal,fair
laterite,4.7,133.0,50.6,212.9,1876,65.9,33.2,strongly_acidic,high,low,very_high,very_high_salinity,moist,poor
black_cotton,8.62,270.2,78.7,39.1,1799,21.0,13.9,strongly_alkaline,very_high,medium,very_low,very_high_salinity,dry,poor
black_cotton,8.72,183.8,128.7,137.2,2352,19.2,15.4,strongly_alkaline,very_high,very_high,high,very_high_salinity,very_dry,fair
sandy,5.11,76.4,12.0,74.1,1912,61.0,20.6,strongly_acidic,low,very_low,medium,very_high_salinity,moist,very_poor
sandy,5.28,31.4,136.4,143.3,812,40.3,11.3,strongly_acidic,very_low,very_high,high,high_salinity,optimal,poor
sandy,5.73,199.5,52.5,197.5,780,77.9,22.4,slightly_acidic,very_high,low,very_high,normal,moist,fair
alluvial,7.81,245.4,105.6,98.7,1505,18.2,21.6,slightly_alkaline,very_high,high,medium,very_high_salinity,very_dry,fair
red,5.14,174.2,103.2,86.1,1728,43.9,39.7,strongly_acidic,high,high,medium,very_high_salinity,optimal,fair
red,7.57,15.7,113.0,151.8,2227,38.0,19.2,slightly_alkaline,very_low,very_high,high,very_high_salinity,dry,fair
sandy,8.26,171.8,94.2,11.5,1501,6.9,17.8,slightly_alkaline,high,high,very_low,very_high_salinity,very_dry,fair
sandy,5.46,214.1,68.4,39.9,2017,37.6,18.5,strongly_acidic,very_high,medium,very_low,very_high_salinity,dry,poor
black_cotton,6.81,242.0,93.1,21.7,1191,59.5,17.8,neutral,very_high,high,very_low,high_salinity,optimal,fair
black_cotton,6.28,182.7,8.8,117.0,527,29.4,21.6,slightly_acidic,very_high,very_low,high,normal,dry,fair
sandy,7.96,240.9,59.6,186.7,1431,38.0,38.9,slightly_alkaline,very_high,medium,very_high,high_salinity,dry,fair
laterite,5.38,47.6,118.2,137.0,1750,22.5,17.1,strongly_acidic,low,very_high,high,very_high_salinity,dry,poor
laterite,4.9,77.4,7.8,97.1,908,89.3,33.6,strongly_acidic,low,very_low,medium,high_salinity,waterlogged,poor
sandy,7.25,233.9,48.3,79.9,2303,7.5,11.2,neutral,very_high,low,medium,very_high_salinity,very_dry,fair
laterite,8.23,100.8,52.0,156.3,1148,8.6,27.3,slightly_alkaline,medium,low,high,high_salinity,very_dry,fair
sandy,8.6,247.8,56.5,26.9,1573,17.3,11.1,strongly_alkaline,very_high,medium,very_low,very_high_salinity,very_dry,poor
sandy,8.16,154.4,22.0,191.8,1506,60.7,19.9,slightly_alkaline,high,very_low,very_high,very_high_salinity,moist,fair
alluvial,5.1,253.8,103.4,28.8,1397,30.3,32.7,strongly_acidic,very_high,high,very_low,high_salinity,dry,poor
alluvial,7.45,171.7,25.3,191.6,259,34.1,13.6,neutral,high,very_low,very_high,low,dry,fair
black_cotton,7.75,49.3,40.0,191.6,1847,9.0,39.9,slightly_alkaline,low,low,very_high,very_high_salinity,very_dry,poor
laterite,7.33,31.6,80.6,185.4,1879,54.1,10.4,neutral,very_low,high,very_high,very_high_salinity,optimal,fair
laterite,7.2,204.6,91.0,146.2,2437,20.7,24.3,neutral,very_high,high,high,very_high_salinity,dry,good
black_cotton,5.3,230.5,139.9,134.9,1130,81.1,11.2,strongly_acidic,very_high,very_high,high,high_salinity,waterlogged,fair
black_cotton,4.56,7.1,54.2,90.9,1804,26.2,17.5,strongly_acidic,very_low,low,medium,very_high_salinity,dry,very_poor
black_cotton,7.08,285.0,42.5,83.6,1849,52.3,20.6,neutral,very_high,low,medium,very_high_salinity,optimal,fair
black_cotton,7.37,244.9,68.0,99.1,1457,33.0,26.8,neutral,very_high,medium,medium,high_salinity,dry,good
black_cotton,7.64,42.2,29.2,141.1,1867,84.5,20.5,slightly_alkaline,low,very_low,high,very_high_salinity,waterlogged,poor
laterite,8.77,167.5,45.0,65.2,619,31.4,36.5,strongly_alkaline,high,low,low,normal,dry,fair
black_cotton,5.36,280.0,77.4,18.2,1393,75.4,23.6,strongly_acidic,very_high,medium,very_low,high_salinity,moist,poor
sandy,5.71,109.4,137.5,16.2,2076,62.0,38.6,slightly_acidic,medium,very_high,very_low,very_high_salinity,moist,poor
red,7.11,47.6,28.7,158.0,98,90.2,14.3,neutral,low,very_low,high,very_low,waterlogged,fair
laterite,8.65,238.4,5.0,12.3,1749,75.8,14.4,strongly_alkaline,very_high,very_low,very_low,very_high_salinity,moist,very_poor
red,6.84,200.8,109.8,218.0,1590,69.0,34.7,neutral,very_high,high,very_high,very_high_salinity,moist,fair
laterite,4.54,136.2,35.5,123.9,1400,80.1,37.8,strongly_acidic,high,low,high,high_salinity,waterlogged,fair
red,6.7,147.3,24.4,207.9,1070,84.0,38.0,neutral,high,very_low,very_high,high_salinity,waterlogged,fair
laterite,7.11,142.2,34.6,77.0,1574,33.0,16.5,neutral,high,low,medium,very_high_salinity,dry,fair
laterite,6.83,45.6,26.2,30.6,2057,42.8,11.2,neutral,low,very_low,very_low,very_high_salinity,optimal,poor
laterite,8.24,15.3,16.9,70.5,332,45.0,12.2,slightly_alkaline,very_low,very_low,medium,low,optimal,poor
laterite,5.15,101.1,102.9,200.1,2206,41.7,41.0,strongly_acidic,medium,high,very_high,very_high_salinity,optimal,fair
sandy,8.6,212.4,89.0,55.1,949,76.7,17.8,strongly_alkaline,very_high,high,low,high_salinity,moist,fair
sandy,5.87,269.8,27.2,44.8,1491,57.5,16.0,slightly_acidic,very_high,very_low,low,high_salinity,optimal,poor
alluvial,7.11,275.4,27.5,142.7,420,57.1,26.7,neutral,very_high,very_low,high,normal,optimal,good
sandy,6.06,226.6,98.6,91.2,1055,50.4,36.5,slightly_acidic,very_high,high,medium,high_salinity,optimal,fair
laterite,6.6,28.3,38.6,136.8,674,47.2,13.3,neutral,very_low,low,high,normal,optimal,good
red,5.68,215.4,123.1,82.1,2158,86.0,27.1,slightly_acidic,very_high,very_high,medium,very_high_salinity,waterlogged,fair
red,7.92,227.8,67.7,137.4,608,27.9,24.9,slightly_alkaline,very_high,medium,high,normal,dry,good
sandy,4.98,177.7,78.0,144.5,1995,67.8,24.7,strongly_acidic,high,medium,high,very_high_salinity,moist,fair
sandy,7.35,191.5,89.0,49.6,1371,26.9,24.5,neutral,very_high,high,low,high_salinity,dry,fair
alluvial,5.24,214.4,68.4,76.5,2287,85.6,30.9,strongly_acidic,very_high,medium,medium,very_high_salinity,waterlogged,poor
black_cotton,4.63,168.3,95.9,201.9,1721,8.8,24.3,strongly_acidic,high,high,very_high,very_high_salinity,very_dry,fair
laterite,8.1,237.9,30.0,119.2,964,59.4,33.5,slightly_alkaline,very_high,low,high,high_salinity,optimal,fair
red,8.13,34.1,45.2,209.3,1448,8.7,18.9,slightly_alkaline,very_low,low,very_high,high_salinity,very_dry,poor
laterite,4.91,134.3,133.3,97.8,520,38.7,32.2,strongly_acidic,high,very_high,medium,normal,dry,good
red,6.65,67.3,40.9,60.8,2387,75.4,34.5,neutral,low,low,low,very_high_salinity,moist,poor
laterite,5.74,80.5,72.1,12.2,1636,60.3,39.9,slightly_acidic,medium,medium,very_low,very_high_salinity,moist,poor
sandy,7.58,143.2,40.1,105.7,458,57.4,33.1,slightly_alkaline,high,low,medium,normal,optimal,good
alluvial,5.87,101.1,63.6,65.1,201,72.0,27.4,slightly_acidic,medium,medium,low,low,moist,fair
black_cotton,6.09,259.4,105.4,44.6,1244,94.9,30.4,slightly_acidic,very_high,high,low,high_salinity,waterlogged,fair
alluvial,4.97,177.6,33.3,8.4,1688,72.5,30.0,strongly_acidic,high,low,very_low,very_high_salinity,moist,poor
black_cotton,8.9,261.1,92.0,11.3,502,89.0,40.3,strongly_alkaline,very_high,high,very_low,normal,waterlogged,fair
red,6.74,118.5,136.6,169.3,1010,31.5,29.3,neutral,medium,very_high,very_high,high_salinity,dry,fair
sandy,7.93,143.7,44.0,182.4,203,49.2,16.0,slightly_alkaline,high,low,very_high,low,optimal,fair
laterite,6.48,221.8,55.9,171.9,2344,65.9,37.2,slightly_acidic,very_high,medium,very_high,very_high_salinity,moist,fair
sandy,4.71,121.4,134.5,177.2,2385,48.3,11.6,strongly_acidic,high,very_high,very_high,very_high_salinity,optimal,poor
alluvial,7.54,106.1,5.5,78.7,409,33.1,15.2,slightly_alkaline,medium,very_low,medium,normal,dry,good
black_cotton,6.25,43.3,115.3,186.2,2181,75.6,10.5,slightly_acidic,low,very_high,very_high,very_high_salinity,moist,poor
laterite,7.74,170.3,50.6,83.2,2186,46.3,38.9,slightly_alkaline,high,low,medium,very_high_salinity,optimal,fair
black_cotton,5.85,276.0,39.2,18.1,681,92.2,23.3,slightly_acidic,very_high,low,very_low,normal,waterlogged,fair
black_cotton,7.55,76.0,99.7,134.3,143,30.1,21.4,slightly_alkaline,low,high,high,very_low,dry,good
alluvial,6.08,243.4,94.1,94.0,442,79.9,27.2,slightly_acidic,very_high,high,medium,normal,moist,good
black_cotton,5.76,143.8,10.4,201.9,1702,50.6,31.8,slightly_acidic,high,very_low,very_high,very_high_salinity,optimal,poor
red,8.58,20.3,59.0,96.6,905,16.4,20.9,strongly_alkaline,very_low,medium,medium,high_salinity,very_dry,poor
alluvial,7.75,146.1,114.7,50.3,1449,85.3,37.3,slightly_alkaline,high,very_high,low,high_salinity,waterlogged,fair
red,5.26,24.6,133.4,102.6,1433,29.2,15.7,strongly_acidic,very_low,very_high,medium,high_salinity,dry,poor
laterite,8.68,149.6,50.1,60.8,1814,56.3,32.9,strongly_alkaline,high,low,low,very_high_salinity,optimal,poor
black_cotton,7.72,29.4,8.4,208.4,1514,71.3,24.6,slightly_alkaline,very_low,very_low,very_high,very_high_salinity,moist,poor
black_cotton,6.35,84.4,123.9,114.0,1020,68.7,32.7,slightly_acidic,medium,very_high,high,high_salinity,moist,fair
black_cotton,8.02,114.8,115.3,97.5,2222,7.6,12.3,slightly_alkaline,medium,very_high,medium,very_high_salinity,very_dry,fair
black_cotton,8.58,77.3,7.8,66.2,2482,32.4,39.8,strongly_alkaline,low,very_low,low,very_high_salinity,dry,very_poor
red,4.88,151.2,72.1,78.0,1228,33.1,18.2,strongly_acidic,high,medium,medium,high_salinity,dry,fair
sandy,6.01,229.1,129.8,131.2,824,28.6,28.4,slightly_acidic,very_high,very_high,high,high_salinity,dry,fair
black_cotton,8.44,60.9,101.9,165.1,1386,55.6,23.1,slightly_alkaline,low,high,very_high,high_salinity,optimal,fair
sandy,6.99,29.6,53.5,211.2,2163,25.7,30.5,neutral,very_low,low,very_high,very_high_salinity,dry,poor
alluvial,5.57,239.0,108.4,60.6,1385,87.8,15.0,slightly_acidic,very_high,high,low,high_salinity,waterlogged,fair
laterite,8.19,299.8,118.3,51.9,980,95.0,20.9,slightly_alkaline,very_high,very_high,low,high_salinity,waterlogged,fair
sandy,4.64,102.7,98.2,70.0,2156,77.3,23.5,strongly_acidic,medium,high,medium,very_high_salinity,moist,fair
sandy,5.56,267.7,33.3,155.2,196,50.4,21.7,slightly_acidic,very_high,low,high,very_low,optimal,fair
sandy,6.55,182.2,81.5,146.7,1883,29.5,12.7,neutral,very_high,high,high,very_high_salinity,dry,good
sandy,5.86,297.3,81.8,193.0,1347,94.7,39.9,slightly_acidic,very_high,high,very_high,high_salinity,waterlogged,fair
red,7.53,123.4,60.9,168.1,1908,91.8,15.6,slightly_alkaline,high,medium,very_high,very_high_salinity,waterlogged,fair
laterite,7.28,84.7,39.9,149.2,1584,48.6,38.0,neutral,medium,low,high,very_high_salinity,optimal,fair
alluvial,4.82,144.3,92.1,150.7,1850,74.4,17.1,strongly_acidic,high,high,high,very_high_salinity,moist,fair
red,4.75,138.9,120.0,15.7,616,57.1,11.1,strongly_acidic,high,very_high,very_low,normal,optimal,fair
red,4.61,274.8,59.0,73.6,1092,34.0,23.8,strongly_acidic,very_high,medium,medium,high_salinity,dry,fair
sandy,8.32,256.3,48.9,34.7,1316,13.0,19.4,slightly_alkaline,very_high,low,very_low,high_salinity,very_dry,poor
sandy,5.84,113.1,16.0,158.6,2150,71.1,18.1,slightly_acidic,medium,very_low,high,very_high_salinity,moist,fair
red,6.42,91.5,43.3,11.5,2149,25.8,23.4,slightly_acidic,medium,low,very_low,very_high_salinity,dry,poor
sandy,6.24,170.2,28.4,179.7,1396,82.6,24.0,slightly_acidic,high,very_low,very_high,high_salinity,waterlogged,fair
sandy,4.71,66.3,32.5,7.7,2089,33.9,37.5,strongly_acidic,low,low,very_low,very_high_salinity,dry,very_poor
sandy,5.56,290.3,86.2,91.2,349,75.0,39.0,slightly_acidic,very_high,high,medium,low,moist,good
alluvial,4.79,110.7,110.9,172.7,790,42.9,25.9,strongly_acidic,medium,very_high,very_high,normal,optimal,fair
sandy,6.68,35.7,23.6,98.2,1351,70.0,22.8,neutral,very_low,very_low,medium,high_salinity,moist,poor
black_cotton,6.88,130.7,113.3,191.2,1616,54.7,30.9,neutral,high,very_high,very_high,very_high_salinity,optimal,fair
black_cotton,5.46,219.6,43.3,155.5,2162,83.1,24.7,strongly_acidic,very_high,low,high,very_high_salinity,waterlogged,poor
black_cotton,8.5,88.3,95.8,53.4,1962,35.6,12.5,strongly_alkaline,medium,high,low,very_high_salinity,dry,fair
black_cotton,5.57,144.0,6.3,214.3,2358,92.1,15.2,slightly_acidic,high,very_low,very_high,very_high_salinity,waterlogged,poor
black_cotton,5.69,212.7,77.2,115.0,2364,59.5,31.2,slightly_acidic,very_high,medium,high,very_high_salinity,optimal,fair
black_cotton,4.78,159.0,39.2,54.0,1742,15.5,39.9,strongly_acidic,high,low,low,very_high_salinity,very_dry,poor
alluvial,4.89,220.1,41.4,58.7,1817,81.5,21.4,strongly_acidic,very_high,low,low,very_high_salinity,waterlogged,very_poor
sandy,7.7,132.4,85.1,58.2,179,67.8,12.7,slightly_alkaline,high,high,low,very_low,moist,good
red,5.44,227.8,74.1,77.3,1615,69.7,15.4,strongly_acidic,very_high,medium,medium,very_high_salinity,moist,poor
laterite,8.76,218.7,47.7,34.8,868,52.7,23.8,strongly_alkaline,very_high,low,very_low,high_salinity,optimal,poor
red,4.73,271.8,79.7,159.1,1594,6.2,30.4,strongly_acidic,very_high,medium,high,very_high_salinity,very_dry,fair
alluvial,6.72,211.7,31.4,76.4,2246,56.7,11.8,neutral,very_high,low,medium,very_high_salinity,optimal,fair
laterite,8.65,223.3,56.9,219.5,1873,29.2,25.8,strongly_alkaline,very_high,medium,very_high,very_high_salinity,dry,poor
laterite,6.69,228.5,75.7,213.0,384,86.6,27.1,neutral,very_high,medium,very_high,low,waterlogged,good
laterite,8.92,280.1,130.3,73.3,2500,25.1,23.0,strongly_alkaline,very_high,very_high,medium,very_high_salinity,dry,poor
black_cotton,6.38,226.7,41.1,126.1,1458,68.6,19.9,slightly_acidic,very_high,low,high,high_salinity,moist,fair
black_cotton,5.39,212.6,48.6,89.1,343,35.8,26.7,strongly_acidic,very_high,low,medium,low,dry,poor
black_cotton,8.89,103.2,98.6,145.2,601,70.4,17.0,strongly_alkaline,medium,high,high,normal,moist,good
black_cotton,8.61,260.5,16.9,46.1,1137,14.8,20.3,strongly_alkaline,very_high,very_low,low,high_salinity,very_dry,poor
black_cotton,4.59,93.2,12.4,95.0,227,50.7,26.8,strongly_acidic,medium,very_low,medium,low,optimal,poor
red,6.69,171.6,101.0,103.9,1903,5.4,15.7,neutral,high,high,medium,very_high_salinity,very_dry,good
laterite,7.67,104.5,76.2,211.8,1663,84.0,33.2,slightly_alkaline,medium,medium,very_high,very_high_salinity,waterlogged,fair
alluvial,8.77,201.9,32.0,62.2,928,82.8,38.3,strongly_alkaline,very_high,low,low,high_salinity,waterlogged,poor
sandy,6.11,76.1,34.9,94.2,2227,91.9,36.1,slightly_acidic,low,low,medium,very_high_salinity,waterlogged,poor
laterite,6.25,68.0,81.5,208.8,2192,71.9,18.4,slightly_acidic,low,high,very_high,very_high_salinity,moist,fair
red,8.71,263.0,5.3,146.2,1082,60.1,31.9,strongly_alkaline,very_high,very_low,high,high_salinity,moist,poor
black_cotton,6.69,274.7,108.5,73.1,1286,36.6,30.5,neutral,very_high,high,medium,high_salinity,dry,good
black_cotton,7.75,260.5,77.5,60.4,378,71.7,13.6,slightly_alkaline,very_high,medium,low,low,moist,fair
alluvial,7.59,162.3,70.7,153.0,2354,88.1,36.4,slightly_alkaline,high,medium,high,very_high_salinity,waterlogged,good
black_cotton,7.09,291.0,133.5,160.6,1326,53.5,35.7,neutral,very_high,very_high,very_high,high_salinity,optimal,fair
sandy,8.76,286.7,28.0,96.7,244,13.2,13.9,strongly_alkaline,very_high,very_low,medium,low,very_dry,poor
sandy,7.82,64.0,97.8,27.2,1145,93.6,19.7,slightly_alkaline,low,high,very_low,high_salinity,waterlogged,fair
laterite,6.57,295.8,86.0,152.4,1257,29.2,38.5,neutral,very_high,high,high,high_salinity,dry,good
laterite,5.25,178.6,61.5,122.0,1747,56.0,36.7,strongly_acidic,high,medium,high,very_high_salinity,optimal,fair
alluvial,5.8,83.4,132.0,44.8,2227,83.4,19.3,slightly_acidic,medium,very_high,low,very_high_salinity,waterlogged,poor
sandy,8.81,163.0,50.3,35.1,714,83.7,17.2,strongly_alkaline,high,low,very_low,normal,waterlogged,fair
black_cotton,5.43,51.9,43.4,45.9,130,68.1,36.7,strongly_acidic,low,low,low,very_low,moist,very_poor
black_cotton,6.28,97.2,130.7,81.8,1846,42.6,15.0,slightly_acidic,medium,very_high,medium,very_high_salinity,optimal,fair
red,7.25,126.0,14.7,121.4,644,14.7,41.1,neutral,high,very_low,high,normal,very_dry,good
red,8.51,158.0,71.3,61.9,250,12.8,36.2,strongly_alkaline,high,medium,low,low,very_dry,fair
red,7.67,86.6,18.9,214.8,1585,88.8,10.1,slightly_alkaline,medium,very_low,very_high,very_high_salinity,waterlogged,poor
alluvial,7.43,25.0,32.4,181.5,1458,11.0,25.8,neutral,very_low,low,very_high,high_salinity,very_dry,poor
red,7.12,107.0,37.3,163.0,1619,74.4,41.2,neutral,medium,low,very_high,very_high_salinity,moist,fair
laterite,5.53,296.5,6.3,122.7,2049,82.0,10.4,slightly_acidic,very_high,very_low,high,very_high_salinity,waterlogged,poor
laterite,5.69,116.2,119.2,209.0,2025,22.4,36.0,slightly_acidic,medium,very_high,very_high,very_high_salinity,dry,fair
alluvial,8.63,228.1,51.5,167.7,1686,69.3,28.9,strongly_alkaline,very_high,low,very_high,very_high_salinity,moist,poor
black_cotton,4.83,120.3,134.7,45.9,683,70.0,17.5,strongly_acidic,high,very_high,low,normal,moist,fair
laterite,6.16,126.3,44.1,124.2,100,80.7,29.9,slightly_acidic,high,low,high,very_low,waterlogged,fair
alluvial,5.55,46.9,130.5,184.0,608,60.0,10.7,slightly_acidic,low,very_high,very_high,normal,moist,fair
sandy,7.14,136.7,120.2,105.9,2094,43.1,17.7,neutral,high,very_high,medium,very_high_salinity,optimal,good
alluvial,4.95,155.0,80.7,113.0,1577,79.5,19.6,strongly_acidic,high,high,high,very_high_salinity,moist,fair
sandy,7.75,86.3,54.3,207.5,1498,55.5,20.3,slightly_alkaline,medium,low,very_high,high_salinity,optimal,fair
alluvial,5.31,20.6,123.6,182.7,1971,88.4,26.1,strongly_acidic,very_low,very_high,very_high,very_high_salinity,waterlogged,very_poor
sandy,6.13,91.4,119.9,13.6,1121,73.8,32.5,slightly_acidic,medium,very_high,very_low,high_salinity,moist,poor
black_cotton,5.31,222.0,59.7,180.9,912,22.1,29.0,strongly_acidic,very_high,medium,very_high,high_salinity,dry,poor
black_cotton,6.26,31.1,68.0,207.6,1451,46.9,36.1,slightly_acidic,very_low,medium,very_high,high_salinity,optimal,poor
alluvial,5.61,63.7,123.4,158.0,2018,54.2,13.5,slightly_acidic,low,very_high,high,very_high_salinity,optimal,fair
red,4.57,174.4,55.1,207.3,1670,62.8,28.0,strongly_acidic,high,medium,very_high,very_high_salinity,moist,fair
sandy,5.05,184.5,23.6,142.1,1940,38.0,23.9,strongly_acidic,very_high,very_low,high,very_high_salinity,dry,poor
red,5.84,183.3,31.2,109.8,568,93.0,36.5,slightly_acidic,very_high,low,medium,normal,waterlogged,fair
sandy,8.11,122.0,31.4,60.8,1518,26.0,25.0,slightly_alkaline,high,low,low,very_high_salinity,dry,fair
red,7.94,147.6,19.8,168.5,528,60.2,15.9,slightly_alkaline,high,very_low,very_high,normal,moist,good
laterite,8.63,203.6,44.4,201.1,873,41.6,14.7,strongly_alkaline,very_high,low,very_high,high_salinity,optimal,poor
laterite,6.5,44.0,129.5,56.9,1633,36.3,39.9,neutral,low,very_high,low,very_high_salinity,dry,poor
sandy,6.56,86.4,7.0,61.2,722,80.2,38.1,neutral,medium,very_low,low,normal,waterlogged,fair
alluvial,6.8,221.2,99.1,24.1,1428,28.2,19.8,neutral,very_high,high,very_low,high_salinity,dry,fair
sandy,6.17,7.7,132.2,198.0,625,52.3,26.7,slightly_acidic,very_low,very_high,very_high,normal,optimal,fair
sandy,8.35,163.8,51.6,89.8,613,28.7,14.4,slightly_alkaline,high,low,medium,normal,dry,good
laterite,5.49,259.1,98.7,137.5,806,24.0,28.9,strongly_acidic,very_high,high,high,high_salinity,dry,fair
laterite,8.14,207.1,51.0,150.2,1597,8.5,19.7,slightly_alkaline,very_high,low,high,very_high_salinity,very_dry,fair
alluvial,5.94,267.5,13.8,34.9,404,61.1,35.9,slightly_acidic,very_high,very_low,very_low,normal,moist,poor
laterite,5.53,249.0,34.3,115.1,1444,17.3,13.2,slightly_acidic,very_high,low,high,high_salinity,very_dry,fair
sandy,6.06,180.9,34.2,55.0,2360,77.1,13.7,slightly_acidic,very_high,low,low,very_high_salinity,moist,poor
laterite,5.25,192.2,124.1,204.0,358,17.3,39.2,strongly_acidic,very_high,very_high,very_high,low,very_dry,poor
sandy,5.25,16.0,92.8,95.9,1340,14.8,34.0,strongly_acidic,very_low,high,medium,high_salinity,very_dry,poor
alluvial,6.54,17.0,24.0,111.9,1612,73.7,36.6,neutral,very_low,very_low,high,very_high_salinity,moist,poor
black_cotton,6.84,48.1,19.0,81.5,99,61.7,20.4,neutral,low,very_low,medium,very_low,moist,fair
black_cotton,8.66,71.5,19.5,219.2,748,86.8,32.0,strongly_alkaline,low,very_low,very_high,normal,waterlogged,poor
alluvial,6.51,190.4,53.8,27.4,2346,61.2,23.2,neutral,very_high,low,very_low,very_high_salinity,moist,poor
red,6.28,128.6,31.8,178.3,1736,40.7,39.9,slightly_acidic,high,low,very_high,very_high_salinity,optimal,fair
black_cotton,4.51,191.6,127.3,20.1,1058,68.9,37.5,strongly_acidic,very_high,very_high,very_low,high_salinity,moist,poor
laterite,7.98,10.1,102.4,97.5,2455,21.6,41.3,slightly_alkaline,very_low,high,medium,very_high_salinity,dry,fair
black_cotton,8.01,292.4,88.8,30.4,129,75.3,35.5,slightly_alkaline,very_high,high,very_low,very_low,moist,fair
red,4.66,82.1,120.6,102.5,190,43.1,42.0,strongly_acidic,medium,very_high,medium,very_low,optimal,fair
sandy,8.56,6.8,32.7,109.2,1501,34.5,39.6,strongly_alkaline,very_low,low,medium,very_high_salinity,dry,poor
laterite,6.28,110.8,60.9,115.7,1429,38.3,10.1,slightly_acidic,medium,medium,high,high_salinity,dry,good
black_cotton,7.56,52.6,52.5,42.3,2057,37.9,35.2,slightly_alkaline,low,low,low,very_high_salinity,dry,poor
red,5.37,230.3,93.2,36.0,557,93.4,37.4,strongly_acidic,very_high,high,very_low,normal,waterlogged,fair
sandy,6.88,190.2,48.6,62.6,367,55.2,30.2,neutral,very_high,low,low,low,optimal,fair
laterite,8.99,71.7,24.4,40.1,1335,78.3,35.3,strongly_alkaline,low,very_low,low,high_salinity,moist,very_poor
sandy,8.78,219.3,123.2,147.4,407,22.8,17.2,strongly_alkaline,very_high,very_high,high,normal,dry,good
sandy,5.55,81.6,21.2,86.8,796,60.7,36.3,slightly_acidic,medium,very_low,medium,normal,moist,fair
sandy,6.21,37.0,97.4,18.3,155,69.0,10.8,slightly_acidic,very_low,high,very_low,very_low,moist,poor
laterite,8.27,263.3,115.7,210.1,2157,16.8,22.6,slightly_alkaline,very_high,very_high,very_high,very_high_salinity,very_dry,fair
alluvial,8.69,254.2,101.9,143.2,113,73.0,14.1,strongly_alkaline,very_high,high,high,very_low,moist,fair
alluvial,4.67,43.5,47.7,173.4,594,29.0,34.3,strongly_acidic,low,low,very_high,normal,dry,poor
red,5.69,265.5,16.5,126.9,1898,50.0,40.7,slightly_acidic,very_high,very_low,high,very_high_salinity,optimal,poor
black_cotton,7.46,242.7,117.2,132.1,1479,83.5,28.6,neutral,very_high,very_high,high,high_salinity,waterlogged,good
alluvial,5.19,271.8,63.2,8.8,2022,61.2,18.0,strongly_acidic,very_high,medium,very_low,very_high_salinity,moist,poor
red,6.92,125.8,9.5,50.0,1004,29.3,11.9,neutral,high,very_low,low,high_salinity,dry,fair
alluvial,8.26,286.5,16.2,202.7,2089,22.6,29.3,slightly_alkaline,very_high,very_low,very_high,very_high_salinity,dry,poor
sandy,6.42,266.0,125.5,83.2,2254,37.2,24.1,slightly_acidic,very_high,very_high,medium,very_high_salinity,dry,fair
laterite,6.42,266.1,35.4,34.7,1554,21.7,36.6,slightly_acidic,very_high,low,very_low,very_high_salinity,dry,poor
alluvial,8.11,151.2,96.4,171.6,2476,7.2,39.9,slightly_alkaline,high,high,very_high,very_high_salinity,very_dry,good
laterite,5.52,167.0,19.3,140.8,2494,56.3,38.7,slightly_acidic,high,very_low,high,very_high_salinity,optimal,fair
sandy,5.53,135.4,12.8,66.9,1770,11.0,31.0,slightly_acidic,high,very_low,low,very_high_salinity,very_dry,poor
alluvial,5.32,298.9,139.7,206.7,1214,44.5,38.0,strongly_acidic,very_high,very_high,very_high,high_salinity,optimal,poor
laterite,5.45,99.8,13.3,51.0,923,18.4,37.5,strongly_acidic,medium,very_low,low,high_salinity,very_dry,poor
laterite,8.87,25.0,94.3,215.1,1754,18.9,37.2,strongly_alkaline,very_low,high,very_high,very_high_salinity,very_dry,poor
alluvial,6.67,40.3,52.7,38.3,437,85.0,38.5,neutral,low,low,very_low,normal,waterlogged,fair
laterite,7.42,176.9,54.0,214.0,1338,56.9,29.0,neutral,high,low,very_high,high_salinity,optimal,fair
alluvial,8.71,191.3,130.3,203.9,457,73.2,32.7,strongly_alkaline,very_high,very_high,very_high,normal,moist,fair
alluvial,4.57,35.0,24.9,33.9,1604,82.3,41.8,strongly_acidic,very_low,very_low,very_low,very_high_salinity,waterlogged,very_poor
alluvial,5.14,113.9,61.1,81.1,851,59.6,13.3,strongly_acidic,medium,medium,medium,high_salinity,optimal,fair
alluvial,7.12,150.7,50.3,159.7,539,93.8,35.5,neutral,high,low,high,normal,waterlogged,excellent
laterite,6.07,144.9,53.0,92.1,1397,63.5,24.8,slightly_acidic,high,low,medium,high_salinity,moist,fair
red,6.87,171.2,10.5,181.7,447,50.7,34.6,neutral,high,very_low,very_high,normal,optimal,good
alluvial,5.72,20.2,51.3,184.5,1723,92.7,12.6,slightly_acidic,very_low,low,very_high,very_high_salinity,waterlogged,poor
black_cotton,8.04,52.6,30.1,42.2,1102,36.0,15.5,slightly_alkaline,low,low,low,high_salinity,dry,poor
alluvial,7.16,60.1,34.4,112.6,588,39.9,41.5,neutral,low,low,high,normal,dry,good
alluvial,7.23,130.8,116.8,67.9,609,30.0,17.7,neutral,high,very_high,low,normal,dry,good
sandy,5.97,70.5,31.0,41.2,1035,82.3,29.5,slightly_acidic,low,low,low,high_salinity,waterlogged,poor
black_cotton,6.81,69.3,128.2,54.6,808,14.8,27.7,neutral,low,very_high,low,high_salinity,very_dry,fair
alluvial,8.75,127.9,118.2,187.3,739,61.5,27.5,strongly_alkaline,high,very_high,very_high,normal,moist,good
alluvial,6.46,243.2,57.7,145.8,802,78.7,22.8,slightly_acidic,very_high,medium,high,high_salinity,moist,fair
alluvial,7.02,209.4,42.1,144.7,934,8.8,22.0,neutral,very_high,low,high,high_salinity,very_dry,fair
sandy,6.78,54.1,17.6,67.3,1041,59.4,11.3,neutral,low,very_low,low,high_salinity,optimal,poor
red,5.81,272.7,87.8,76.2,1815,67.7,13.3,slightly_acidic,very_high,high,medium,very_high_salinity,moist,fair
laterite,5.76,64.1,75.3,32.4,2252,25.9,39.9,slightly_acidic,low,medium,very_low,very_high_salinity,dry,poor
sandy,8.38,73.8,66.4,8.5,835,50.8,29.1,slightly_alkaline,low,medium,very_low,high_salinity,optimal,poor
sandy,7.36,103.0,7.8,199.0,1281,11.7,14.8,neutral,medium,very_low,very_high,high_salinity,very_dry,fair
black_cotton,7.08,56.9,90.0,57.6,551,63.5,33.9,neutral,low,high,low,normal,moist,good
laterite,5.46,227.5,51.7,153.7,2211,40.4,12.6,strongly_acidic,very_high,low,high,very_high_salinity,optimal,poor
black_cotton,6.32,298.9,121.1,74.8,1553,53.0,31.3,slightly_acidic,very_high,very_high,medium,very_high_salinity,optimal,fair
alluvial,6.62,234.0,45.3,71.3,1999,45.0,32.7,neutral,very_high,low,medium,very_high_salinity,optimal,fair
alluvial,6.06,115.9,103.7,97.6,510,18.5,32.9,slightly_acidic,medium,high,medium,normal,very_dry,good
black_cotton,6.53,8.6,122.3,21.0,1015,82.7,26.9,neutral,very_low,very_high,very_low,high_salinity,waterlogged,poor
sandy,7.63,5.8,123.6,89.8,1143,84.9,29.1,slightly_alkaline,very_low,very_high,medium,high_salinity,waterlogged,fair
laterite,6.08,54.0,26.8,39.9,408,72.7,33.5,slightly_acidic,low,very_low,very_low,normal,moist,poor
black_cotton,8.14,86.8,37.5,58.8,492,18.2,22.3,slightly_alkaline,medium,low,low,normal,very_dry,fair
alluvial,6.39,271.5,104.8,66.9,476,94.0,39.5,slightly_acidic,very_high,high,low,normal,waterlogged,good
black_cotton,8.96,149.2,36.4,112.6,188,24.6,36.0,strongly_alkaline,high,low,high,very_low,dry,fair
sandy,8.02,188.2,18.8,158.9,2335,31.6,30.3,slightly_alkaline,very_high,very_low,high,very_high_salinity,dry,fair
alluvial,7.3,206.8,92.7,74.9,1953,5.0,21.4,neutral,very_high,high,medium,very_high_salinity,very_dry,good
red,4.73,71.9,76.1,206.0,460,24.6,19.5,strongly_acidic,low,medium,very_high,normal,dry,fair
red,4.67,174.4,90.5,141.3,1260,70.5,24.5,strongly_acidic,high,high,high,high_salinity,moist,good
laterite,6.23,145.6,36.4,78.6,665,55.1,35.6,slightly_acidic,high,low,medium,normal,optimal,good
laterite,6.98,83.7,119.3,86.9,613,56.2,13.6,neutral,medium,very_high,medium,normal,optimal,good
laterite,6.87,287.0,79.4,43.6,408,50.7,40.5,neutral,very_high,medium,low,normal,optimal,good
laterite,5.5,118.9,118.3,197.6,92,63.2,28.0,slightly_acidic,medium,very_high,very_high,very_low,moist,fair
laterite,5.0,274.9,125.0,182.8,585,50.9,32.1,strongly_acidic,very_high,very_high,very_high,normal,optimal,fair
laterite,6.15,43.6,23.1,204.0,826,18.7,35.4,slightly_acidic,low,very_low,very_high,high_salinity,very_dry,poor
black_cotton,5.16,51.5,66.8,218.5,816,27.5,14.4,strongly_acidic,low,medium,very_high,high_salinity,dry,poor
red,5.15,140.0,105.1,165.1,1624,24.5,15.4,strongly_acidic,high,high,very_high,very_high_salinity,dry,fair
sandy,5.29,144.3,104.9,128.7,1030,19.4,32.4,strongly_acidic,high,high,high,high_salinity,very_dry,good
laterite,7.47,89.6,14.3,91.9,586,16.7,37.6,neutral,medium,very_low,medium,normal,very_dry,good
black_cotton,7.66,135.6,66.4,79.6,289,7.7,13.7,slightly_alkaline,high,medium,medium,low,very_dry,good
black_cotton,6.32,295.9,57.9,89.3,2167,32.5,37.6,slightly_acidic,very_high,medium,medium,very_high_salinity,dry,fair
red,7.81,213.8,13.0,179.0,1352,12.5,24.4,slightly_alkaline,very_high,very_low,very_high,high_salinity,very_dry,poor
alluvial,7.83,137.3,30.1,65.5,1176,80.2,41.6,slightly_alkaline,high,low,low,high_salinity,waterlogged,fair
black_cotton,8.34,77.1,14.3,27.8,1903,82.4,28.4,slightly_alkaline,low,very_low,very_low,very_high_salinity,waterlogged,very_poor
black_cotton,5.39,124.9,40.0,188.8,2074,21.3,27.6,strongly_acidic,high,low,very_high,very_high_salinity,dry,poor
red,5.59,195.7,49.0,38.1,1642,51.6,26.4,slightly_acidic,very_high,low,very_low,very_high_salinity,optimal,poor
black_cotton,5.01,188.2,36.1,154.9,2294,67.8,29.7,strongly_acidic,very_high,low,high,very_high_salinity,moist,poor
alluvial,4.9,263.4,106.5,168.7,2320,47.2,24.2,strongly_acidic,very_high,high,very_high,very_high_salinity,optimal,poor
red,7.1,277.1,12.4,205.4,1770,43.2,16.9,neutral,very_high,very_low,very_high,very_high_salinity,optimal,poor
black_cotton,5.15,217.7,108.5,10.7,124,54.8,41.4,strongly_acidic,very_high,high,very_low,very_low,optimal,poor
sandy,6.61,244.7,43.0,196.4,1770,7.0,10.9,neutral,very_high,low,very_high,very_high_salinity,very_dry,fair
black_cotton,6.87,73.9,28.7,166.8,2003,12.2,16.4,neutral,low,very_low,very_high,very_high_salinity,very_dry,poor
laterite,8.9,227.7,72.8,219.7,2207,63.6,31.5,strongly_alkaline,very_high,medium,very_high,very_high_salinity,moist,poor
red,5.77,230.7,90.8,68.7,228,13.2,18.6,slightly_acidic,very_high,high,low,low,very_dry,fair
sandy,5.51,150.3,40.6,130.3,1993,78.6,23.2,slightly_acidic,high,low,high,very_high_salinity,moist,fair
alluvial,6.32,242.6,71.5,121.5,96,52.3,21.1,slightly_acidic,very_high,medium,high,very_low,optimal,fair
alluvial,7.41,293.6,55.4,199.2,1290,6.2,22.4,neutral,very_high,medium,very_high,high_salinity,very_dry,fair
red,6.72,140.2,69.1,140.4,2443,48.0,12.5,neutral,high,medium,high,very_high_salinity,optimal,good
red,8.24,156.1,112.2,65.6,437,18.3,35.1,slightly_alkaline,high,very_high,low,normal,very_dry,good
black_cotton,6.74,40.5,107.1,41.3,843,20.2,38.4,neutral,low,high,low,high_salinity,dry,fair
alluvial,6.05,28.4,97.4,35.5,789,17.9,31.1,slightly_acidic,very_low,high,very_low,normal,very_dry,fair
black_cotton,5.45,253.3,132.8,178.8,268,59.3,12.7,strongly_acidic,very_high,very_high,very_high,low,optimal,poor
black_cotton,8.49,107.0,112.0,119.0,262,23.0,17.7,slightly_alkaline,medium,very_high,high,low,dry,good
laterite,4.64,101.2,43.4,118.2,1948,40.9,25.9,strongly_acidic,medium,low,high,very_high_salinity,optimal,poor
red,5.48,200.5,56.2,205.2,1345,42.8,23.9,strongly_acidic,very_high,medium,very_high,high_salinity,optimal,poor
sandy,4.96,13.6,45.1,69.5,1343,14.8,27.1,strongly_acidic,very_low,low,low,high_salinity,very_dry,very_poor
laterite,6.51,164.3,92.4,207.6,2330,36.2,39.2,neutral,high,high,very_high,very_high_salinity,dry,good
red,8.41,129.0,34.7,204.9,2108,10.0,40.8,slightly_alkaline,high,low,very_high,very_high_salinity,very_dry,fair
alluvial,6.82,124.7,47.6,12.8,2036,78.8,27.4,neutral,high,low,very_low,very_high_salinity,moist,fair
black_cotton,7.83,218.7,132.8,35.0,922,69.0,27.5,slightly_alkaline,very_high,very_high,very_low,high_salinity,moist,poor
black_cotton,6.57,228.9,65.2,61.4,1763,64.4,31.0,neutral,very_high,medium,low,very_high_salinity,moist,fair
sandy,6.11,112.0,83.2,213.3,2169,67.5,14.2,slightly_acidic,medium,high,very_high,very_high_salinity,moist,fair
black_cotton,7.31,108.3,127.0,59.0,327,5.2,38.4,neutral,medium,very_high,low,low,very_dry,fair
black_cotton,7.93,179.0,114.6,120.7,1002,58.1,24.7,slightly_alkaline,high,very_high,high,high_salinity,optimal,good
sandy,5.33,83.2,21.2,182.0,1730,9.6,39.2,strongly_acidic,medium,very_low,very_high,very_high_salinity,very_dry,poor
black_cotton,4.98,187.3,87.2,174.2,1799,62.2,14.5,strongly_acidic,very_high,high,very_high,very_high_salinity,moist,poor
red,7.65,179.0,138.9,95.8,2466,25.9,37.2,slightly_alkaline,high,very_high,medium,very_high_salinity,dry,fair
sandy,5.67,30.6,137.1,130.9,1772,29.6,38.1,slightly_acidic,very_low,very_high,high,very_high_salinity,dry,poor
red,5.42,94.5,89.0,218.4,1345,32.0,33.9,strongly_acidic,medium,high,very_high,high_salinity,dry,fair
laterite,5.53,55.9,85.0,99.7,1567,82.6,38.1,slightly_acidic,low,high,medium,very_high_salinity,waterlogged,fair
red,5.47,66.4,20.2,107.4,1533,69.1,25.3,strongly_acidic,low,very_low,medium,very_high_salinity,moist,very_poor
alluvial,6.01,273.7,94.6,191.4,2130,73.6,13.0,slightly_acidic,very_high,high,very_high,very_high_salinity,moist,fair
red,8.31,25.0,74.6,141.7,1927,79.7,29.2,slightly_alkaline,very_low,medium,high,very_high_salinity,moist,fair
red,5.77,117.1,11.0,50.0,854,89.2,40.5,slightly_acidic,medium,very_low,low,high_salinity,waterlogged,poor
laterite,8.7,208.3,88.1,78.7,771,60.7,34.4,strongly_alkaline,very_high,high,medium,normal,moist,good
sandy,5.76,177.5,17.5,6.3,1117,59.9,30.8,slightly_acidic,high,very_low,very_low,high_salinity,optimal,poor
black_cotton,6.3,32.7,91.6,130.3,234,75.1,28.1,slightly_acidic,very_low,high,high,low,moist,fair
black_cotton,8.52,201.7,9.9,159.5,1073,73.8,40.4,strongly_alkaline,very_high,very_low,high,high_salinity,moist,poor
laterite,7.25,297.0,47.4,7.9,2468,47.8,20.3,neutral,very_high,low,very_low,very_high_salinity,optimal,poor
sandy,7.48,129.3,51.1,35.7,993,38.1,41.2,neutral,high,low,very_low,high_salinity,dry,fair
black_cotton,8.13,162.7,110.3,137.8,1750,43.0,16.6,slightly_alkaline,high,very_high,high,very_high_salinity,optimal,good
sandy,5.91,159.5,34.5,24.6,394,81.6,37.4,slightly_acidic,high,low,very_low,low,waterlogged,fair
sandy,5.75,66.4,66.0,141.9,2232,17.2,31.4,slightly_acidic,low,medium,high,very_high_salinity,very_dry,fair
red,5.21,50.0,88.4,159.4,1966,38.9,33.5,strongly_acidic,low,high,high,very_high_salinity,dry,fair
black_cotton,6.73,265.0,7.2,202.2,2232,83.6,34.6,neutral,very_high,very_low,very_high,very_high_salinity,waterlogged,poor
black_cotton,6.74,277.6,7.2,46.5,125,52.4,38.3,neutral,very_high,very_low,low,very_low,optimal,poor
red,6.65,54.4,19.0,58.6,1428,28.1,13.6,neutral,low,very_low,low,high_salinity,dry,poor
laterite,8.57,221.1,57.2,176.2,254,42.2,10.1,strongly_alkaline,very_high,medium,very_high,low,optimal,fair
black_cotton,6.8,107.0,106.2,44.9,1139,13.5,31.3,neutral,medium,high,low,high_salinity,very_dry,good
red,7.08,278.3,130.9,69.1,1675,85.5,18.5,neutral,very_high,very_high,low,very_high_salinity,waterlogged,fair
alluvial,6.21,54.4,106.5,7.4,1265,21.0,21.1,slightly_acidic,low,high,very_low,high_salinity,dry,poor
red,5.8,153.8,21.8,141.9,837,40.3,39.1,slightly_acidic,high,very_low,high,high_salinity,optimal,fair
red,8.86,193.4,63.4,112.0,1281,12.1,35.5,strongly_alkaline,very_high,medium,high,high_salinity,very_dry,fair
sandy,7.72,65.9,47.3,156.7,973,53.7,18.2,slightly_alkaline,low,low,high,high_salinity,optimal,fair
alluvial,4.84,14.7,126.6,179.8,1246,5.7,39.7,strongly_acidic,very_low,very_high,very_high,high_salinity,very_dry,poor
black_cotton,6.84,291.2,32.5,166.5,675,12.9,12.8,neutral,very_high,low,very_high,normal,very_dry,good
red,7.36,59.9,26.8,159.3,628,37.0,25.2,neutral,low,very_low,high,normal,dry,good
laterite,6.64,208.0,93.4,106.2,593,75.4,27.9,neutral,very_high,high,medium,normal,moist,excellent
black_cotton,8.12,256.2,19.1,158.1,1996,56.9,39.1,slightly_alkaline,very_high,very_low,high,very_high_salinity,optimal,fair
black_cotton,6.76,55.3,94.8,5.9,1800,37.1,18.6,neutral,low,high,very_low,very_high_salinity,dry,fair
black_cotton,6.85,246.1,43.2,19.6,769,44.6,30.4,neutral,very_high,low,very_low,normal,optimal,fair
laterite,8.75,260.6,126.9,178.6,1498,76.1,10.6,strongly_alkaline,very_high,very_high,very_high,high_salinity,moist,poor
sandy,6.47,263.7,137.2,162.1,965,7.5,37.3,slightly_acidic,very_high,very_high,very_high,high_salinity,very_dry,fair
black_cotton,6.18,164.5,91.0,44.1,2070,38.0,12.3,slightly_acidic,high,high,low,very_high_salinity,dry,fair
red,8.48,149.5,119.4,15.4,1395,16.2,36.2,slightly_alkaline,high,very_high,very_low,high_salinity,very_dry,fair
sandy,5.97,136.1,41.6,101.5,913,16.4,30.2,slightly_acidic,high,low,medium,high_salinity,very_dry,fair
laterite,8.45,101.0,105.6,12.6,428,41.0,17.5,slightly_alkaline,medium,high,very_low,normal,optimal,good
black_cotton,8.51,193.6,71.3,194.6,2350,57.0,34.9,strongly_alkaline,very_high,medium,very_high,very_high_salinity,optimal,poor
alluvial,4.55,156.6,71.0,175.1,1261,59.2,40.6,strongly_acidic,high,medium,very_high,high_salinity,optimal,fair
laterite,8.38,249.2,13.0,177.9,769,89.9,25.6,slightly_alkaline,very_high,very_low,very_high,normal,waterlogged,fair
red,8.36,80.1,67.8,110.9,1926,49.1,23.2,slightly_alkaline,medium,medium,high,very_high_salinity,optimal,good
alluvial,8.83,37.9,132.0,183.2,537,50.3,14.2,strongly_alkaline,very_low,very_high,very_high,normal,optimal,fair
sandy,7.09,34.3,90.5,136.2,1032,60.3,21.1,neutral,very_low,high,high,high_salinity,moist,good
laterite,8.49,197.2,40.6,127.0,2115,18.9,35.7,slightly_alkaline,very_high,low,high,very_high_salinity,very_dry,fair
alluvial,6.92,237.4,65.8,76.5,2204,31.6,36.5,neutral,very_high,medium,medium,very_high_salinity,dry,fair
black_cotton,8.68,295.6,26.3,100.6,1947,25.7,38.7,strongly_alkaline,very_high,very_low,medium,very_high_salinity,dry,poor
black_cotton,6.32,14.7,87.0,143.8,610,53.6,34.7,slightly_acidic,very_low,high,high,normal,optimal,good
black_cotton,7.61,41.3,74.4,79.3,1877,52.8,14.4,slightly_alkaline,low,medium,medium,very_high_salinity,optimal,fair
black_cotton,5.33,200.8,13.3,126.3,2294,44.4,30.2,strongly_acidic,very_high,very_low,high,very_high_salinity,optimal,poor
black_cotton,7.36,10.9,5.9,60.6,519,45.4,24.7,neutral,very_low,very_low,low,normal,optimal,fair
sandy,5.49,61.8,28.6,187.0,1918,47.4,37.1,strongly_acidic,low,very_low,very_high,very_high_salinity,optimal,very_poor
black_cotton,8.13,97.6,33.0,22.2,1648,28.5,13.4,slightly_alkaline,medium,low,very_low,very_high_salinity,dry,poor
laterite,4.81,283.0,61.1,173.2,1955,91.9,40.1,strongly_acidic,very_high,medium,very_high,very_high_salinity,waterlogged,poor
red,5.04,85.8,121.6,79.3,1337,25.3,36.9,strongly_acidic,medium,very_high,medium,high_salinity,dry,fair
sandy,8.14,50.0,139.7,103.0,2215,7.3,18.5,slightly_alkaline,low,very_high,medium,very_high_salinity,very_dry,fair
alluvial,7.4,149.4,53.8,167.2,1683,15.4,36.6,neutral,high,low,very_high,very_high_salinity,very_dry,fair
sandy,6.09,164.0,96.3,80.4,1759,24.1,41.6,slightly_acidic,high,high,medium,very_high_salinity,dry,good
black_cotton,7.25,182.5,136.2,202.9,358,76.4,19.7,neutral,very_high,very_high,very_high,low,moist,fair
red,6.18,197.2,42.7,109.6,1717,16.4,40.3,slightly_acidic,very_high,low,medium,very_high_salinity,very_dry,poor
black_cotton,5.57,82.0,16.3,17.7,1234,72.2,26.1,slightly_acidic,medium,very_low,very_low,high_salinity,moist,poor
black_cotton,4.59,97.6,80.1,178.4,2221,59.8,14.7,strongly_acidic,medium,high,very_high,very_high_salinity,optimal,fair
laterite,6.52,120.0,68.5,14.8,1372,42.7,23.4,neutral,high,medium,very_low,high_salinity,optimal,fair
laterite,5.18,14.7,46.7,205.0,1410,87.3,18.2,strongly_acidic,very_low,low,very_high,high_salinity,waterlogged,very_poor
alluvial,6.36,239.9,94.4,132.7,2193,74.9,39.8,slightly_acidic,very_high,high,high,very_high_salinity,moist,fair
alluvial,6.66,85.7,20.9,7.5,96,31.6,22.5,neutral,medium,very_low,very_low,very_low,dry,poor
laterite,7.4,148.2,69.4,41.7,1419,71.9,25.7,neutral,high,medium,low,high_salinity,moist,good
black_cotton,8.66,183.3,12.6,106.0,1831,65.3,16.9,strongly_alkaline,very_high,very_low,medium,very_high_salinity,moist,poor
laterite,8.42,229.3,64.1,91.6,1297,79.7,41.7,slightly_alkaline,very_high,medium,medium,high_salinity,moist,fair
laterite,8.99,284.3,52.6,17.4,1319,16.2,17.7,strongly_alkaline,very_high,low,very_low,high_salinity,very_dry,poor
alluvial,4.65,20.2,82.3,15.1,2335,24.0,34.4,strongly_acidic,very_low,high,very_low,very_high_salinity,dry,very_poor
laterite,5.66,191.1,19.9,122.4,658,13.2,35.4,slightly_acidic,very_high,very_low,high,normal,very_dry,fair
black_cotton,5.81,143.3,10.0,212.3,1127,68.3,36.9,slightly_acidic,high,very_low,very_high,high_salinity,moist,fair
black_cotton,8.2,214.8,42.9,185.8,132,25.9,22.5,slightly_alkaline,very_high,low,very_high,very_low,dry,fair
red,5.57,223.2,58.5,192.5,2363,89.9,30.3,slightly_acidic,very_high,medium,very_high,very_high_salinity,waterlogged,fair
red,7.66,118.6,121.9,10.8,349,50.9,28.1,slightly_alkaline,medium,very_high,very_low,low,optimal,fair
red,6.96,31.0,8.4,151.5,521,44.6,11.9,neutral,very_low,very_low,high,normal,optimal,fair
sandy,6.93,69.7,44.5,160.3,1983,41.9,27.4,neutral,low,low,very_high,very_high_salinity,optimal,poor
laterite,6.98,225.3,7.2,9.3,2187,83.4,21.5,neutral,very_high,very_low,very_low,very_high_salinity,waterlogged,poor
sandy,4.82,298.5,44.8,31.7,2329,75.6,21.7,strongly_acidic,very_high,low,very_low,very_high_salinity,moist,very_poor
red,7.79,83.7,32.7,125.6,213,17.3,16.4,slightly_alkaline,medium,low,high,low,very_dry,good
alluvial,7.58,69.0,10.5,136.0,1139,5.1,17.3,slightly_alkaline,low,very_low,high,high_salinity,very_dry,fair
red,7.37,131.6,95.7,120.2,806,80.7,20.3,neutral,high,high,high,high_salinity,waterlogged,excellent
black_cotton,6.05,271.9,118.3,175.5,2022,18.5,25.6,slightly_acidic,very_high,very_high,very_high,very_high_salinity,very_dry,poor
red,6.51,165.4,34.2,140.3,1062,36.6,14.2,neutral,high,low,high,high_salinity,dry,good
black_cotton,8.45,11.5,110.2,56.6,1714,75.9,12.6,slightly_alkaline,very_low,very_high,low,very_high_salinity,moist,poor
sandy,5.68,8.7,35.2,83.7,1257,61.1,12.9,slightly_acidic,very_low,low,medium,high_salinity,moist,poor
black_cotton,7.64,124.3,37.1,44.3,1952,40.7,31.5,slightly_alkaline,high,low,low,very_high_salinity,optimal,fair
alluvial,7.59,132.3,21.8,124.7,2451,80.8,35.8,slightly_alkaline,high,very_low,high,very_high_salinity,waterlogged,fair
black_cotton,4.51,23.1,103.9,157.8,1275,46.8,34.4,strongly_acidic,very_low,high,high,high_salinity,optimal,fair
black_cotton,5.31,142.2,53.5,69.1,2415,24.0,32.0,strongly_acidic,high,low,low,very_high_salinity,dry,poor
sandy,5.81,9.6,125.2,211.1,227,56.8,30.6,slightly_acidic,very_low,very_high,very_high,low,optimal,poor
alluvial,4.87,71.5,89.5,76.4,2414,62.2,37.5,strongly_acidic,low,high,medium,very_high_salinity,moist,poor
red,8.51,99.2,24.9,209.4,898,16.5,28.6,strongly_alkaline,medium,very_low,very_high,high_salinity,very_dry,poor
laterite,8.62,288.1,49.0,179.3,1402,82.4,11.6,strongly_alkaline,very_high,low,very_high,high_salinity,waterlogged,poor
red,7.17,11.3,30.4,199.8,126,8.0,41.0,neutral,very_low,low,very_high,very_low,very_dry,poor
black_cotton,4.98,87.0,74.4,10.2,2465,19.1,16.6,strongly_acidic,medium,medium,very_low,very_high_salinity,very_dry,poor
black_cotton,5.73,112.4,118.5,166.7,1308,42.3,25.3,slightly_acidic,medium,very_high,very_high,high_salinity,optimal,fair
laterite,8.31,199.7,42.8,86.2,2119,58.3,21.4,slightly_alkaline,very_high,low,medium,very_high_salinity,optimal,fair
alluvial,6.55,221.0,44.5,31.8,309,62.3,18.2,neutral,very_high,low,very_low,low,moist,fair
laterite,7.53,129.0,35.5,52.0,2181,63.1,24.4,slightly_alkaline,high,low,low,very_high_salinity,moist,fair
red,6.06,39.3,135.7,149.8,662,91.9,14.8,slightly_acidic,very_low,very_high,high,normal,waterlogged,fair
alluvial,8.22,158.3,78.6,166.4,379,20.7,23.4,slightly_alkaline,high,medium,very_high,low,dry,good
sandy,7.9,78.8,52.6,72.7,1542,18.8,39.4,slightly_alkaline,low,low,medium,very_high_salinity,very_dry,poor
laterite,8.21,27.8,50.5,116.2,819,9.8,17.4,slightly_alkaline,very_low,low,high,high_salinity,very_dry,fair
laterite,8.82,156.5,68.5,139.3,241,81.6,35.6,strongly_alkaline,high,medium,high,low,waterlogged,good
black_cotton,6.49,164.6,131.5,69.9,1822,47.2,39.9,slightly_acidic,high,very_high,low,very_high_salinity,optimal,fair
alluvial,6.87,222.4,21.1,42.3,1481,12.0,15.2,neutral,very_high,very_low,low,high_salinity,very_dry,poor
laterite,8.13,98.0,126.5,165.9,269,56.6,27.1,slightly_alkaline,medium,very_high,very_high,low,optimal,fair
black_cotton,7.73,71.0,41.8,204.3,1465,18.1,28.7,slightly_alkaline,low,low,very_high,high_salinity,very_dry,poor
red,7.4,128.4,91.4,37.6,1076,89.4,22.0,neutral,high,high,very_low,high_salinity,waterlogged,good
alluvial,7.47,234.9,62.6,52.5,292,69.6,26.4,neutral,very_high,medium,low,low,moist,fair
red,8.68,199.3,37.8,167.8,2413,32.6,14.3,strongly_alkaline,very_high,low,very_high,very_high_salinity,dry,poor
alluvial,6.88,17.6,78.6,179.5,1808,60.9,29.2,neutral,very_low,medium,very_high,very_high_salinity,moist,fair
red,8.49,96.7,87.6,97.4,636,18.2,21.5,slightly_alkaline,medium,high,medium,normal,very_dry,excellent
sandy,6.27,108.0,85.5,127.3,859,41.0,28.5,slightly_acidic,medium,high,high,high_salinity,optimal,good
laterite,6.52,257.8,46.1,95.8,406,49.7,18.3,neutral,very_high,low,medium,normal,optimal,good
laterite,9.0,53.0,45.3,87.1,429,64.8,14.5,strongly_alkaline,low,low,medium,normal,moist,fair
red,5.16,263.6,37.4,25.7,2071,12.0,38.8,strongly_acidic,very_high,low,very_low,very_high_salinity,very_dry,very_poor
alluvial,5.1,46.8,124.1,126.8,939,62.7,30.5,strongly_acidic,low,very_high,high,high_salinity,moist,poor
laterite,4.68,24.0,115.3,37.8,989,40.1,17.5,strongly_acidic,very_low,very_high,very_low,high_salinity,optimal,very_poor
laterite,8.5,288.6,63.9,103.3,895,15.1,13.3,strongly_alkaline,very_high,medium,medium,high_salinity,very_dry,fair
red,5.09,73.0,32.8,45.3,2341,55.0,35.4,strongly_acidic,low,low,low,very_high_salinity,optimal,very_poor
laterite,5.54,5.3,85.5,173.6,310,42.1,35.7,slightly_acidic,very_low,high,very_high,low,optimal,fair
black_cotton,4.64,67.4,14.7,40.7,1001,19.0,18.0,strongly_acidic,low,very_low,low,high_salinity,very_dry,very_poor
alluvial,6.39,233.1,77.3,211.7,2422,46.2,13.5,slightly_acidic,very_high,medium,very_high,very_high_salinity,optimal,fair
red,7.45,138.8,24.1,173.1,1092,19.6,28.1,neutral,high,very_low,very_high,high_salinity,very_dry,fair
red,5.76,241.7,97.9,80.1,956,20.8,26.6,slightly_acidic,very_high,high,medium,high_salinity,dry,fair
laterite,6.48,36.5,86.4,183.3,1749,48.3,37.7,slightly_acidic,very_low,high,very_high,very_high_salinity,optimal,poor
alluvial,6.26,130.4,54.6,56.1,2304,37.6,30.3,slightly_acidic,high,low,low,very_high_salinity,dry,poor
black_cotton,7.98,143.7,93.2,144.4,1086,21.9,25.7,slightly_alkaline,high,high,high,high_salinity,dry,good
laterite,7.33,226.0,92.1,176.4,1041,43.4,28.7,neutral,very_high,high,very_high,high_salinity,optimal,good
black_cotton,8.38,86.2,139.2,13.6,1356,87.9,23.5,slightly_alkaline,medium,very_high,very_low,high_salinity,waterlogged,fair
red,8.32,29.6,72.6,116.0,323,6.4,41.7,slightly_alkaline,very_low,medium,high,low,very_dry,fair
sandy,5.67,238.1,34.8,156.8,87,34.0,30.1,slightly_acidic,very_high,low,high,very_low,dry,fair
black_cotton,6.11,266.4,105.6,192.8,854,46.8,21.7,slightly_acidic,very_high,high,very_high,high_salinity,optimal,fair
sandy,6.25,126.8,106.5,29.6,2339,80.8,38.2,slightly_acidic,high,high,very_low,very_high_salinity,waterlogged,fair
alluvial,6.77,263.8,16.3,58.7,329,64.4,25.1,neutral,very_high,very_low,low,low,moist,fair
black_cotton,5.96,99.3,130.6,78.5,143,81.6,32.7,slightly_acidic,medium,very_high,medium,very_low,waterlogged,fair
alluvial,5.82,228.4,20.9,29.6,2222,7.6,13.8,slightly_acidic,very_high,very_low,very_low,very_high_salinity,very_dry,very_poor
alluvial,8.08,43.3,7.2,59.7,2104,86.5,29.7,slightly_alkaline,low,very_low,low,very_high_salinity,waterlogged,poor
alluvial,7.75,49.7,130.6,23.2,1454,43.6,37.1,slightly_alkaline,low,very_high,very_low,high_salinity,optimal,poor
laterite,5.16,148.0,51.8,173.6,2188,46.8,38.1,strongly_acidic,high,low,very_high,very_high_salinity,optimal,poor
laterite,8.68,98.5,91.9,162.6,1818,85.0,22.5,strongly_alkaline,medium,high,very_high,very_high_salinity,waterlogged,fair
red,7.1,267.9,97.4,90.3,1361,29.5,19.3,neutral,very_high,high,medium,high_salinity,dry,good
sandy,5.02,174.2,115.8,207.4,972,63.3,36.7,strongly_acidic,high,very_high,very_high,high_salinity,moist,fair
red,4.93,258.7,42.1,109.2,301,33.3,16.3,strongly_acidic,very_high,low,medium,low,dry,poor
laterite,8.99,138.8,63.6,127.1,2210,42.5,27.3,strongly_alkaline,high,medium,high,very_high_salinity,optimal,fair
red,4.81,70.7,52.7,125.9,1139,56.6,27.1,strongly_acidic,low,low,high,high_salinity,optimal,poor
alluvial,8.08,241.8,85.5,210.9,2466,58.7,29.2,slightly_alkaline,very_high,high,very_high,very_high_salinity,optimal,fair
black_cotton,5.15,275.7,131.3,95.1,1548,72.9,11.7,strongly_acidic,very_high,very_high,medium,very_high_salinity,moist,poor
alluvial,7.74,205.6,79.6,28.6,1099,59.4,35.4,slightly_alkaline,very_high,medium,very_low,high_salinity,optimal,fair
red,5.4,51.4,87.4,44.6,1862,83.7,24.0,strongly_acidic,low,high,low,very_high_salinity,waterlogged,poor
red,6.86,185.6,75.0,8.8,1850,93.8,39.5,neutral,very_high,medium,very_low,very_high_salinity,waterlogged,fair
red,8.9,160.3,137.8,32.8,1896,78.3,24.8,strongly_alkaline,high,very_high,very_low,very_high_salinity,moist,poor
red,7.27,213.0,48.1,83.1,187,39.6,31.5,neutral,very_high,low,medium,very_low,dry,fair
red,8.85,239.9,8.9,5.6,395,7.3,15.8,strongly_alkaline,very_high,very_low,very_low,low,very_dry,poor
red,7.07,66.4,100.5,29.8,2022,71.6,35.9,neutral,low,high,very_low,very_high_salinity,moist,fair
laterite,7.69,173.7,78.7,44.3,1530,30.0,17.1,slightly_alkaline,high,medium,low,very_high_salinity,dry,fair
black_cotton,4.52,114.1,121.1,125.5,1747,86.6,41.1,strongly_acidic,medium,very_high,high,very_high_salinity,waterlogged,fair
alluvial,7.71,114.5,64.3,176.9,2085,43.1,33.9,slightly_alkaline,medium,medium,very_high,very_high_salinity,optimal,fair
sandy,8.09,56.7,70.7,61.6,80,53.6,37.1,slightly_alkaline,low,medium,low,very_low,optimal,fair
red,4.66,37.5,103.8,66.0,906,75.9,21.2,strongly_acidic,very_low,high,low,high_salinity,moist,poor
laterite,8.12,253.5,26.6,126.3,2185,37.5,39.0,slightly_alkaline,very_high,very_low,high,very_high_salinity,dry,fair
red,6.77,124.7,57.2,170.0,217,22.2,32.1,neutral,high,medium,very_high,low,dry,good
sandy,6.2,205.3,64.3,46.8,833,10.2,36.3,slightly_acidic,very_high,medium,low,high_salinity,very_dry,fair
black_cotton,8.55,200.1,54.5,44.3,1839,44.0,41.9,strongly_alkaline,very_high,low,low,very_high_salinity,optimal,poor
laterite,4.99,139.6,40.8,168.7,828,19.1,22.9,strongly_acidic,high,low,very_high,high_salinity,very_dry,poor
laterite,4.63,116.0,18.9,214.2,2333,9.1,14.5,strongly_acidic,medium,very_low,very_high,very_high_salinity,very_dry,poor
alluvial,8.15,132.6,36.6,192.2,1739,9.1,37.5,slightly_alkaline,high,low,very_high,very_high_salinity,very_dry,fair
laterite,6.83,129.9,110.3,87.8,1358,6.8,29.8,neutral,high,very_high,medium,high_salinity,very_dry,good
red,6.2,242.2,137.6,198.2,145,42.6,20.1,slightly_acidic,very_high,very_high,very_high,very_low,optimal,fair
black_cotton,8.85,115.7,136.1,24.9,1028,92.8,23.7,strongly_alkaline,medium,very_high,very_low,high_salinity,waterlogged,poor
sandy,6.46,58.8,55.8,24.6,1601,38.2,15.0,slightly_acidic,low,medium,very_low,very_high_salinity,dry,poor
alluvial,6.34,113.0,105.8,5.2,2254,70.1,33.3,slightly_acidic,medium,high,very_low,very_high_salinity,moist,fair
red,4.53,106.2,12.9,23.2,1870,6.0,40.4,strongly_acidic,medium,very_low,very_low,very_high_salinity,very_dry,very_poor
red,6.88,228.4,58.8,69.5,1746,26.1,39.1,neutral,very_high,medium,low,very_high_salinity,dry,fair
sandy,7.06,263.5,35.3,84.3,840,57.8,33.0,neutral,very_high,low,medium,high_salinity,optimal,fair
alluvial,5.35,150.9,101.4,130.5,800,94.7,40.6,strongly_acidic,high,high,high,high_salinity,waterlogged,good
red,4.91,108.1,34.5,167.8,2219,59.9,17.1,strongly_acidic,medium,low,very_high,very_high_salinity,optimal,poor
black_cotton,6.4,141.7,132.0,203.8,1104,76.6,18.3,slightly_acidic,high,very_high,very_high,high_salinity,moist,fair
black_cotton,6.11,41.6,123.3,29.9,1445,66.5,41.6,slightly_acidic,low,very_high,very_low,high_salinity,moist,poor
black_cotton,7.07,239.8,58.5,206.8,718,74.5,21.8,neutral,very_high,medium,very_high,normal,moist,good
sandy,7.11,83.6,38.6,55.3,2165,51.0,23.3,neutral,medium,low,low,very_high_salinity,optimal,fair
black_cotton,5.98,264.4,95.3,47.1,2080,20.4,24.4,slightly_acidic,very_high,high,low,very_high_salinity,dry,fair
black_cotton,5.01,140.2,131.8,205.0,244,11.4,39.1,strongly_acidic,high,very_high,very_high,low,very_dry,fair
red,6.0,244.9,133.7,141.4,1086,81.0,18.8,slightly_acidic,very_high,very_high,high,high_salinity,waterlogged,fair
alluvial,6.68,160.9,102.6,56.0,993,23.8,22.9,neutral,high,high,low,high_salinity,dry,good
laterite,8.17,60.3,99.8,51.0,2388,74.1,20.4,slightly_alkaline,low,high,low,very_high_salinity,moist,fair
sandy,7.77,68.1,112.0,24.3,2232,36.4,15.3,slightly_alkaline,low,very_high,very_low,very_high_salinity,dry,poor
sandy,8.19,259.1,85.7,24.0,2466,65.9,32.0,slightly_alkaline,very_high,high,very_low,very_high_salinity,moist,fair
black_cotton,5.51,76.3,51.5,150.9,655,47.8,16.7,slightly_acidic,low,low,high,normal,optimal,fair
black_cotton,6.99,118.2,91.8,101.6,212,36.3,26.1,neutral,medium,high,medium,low,dry,good
alluvial,7.01,117.6,16.7,51.2,166,19.0,38.3,neutral,medium,very_low,low,very_low,very_dry,fair
sandy,7.06,91.6,22.5,14.1,1160,48.3,40.3,neutral,medium,very_low,very_low,high_salinity,optimal,poor
black_cotton,8.56,8.2,67.8,76.4,171,63.9,22.5,strongly_alkaline,very_low,medium,medium,very_low,moist,poor
red,6.32,156.1,57.4,191.1,1439,83.6,39.1,slightly_acidic,high,medium,very_high,high_salinity,waterlogged,fair
laterite,4.56,240.2,75.2,215.5,1737,46.5,15.5,strongly_acidic,very_high,medium,very_high,very_high_salinity,optimal,poor
alluvial,7.54,79.5,71.9,150.3,510,25.9,32.6,slightly_alkaline,low,medium,high,normal,dry,good
alluvial,6.58,11.6,116.0,156.5,395,11.8,25.7,neutral,very_low,very_high,high,low,very_dry,fair
sandy,5.66,194.5,123.5,176.8,412,78.3,28.6,slightly_acidic,very_high,very_high,very_high,normal,moist,fair
laterite,7.34,46.6,23.2,207.0,1008,76.9,17.6,neutral,low,very_low,very_high,high_salinity,moist,poor
laterite,6.71,265.6,34.4,83.9,784,35.5,23.8,neutral,very_high,low,medium,normal,dry,good
black_cotton,5.69,134.3,69.0,156.3,200,86.2,20.1,slightly_acidic,high,medium,high,low,waterlogged,good
laterite,7.04,165.0,131.2,63.3,1374,20.1,10.4,neutral,high,very_high,low,high_salinity,dry,fair
alluvial,4.85,145.3,64.0,30.9,542,44.2,29.4,strongly_acidic,high,medium,very_low,normal,optimal,fair
alluvial,5.57,137.3,42.5,92.4,1694,61.3,26.5,slightly_acidic,high,low,medium,very_high_salinity,moist,fair
alluvial,8.49,298.8,136.9,162.8,1503,38.9,10.3,slightly_alkaline,very_high,very_high,very_high,very_high_salinity,dry,fair
black_cotton,8.81,65.2,33.8,23.3,686,43.5,12.3,strongly_alkaline,low,low,very_low,normal,optimal,poor
black_cotton,7.8,208.3,18.1,14.2,473,16.4,33.7,slightly_alkaline,very_high,very_low,very_low,normal,very_dry,fair
sandy,8.78,293.9,65.9,34.1,1957,5.2,31.5,strongly_alkaline,very_high,medium,very_low,very_high_salinity,very_dry,poor
sandy,7.98,111.0,115.3,198.1,1905,43.0,34.2,slightly_alkaline,medium,very_high,very_high,very_high_salinity,optimal,fair
red,5.61,165.1,84.7,65.8,936,78.8,38.0,slightly_acidic,high,high,low,high_salinity,moist,fair
sandy,6.03,248.4,132.3,57.2,2452,92.1,17.1,slightly_acidic,very_high,very_high,low,very_high_salinity,waterlogged,poor
alluvial,5.07,50.7,128.2,172.4,707,44.4,28.1,strongly_acidic,low,very_high,very_high,normal,optimal,fair
laterite,6.76,225.9,41.0,92.0,1235,14.2,14.9,neutral,very_high,low,medium,high_salinity,very_dry,fair
alluvial,7.72,222.9,77.5,118.7,172,46.1,40.4,slightly_alkaline,very_high,medium,high,very_low,optimal,good
sandy,8.62,164.4,38.6,19.8,608,16.6,24.0,strongly_alkaline,high,low,very_low,normal,very_dry,fair
sandy,5.84,279.4,129.4,107.6,91,9.0,25.2,slightly_acidic,very_high,very_high,medium,very_low,very_dry,fair
black_cotton,5.86,211.2,103.4,71.9,1357,55.1,37.0,slightly_acidic,very_high,high,medium,high_salinity,optimal,fair
alluvial,8.41,78.6,33.0,94.6,2271,28.9,36.1,slightly_alkaline,low,low,medium,very_high_salinity,dry,poor
sandy,7.56,60.6,16.7,9.8,956,27.2,35.6,slightly_alkaline,low,very_low,very_low,high_salinity,dry,poor
laterite,5.65,74.8,137.0,155.1,901,84.1,11.2,slightly_acidic,low,very_high,high,high_salinity,waterlogged,fair
red,5.06,148.9,135.4,35.0,279,74.5,36.1,strongly_acidic,high,very_high,very_low,low,moist,poor
red,7.89,157.3,104.6,215.1,2474,78.1,34.8,slightly_alkaline,high,high,very_high,very_high_salinity,moist,good
red,4.8,215.5,30.7,124.8,1258,18.3,32.8,strongly_acidic,very_high,low,high,high_salinity,very_dry,poor
alluvial,6.05,234.8,94.5,82.9,2112,22.9,10.6,slightly_acidic,very_high,high,medium,very_high_salinity,dry,fair
black_cotton,7.1,250.5,10.8,93.3,459,57.8,15.0,neutral,very_high,very_low,medium,normal,optimal,good
red,5.2,150.3,126.8,9.6,832,5.2,25.3,strongly_acidic,high,very_high,very_low,high_salinity,very_dry,poor
sandy,5.52,258.3,38.5,131.4,1952,49.4,22.1,slightly_acidic,very_high,low,high,very_high_salinity,optimal,fair
laterite,8.96,118.5,84.0,210.5,965,79.9,40.1,strongly_alkaline,medium,high,very_high,high_salinity,moist,fair
alluvial,7.95,254.0,109.8,21.8,1320,73.1,26.2,slightly_alkaline,very_high,high,very_low,high_salinity,moist,fair
laterite,6.75,144.8,82.8,169.5,1282,86.5,28.0,neutral,high,high,very_high,high_salinity,waterlogged,good
red,4.78,231.8,45.6,167.5,1009,9.9,24.3,strongly_acidic,very_high,low,very_high,high_salinity,very_dry,poor
sandy,6.44,258.5,93.4,128.1,1431,52.6,19.2,slightly_acidic,very_high,high,high,high_salinity,optimal,good
sandy,5.51,179.2,120.5,29.8,851,87.5,14.7,slightly_acidic,high,very_high,very_low,high_salinity,waterlogged,fair
sandy,5.82,284.0,55.8,93.1,1476,21.9,33.3,slightly_acidic,very_high,medium,medium,high_salinity,dry,fair
laterite,8.31,253.3,127.5,142.1,1513,75.5,13.9,slightly_alkaline,very_high,very_high,high,very_high_salinity,moist,fair
sandy,7.21,47.8,121.9,139.5,1344,71.1,28.6,neutral,low,very_high,high,high_salinity,moist,fair
sandy,4.87,268.7,138.1,186.1,1751,77.6,29.3,strongly_acidic,very_high,very_high,very_high,very_high_salinity,moist,poor
alluvial,6.04,203.6,50.4,142.2,711,13.2,20.4,slightly_acidic,very_high,low,high,normal,very_dry,good
laterite,6.74,294.3,126.4,150.8,159,91.9,40.3,neutral,very_high,very_high,high,very_low,waterlogged,good
red,8.62,225.3,108.7,87.1,1478,45.5,19.9,strongly_alkaline,very_high,high,medium,high_salinity,optimal,fair
alluvial,7.05,47.5,131.7,131.9,1568,76.2,41.5,neutral,low,very_high,high,very_high_salinity,moist,fair
red,6.01,220.8,120.5,195.8,1106,16.1,40.1,slightly_acidic,very_high,very_high,very_high,high_salinity,very_dry,fair
alluvial,4.87,17.1,52.3,104.5,1582,87.3,20.1,strongly_acidic,very_low,low,medium,very_high_salinity,waterlogged,very_poor
alluvial,5.49,204.4,54.7,60.4,1744,10.1,41.0,strongly_acidic,very_high,low,low,very_high_salinity,very_dry,very_poor
black_cotton,7.15,158.5,68.7,116.3,1402,21.8,37.1,neutral,high,medium,high,high_salinity,dry,good
alluvial,5.06,217.3,6.5,87.0,172,13.2,31.3,strongly_acidic,very_high,very_low,medium,very_low,very_dry,poor
black_cotton,8.08,162.6,105.3,105.7,1415,77.2,17.1,slightly_alkaline,high,high,medium,high_salinity,moist,good
alluvial,7.25,6.2,123.5,25.9,1612,14.3,10.0,neutral,very_low,very_high,very_low,very_high_salinity,very_dry,poor
alluvial,4.69,10.5,65.2,88.7,593,68.7,10.0,strongly_acidic,very_low,medium,medium,normal,moist,fair
black_cotton,7.13,295.9,125.7,145.2,1309,76.5,17.9,neutral,very_high,very_high,high,high_salinity,moist,good
sandy,4.75,241.9,6.4,138.5,110,62.4,21.5,strongly_acidic,very_high,very_low,high,very_low,moist,poor
laterite,8.43,170.2,90.5,138.7,2110,32.8,13.2,slightly_alkaline,high,high,high,very_high_salinity,dry,good
sandy,8.09,153.8,16.1,21.0,765,51.0,14.0,slightly_alkaline,high,very_low,very_low,normal,optimal,fair
black_cotton,7.7,122.2,38.6,125.4,1426,45.5,40.9,slightly_alkaline,high,low,high,high_salinity,optimal,good
alluvial,6.57,252.1,41.7,121.6,957,33.1,28.5,neutral,very_high,low,high,high_salinity,dry,fair
sandy,5.74,266.9,89.8,161.0,1426,46.4,41.1,slightly_acidic,very_high,high,very_high,high_salinity,optimal,fair
laterite,7.88,158.2,26.5,35.4,154,37.6,16.7,slightly_alkaline,high,very_low,very_low,very_low,dry,poor
black_cotton,6.45,104.6,137.2,159.5,2155,11.3,23.3,slightly_acidic,medium,very_high,high,very_high_salinity,very_dry,fair
alluvial,4.9,171.5,87.0,49.3,1625,33.4,35.0,strongly_acidic,high,high,low,very_high_salinity,dry,fair
black_cotton,7.63,19.1,71.2,17.0,2097,85.3,39.6,slightly_alkaline,very_low,medium,very_low,very_high_salinity,waterlogged,poor
alluvial,7.08,66.4,17.2,45.9,1101,94.4,15.9,neutral,low,very_low,low,high_salinity,waterlogged,poor
black_cotton,8.6,138.7,107.6,185.7,2401,16.0,38.2,strongly_alkaline,high,high,very_high,very_high_salinity,very_dry,fair
red,8.71,109.5,57.3,177.5,1553,52.2,16.7,strongly_alkaline,medium,medium,very_high,very_high_salinity,optimal,fair
sandy,4.71,28.9,114.1,10.2,2295,60.5,17.1,strongly_acidic,very_low,very_high,very_low,very_high_salinity,moist,very_poor
sandy,7.35,198.5,54.7,175.9,154,54.9,25.6,neutral,very_high,low,very_high,very_low,optimal,fair
alluvial,7.48,285.0,121.8,164.3,1399,74.4,32.7,neutral,very_high,very_high,very_high,high_salinity,moist,fair
sandy,7.85,115.2,103.8,150.7,775,33.6,31.9,slightly_alkaline,medium,high,high,normal,dry,excellent
alluvial,8.72,149.7,128.2,92.6,517,69.3,33.2,strongly_alkaline,high,very_high,medium,normal,moist,good
red,8.76,149.8,104.9,202.2,1341,77.5,38.6,strongly_alkaline,high,high,very_high,high_salinity,moist,fair
laterite,4.64,118.4,5.7,187.5,223,14.9,14.3,strongly_acidic,medium,very_low,very_high,low,very_dry,poor
alluvial,5.41,292.9,15.8,54.7,1697,87.2,38.9,strongly_acidic,very_high,very_low,low,very_high_salinity,waterlogged,very_poor
alluvial,7.92,225.4,131.5,54.4,1604,63.1,22.4,slightly_alkaline,very_high,very_high,low,very_high_salinity,moist,poor
laterite,5.75,113.3,33.0,190.5,1884,71.6,15.1,slightly_acidic,medium,low,very_high,very_high_salinity,moist,poor
laterite,7.38,273.7,74.2,167.8,466,91.0,20.6,neutral,very_high,medium,very_high,normal,waterlogged,good
sandy,6.7,214.0,47.8,176.1,467,23.1,24.8,neutral,very_high,low,very_high,normal,dry,good
alluvial,6.7,261.1,53.6,7.5,908,55.6,37.1,neutral,very_high,low,very_low,high_salinity,optimal,poor
black_cotton,7.33,101.1,6.3,120.7,2133,46.6,27.4,neutral,medium,very_low,high,very_high_salinity,optimal,fair
alluvial,5.4,192.3,53.8,116.2,2273,41.0,12.9,strongly_acidic,very_high,low,high,very_high_salinity,optimal,poor
black_cotton,6.9,49.3,11.2,61.2,1779,14.2,16.7,neutral,low,very_low,low,very_high_salinity,very_dry,poor
red,8.88,269.7,100.2,145.5,2439,91.5,34.9,strongly_alkaline,very_high,high,high,very_high_salinity,waterlogged,fair
black_cotton,7.83,131.8,53.8,141.9,1481,23.1,28.4,slightly_alkaline,high,low,high,high_salinity,dry,good
alluvial,5.3,290.2,90.8,24.6,311,8.7,13.9,strongly_acidic,very_high,high,very_low,low,very_dry,poor
red,7.1,219.3,46.0,37.5,834,12.4,20.2,neutral,very_high,low,very_low,high_salinity,very_dry,poor
red,8.72,166.9,37.9,172.7,2146,14.4,38.7,strongly_alkaline,high,low,very_high,very_high_salinity,very_dry,poor
sandy,8.6,98.7,89.0,94.0,1618,13.1,15.9,strongly_alkaline,medium,high,medium,very_high_salinity,very_dry,fair
red,7.5,62.2,37.8,107.3,2027,46.0,16.7,slightly_alkaline,low,low,medium,very_high_salinity,optimal,poor
red,8.32,50.7,61.5,28.2,947,61.2,40.7,slightly_alkaline,low,medium,very_low,high_salinity,moist,poor
red,7.38,245.3,56.1,89.8,621,44.8,24.2,neutral,very_high,medium,medium,normal,optimal,good
red,5.75,245.8,77.5,79.4,2397,87.4,15.6,slightly_acidic,very_high,medium,medium,very_high_salinity,waterlogged,fair
sandy,7.68,180.6,49.1,201.3,83,82.0,41.3,slightly_alkaline,very_high,low,very_high,very_low,waterlogged,fair
black_cotton,5.14,298.2,15.5,212.5,595,85.2,39.8,strongly_acidic,very_high,very_low,very_high,normal,waterlogged,poor
red,8.12,186.9,34.2,15.1,2192,37.1,16.2,slightly_alkaline,very_high,low,very_low,very_high_salinity,dry,poor
alluvial,5.93,256.3,5.5,219.9,1545,87.8,33.0,slightly_acidic,very_high,very_low,very_high,very_high_salinity,waterlogged,poor
alluvial,7.1,134.1,44.2,135.6,420,20.6,27.0,neutral,high,low,high,normal,dry,excellent
sandy,5.15,279.0,90.7,60.4,1187,68.5,16.5,strongly_acidic,very_high,high,low,high_salinity,moist,poor
sandy,6.75,293.8,85.1,97.3,1657,8.2,36.4,neutral,very_high,high,medium,very_high_salinity,very_dry,good
laterite,7.61,228.5,27.7,121.4,384,11.5,16.3,slightly_alkaline,very_high,very_low,high,low,very_dry,fair
sandy,6.03,242.4,13.6,199.6,1946,90.6,32.7,slightly_acidic,very_high,very_low,very_high,very_high_salinity,waterlogged,poor
red,7.75,91.9,51.4,113.4,1678,23.6,32.4,slightly_alkaline,medium,low,high,very_high_salinity,dry,fair
black_cotton,4.91,245.3,51.9,160.7,718,65.1,23.7,strongly_acidic,very_high,low,very_high,normal,moist,fair
alluvial,6.99,186.9,121.3,132.6,1366,78.9,25.7,neutral,very_high,very_high,high,high_salinity,moist,good
red,4.52,86.1,113.2,193.7,1922,32.1,23.6,strongly_acidic,medium,very_high,very_high,very_high_salinity,dry,poor
sandy,8.23,112.2,135.4,177.8,2453,76.1,39.3,slightly_alkaline,medium,very_high,very_high,very_high_salinity,moist,fair
sandy,6.4,223.7,51.0,175.4,2134,6.0,18.4,slightly_acidic,very_high,low,very_high,very_high_salinity,very_dry,poor
sandy,7.08,93.6,20.3,84.6,630,39.5,25.8,neutral,medium,very_low,medium,normal,dry,good
sandy,4.89,263.1,79.4,133.1,727,60.8,40.1,strongly_acidic,very_high,medium,high,normal,moist,good
laterite,7.21,150.2,20.6,218.4,1687,53.4,35.8,neutral,high,very_low,very_high,very_high_salinity,optimal,fair
sandy,8.79,86.9,46.4,47.8,2484,41.6,40.8,strongly_alkaline,medium,low,low,very_high_salinity,optimal,poor
alluvial,5.34,36.7,131.9,9.6,502,19.9,17.7,strongly_acidic,very_low,very_high,very_low,normal,very_dry,poor
red,8.87,12.2,14.5,217.5,336,16.0,12.1,strongly_alkaline,very_low,very_low,very_high,low,very_dry,poor
laterite,4.73,85.2,97.4,182.0,354,81.0,12.4,strongly_acidic,medium,high,very_high,low,waterlogged,fair
alluvial,5.9,64.0,120.4,100.6,382,66.8,29.1,slightly_acidic,low,very_high,medium,low,moist,fair
alluvial,5.31,37.6,49.9,66.8,1978,81.3,40.6,strongly_acidic,very_low,low,low,very_high_salinity,waterlogged,very_poor
alluvial,8.92,234.9,98.5,90.5,2018,64.5,30.4,strongly_alkaline,very_high,high,medium,very_high_salinity,moist,fair
sandy,4.6,207.2,80.5,104.1,2089,41.9,38.2,strongly_acidic,very_high,high,medium,very_high_salinity,optimal,fair
black_cotton,5.98,70.1,110.2,101.6,1716,79.3,12.9,slightly_acidic,low,very_high,medium,very_high_salinity,moist,poor
sandy,4.56,124.9,13.5,57.0,2151,34.7,21.5,strongly_acidic,high,very_low,low,very_high_salinity,dry,poor
red,8.85,69.8,30.6,143.9,577,81.6,21.2,strongly_alkaline,low,low,high,normal,waterlogged,fair
black_cotton,5.76,82.5,126.9,56.8,901,12.1,36.3,slightly_acidic,medium,very_high,low,high_salinity,very_dry,fair
laterite,8.24,181.6,23.2,132.8,1836,30.5,35.2,slightly_alkaline,very_high,very_low,high,very_high_salinity,dry,fair
black_cotton,7.44,286.9,36.0,187.1,386,50.2,29.8,neutral,very_high,low,very_high,low,optimal,fair
alluvial,5.52,203.2,86.3,86.2,1191,43.9,30.4,slightly_acidic,very_high,high,medium,high_salinity,optimal,fair
red,5.81,130.3,27.6,122.0,1083,18.9,29.1,slightly_acidic,high,very_low,high,high_salinity,very_dry,fair
alluvial,4.69,247.6,42.4,101.6,816,12.6,29.1,strongly_acidic,very_high,low,medium,high_salinity,very_dry,poor
laterite,6.68,54.9,95.3,76.7,266,62.0,20.2,neutral,low,high,medium,low,moist,good
laterite,6.86,119.8,105.2,105.4,934,47.6,26.8,neutral,medium,high,medium,high_salinity,optimal,good
laterite,7.46,218.9,69.2,9.0,1692,93.2,19.8,neutral,very_high,medium,very_low,very_high_salinity,waterlogged,fair
black_cotton,6.27,179.6,91.1,165.0,563,69.8,19.8,slightly_acidic,high,high,very_high,normal,moist,good
black_cotton,8.31,57.5,127.0,119.3,2178,33.7,13.3,slightly_alkaline,low,very_high,high,very_high_salinity,dry,fair
alluvial,5.02,130.3,79.3,145.5,912,22.7,40.3,strongly_acidic,high,medium,high,high_salinity,dry,fair
laterite,6.68,44.0,24.6,26.4,2344,15.7,15.8,neutral,low,very_low,very_low,very_high_salinity,very_dry,poor
alluvial,8.93,49.2,82.0,215.9,2260,84.3,16.4,strongly_alkaline,low,high,very_high,very_high_salinity,waterlogged,poor
red,8.21,268.8,135.5,191.4,958,74.6,26.9,slightly_alkaline,very_high,very_high,very_high,high_salinity,moist,fair
laterite,7.44,72.1,113.8,31.0,1442,6.2,39.7,neutral,low,very_high,very_low,high_salinity,very_dry,poor
laterite,8.53,206.3,53.5,116.1,1956,85.4,23.5,strongly_alkaline,very_high,low,high,very_high_salinity,waterlogged,poor
black_cotton,4.86,158.8,42.7,32.4,668,26.7,11.8,strongly_acidic,high,low,very_low,normal,dry,fair
red,6.7,210.4,19.1,155.0,1376,74.9,33.1,neutral,very_high,very_low,high,high_salinity,moist,fair
laterite,5.82,241.4,51.8,203.2,1640,92.2,34.8,slightly_acidic,very_high,low,very_high,very_high_salinity,waterlogged,poor
black_cotton,5.97,159.9,18.8,85.0,322,30.3,30.5,slightly_acidic,high,very_low,medium,low,dry,fair
red,7.25,50.6,48.1,43.7,318,32.6,10.8,neutral,low,low,low,low,dry,fair
alluvial,7.07,73.1,45.3,68.4,510,83.1,11.1,neutral,low,low,low,normal,waterlogged,fair
red,5.47,234.0,105.7,122.7,2342,23.7,38.3,strongly_acidic,very_high,high,high,very_high_salinity,dry,fair
black_cotton,4.56,103.8,108.8,46.4,362,80.9,22.3,strongly_acidic,medium,high,low,low,waterlogged,fair
laterite,6.43,53.9,75.8,86.4,2293,58.6,40.2,slightly_acidic,low,medium,medium,very_high_salinity,optimal,fair
black_cotton,5.65,293.4,109.5,68.2,1939,55.3,40.1,slightly_acidic,very_high,high,low,very_high_salinity,optimal,fair
black_cotton,8.21,168.7,96.2,191.2,1595,77.7,17.5,slightly_alkaline,high,high,very_high,very_high_salinity,moist,good
sandy,8.88,73.5,9.1,195.9,1105,62.4,26.8,strongly_alkaline,low,very_low,very_high,high_salinity,moist,poor
alluvial,5.39,36.1,46.9,172.5,2332,83.0,16.2,strongly_acidic,very_low,low,very_high,very_high_salinity,waterlogged,very_poor
alluvial,7.31,57.9,33.7,87.8,524,64.5,38.8,neutral,low,low,medium,normal,moist,good
alluvial,7.0,136.8,114.4,63.1,1557,62.7,38.6,neutral,high,very_high,low,very_high_salinity,moist,fair
alluvial,8.66,263.9,108.1,38.9,1818,80.3,22.4,strongly_alkaline,very_high,high,very_low,very_high_salinity,waterlogged,poor
laterite,7.72,106.1,62.9,89.1,708,79.1,15.8,slightly_alkaline,medium,medium,medium,normal,moist,good
laterite,6.64,81.8,43.6,121.6,397,75.1,24.8,neutral,medium,low,high,low,moist,good
black_cotton,5.48,99.2,104.6,194.5,578,87.3,14.9,strongly_acidic,medium,high,very_high,normal,waterlogged,good
red,7.25,86.5,14.0,175.5,1361,8.4,32.8,neutral,medium,very_low,very_high,high_salinity,very_dry,fair
red,5.04,158.7,124.1,182.1,1873,9.0,33.4,strongly_acidic,high,very_high,very_high,very_high_salinity,very_dry,poor
laterite,7.56,110.8,99.5,131.2,2312,77.0,41.0,slightly_alkaline,medium,high,high,very_high_salinity,moist,good
sandy,8.38,175.2,39.8,57.9,1525,83.1,21.3,slightly_alkaline,high,low,low,very_high_salinity,waterlogged,fair
black_cotton,8.67,33.3,64.9,55.8,2105,76.9,19.2,strongly_alkaline,very_low,medium,low,very_high_salinity,moist,poor
laterite,6.08,75.2,58.4,91.9,2292,74.1,13.2,slightly_acidic,low,medium,medium,very_high_salinity,moist,fair
laterite,5.64,243.3,104.4,70.9,1781,25.8,36.7,slightly_acidic,very_high,high,medium,very_high_salinity,dry,fair
laterite,5.22,238.7,33.5,16.4,706,41.3,24.2,strongly_acidic,very_high,low,very_low,normal,optimal,poor
black_cotton,7.12,65.0,113.5,14.0,1521,56.4,33.9,neutral,low,very_high,very_low,very_high_salinity,optimal,poor
alluvial,5.85,247.5,53.6,212.6,786,15.1,11.2,slightly_acidic,very_high,low,very_high,normal,very_dry,fair
black_cotton,5.3,20.6,52.2,167.0,948,17.3,37.3,strongly_acidic,very_low,low,very_high,high_salinity,very_dry,very_poor
sandy,7.71,284.7,99.5,119.2,1079,39.6,34.8,slightly_alkaline,very_high,high,high,high_salinity,dry,good
alluvial,6.46,204.5,31.3,37.7,626,62.5,11.4,slightly_acidic,very_high,low,very_low,normal,moist,fair
alluvial,4.51,169.4,7.5,34.6,1097,42.8,33.0,strongly_acidic,high,very_low,very_low,high_salinity,optimal,poor
sandy,8.77,115.8,75.4,32.5,2427,32.0,34.6,strongly_alkaline,medium,medium,very_low,very_high_salinity,dry,poor
alluvial,8.43,298.1,75.7,104.0,1294,34.1,16.8,slightly_alkaline,very_high,medium,medium,high_salinity,dry,fair
red,8.13,76.0,24.8,71.3,1037,38.8,33.4,slightly_alkaline,low,very_low,medium,high_salinity,dry,poor
laterite,7.48,279.3,20.2,148.2,620,52.1,18.6,neutral,very_high,very_low,high,normal,optimal,good
sandy,8.65,132.7,24.6,89.2,2020,23.4,38.7,strongly_alkaline,high,very_low,medium,very_high_salinity,dry,poor
red,4.7,77.4,138.3,66.6,1759,75.9,17.7,strongly_acidic,low,very_high,low,very_high_salinity,moist,very_poor
alluvial,5.09,271.5,100.1,34.9,1536,72.7,30.4,strongly_acidic,very_high,high,very_low,very_high_salinity,moist,poor
alluvial,8.74,39.3,65.3,179.1,1839,38.1,39.6,strongly_alkaline,very_low,medium,very_high,very_high_salinity,dry,poor
alluvial,6.54,50.1,94.6,89.3,525,55.4,31.1,neutral,low,high,medium,normal,optimal,good
black_cotton,5.51,85.4,8.1,143.4,1123,26.6,41.0,slightly_acidic,medium,very_low,high,high_salinity,dry,fair
red,6.44,55.4,23.0,63.0,1733,33.9,28.5,slightly_acidic,low,very_low,low,very_high_salinity,dry,very_poor
alluvial,5.54,299.5,94.4,97.9,1566,49.0,15.3,slightly_acidic,very_high,high,medium,very_high_salinity,optimal,fair
sandy,8.87,72.2,29.3,52.6,937,73.7,31.1,strongly_alkaline,low,very_low,low,high_salinity,moist,very_poor
alluvial,8.07,208.7,114.5,147.1,504,54.3,15.0,slightly_alkaline,very_high,very_high,high,normal,optimal,good
sandy,7.12,119.9,34.3,41.6,102,33.2,39.9,neutral,medium,low,low,very_low,dry,fair
alluvial,8.98,30.0,96.7,54.9,1627,70.7,12.5,strongly_alkaline,very_low,high,low,very_high_salinity,moist,poor
sandy,7.36,157.5,11.2,17.7,1130,24.7,32.1,neutral,high,very_low,very_low,high_salinity,dry,fair
red,4.54,280.9,96.9,150.5,501,73.0,12.3,strongly_acidic,very_high,high,high,normal,moist,good
red,4.53,13.7,129.8,211.9,1829,7.6,37.2,strongly_acidic,very_low,very_high,very_high,very_high_salinity,very_dry,very_poor
alluvial,6.44,213.9,111.2,211.5,1079,75.4,15.5,slightly_acidic,very_high,very_high,very_high,high_salinity,moist,fair
laterite,8.46,254.4,106.4,6.7,1051,38.4,19.1,slightly_alkaline,very_high,high,very_low,high_salinity,dry,fair
laterite,8.1,9.8,60.9,168.2,2419,34.9,25.1,slightly_alkaline,very_low,medium,very_high,very_high_salinity,dry,poor
black_cotton,6.19,57.9,9.3,100.5,1897,54.3,35.8,slightly_acidic,low,very_low,medium,very_high_salinity,optimal,poor
laterite,6.12,240.5,124.0,175.4,2010,49.6,40.6,slightly_acidic,very_high,very_high,very_high,very_high_salinity,optimal,poor
red,5.07,95.2,11.5,213.3,1387,58.9,24.6,strongly_acidic,medium,very_low,very_high,high_salinity,optimal,poor
red,6.28,206.8,53.2,144.3,1887,27.5,16.5,slightly_acidic,very_high,low,high,very_high_salinity,dry,fair
red,6.38,150.4,126.8,164.1,780,59.8,20.3,slightly_acidic,high,very_high,very_high,normal,optimal,good
sandy,6.77,7.4,56.4,190.5,1024,75.4,19.1,neutral,very_low,medium,very_high,high_salinity,moist,fair
laterite,6.41,240.0,30.5,96.8,492,34.3,15.0,slightly_acidic,very_high,low,medium,normal,dry,fair
red,6.54,213.7,84.0,189.8,2492,76.3,25.6,neutral,very_high,high,very_high,very_high_salinity,moist,fair
black_cotton,6.14,191.7,130.3,89.7,2337,11.9,40.7,slightly_acidic,very_high,very_high,medium,very_high_salinity,very_dry,fair
red,4.85,91.7,136.2,32.6,710,14.0,30.8,strongly_acidic,medium,very_high,very_low,normal,very_dry,fair
alluvial,4.68,229.0,22.3,140.1,2003,61.4,39.9,strongly_acidic,very_high,very_low,high,very_high_salinity,moist,poor
sandy,7.47,226.3,121.8,70.6,1903,19.2,28.8,neutral,very_high,very_high,medium,very_high_salinity,very_dry,fair
red,7.39,286.0,27.8,183.6,866,70.2,24.2,neutral,very_high,very_low,very_high,high_salinity,moist,fair
laterite,7.4,23.4,58.7,154.3,520,39.7,20.3,neutral,very_low,medium,high,normal,dry,good
sandy,5.83,124.6,26.4,88.0,789,30.8,34.2,slightly_acidic,high,very_low,medium,normal,dry,good
laterite,6.71,216.3,41.6,102.2,591,80.4,22.2,neutral,very_high,low,medium,normal,waterlogged,good
sandy,5.28,292.5,121.1,62.0,2328,40.0,25.6,strongly_acidic,very_high,very_high,low,very_high_salinity,optimal,poor
black_cotton,4.51,82.3,48.1,203.9,237,37.7,25.0,strongly_acidic,medium,low,very_high,low,dry,poor
laterite,6.8,184.6,76.4,48.6,481,80.2,21.8,neutral,very_high,medium,low,normal,waterlogged,good
black_cotton,4.61,194.1,61.9,46.2,2292,84.9,36.4,strongly_acidic,very_high,medium,low,very_high_salinity,waterlogged,poor
red,8.17,162.0,30.2,174.3,575,49.4,15.9,slightly_alkaline,high,low,very_high,normal,optimal,good
laterite,8.82,261.7,105.1,79.6,2201,61.2,40.1,strongly_alkaline,very_high,high,medium,very_high_salinity,moist,fair
red,8.4,57.7,86.1,170.3,989,8.1,16.0,slightly_alkaline,low,high,very_high,high_salinity,very_dry,fair
red,5.62,241.9,81.7,58.0,1202,71.5,24.4,slightly_acidic,very_high,high,low,high_salinity,moist,fair
alluvial,5.84,99.3,103.0,32.3,449,71.7,27.6,slightly_acidic,medium,high,very_low,normal,moist,good
sandy,5.98,239.3,119.4,181.6,1047,14.5,41.7,slightly_acidic,very_high,very_high,very_high,high_salinity,very_dry,fair
red,6.0,38.0,30.3,54.7,1118,11.1,29.0,slightly_acidic,very_low,low,low,high_salinity,very_dry,poor
sandy,6.08,134.1,12.4,7.7,2017,14.0,16.2,slightly_acidic,high,very_low,very_low,very_high_salinity,very_dry,poor
laterite,5.37,265.9,111.5,86.1,526,17.9,11.8,strongly_acidic,very_high,very_high,medium,normal,very_dry,fair
red,7.77,160.9,27.9,204.1,178,48.7,28.2,slightly_alkaline,high,very_low,very_high,very_low,optimal,fair
laterite,8.8,62.2,52.9,186.8,1027,40.2,24.4,strongly_alkaline,low,low,very_high,high_salinity,optimal,poor
laterite,6.06,10.9,34.4,144.2,1151,48.5,24.2,slightly_acidic,very_low,low,high,high_salinity,optimal,poor
alluvial,6.5,264.1,92.8,12.0,453,79.2,25.8,neutral,very_high,high,very_low,normal,moist,good
sandy,7.64,190.7,90.2,87.7,1513,39.4,27.5,slightly_alkaline,very_high,high,medium,very_high_salinity,dry,fair
red,6.79,207.7,100.0,26.6,1467,29.4,20.2,neutral,very_high,high,very_low,high_salinity,dry,fair
alluvial,6.6,14.5,52.1,65.0,1796,44.4,39.1,neutral,very_low,low,low,very_high_salinity,optimal,poor
black_cotton,4.74,132.8,77.8,52.5,1415,33.5,23.5,strongly_acidic,high,medium,low,high_salinity,dry,fair
sandy,4.5,274.3,88.4,182.0,2454,14.8,37.1,strongly_acidic,very_high,high,very_high,very_high_salinity,very_dry,poor
sandy,5.77,253.5,23.3,142.9,2177,70.3,15.4,slightly_acidic,very_high,very_low,high,very_high_salinity,moist,poor
red,6.5,230.3,60.8,200.8,352,61.2,10.6,neutral,very_high,medium,very_high,low,moist,good
black_cotton,7.81,15.1,10.6,37.7,2462,73.8,21.5,slightly_alkaline,very_low,very_low,very_low,very_high_salinity,moist,very_poor
red,5.62,53.7,29.7,178.7,1621,7.7,27.2,slightly_acidic,low,very_low,very_high,very_high_salinity,very_dry,poor
sandy,7.0,240.9,23.1,82.6,127,46.9,23.3,neutral,very_high,very_low,medium,very_low,optimal,fair
alluvial,7.07,192.8,93.1,49.7,260,11.0,36.7,neutral,very_high,high,low,low,very_dry,good
sandy,5.12,186.5,81.0,91.5,1420,29.5,16.1,strongly_acidic,very_high,high,medium,high_salinity,dry,fair
black_cotton,5.69,110.0,65.4,65.9,824,56.4,12.2,slightly_acidic,medium,medium,low,high_salinity,optimal,fair
alluvial,5.26,250.3,63.6,157.3,1574,41.7,41.7,strongly_acidic,very_high,medium,high,very_high_salinity,optimal,fair
sandy,6.36,277.0,49.0,135.2,1867,51.5,12.2,slightly_acidic,very_high,low,high,very_high_salinity,optimal,fair
laterite,5.44,114.0,51.4,10.9,1053,73.1,11.1,strongly_acidic,medium,low,very_low,high_salinity,moist,poor
red,6.09,213.9,55.2,166.7,2129,71.4,39.5,slightly_acidic,very_high,medium,very_high,very_high_salinity,moist,fair
sandy,6.46,56.7,46.7,172.8,2179,17.8,13.6,slightly_acidic,low,low,very_high,very_high_salinity,very_dry,poor
black_cotton,6.06,104.8,61.2,7.5,2239,53.1,37.0,slightly_acidic,medium,medium,very_low,very_high_salinity,optimal,poor
sandy,5.93,235.1,84.5,137.2,1489,77.2,13.3,slightly_acidic,very_high,high,high,high_salinity,moist,good
black_cotton,7.22,238.8,29.2,132.3,2176,84.8,12.4,neutral,very_high,very_low,high,very_high_salinity,waterlogged,fair
black_cotton,8.66,11.1,17.1,35.3,647,92.2,32.6,strongly_alkaline,very_low,very_low,very_low,normal,waterlogged,poor
laterite,6.51,159.2,77.3,95.8,888,25.8,12.2,neutral,high,medium,medium,high_salinity,dry,good
black_cotton,6.64,67.2,138.9,127.0,2195,92.7,31.7,neutral,low,very_high,high,very_high_salinity,waterlogged,fair
black_cotton,7.28,37.5,27.0,128.4,1472,20.7,12.1,neutral,very_low,very_low,high,high_salinity,dry,fair
alluvial,7.7,165.7,6.9,160.2,2486,67.4,31.8,slightly_alkaline,high,very_low,very_high,very_high_salinity,moist,fair
red,7.94,35.8,73.0,72.0,2358,80.2,13.4,slightly_alkaline,very_low,medium,medium,very_high_salinity,waterlogged,fair
sandy,5.52,224.5,61.6,72.6,1901,60.4,10.9,slightly_acidic,very_high,medium,medium,very_high_salinity,moist,fair
red,8.69,122.4,36.4,150.8,1537,55.1,25.1,strongly_alkaline,high,low,high,very_high_salinity,optimal,fair
black_cotton,6.05,280.8,130.8,131.0,598,33.9,23.5,slightly_acidic,very_high,very_high,high,normal,dry,good
sandy,6.12,229.1,90.7,22.6,135,63.4,31.6,slightly_acidic,very_high,high,very_low,very_low,moist,fair
alluvial,8.39,84.6,75.2,6.8,297,58.5,11.2,slightly_alkaline,medium,medium,very_low,low,optimal,fair
sandy,4.6,268.1,137.2,150.4,1279,33.6,23.0,strongly_acidic,very_high,very_high,high,high_salinity,dry,fair
alluvial,6.22,139.9,25.6,5.6,691,62.8,20.3,slightly_acidic,high,very_low,very_low,normal,moist,fair
black_cotton,5.49,246.9,109.0,72.7,1098,83.2,28.2,strongly_acidic,very_high,high,medium,high_salinity,waterlogged,fair
alluvial,8.96,234.9,32.9,49.0,1446,77.2,38.1,strongly_alkaline,very_high,low,low,high_salinity,moist,poor
sandy,8.87,260.4,117.0,69.2,335,43.2,14.9,strongly_alkaline,very_high,very_high,low,low,optimal,poor
alluvial,6.5,38.2,106.4,56.0,1583,81.8,34.8,neutral,very_low,high,low,very_high_salinity,waterlogged,fair
alluvial,8.35,80.0,137.4,173.7,472,37.8,19.2,slightly_alkaline,medium,very_high,very_high,normal,dry,good
red,6.88,173.5,134.1,76.0,1629,28.5,19.8,neutral,high,very_high,medium,very_high_salinity,dry,good
sandy,4.7,39.9,106.2,98.9,2417,22.3,16.3,strongly_acidic,very_low,high,medium,very_high_salinity,dry,poor
black_cotton,5.23,254.9,117.4,174.0,2091,75.9,32.5,strongly_acidic,very_high,very_high,very_high,very_high_salinity,moist,poor
laterite,6.66,258.5,19.7,148.7,2238,35.1,22.6,neutral,very_high,very_low,high,very_high_salinity,dry,fair
alluvial,6.9,127.0,88.7,100.0,585,91.2,29.6,neutral,high,high,medium,normal,waterlogged,excellent
red,8.14,28.7,105.9,79.8,185,26.1,12.8,slightly_alkaline,very_low,high,medium,very_low,dry,fair
black_cotton,6.15,193.8,40.0,149.7,567,84.7,32.2,slightly_acidic,very_high,low,high,normal,waterlogged,good
alluvial,7.19,25.0,19.0,26.3,447,84.9,10.6,neutral,very_low,very_low,very_low,normal,waterlogged,poor
laterite,5.71,21.2,49.3,8.6,81,41.5,30.8,slightly_acidic,very_low,low,very_low,very_low,optimal,very_poor
sandy,6.53,242.9,120.3,144.5,200,85.4,12.4,neutral,very_high,very_high,high,low,waterlogged,good
laterite,6.7,214.9,73.5,214.1,286,20.5,24.6,neutral,very_high,medium,very_high,low,dry,good
laterite,6.37,235.8,117.6,141.2,1039,69.5,26.5,slightly_acidic,very_high,very_high,high,high_salinity,moist,fair
red,6.07,141.6,107.8,6.4,1983,52.0,29.9,slightly_acidic,high,high,very_low,very_high_salinity,optimal,fair
alluvial,7.37,166.9,59.2,149.4,304,51.4,33.9,neutral,high,medium,high,low,optimal,excellent
alluvial,6.75,284.7,22.8,176.9,706,89.3,13.7,neutral,very_high,very_low,very_high,normal,waterlogged,fair
laterite,7.07,273.9,87.9,80.6,2314,33.9,32.8,neutral,very_high,high,medium,very_high_salinity,dry,good
sandy,7.98,242.6,94.4,49.1,2316,57.6,31.0,slightly_alkaline,very_high,high,low,very_high_salinity,optimal,fair
red,7.54,124.7,18.6,90.4,777,41.0,37.4,slightly_alkaline,high,very_low,medium,normal,optimal,good
alluvial,6.66,175.0,135.7,35.7,1651,74.7,24.4,neutral,high,very_high,very_low,very_high_salinity,moist,fair
black_cotton,8.25,267.9,18.3,139.7,1861,23.2,31.2,slightly_alkaline,very_high,very_low,high,very_high_salinity,dry,fair
red,5.53,193.4,115.3,140.7,612,65.8,30.2,slightly_acidic,very_high,very_high,high,normal,moist,good
black_cotton,4.89,60.0,116.5,14.0,571,13.0,32.2,strongly_acidic,low,very_high,very_low,normal,very_dry,poor
alluvial,8.49,117.2,73.5,18.9,1791,20.8,22.7,slightly_alkaline,medium,medium,very_low,very_high_salinity,dry,fair
alluvial,5.31,86.6,90.8,160.2,328,17.2,26.6,strongly_acidic,medium,high,very_high,low,very_dry,fair
sandy,8.87,238.3,88.4,146.1,683,23.9,36.3,strongly_alkaline,very_high,high,high,normal,dry,good
laterite,8.13,258.7,41.2,45.0,1015,62.7,22.9,slightly_alkaline,very_high,low,low,high_salinity,moist,poor
laterite,8.17,7.4,120.1,181.5,1734,74.0,38.7,slightly_alkaline,very_low,very_high,very_high,very_high_salinity,moist,poor
sandy,8.56,256.4,8.3,145.3,2177,90.0,40.1,strongly_alkaline,very_high,very_low,high,very_high_salinity,waterlogged,poor
black_cotton,6.98,118.7,44.7,81.3,1553,15.0,19.2,neutral,medium,low,medium,very_high_salinity,very_dry,fair
laterite,5.52,229.8,93.5,159.2,1069,93.8,23.1,slightly_acidic,very_high,high,high,high_salinity,waterlogged,good
laterite,8.06,229.7,20.4,153.9,1424,73.4,19.1,slightly_alkaline,very_high,very_low,high,high_salinity,moist,fair
black_cotton,8.19,243.2,54.5,46.8,815,22.0,12.9,slightly_alkaline,very_high,low,low,high_salinity,dry,poor
alluvial,5.83,13.3,13.1,180.2,1951,25.7,31.9,slightly_acidic,very_low,very_low,very_high,very_high_salinity,dry,very_poor
laterite,6.28,248.0,129.1,140.4,98,59.0,20.8,slightly_acidic,very_high,very_high,high,very_low,optimal,fair
alluvial,8.32,11.7,27.4,119.3,2105,58.1,17.5,slightly_alkaline,very_low,very_low,high,very_high_salinity,optimal,poor
sandy,8.78,145.2,83.4,21.2,2025,16.9,35.9,strongly_alkaline,high,high,very_low,very_high_salinity,very_dry,fair
sandy,6.65,106.3,84.3,42.0,2070,41.1,24.4,neutral,medium,high,low,very_high_salinity,optimal,fair
alluvial,7.85,96.0,20.0,205.3,1089,80.8,41.2,slightly_alkaline,medium,very_low,very_high,high_salinity,waterlogged,fair
alluvial,5.3,32.6,134.2,118.5,1781,68.6,16.3,strongly_acidic,very_low,very_high,high,very_high_salinity,moist,poor
alluvial,5.34,15.1,117.4,146.8,259,22.4,13.1,strongly_acidic,very_low,very_high,high,low,dry,poor
alluvial,5.42,148.3,130.1,100.9,1569,72.8,29.9,strongly_acidic,high,very_high,medium,very_high_salinity,moist,fair
red,7.21,119.5,64.2,212.4,368,77.5,38.9,neutral,medium,medium,very_high,low,moist,good
alluvial,6.61,262.9,38.3,102.7,1397,8.8,29.0,neutral,very_high,low,medium,high_salinity,very_dry,fair
sandy,7.3,71.6,20.5,80.4,761,72.3,20.3,neutral,low,very_low,medium,normal,moist,fair
alluvial,5.95,235.6,64.6,103.4,2264,92.5,34.4,slightly_acidic,very_high,medium,medium,very_high_salinity,waterlogged,fair
red,6.65,44.0,65.4,147.0,1342,22.5,20.6,neutral,low,medium,high,high_salinity,dry,good
alluvial,8.84,278.8,70.0,36.8,1608,20.6,11.5,strongly_alkaline,very_high,medium,very_low,very_high_salinity,dry,poor
red,5.75,134.5,49.4,177.7,639,34.1,36.6,slightly_acidic,high,low,very_high,normal,dry,good
sandy,7.39,290.1,96.3,94.6,2012,87.5,24.1,neutral,very_high,high,medium,very_high_salinity,waterlogged,good
laterite,8.89,208.1,24.1,133.0,2251,33.5,37.2,strongly_alkaline,very_high,very_low,high,very_high_salinity,dry,poor
alluvial,5.36,124.1,133.4,38.3,1656,72.3,15.9,strongly_acidic,high,very_high,very_low,very_high_salinity,moist,poor
black_cotton,8.22,113.0,120.3,139.2,2306,57.2,13.9,slightly_alkaline,medium,very_high,high,very_high_salinity,optimal,fair
alluvial,6.11,247.1,95.6,158.4,1774,26.1,25.7,slightly_acidic,very_high,high,high,very_high_salinity,dry,fair
alluvial,4.57,78.4,21.9,66.9,1379,34.4,31.4,strongly_acidic,low,very_low,low,high_salinity,dry,very_poor
alluvial,5.44,101.2,40.9,97.3,1487,74.3,13.3,strongly_acidic,medium,low,medium,high_salinity,moist,poor
sandy,5.83,280.1,73.6,59.6,1712,30.9,20.0,slightly_acidic,very_high,medium,low,very_high_salinity,dry,poor
laterite,8.95,100.3,68.0,60.3,1435,91.1,41.6,strongly_alkaline,medium,medium,low,high_salinity,waterlogged,fair
alluvial,4.85,183.1,80.1,94.1,921,61.4,36.6,strongly_acidic,very_high,high,medium,high_salinity,moist,fair
sandy,6.0,160.4,101.1,86.7,442,14.7,11.9,slightly_acidic,high,high,medium,normal,very_dry,excellent
sandy,7.54,167.8,39.9,126.4,964,59.4,12.4,slightly_alkaline,high,low,high,high_salinity,optimal,good
sandy,5.16,31.9,100.3,9.6,2163,40.6,38.9,strongly_acidic,very_low,high,very_low,very_high_salinity,optimal,very_poor
sandy,7.4,136.9,127.5,55.2,1888,22.9,26.1,neutral,high,very_high,low,very_high_salinity,dry,fair
black_cotton,8.6,125.4,37.8,109.8,568,11.1,22.0,strongly_alkaline,high,low,medium,normal,very_dry,good
red,6.89,266.8,40.2,99.6,1937,27.9,32.5,neutral,very_high,low,medium,very_high_salinity,dry,fair
red,5.63,201.4,37.7,86.3,954,73.5,41.5,slightly_acidic,very_high,low,medium,high_salinity,moist,fair
red,7.73,65.6,103.4,62.2,1402,94.1,36.3,slightly_alkaline,low,high,low,high_salinity,waterlogged,fair
red,5.75,69.0,133.2,119.8,2178,91.9,39.7,slightly_acidic,low,very_high,high,very_high_salinity,waterlogged,fair
black_cotton,6.45,8.4,138.0,214.6,2398,64.9,34.4,slightly_acidic,very_low,very_high,very_high,very_high_salinity,moist,poor
sandy,8.78,5.1,68.6,197.9,2264,67.3,29.0,strongly_alkaline,very_low,medium,very_high,very_high_salinity,moist,poor
sandy,4.61,184.1,98.7,185.2,168,22.2,22.9,strongly_acidic,very_high,high,very_high,very_low,dry,fair
black_cotton,5.38,151.0,126.2,175.2,2473,36.3,38.7,strongly_acidic,high,very_high,very_high,very_high_salinity,dry,poor
laterite,5.79,195.6,68.9,213.0,1035,12.7,12.0,slightly_acidic,very_high,medium,very_high,high_salinity,very_dry,fair
red,8.85,256.8,74.4,111.4,1266,30.4,16.3,strongly_alkaline,very_high,medium,high,high_salinity,dry,fair
laterite,5.52,218.0,54.9,48.6,1129,37.7,29.8,slightly_acidic,very_high,low,low,high_salinity,dry,poor
laterite,5.0,106.4,73.4,104.3,2091,9.8,10.4,strongly_acidic,medium,medium,medium,very_high_salinity,very_dry,fair
sandy,5.07,135.3,81.2,55.6,2168,64.2,11.5,strongly_acidic,high,high,low,very_high_salinity,moist,fair
alluvial,5.03,30.0,58.7,12.6,2019,79.3,19.3,strongly_acidic,very_low,medium,very_low,very_high_salinity,moist,very_poor
black_cotton,7.61,168.7,113.6,22.7,444,72.1,20.9,slightly_alkaline,high,very_high,very_low,normal,moist,good
laterite,6.97,219.7,37.8,92.0,979,88.9,22.4,neutral,very_high,low,medium,high_salinity,waterlogged,fair
red,7.62,179.8,80.0,139.6,1519,16.0,19.7,slightly_alkaline,high,high,high,very_high_salinity,very_dry,good
alluvial,4.73,90.6,17.1,205.1,1410,48.5,37.4,strongly_acidic,medium,very_low,very_high,high_salinity,optimal,poor
red,4.65,26.5,85.1,49.9,1977,9.5,35.9,strongly_acidic,very_low,high,low,very_high_salinity,very_dry,poor
black_cotton,5.56,279.6,68.7,169.6,2213,72.5,12.9,slightly_acidic,very_high,medium,very_high,very_high_salinity,moist,fair
alluvial,5.7,34.2,114.6,14.1,882,16.4,29.4,slightly_acidic,very_low,very_high,very_low,high_salinity,very_dry,poor
sandy,6.45,129.2,99.8,119.8,823,86.8,22.1,slightly_acidic,high,high,high,high_salinity,waterlogged,good
black_cotton,7.79,238.4,90.6,78.7,1688,82.0,30.9,slightly_alkaline,very_high,high,medium,very_high_salinity,waterlogged,fair
sandy,5.44,97.2,11.6,92.8,747,49.7,12.2,strongly_acidic,medium,very_low,medium,normal,optimal,fair
black_cotton,7.63,232.6,56.7,69.1,1191,23.1,19.7,slightly_alkaline,very_high,medium,low,high_salinity,dry,fair
laterite,8.18,22.9,7.2,92.1,2005,13.6,13.5,slightly_alkaline,very_low,very_low,medium,very_high_salinity,very_dry,poor
alluvial,6.72,297.5,18.2,43.7,1954,17.5,14.1,neutral,very_high,very_low,low,very_high_salinity,very_dry,poor
laterite,4.88,158.1,129.4,83.2,136,54.2,37.2,strongly_acidic,high,very_high,medium,very_low,optimal,fair
red,7.15,98.6,125.0,133.7,823,57.5,27.9,neutral,medium,very_high,high,high_salinity,optimal,good
alluvial,8.87,19.9,91.0,128.3,1166,70.8,28.3,strongly_alkaline,very_low,high,high,high_salinity,moist,fair
laterite,5.54,140.7,64.0,173.2,666,31.8,14.5,slightly_acidic,high,medium,very_high,normal,dry,good
black_cotton,6.41,212.7,130.3,187.7,1092,15.9,37.5,slightly_acidic,very_high,very_high,very_high,high_salinity,very_dry,fair
black_cotton,4.63,107.9,69.4,191.1,1242,52.0,10.6,strongly_acidic,medium,medium,very_high,high_salinity,optimal,fair
alluvial,7.01,138.7,125.6,179.2,886,18.7,13.9,neutral,high,very_high,very_high,high_salinity,very_dry,good
black_cotton,5.52,156.5,26.2,165.2,1403,34.8,38.4,slightly_acidic,high,very_low,very_high,high_salinity,dry,fair
sandy,6.0,42.1,25.7,171.3,2168,35.5,17.9,slightly_acidic,low,very_low,very_high,very_high_salinity,dry,poor
alluvial,4.9,12.9,76.7,160.8,1223,12.4,11.5,strongly_acidic,very_low,medium,very_high,high_salinity,very_dry,poor
alluvial,6.47,248.2,69.5,167.4,761,51.1,28.0,slightly_acidic,very_high,medium,very_high,normal,optimal,good
laterite,7.6,102.7,54.1,158.7,1064,68.1,40.6,slightly_alkaline,medium,low,high,high_salinity,moist,fair
sandy,5.22,66.7,60.3,79.2,2141,32.1,20.8,strongly_acidic,low,medium,medium,very_high_salinity,dry,poor
laterite,7.01,129.4,129.1,177.6,2336,53.4,25.7,neutral,high,very_high,very_high,very_high_salinity,optimal,fair
red,8.71,177.6,132.3,165.5,1404,57.3,20.0,strongly_alkaline,high,very_high,very_high,high_salinity,optimal,fair
red,7.62,36.8,28.0,188.3,264,35.8,20.7,slightly_alkaline,very_low,very_low,very_high,low,dry,poor
black_cotton,7.78,228.2,80.3,142.2,1922,25.2,30.3,slightly_alkaline,very_high,high,high,very_high_salinity,dry,good
sandy,6.33,119.8,72.1,137.0,2225,88.5,38.6,slightly_acidic,medium,medium,high,very_high_salinity,waterlogged,fair
red,6.84,115.7,104.3,184.6,515,47.9,20.1,neutral,medium,high,very_high,normal,optimal,excellent
red,6.87,265.5,88.0,47.3,1099,61.8,37.6,neutral,very_high,high,low,high_salinity,moist,fair
red,7.03,267.5,56.5,216.2,838,22.8,37.3,neutral,very_high,medium,very_high,high_salinity,dry,fair
alluvial,5.64,26.9,54.9,50.1,1453,43.5,18.2,slightly_acidic,very_low,low,low,high_salinity,optimal,poor
red,7.85,125.0,21.4,10.7,614,84.7,24.4,slightly_alkaline,high,very_low,very_low,normal,waterlogged,fair
sandy,6.78,246.0,79.3,16.1,1873,31.0,33.9,neutral,very_high,medium,very_low,very_high_salinity,dry,fair
alluvial,5.34,210.5,121.3,215.2,299,57.5,25.1,strongly_acidic,very_high,very_high,very_high,low,optimal,poor
laterite,5.69,280.8,44.1,206.2,158,48.9,17.4,slightly_acidic,very_high,low,very_high,very_low,optimal,poor
black_cotton,6.23,177.9,122.4,127.8,515,31.9,10.7,slightly_acidic,high,very_high,high,normal,dry,good
sandy,7.85,42.3,105.6,143.2,396,7.9,30.6,slightly_alkaline,low,high,high,low,very_dry,good
alluvial,4.9,162.4,35.2,61.3,1081,31.2,34.9,strongly_acidic,high,low,low,high_salinity,dry,poor
red,8.35,246.6,97.8,77.4,1689,8.5,23.6,slightly_alkaline,very_high,high,medium,very_high_salinity,very_dry,fair
sandy,6.18,99.2,84.4,94.0,2203,16.2,34.1,slightly_acidic,medium,high,medium,very_high_salinity,very_dry,fair
black_cotton,4.7,152.6,126.1,96.8,1426,21.5,19.5,strongly_acidic,high,very_high,medium,high_salinity,dry,fair
laterite,5.62,254.8,136.1,144.2,1267,9.5,12.5,slightly_acidic,very_high,very_high,high,high_salinity,very_dry,fair
laterite,7.39,110.3,45.5,31.6,2005,93.7,26.8,neutral,medium,low,very_low,very_high_salinity,waterlogged,poor
red,7.2,173.1,102.2,120.6,666,75.6,39.6,neutral,high,high,high,normal,moist,excellent
sandy,6.24,217.4,102.8,177.9,226,43.8,26.5,slightly_acidic,very_high,high,very_high,low,optimal,fair
sandy,8.49,145.3,20.8,203.3,691,40.9,16.5,slightly_alkaline,high,very_low,very_high,normal,optimal,good
sandy,6.47,129.5,9.7,204.3,1957,66.5,32.1,slightly_acidic,high,very_low,very_high,very_high_salinity,moist,poor
sandy,4.67,151.9,29.5,164.5,1095,12.8,15.4,strongly_acidic,high,very_low,very_high,high_salinity,very_dry,poor
sandy,6.27,263.9,12.0,128.8,1577,81.6,34.3,slightly_acidic,very_high,very_low,high,very_high_salinity,waterlogged,poor
alluvial,5.83,103.7,9.5,182.4,1898,94.2,17.6,slightly_acidic,medium,very_low,very_high,very_high_salinity,waterlogged,poor
laterite,5.34,219.5,52.4,148.6,250,37.6,23.3,strongly_acidic,very_high,low,high,low,dry,fair
alluvial,8.87,272.4,45.8,84.2,563,15.2,33.5,strongly_alkaline,very_high,low,medium,normal,very_dry,fair
laterite,8.9,268.1,73.7,133.6,2303,21.1,31.1,strongly_alkaline,very_high,medium,high,very_high_salinity,dry,fair
sandy,6.93,26.9,18.7,162.9,1842,82.3,38.8,neutral,very_low,very_low,very_high,very_high_salinity,waterlogged,poor
laterite,8.14,246.0,94.4,117.9,1376,58.7,26.4,slightly_alkaline,very_high,high,high,high_salinity,optimal,good
alluvial,7.14,90.9,55.0,122.9,830,46.3,35.8,neutral,medium,medium,high,high_salinity,optimal,good
black_cotton,8.28,174.9,21.6,146.9,2171,80.9,26.1,slightly_alkaline,high,very_low,high,very_high_salinity,waterlogged,fair
laterite,6.0,269.3,55.7,67.5,839,70.3,32.9,slightly_acidic,very_high,medium,low,high_salinity,moist,fair
alluvial,4.76,141.4,75.0,33.8,2297,58.3,12.2,strongly_acidic,high,medium,very_low,very_high_salinity,optimal,poor
alluvial,5.58,77.5,23.4,29.1,686,54.7,20.6,slightly_acidic,low,very_low,very_low,normal,optimal,poor
red,8.11,139.7,75.8,8.4,2439,24.3,35.9,slightly_alkaline,high,medium,very_low,very_high_salinity,dry,fair
alluvial,5.25,24.7,88.5,150.2,1588,13.0,16.6,strongly_acidic,very_low,high,high,very_high_salinity,very_dry,poor
alluvial,5.34,135.2,44.9,148.3,1225,51.0,27.2,strongly_acidic,high,low,high,high_salinity,optimal,fair
black_cotton,8.44,242.7,21.9,7.0,2482,44.9,26.9,slightly_alkaline,very_high,very_low,very_low,very_high_salinity,optimal,poor
black_cotton,7.95,49.4,30.4,20.1,2009,59.4,14.8,slightly_alkaline,low,low,very_low,very_high_salinity,optimal,poor
laterite,5.03,80.5,34.4,201.2,2381,33.4,33.2,strongly_acidic,medium,low,very_high,very_high_salinity,dry,poor
black_cotton,6.81,98.5,97.6,117.2,1340,15.1,23.1,neutral,medium,high,high,high_salinity,very_dry,good
red,6.23,175.8,134.1,216.4,1657,8.1,37.7,slightly_acidic,high,very_high,very_high,very_high_salinity,very_dry,fair
red,8.45,179.7,63.8,11.5,1712,79.6,19.6,slightly_alkaline,high,medium,very_low,very_high_salinity,moist,fair
alluvial,7.3,49.6,78.9,109.2,1684,14.2,40.6,neutral,low,medium,medium,very_high_salinity,very_dry,fair
laterite,7.8,17.4,119.3,114.6,938,66.8,13.2,slightly_alkaline,very_low,very_high,high,high_salinity,moist,fair
red,6.32,27.0,98.4,8.1,1515,58.8,14.2,slightly_acidic,very_low,high,very_low,very_high_salinity,optimal,poor
black_cotton,8.85,98.9,13.2,143.1,2110,15.0,23.6,strongly_alkaline,medium,very_low,high,very_high_salinity,very_dry,poor
black_cotton,6.88,251.9,92.0,185.7,665,7.6,35.8,neutral,very_high,high,very_high,normal,very_dry,good
laterite,5.18,161.8,112.9,12.5,1029,23.1,40.3,strongly_acidic,high,very_high,very_low,high_salinity,dry,poor
alluvial,7.86,191.3,71.4,65.1,1629,31.6,32.9,slightly_alkaline,very_high,medium,low,very_high_salinity,dry,fair
red,5.99,249.5,14.1,44.2,768,77.8,31.7,slightly_acidic,very_high,very_low,low,normal,moist,fair
laterite,7.76,163.7,118.7,164.3,161,50.2,33.0,slightly_alkaline,high,very_high,very_high,very_low,optimal,fair
laterite,5.09,242.4,21.9,164.8,211,39.8,35.6,strongly_acidic,very_high,very_low,very_high,low,dry,poor
alluvial,7.04,231.6,18.1,48.7,2202,56.2,35.9,neutral,very_high,very_low,low,very_high_salinity,optimal,poor
alluvial,6.31,201.4,95.1,58.2,2270,69.6,29.1,slightly_acidic,very_high,high,low,very_high_salinity,moist,fair
sandy,6.2,192.9,89.1,106.4,1460,94.0,34.1,slightly_acidic,very_high,high,medium,high_salinity,waterlogged,fair
red,8.28,178.8,133.9,48.0,291,39.4,10.3,slightly_alkaline,high,very_high,low,low,dry,fair
alluvial,6.49,158.1,16.7,136.0,208,19.6,17.4,slightly_acidic,high,very_low,high,low,very_dry,fair
sandy,6.89,109.6,16.0,59.3,2396,37.3,15.7,neutral,medium,very_low,low,very_high_salinity,dry,poor
alluvial,6.56,117.2,67.9,56.0,554,68.1,41.6,neutral,medium,medium,low,normal,moist,good
red,5.78,212.4,126.6,29.5,1603,42.8,17.1,slightly_acidic,very_high,very_high,very_low,very_high_salinity,optimal,poor
alluvial,8.75,209.2,126.2,10.4,1280,14.3,11.9,strongly_alkaline,very_high,very_high,very_low,high_salinity,very_dry,poor
sandy,6.08,116.8,36.3,139.3,2128,8.7,27.1,slightly_acidic,medium,low,high,very_high_salinity,very_dry,fair
sandy,8.78,299.9,32.8,162.1,611,69.7,20.7,strongly_alkaline,very_high,low,very_high,normal,moist,fair
laterite,8.21,217.5,123.3,178.0,230,36.6,30.4,slightly_alkaline,very_high,very_high,very_high,low,dry,fair
black_cotton,4.91,150.3,38.7,135.2,2275,28.5,26.4,strongly_acidic,high,low,high,very_high_salinity,dry,fair
laterite,7.69,122.4,32.9,28.1,1135,84.0,15.0,slightly_alkaline,high,low,very_low,high_salinity,waterlogged,fair
sandy,6.89,130.0,39.6,216.9,1064,54.0,36.4,neutral,high,low,very_high,high_salinity,optimal,fair
red,7.78,228.9,85.3,7.9,1453,6.0,27.6,slightly_alkaline,very_high,high,very_low,high_salinity,very_dry,fair
red,6.21,50.9,115.0,81.3,1169,75.1,10.3,slightly_acidic,low,very_high,medium,high_salinity,moist,fair
red,5.63,253.3,52.1,111.6,864,93.1,31.5,slightly_acidic,very_high,low,high,high_salinity,waterlogged,fair
sandy,7.33,189.8,118.1,148.1,912,5.3,34.0,neutral,very_high,very_high,high,high_salinity,very_dry,good
alluvial,8.59,201.3,64.0,38.6,1941,68.4,12.2,strongly_alkaline,very_high,medium,very_low,very_high_salinity,moist,poor
laterite,7.77,154.4,42.3,56.9,486,68.1,11.6,slightly_alkaline,high,low,low,normal,moist,good
laterite,6.59,213.0,56.3,54.0,563,57.0,17.0,neutral,very_high,medium,low,normal,optimal,good
laterite,5.85,270.0,24.8,139.4,1906,85.2,12.6,slightly_acidic,very_high,very_low,high,very_high_salinity,waterlogged,poor
sandy,5.0,201.1,20.3,149.8,286,66.1,34.4,strongly_acidic,very_high,very_low,high,low,moist,poor
sandy,4.67,13.7,11.9,52.8,2246,83.6,33.1,strongly_acidic,very_low,very_low,low,very_high_salinity,waterlogged,very_poor
alluvial,7.45,239.2,92.1,216.6,737,48.3,11.2,neutral,very_high,high,very_high,normal,optimal,good
sandy,5.73,99.2,115.9,163.9,1134,35.9,26.1,slightly_acidic,medium,very_high,very_high,high_salinity,dry,fair
black_cotton,6.82,100.3,67.2,210.4,2431,6.1,36.8,neutral,medium,medium,very_high,very_high_salinity,very_dry,fair
sandy,4.68,68.6,94.1,178.6,1132,48.9,20.1,strongly_acidic,low,high,very_high,high_salinity,optimal,poor
alluvial,6.22,192.0,91.6,215.9,1527,58.5,29.9,slightly_acidic,very_high,high,very_high,very_high_salinity,optimal,fair
alluvial,7.81,58.4,57.7,86.2,179,54.8,12.9,slightly_alkaline,low,medium,medium,very_low,optimal,fair
alluvial,5.45,15.6,126.3,206.1,2232,61.4,39.7,strongly_acidic,very_low,very_high,very_high,very_high_salinity,moist,very_poor
red,5.55,180.8,7.4,156.7,2016,88.9,37.4,slightly_acidic,very_high,very_low,high,very_high_salinity,waterlogged,poor
alluvial,5.68,228.4,135.6,212.0,249,75.1,34.7,slightly_acidic,very_high,very_high,very_high,low,moist,fair
laterite,4.68,214.1,56.5,203.7,1932,88.9,11.6,strongly_acidic,very_high,medium,very_high,very_high_salinity,waterlogged,poor
laterite,6.19,53.8,82.5,23.0,2055,68.4,36.0,slightly_acidic,low,high,very_low,very_high_salinity,moist,poor
black_cotton,6.37,225.1,126.0,188.0,1638,91.6,25.7,slightly_acidic,very_high,very_high,very_high,very_high_salinity,waterlogged,poor
laterite,6.72,117.3,69.8,146.0,880,43.2,17.8,neutral,medium,medium,high,high_salinity,optimal,good
black_cotton,7.86,221.4,81.4,104.0,809,20.8,33.8,slightly_alkaline,very_high,high,medium,high_salinity,dry,good
red,9.0,87.0,30.4,175.5,1389,83.5,30.5,strongly_alkaline,medium,low,very_high,high_salinity,waterlogged,poor
laterite,5.7,226.4,123.3,85.7,519,23.9,19.5,slightly_acidic,very_high,very_high,medium,normal,dry,good
red,8.65,250.1,125.3,139.9,1264,19.9,20.2,strongly_alkaline,very_high,very_high,high,high_salinity,very_dry,fair
sandy,5.74,208.2,130.3,201.9,460,50.1,23.1,slightly_acidic,very_high,very_high,very_high,normal,optimal,fair
alluvial,5.6,292.6,111.5,23.5,1750,68.0,23.1,slightly_acidic,very_high,very_high,very_low,very_high_salinity,moist,poor
black_cotton,7.81,205.4,52.5,167.7,1218,7.4,28.4,slightly_alkaline,very_high,low,very_high,high_salinity,very_dry,fair
red,5.14,22.6,119.3,98.0,1119,33.0,10.9,strongly_acidic,very_low,very_high,medium,high_salinity,dry,poor
red,8.62,45.3,82.8,91.1,1885,51.8,40.8,strongly_alkaline,low,high,medium,very_high_salinity,optimal,fair
red,5.82,237.3,129.4,211.4,1192,38.4,35.6,slightly_acidic,very_high,very_high,very_high,high_salinity,dry,fair
laterite,7.78,145.7,31.4,167.7,1205,15.0,26.6,slightly_alkaline,high,low,very_high,high_salinity,very_dry,fair
black_cotton,8.06,17.2,128.8,68.3,1508,32.7,34.3,slightly_alkaline,very_low,very_high,low,very_high_salinity,dry,poor
black_cotton,8.17,111.9,105.9,35.7,2148,89.6,42.0,slightly_alkaline,medium,high,very_low,very_high_salinity,waterlogged,fair
laterite,7.0,177.0,65.0,192.3,1842,86.7,22.8,neutral,high,medium,very_high,very_high_salinity,waterlogged,good
black_cotton,7.53,229.5,138.7,185.8,2170,41.6,29.3,slightly_alkaline,very_high,very_high,very_high,very_high_salinity,optimal,fair
alluvial,8.18,190.9,58.1,134.6,2043,63.0,23.5,slightly_alkaline,very_high,medium,high,very_high_salinity,moist,fair
sandy,7.32,61.4,6.5,42.4,1242,29.8,40.8,neutral,low,very_low,low,high_salinity,dry,poor
alluvial,7.36,165.1,29.6,96.7,2392,88.5,16.6,neutral,high,very_low,medium,very_high_salinity,waterlogged,fair
black_cotton,7.41,17.8,130.9,117.7,566,13.7,38.0,neutral,very_low,very_high,high,normal,very_dry,good
alluvial,6.68,81.4,18.7,193.7,2130,10.2,39.5,neutral,medium,very_low,very_high,very_high_salinity,very_dry,fair
laterite,5.58,208.0,26.1,113.9,2011,8.6,29.6,slightly_acidic,very_high,very_low,high,very_high_salinity,very_dry,poor
laterite,7.93,247.3,44.9,6.3,368,83.3,28.3,slightly_alkaline,very_high,low,very_low,low,waterlogged,poor
sandy,5.02,200.6,93.3,148.3,352,87.7,27.8,strongly_acidic,very_high,high,high,low,waterlogged,fair
black_cotton,5.94,247.7,62.6,6.5,1424,83.0,38.7,slightly_acidic,very_high,medium,very_low,high_salinity,waterlogged,poor
laterite,4.69,120.0,109.3,198.0,1495,10.5,14.4,strongly_acidic,high,high,very_high,high_salinity,very_dry,fair
alluvial,8.04,241.4,82.9,166.2,1914,75.6,19.6,slightly_alkaline,very_high,high,very_high,very_high_salinity,moist,fair
sandy,5.31,57.8,123.9,116.6,701,78.5,28.9,strongly_acidic,low,very_high,high,normal,moist,fair
laterite,6.13,76.6,83.9,101.6,447,52.0,14.4,slightly_acidic,low,high,medium,normal,optimal,good
red,5.21,277.8,79.1,85.7,1523,18.8,36.9,strongly_acidic,very_high,medium,medium,very_high_salinity,very_dry,poor
red,6.45,254.2,70.6,53.7,1426,84.3,25.8,slightly_acidic,very_high,medium,low,high_salinity,waterlogged,fair
alluvial,5.13,248.6,64.2,214.9,384,77.0,27.3,strongly_acidic,very_high,medium,very_high,low,moist,fair
alluvial,6.45,288.1,84.2,59.0,1268,42.4,41.6,slightly_acidic,very_high,high,low,high_salinity,optimal,fair
laterite,5.27,63.8,20.2,13.6,786,74.8,10.1,strongly_acidic,low,very_low,very_low,normal,moist,poor
sandy,7.59,37.5,132.5,89.5,2040,36.7,21.1,slightly_alkaline,very_low,very_high,medium,very_high_salinity,dry,poor
black_cotton,6.09,168.5,53.9,58.0,1579,84.8,32.4,slightly_acidic,high,low,low,very_high_salinity,waterlogged,poor
sandy,8.72,236.0,11.0,66.4,1986,78.1,31.3,strongly_alkaline,very_high,very_low,low,very_high_salinity,moist,very_poor
sandy,6.72,166.4,36.4,185.7,1185,37.2,20.5,neutral,high,low,very_high,high_salinity,dry,fair
sandy,6.3,286.7,29.1,73.1,1271,57.0,36.2,slightly_acidic,very_high,very_low,medium,high_salinity,optimal,poor
laterite,7.69,57.3,33.6,196.7,2401,20.3,19.9,slightly_alkaline,low,low,very_high,very_high_salinity,dry,poor
sandy,7.2,205.4,75.4,100.4,1092,84.0,30.1,neutral,very_high,medium,medium,high_salinity,waterlogged,good
red,9.0,294.5,112.9,7.7,2249,17.6,31.0,strongly_alkaline,very_high,very_high,very_low,very_high_salinity,very_dry,poor
sandy,5.08,43.1,105.9,191.4,2322,92.5,11.7,strongly_acidic,low,high,very_high,very_high_salinity,waterlogged,poor
laterite,5.22,225.9,129.9,31.3,1005,21.7,24.4,strongly_acidic,very_high,very_high,very_low,high_salinity,dry,poor
red,5.54,286.7,26.9,168.1,566,43.5,21.6,slightly_acidic,very_high,very_low,very_high,normal,optimal,fair
laterite,7.93,175.2,138.2,119.8,2114,49.7,18.2,slightly_alkaline,high,very_high,high,very_high_salinity,optimal,good
alluvial,7.13,144.8,76.5,210.0,2477,6.2,31.1,neutral,high,medium,very_high,very_high_salinity,very_dry,good
laterite,5.66,52.3,92.6,34.6,1377,14.2,22.6,slightly_acidic,low,high,very_low,high_salinity,very_dry,poor
sandy,7.92,175.8,78.1,179.6,1634,76.8,28.6,slightly_alkaline,high,medium,very_high,very_high_salinity,moist,fair
laterite,7.08,227.4,77.5,177.3,1347,22.7,14.1,neutral,very_high,medium,very_high,high_salinity,dry,fair
laterite,4.62,153.6,16.6,51.0,254,23.4,22.5,strongly_acidic,high,very_low,low,low,dry,poor
red,4.79,192.9,18.9,187.9,160,66.8,32.4,strongly_acidic,very_high,very_low,very_high,very_low,moist,poor
alluvial,4.68,210.5,81.9,38.4,490,19.2,26.0,strongly_acidic,very_high,high,very_low,normal,very_dry,fair
alluvial,5.36,82.7,91.0,84.1,1783,60.8,19.5,strongly_acidic,medium,high,medium,very_high_salinity,moist,fair
sandy,5.82,283.1,121.6,5.7,1648,27.4,27.7,slightly_acidic,very_high,very_high,very_low,very_high_salinity,dry,poor
black_cotton,6.96,24.4,91.9,190.5,467,72.2,12.5,neutral,very_low,high,very_high,normal,moist,good
red,7.53,273.9,24.5,151.8,100,79.3,21.5,slightly_alkaline,very_high,very_low,high,very_low,moist,fair
red,5.63,286.9,60.1,28.3,1544,62.9,20.4,slightly_acidic,very_high,medium,very_low,very_high_salinity,moist,poor
alluvial,6.65,170.4,133.9,37.8,1564,62.2,35.2,neutral,high,very_high,very_low,very_high_salinity,moist,fair
black_cotton,7.05,269.9,62.8,208.0,1727,26.0,31.0,neutral,very_high,medium,very_high,very_high_salinity,dry,fair
laterite,4.92,102.8,100.1,204.7,2212,45.6,37.3,strongly_acidic,medium,high,very_high,very_high_salinity,optimal,fair
sandy,5.74,230.6,92.4,66.0,498,38.5,28.6,slightly_acidic,very_high,high,low,normal,dry,good
sandy,7.88,240.2,124.8,171.5,1009,15.6,18.5,slightly_alkaline,very_high,very_high,very_high,high_salinity,very_dry,fair
alluvial,7.09,143.8,119.9,18.2,106,20.6,27.6,neutral,high,very_high,very_low,very_low,dry,fair
sandy,6.68,75.8,107.7,22.6,699,64.2,35.7,neutral,low,high,very_low,normal,moist,good
sandy,6.32,202.9,60.4,78.7,768,76.2,35.5,slightly_acidic,very_high,medium,medium,normal,moist,good
red,5.15,146.8,128.5,41.4,1122,64.2,26.0,strongly_acidic,high,very_high,low,high_salinity,moist,poor
black_cotton,7.29,217.9,42.6,153.7,1844,66.0,28.5,neutral,very_high,low,high,very_high_salinity,moist,fair
alluvial,8.25,161.7,116.2,32.7,712,56.4,40.3,slightly_alkaline,high,very_high,very_low,normal,optimal,good
red,5.65,276.8,91.5,186.7,1716,14.4,10.2,slightly_acidic,very_high,high,very_high,very_high_salinity,very_dry,fair
alluvial,7.69,278.8,132.8,97.7,2496,80.5,23.3,slightly_alkaline,very_high,very_high,medium,very_high_salinity,waterlogged,fair
alluvial,6.18,73.8,126.1,173.3,1873,89.2,39.4,slightly_acidic,low,very_high,very_high,very_high_salinity,waterlogged,poor
alluvial,6.38,129.9,125.3,31.8,2268,52.2,25.5,slightly_acidic,high,very_high,very_low,very_high_salinity,optimal,poor
alluvial,5.96,278.0,65.2,204.4,1383,29.6,34.8,slightly_acidic,very_high,medium,very_high,high_salinity,dry,fair
sandy,5.25,169.7,47.8,66.1,1999,85.2,14.8,strongly_acidic,high,low,low,very_high_salinity,waterlogged,poor
alluvial,7.65,275.2,92.6,44.8,520,38.0,25.0,slightly_alkaline,very_high,high,low,normal,dry,good
black_cotton,6.51,168.7,42.5,86.1,1672,36.8,12.2,neutral,high,low,medium,very_high_salinity,dry,fair
red,4.86,190.5,60.0,200.7,2249,76.4,32.2,strongly_acidic,very_high,medium,very_high,very_high_salinity,moist,poor
red,7.33,100.5,97.4,204.6,2299,8.1,20.8,neutral,medium,high,very_high,very_high_salinity,very_dry,good
black_cotton,7.06,13.3,127.7,46.6,1851,81.8,24.0,neutral,very_low,very_high,low,very_high_salinity,waterlogged,poor
alluvial,7.77,297.1,76.5,39.9,956,34.1,36.4,slightly_alkaline,very_high,medium,very_low,high_salinity,dry,fair
sandy,4.69,215.9,116.4,162.2,300,83.3,21.4,strongly_acidic,very_high,very_high,very_high,low,waterlogged,poor
alluvial,6.36,44.8,125.4,165.6,1813,54.4,26.7,slightly_acidic,low,very_high,very_high,very_high_salinity,optimal,poor
red,6.63,283.2,103.3,122.9,806,47.1,19.8,neutral,very_high,high,high,high_salinity,optimal,good
sandy,6.07,180.4,95.2,209.4,1445,57.3,17.6,slightly_acidic,very_high,high,very_high,high_salinity,optimal,fair
black_cotton,5.76,223.1,76.6,188.1,1621,37.6,29.9,slightly_acidic,very_high,medium,very_high,very_high_salinity,dry,fair
alluvial,8.39,51.4,105.7,95.8,2110,93.8,35.0,slightly_alkaline,low,high,medium,very_high_salinity,waterlogged,fair
black_cotton,8.26,141.6,102.1,141.6,1913,50.2,23.5,slightly_alkaline,high,high,high,very_high_salinity,optimal,good
red,6.17,265.7,134.8,14.8,461,23.9,12.3,slightly_acidic,very_high,very_high,very_low,normal,dry,fair
red,6.23,264.2,39.2,178.2,355,68.3,19.2,slightly_acidic,very_high,low,very_high,low,moist,fair
red,4.73,253.4,71.4,7.2,881,16.8,11.4,strongly_acidic,very_high,medium,very_low,high_salinity,very_dry,poor
black_cotton,6.24,251.1,49.4,199.1,1283,51.6,11.0,slightly_acidic,very_high,low,very_high,high_salinity,optimal,poor
laterite,5.51,107.9,30.2,142.4,2318,16.7,17.8,slightly_acidic,medium,low,high,very_high_salinity,very_dry,fair
sandy,6.2,171.2,17.0,209.3,521,61.6,10.9,slightly_acidic,high,very_low,very_high,normal,moist,fair
red,8.19,285.6,73.8,139.9,961,59.9,17.4,slightly_alkaline,very_high,medium,high,high_salinity,optimal,good
red,6.07,22.8,49.5,19.0,634,57.6,13.3,slightly_acidic,very_low,low,very_low,normal,optimal,poor
red,6.23,143.4,33.2,131.8,2159,9.4,11.4,slightly_acidic,high,low,high,very_high_salinity,very_dry,fair
laterite,8.8,237.0,63.4,174.3,366,51.1,12.4,strongly_alkaline,very_high,medium,very_high,low,optimal,fair
black_cotton,7.54,214.6,82.1,134.5,2471,64.1,11.2,slightly_alkaline,very_high,high,high,very_high_salinity,moist,good
alluvial,4.82,260.4,68.6,83.8,2388,26.4,27.5,strongly_acidic,very_high,medium,medium,very_high_salinity,dry,poor
red,8.89,73.5,109.3,188.9,2041,80.9,18.5,strongly_alkaline,low,high,very_high,very_high_salinity,waterlogged,poor
black_cotton,6.45,199.1,8.2,85.2,1268,12.2,22.0,slightly_acidic,very_high,very_low,medium,high_salinity,very_dry,poor
laterite,4.53,194.8,26.1,217.7,363,69.6,14.1,strongly_acidic,very_high,very_low,very_high,low,moist,poor
black_cotton,8.9,37.5,97.5,120.9,1892,50.5,36.4,strongly_alkaline,very_low,high,high,very_high_salinity,optimal,fair
sandy,8.57,83.4,14.8,60.8,403,77.1,32.6,strongly_alkaline,medium,very_low,low,normal,moist,fair
laterite,5.09,59.0,79.9,126.1,774,85.9,13.4,strongly_acidic,low,medium,high,normal,waterlogged,fair
alluvial,7.17,59.8,67.7,129.8,1339,62.1,29.6,neutral,low,medium,high,high_salinity,moist,good
red,5.49,257.8,126.5,146.6,2314,60.7,36.9,strongly_acidic,very_high,very_high,high,very_high_salinity,moist,poor
sandy,8.18,169.8,96.5,81.9,1289,87.2,27.6,slightly_alkaline,high,high,medium,high_salinity,waterlogged,good
alluvial,7.0,65.1,16.9,183.1,396,84.4,17.1,neutral,low,very_low,very_high,low,waterlogged,fair
laterite,6.35,97.4,125.6,63.9,885,74.8,37.4,slightly_acidic,medium,very_high,low,high_salinity,moist,fair
red,6.41,295.2,85.5,69.6,693,20.0,36.0,slightly_acidic,very_high,high,low,normal,dry,good
alluvial,8.77,266.7,83.3,90.5,1680,61.6,13.4,strongly_alkaline,very_high,high,medium,very_high_salinity,moist,fair
black_cotton,8.13,171.9,81.4,70.1,1229,91.6,17.3,slightly_alkaline,high,high,medium,high_salinity,waterlogged,good
sandy,5.54,41.9,93.7,148.0,1863,65.0,22.2,slightly_acidic,low,high,high,very_high_salinity,moist,fair
laterite,6.56,280.1,95.1,70.2,1550,77.5,19.6,neutral,very_high,high,medium,very_high_salinity,moist,good
black_cotton,8.19,212.8,104.0,149.4,1239,54.8,35.4,slightly_alkaline,very_high,high,high,high_salinity,optimal,good
black_cotton,8.1,196.0,29.2,201.2,1583,17.1,32.8,slightly_alkaline,very_high,very_low,very_high,very_high_salinity,very_dry,poor
alluvial,4.53,242.5,49.6,51.0,2354,74.8,27.5,strongly_acidic,very_high,low,low,very_high_salinity,moist,very_poor
sandy,6.45,129.9,67.0,39.7,569,7.5,38.5,slightly_acidic,high,medium,very_low,normal,very_dry,good
red,6.83,13.6,36.9,51.7,833,70.0,32.1,neutral,very_low,low,low,high_salinity,moist,poor
sandy,5.48,245.1,43.0,155.6,1335,70.7,40.4,strongly_acidic,very_high,low,high,high_salinity,moist,poor
red,7.05,188.2,67.9,144.1,1264,8.4,39.8,neutral,very_high,medium,high,high_salinity,very_dry,good
alluvial,6.66,92.9,14.7,88.2,1051,48.5,12.9,neutral,medium,very_low,medium,high_salinity,optimal,fair
alluvial,8.12,195.0,94.2,135.9,1459,66.2,33.4,slightly_alkaline,very_high,high,high,high_salinity,moist,good
alluvial,8.3,108.9,74.4,27.8,1104,62.4,27.4,slightly_alkaline,medium,medium,very_low,high_salinity,moist,fair
red,6.82,277.5,111.4,140.7,748,71.5,23.9,neutral,very_high,very_high,high,normal,moist,good
red,8.46,217.5,118.6,191.0,682,71.0,25.7,slightly_alkaline,very_high,very_high,very_high,normal,moist,good
black_cotton,6.34,222.1,26.2,64.8,2263,61.1,34.8,slightly_acidic,very_high,very_low,low,very_high_salinity,moist,poor
black_cotton,4.71,247.0,37.2,200.5,790,28.8,24.5,strongly_acidic,very_high,low,very_high,normal,dry,fair
alluvial,8.58,105.2,26.1,47.8,1099,30.8,21.2,strongly_alkaline,medium,very_low,low,high_salinity,dry,poor
alluvial,8.27,127.9,6.0,192.3,1117,81.4,36.2,slightly_alkaline,high,very_low,very_high,high_salinity,waterlogged,fair
red,8.88,27.2,60.3,87.3,1404,88.6,17.0,strongly_alkaline,very_low,medium,medium,high_salinity,waterlogged,poor
laterite,5.87,95.3,95.2,117.8,1558,48.3,19.3,slightly_acidic,medium,high,high,very_high_salinity,optimal,good
sandy,7.23,216.5,85.0,135.2,1503,31.2,19.7,neutral,very_high,high,high,very_high_salinity,dry,good
black_cotton,5.25,44.5,125.4,175.3,841,52.5,35.8,strongly_acidic,low,very_high,very_high,high_salinity,optimal,poor
laterite,8.3,99.3,121.0,170.7,371,60.9,22.7,slightly_alkaline,medium,very_high,very_high,low,moist,fair
sandy,4.79,121.3,129.4,211.0,1313,15.1,17.7,strongly_acidic,high,very_high,very_high,high_salinity,very_dry,fair
alluvial,6.6,251.1,106.4,34.2,720,60.9,39.3,neutral,very_high,high,very_low,normal,moist,good
alluvial,8.7,270.0,94.7,114.2,711,54.1,28.8,strongly_alkaline,very_high,high,high,normal,optimal,good
red,8.04,187.8,91.8,16.4,1809,91.9,34.2,slightly_alkaline,very_high,high,very_low,very_high_salinity,waterlogged,fair
laterite,6.78,288.1,25.0,135.6,322,23.3,26.9,neutral,very_high,very_low,high,low,dry,fair
sandy,6.98,202.4,135.3,180.4,689,27.0,17.4,neutral,very_high,very_high,very_high,normal,dry,good
alluvial,5.45,82.1,108.3,42.2,402,24.1,33.9,strongly_acidic,medium,high,low,normal,dry,fair
laterite,5.01,206.5,64.5,42.4,2436,46.7,31.3,strongly_acidic,very_high,medium,low,very_high_salinity,optimal,poor
black_cotton,5.58,51.5,57.5,137.1,1974,62.5,38.3,slightly_acidic,low,medium,high,very_high_salinity,moist,fair
sandy,6.51,193.1,26.2,41.4,978,52.9,36.4,neutral,very_high,very_low,low,high_salinity,optimal,poor
black_cotton,7.32,232.6,17.5,148.2,1026,6.8,25.1,neutral,very_high,very_low,high,high_salinity,very_dry,fair
alluvial,8.71,102.8,42.5,77.5,570,17.3,20.3,strongly_alkaline,medium,low,medium,normal,very_dry,fair
black_cotton,7.5,153.0,135.0,112.4,1839,45.7,36.5,slightly_alkaline,high,very_high,high,very_high_salinity,optimal,good
sandy,6.73,80.6,109.2,109.0,867,38.1,28.1,neutral,medium,high,medium,high_salinity,dry,good
red,5.44,149.6,83.3,105.0,200,76.9,13.9,strongly_acidic,high,high,medium,low,moist,good
alluvial,8.27,239.3,32.2,158.1,1520,80.5,40.7,slightly_alkaline,very_high,low,high,very_high_salinity,waterlogged,fair
black_cotton,5.38,275.2,59.8,121.2,1479,26.4,24.5,strongly_acidic,very_high,medium,high,high_salinity,dry,fair
laterite,6.25,157.6,86.3,128.5,1901,85.0,38.7,slightly_acidic,high,high,high,very_high_salinity,waterlogged,good
sandy,7.95,128.7,94.8,213.0,1826,35.2,11.9,slightly_alkaline,high,high,very_high,very_high_salinity,dry,good
alluvial,8.79,92.4,11.3,181.3,703,49.8,16.1,strongly_alkaline,medium,very_low,very_high,normal,optimal,fair
sandy,8.5,147.7,135.3,48.4,1328,40.1,29.9,strongly_alkaline,high,very_high,low,high_salinity,optimal,fair
alluvial,7.45,250.4,90.1,6.9,1992,58.8,13.2,neutral,very_high,high,very_low,very_high_salinity,optimal,fair
alluvial,7.36,16.6,105.4,118.6,1928,84.7,21.6,neutral,very_low,high,high,very_high_salinity,waterlogged,fair
sandy,5.96,47.6,138.4,158.2,2260,28.8,27.5,slightly_acidic,low,very_high,high,very_high_salinity,dry,fair
black_cotton,7.97,57.3,114.7,94.4,1442,18.8,13.7,slightly_alkaline,low,very_high,medium,high_salinity,very_dry,fair
black_cotton,7.05,141.2,104.2,42.0,2175,26.7,21.2,neutral,high,high,low,very_high_salinity,dry,good
sandy,6.31,221.5,96.1,174.7,1811,74.3,34.5,slightly_acidic,very_high,high,very_high,very_high_salinity,moist,fair
black_cotton,6.54,266.4,75.3,216.4,1644,94.4,12.3,neutral,very_high,medium,very_high,very_high_salinity,waterlogged,fair
sandy,6.8,81.5,27.0,42.1,1808,40.3,21.0,neutral,medium,very_low,low,very_high_salinity,optimal,poor
alluvial,7.48,223.3,67.4,86.2,2366,12.5,12.5,neutral,very_high,medium,medium,very_high_salinity,very_dry,fair
alluvial,8.97,260.4,82.1,101.6,349,46.4,14.2,strongly_alkaline,very_high,high,medium,low,optimal,fair
black_cotton,6.37,300.0,10.7,144.3,921,41.3,11.6,slightly_acidic,very_high,very_low,high,high_salinity,optimal,fair
black_cotton,8.37,97.2,48.0,142.4,2337,93.8,32.5,slightly_alkaline,medium,low,high,very_high_salinity,waterlogged,fair
black_cotton,8.05,264.6,33.0,191.9,544,50.1,23.2,slightly_alkaline,very_high,low,very_high,normal,optimal,fair
laterite,7.71,242.8,37.0,100.0,1143,94.0,36.7,slightly_alkaline,very_high,low,medium,high_salinity,waterlogged,fair
laterite,7.11,181.0,138.9,132.4,1662,36.0,38.8,neutral,very_high,very_high,high,very_high_salinity,dry,fair
alluvial,8.11,205.6,7.4,97.7,1759,26.9,16.2,slightly_alkaline,very_high,very_low,medium,very_high_salinity,dry,poor
laterite,6.29,105.5,39.1,33.6,1458,46.8,19.6,slightly_acidic,medium,low,very_low,high_salinity,optimal,poor
sandy,7.46,10.4,129.7,89.0,212,85.3,15.5,neutral,very_low,very_high,medium,low,waterlogged,fair
sandy,4.51,279.2,8.7,109.0,2393,13.9,25.0,strongly_acidic,very_high,very_low,medium,very_high_salinity,very_dry,poor
alluvial,6.37,65.4,21.2,91.9,2499,26.2,22.3,slightly_acidic,low,very_low,medium,very_high_salinity,dry,poor
laterite,7.99,33.6,94.5,60.6,2440,10.5,28.5,slightly_alkaline,very_low,high,low,very_high_salinity,very_dry,poor
alluvial,7.43,114.8,79.4,165.4,1736,56.6,15.2,neutral,medium,medium,very_high,very_high_salinity,optimal,fair
alluvial,6.44,289.9,72.1,174.1,892,71.4,23.0,slightly_acidic,very_high,medium,very_high,high_salinity,moist,fair
alluvial,7.37,294.3,134.8,151.1,1925,58.6,18.9,neutral,very_high,very_high,high,very_high_salinity,optimal,fair
laterite,8.42,293.2,30.0,116.8,1462,90.3,26.2,slightly_alkaline,very_high,low,high,high_salinity,waterlogged,fair
black_cotton,8.72,293.6,57.0,133.7,2479,18.5,41.7,strongly_alkaline,very_high,medium,high,very_high_salinity,very_dry,fair
red,4.51,296.1,139.1,54.1,2373,62.6,17.6,strongly_acidic,very_high,very_high,low,very_high_salinity,moist,poor
alluvial,7.91,244.1,55.8,183.7,1320,22.6,39.9,slightly_alkaline,very_high,medium,very_high,high_salinity,dry,fair
alluvial,7.03,239.1,131.0,54.7,319,81.9,17.4,neutral,very_high,very_high,low,low,waterlogged,fair
red,5.89,161.0,118.3,194.4,1620,22.2,31.1,slightly_acidic,high,very_high,very_high,very_high_salinity,dry,fair
sandy,4.6,213.4,89.9,149.6,2024,53.5,20.6,strongly_acidic,very_high,high,high,very_high_salinity,optimal,fair
alluvial,7.5,89.4,135.5,69.9,928,44.3,13.1,slightly_alkaline,medium,very_high,low,high_salinity,optimal,fair
red,6.9,138.0,94.4,130.3,1781,47.3,22.4,neutral,high,high,high,very_high_salinity,optimal,good
red,6.98,281.3,83.3,19.0,1343,45.6,28.1,neutral,very_high,high,very_low,high_salinity,optimal,fair
sandy,6.29,117.0,41.5,165.1,1204,91.7,36.9,slightly_acidic,medium,low,very_high,high_salinity,waterlogged,fair
black_cotton,6.71,220.9,98.7,136.3,1729,24.1,27.5,neutral,very_high,high,high,very_high_salinity,dry,good
laterite,8.33,104.3,74.5,47.5,499,15.3,19.0,slightly_alkaline,medium,medium,low,normal,very_dry,good
red,5.22,205.5,27.0,170.3,1556,88.9,31.5,strongly_acidic,very_high,very_low,very_high,very_high_salinity,waterlogged,very_poor
black_cotton,5.98,117.7,87.3,136.9,1531,32.0,16.0,slightly_acidic,medium,high,high,very_high_salinity,dry,good
alluvial,7.68,223.5,61.1,198.9,2169,79.4,33.6,slightly_alkaline,very_high,medium,very_high,very_high_salinity,moist,fair
red,4.84,15.5,132.5,117.8,2142,14.9,12.1,strongly_acidic,very_low,very_high,high,very_high_salinity,very_dry,poor
red,6.03,137.3,97.9,83.3,901,5.7,17.1,slightly_acidic,high,high,medium,high_salinity,very_dry,good
laterite,8.98,197.5,90.8,130.2,483,84.6,17.7,strongly_alkaline,very_high,high,high,normal,waterlogged,good
black_cotton,5.4,119.3,19.9,168.4,2182,84.8,16.3,strongly_acidic,medium,very_low,very_high,very_high_salinity,waterlogged,poor
sandy,5.97,14.6,112.3,125.7,1592,39.0,34.0,slightly_acidic,very_low,very_high,high,very_high_salinity,dry,poor
laterite,5.63,38.6,25.4,163.6,1099,22.5,11.5,slightly_acidic,very_low,very_low,very_high,high_salinity,dry,poor
red,7.94,200.1,127.3,44.1,600,19.4,12.5,slightly_alkaline,very_high,very_high,low,normal,very_dry,fair
red,8.49,122.5,55.6,187.6,1890,89.0,35.7,slightly_alkaline,high,medium,very_high,very_high_salinity,waterlogged,fair
sandy,9.0,42.9,74.3,158.2,514,37.4,16.1,strongly_alkaline,low,medium,high,normal,dry,good
alluvial,8.02,265.2,84.1,69.4,1804,77.1,29.6,slightly_alkaline,very_high,high,low,very_high_salinity,moist,fair
sandy,7.89,251.0,131.3,175.1,2472,73.9,31.1,slightly_alkaline,very_high,very_high,very_high,very_high_salinity,moist,fair
sandy,4.95,154.8,74.8,130.1,1288,25.3,24.7,strongly_acidic,high,medium,high,high_salinity,dry,fair
laterite,7.95,250.4,118.1,77.6,1173,46.0,39.5,slightly_alkaline,very_high,very_high,medium,high_salinity,optimal,fair
black_cotton,6.47,169.9,45.9,63.0,2305,18.2,11.3,slightly_acidic,high,low,low,very_high_salinity,very_dry,poor
laterite,8.42,66.8,81.4,217.5,159,7.8,21.8,slightly_alkaline,low,high,very_high,very_low,very_dry,fair
black_cotton,7.55,65.8,127.9,29.2,2360,76.5,28.2,slightly_alkaline,low,very_high,very_low,very_high_salinity,moist,poor
sandy,6.23,51.0,53.2,85.6,2298,25.1,26.5,slightly_acidic,low,low,medium,very_high_salinity,dry,poor
alluvial,4.75,129.8,105.0,57.3,977,73.1,28.0,strongly_acidic,high,high,low,high_salinity,moist,fair
laterite,4.65,97.3,136.8,177.2,2189,16.1,36.2,strongly_acidic,medium,very_high,very_high,very_high_salinity,very_dry,poor
sandy,7.46,239.0,35.2,207.2,94,24.3,37.3,neutral,very_high,low,very_high,very_low,dry,fair
sandy,8.69,156.9,57.6,216.4,2296,44.0,35.1,strongly_alkaline,high,medium,very_high,very_high_salinity,optimal,fair
black_cotton,7.49,26.7,61.0,181.9,497,49.1,37.2,neutral,very_low,medium,very_high,normal,optimal,good
laterite,5.03,81.4,20.0,140.8,1688,62.3,18.0,strongly_acidic,medium,very_low,high,very_high_salinity,moist,poor
alluvial,4.71,278.1,110.1,102.5,1399,87.3,26.5,strongly_acidic,very_high,very_high,medium,high_salinity,waterlogged,poor
sandy,4.9,258.6,32.3,63.1,2325,10.6,40.8,strongly_acidic,very_high,low,low,very_high_salinity,very_dry,very_poor
alluvial,5.87,167.8,99.0,188.6,2158,18.9,30.1,slightly_acidic,high,high,very_high,very_high_salinity,very_dry,fair
laterite,5.86,180.7,6.4,179.1,1376,57.6,32.1,slightly_acidic,very_high,very_low,very_high,high_salinity,optimal,poor
laterite,5.43,77.0,10.5,219.4,1620,57.0,23.7,strongly_acidic,low,very_low,very_high,very_high_salinity,optimal,very_poor
alluvial,4.59,7.4,63.4,56.9,1291,26.6,13.3,strongly_acidic,very_low,medium,low,high_salinity,dry,poor
black_cotton,7.47,224.6,22.8,135.3,1517,15.8,30.9,neutral,very_high,very_low,high,very_high_salinity,very_dry,fair
sandy,7.64,268.0,104.2,135.9,1958,63.7,39.3,slightly_alkaline,very_high,high,high,very_high_salinity,moist,good
alluvial,5.21,174.1,73.9,71.4,2008,11.8,40.4,strongly_acidic,high,medium,medium,very_high_salinity,very_dry,fair
laterite,4.63,130.1,130.7,123.2,998,72.0,38.7,strongly_acidic,high,very_high,high,high_salinity,moist,fair
alluvial,5.38,131.6,77.7,211.4,1595,12.8,41.7,strongly_acidic,high,medium,very_high,very_high_salinity,very_dry,fair
sandy,5.41,105.8,27.8,66.8,2027,46.5,33.6,strongly_acidic,medium,very_low,low,very_high_salinity,optimal,very_poor
red,6.64,11.8,105.9,194.9,2126,51.6,41.4,neutral,very_low,high,very_high,very_high_salinity,optimal,fair
alluvial,8.61,282.1,83.8,101.4,1019,6.1,35.8,strongly_alkaline,very_high,high,medium,high_salinity,very_dry,fair
black_cotton,8.67,14.5,63.0,141.2,1673,19.3,27.9,strongly_alkaline,very_low,medium,high,very_high_salinity,very_dry,poor
sandy,8.24,135.8,15.8,136.7,1104,81.2,19.0,slightly_alkaline,high,very_low,high,high_salinity,waterlogged,fair
red,4.55,179.5,78.7,55.0,2303,84.6,16.5,strongly_acidic,high,medium,low,very_high_salinity,waterlogged,poor
red,6.23,200.9,65.8,72.9,2061,93.8,39.9,slightly_acidic,very_high,medium,medium,very_high_salinity,waterlogged,fair
red,7.43,19.6,95.4,35.4,1304,5.5,15.0,neutral,very_low,high,very_low,high_salinity,very_dry,fair
laterite,8.25,34.8,122.7,201.1,592,45.8,37.2,slightly_alkaline,very_low,very_high,very_high,normal,optimal,fair
alluvial,4.63,191.0,14.8,83.7,1873,84.0,33.0,strongly_acidic,very_high,very_low,medium,very_high_salinity,waterlogged,poor
black_cotton,7.48,75.8,102.2,51.9,1497,84.4,39.9,neutral,low,high,low,high_salinity,waterlogged,fair
black_cotton,8.59,274.7,83.8,106.0,1112,16.3,41.4,strongly_alkaline,very_high,high,medium,high_salinity,very_dry,fair
black_cotton,5.17,299.1,104.4,7.0,1513,51.8,39.4,strongly_acidic,very_high,high,very_low,very_high_salinity,optimal,poor
red,8.35,96.3,56.4,27.8,2096,24.8,11.7,slightly_alkaline,medium,medium,very_low,very_high_salinity,dry,fair
black_cotton,8.91,265.1,40.7,83.0,1639,55.7,21.4,strongly_alkaline,very_high,low,medium,very_high_salinity,optimal,poor
black_cotton,8.67,178.3,24.8,106.1,128,44.9,25.9,strongly_alkaline,high,very_low,medium,very_low,optimal,fair
alluvial,8.36,194.4,54.5,198.7,639,71.3,23.6,slightly_alkaline,very_high,low,very_high,normal,moist,fair
black_cotton,5.48,236.3,130.9,74.3,1721,76.8,32.3,strongly_acidic,very_high,very_high,medium,very_high_salinity,moist,poor
black_cotton,5.84,75.3,100.5,204.7,433,32.6,13.8,slightly_acidic,low,high,very_high,normal,dry,good
alluvial,8.52,260.5,44.7,17.4,1608,51.3,25.4,strongly_alkaline,very_high,low,very_low,very_high_salinity,optimal,very_poor
red,6.89,193.1,54.6,129.6,1914,82.7,34.6,neutral,very_high,low,high,very_high_salinity,waterlogged,fair
sandy,4.69,49.5,136.9,159.4,975,15.3,36.7,strongly_acidic,low,very_high,high,high_salinity,very_dry,poor
red,5.17,229.1,107.2,131.9,2272,94.7,41.5,strongly_acidic,very_high,high,high,very_high_salinity,waterlogged,fair
black_cotton,6.91,127.3,139.6,185.5,1248,19.4,22.0,neutral,high,very_high,very_high,high_salinity,very_dry,good
alluvial,8.28,21.5,38.4,86.5,1625,10.8,40.9,slightly_alkaline,very_low,low,medium,very_high_salinity,very_dry,poor
sandy,4.81,178.7,75.6,6.7,2072,91.6,28.7,strongly_acidic,high,medium,very_low,very_high_salinity,waterlogged,poor
laterite,4.66,185.8,99.4,180.7,689,47.3,37.3,strongly_acidic,very_high,high,very_high,normal,optimal,fair
red,6.05,239.0,117.0,199.2,1940,50.5,28.5,slightly_acidic,very_high,very_high,very_high,very_high_salinity,optimal,poor
black_cotton,5.17,95.8,117.1,147.6,1347,79.6,26.9,strongly_acidic,medium,very_high,high,high_salinity,moist,fair
laterite,4.72,97.5,41.1,29.6,1019,10.1,29.4,strongly_acidic,medium,low,very_low,high_salinity,very_dry,poor
alluvial,7.7,78.8,60.8,173.7,2424,11.8,33.1,slightly_alkaline,low,medium,very_high,very_high_salinity,very_dry,fair
red,4.76,61.5,86.5,160.1,1425,74.2,21.4,strongly_acidic,low,high,very_high,high_salinity,moist,poor
sandy,8.44,205.3,100.7,83.0,1848,82.5,38.1,slightly_alkaline,very_high,high,medium,very_high_salinity,waterlogged,fair
red,8.86,87.4,60.7,64.3,2401,88.4,15.2,strongly_alkaline,medium,medium,low,very_high_salinity,waterlogged,poor
sandy,7.05,182.4,45.5,46.0,2230,67.6,25.2,neutral,very_high,low,low,very_high_salinity,moist,poor
red,5.05,30.1,25.8,205.8,2000,71.5,21.1,strongly_acidic,very_low,very_low,very_high,very_high_salinity,moist,very_poor
red,7.39,74.5,72.3,50.3,1350,43.7,40.3,neutral,low,medium,low,high_salinity,optimal,fair
black_cotton,6.54,20.5,7.4,76.1,1939,7.7,32.2,neutral,very_low,very_low,medium,very_high_salinity,very_dry,poor
red,7.9,251.4,48.2,190.8,703,88.6,17.3,slightly_alkaline,very_high,low,very_high,normal,waterlogged,fair
laterite,7.06,87.3,59.5,177.3,833,57.7,21.2,neutral,medium,medium,very_high,high_salinity,optimal,good
laterite,6.67,181.6,7.5,59.5,497,56.1,12.5,neutral,very_high,very_low,low,normal,optimal,fair
sandy,5.48,172.6,34.9,125.8,896,46.8,19.3,strongly_acidic,high,low,high,high_salinity,optimal,fair
black_cotton,6.47,151.7,43.2,154.4,2166,26.5,17.8,slightly_acidic,high,low,high,very_high_salinity,dry,fair
red,5.7,298.7,16.5,123.7,2014,88.6,15.5,slightly_acidic,very_high,very_low,high,very_high_salinity,waterlogged,poor
alluvial,5.36,15.0,123.3,154.3,1209,87.5,12.2,strongly_acidic,very_low,very_high,high,high_salinity,waterlogged,poor
sandy,6.55,139.0,28.4,208.5,899,8.4,36.7,neutral,high,very_low,very_high,high_salinity,very_dry,fair
alluvial,5.49,194.8,100.2,202.4,1554,55.4,21.7,strongly_acidic,very_high,high,very_high,very_high_salinity,optimal,poor
laterite,6.8,206.3,70.6,179.7,1298,29.2,11.3,neutral,very_high,medium,very_high,high_salinity,dry,fair
red,6.28,267.3,58.2,40.9,544,12.4,36.9,slightly_acidic,very_high,medium,low,normal,very_dry,fair
alluvial,8.97,285.9,101.6,33.6,1195,55.3,27.2,strongly_alkaline,very_high,high,very_low,high_salinity,optimal,poor
alluvial,8.58,226.9,117.4,99.1,2256,58.6,11.9,strongly_alkaline,very_high,very_high,medium,very_high_salinity,optimal,poor
laterite,7.15,264.2,17.1,64.3,1605,7.6,22.9,neutral,very_high,very_low,low,very_high_salinity,very_dry,poor
alluvial,7.45,144.9,69.9,188.4,1590,44.0,29.4,neutral,high,medium,very_high,very_high_salinity,optimal,good
sandy,7.13,213.6,94.5,103.6,429,65.6,19.5,neutral,very_high,high,medium,normal,moist,excellent
black_cotton,8.46,194.0,114.5,67.7,456,83.2,24.4,slightly_alkaline,very_high,very_high,low,normal,waterlogged,fair
laterite,5.51,184.6,116.2,8.8,1619,73.2,37.4,slightly_acidic,very_high,very_high,very_low,very_high_salinity,moist,poor
sandy,4.52,265.2,87.9,9.1,1520,72.7,36.1,strongly_acidic,very_high,high,very_low,very_high_salinity,moist,poor
sandy,8.96,174.6,113.2,71.7,329,70.0,18.7,strongly_alkaline,high,very_high,medium,low,moist,fair
red,4.8,76.6,129.8,149.0,1491,63.8,19.7,strongly_acidic,low,very_high,high,high_salinity,moist,poor
laterite,7.14,263.0,137.8,217.9,2106,82.5,26.7,neutral,very_high,very_high,very_high,very_high_salinity,waterlogged,fair
red,5.7,99.4,108.8,139.7,1958,68.8,38.7,slightly_acidic,medium,high,high,very_high_salinity,moist,good
laterite,5.78,103.5,108.8,96.1,328,69.4,14.2,slightly_acidic,medium,high,medium,low,moist,good
sandy,5.83,194.0,123.8,165.7,1002,12.6,41.0,slightly_acidic,very_high,very_high,very_high,high_salinity,very_dry,fair
alluvial,7.73,196.6,79.7,93.2,1965,26.7,16.1,slightly_alkaline,very_high,medium,medium,very_high_salinity,dry,fair
red,5.46,86.7,85.0,107.2,2183,37.3,33.7,strongly_acidic,medium,high,medium,very_high_salinity,dry,fair
black_cotton,6.5,27.6,111.2,202.6,782,93.2,12.1,neutral,very_low,very_high,very_high,normal,waterlogged,fair
alluvial,5.84,7.3,94.9,100.4,1270,85.8,22.2,slightly_acidic,very_low,high,medium,high_salinity,waterlogged,fair
red,5.47,287.0,80.9,123.8,562,66.1,32.4,strongly_acidic,very_high,high,high,normal,moist,good
black_cotton,7.9,226.3,13.1,104.8,375,78.2,32.2,slightly_alkaline,very_high,very_low,medium,low,moist,fair
black_cotton,5.75,33.4,70.5,65.6,2439,24.8,32.0,slightly_acidic,very_low,medium,low,very_high_salinity,dry,poor
alluvial,8.39,192.8,9.2,53.0,2139,56.4,38.5,slightly_alkaline,very_high,very_low,low,very_high_salinity,optimal,poor
sandy,4.92,167.9,41.0,214.8,2411,63.3,17.4,strongly_acidic,high,low,very_high,very_high_salinity,moist,poor
red,7.71,267.4,124.4,7.7,1029,80.0,29.7,slightly_alkaline,very_high,very_high,very_low,high_salinity,waterlogged,poor
sandy,5.03,186.8,58.2,81.6,1646,30.5,12.5,strongly_acidic,very_high,medium,medium,very_high_salinity,dry,poor
black_cotton,5.72,266.7,111.8,75.6,1890,45.3,26.3,slightly_acidic,very_high,very_high,medium,very_high_salinity,optimal,fair
red,8.36,103.3,5.8,103.1,1500,18.3,35.1,slightly_alkaline,medium,very_low,medium,very_high_salinity,very_dry,fair
red,7.77,269.3,123.5,215.9,1317,57.5,40.8,slightly_alkaline,very_high,very_high,very_high,high_salinity,optimal,fair
black_cotton,4.63,184.9,22.4,161.7,565,40.2,19.0,strongly_acidic,very_high,very_low,very_high,normal,optimal,poor
black_cotton,6.84,44.0,40.9,146.9,1526,81.5,10.0,neutral,low,low,high,very_high_salinity,waterlogged,fair
sandy,5.81,153.0,129.4,20.7,113,18.8,32.9,slightly_acidic,high,very_high,very_low,very_low,very_dry,fair
alluvial,8.73,224.2,71.3,170.5,2043,79.4,29.1,strongly_alkaline,very_high,medium,very_high,very_high_salinity,moist,poor
laterite,5.11,91.0,64.4,50.5,1709,50.2,11.2,strongly_acidic,medium,medium,low,very_high_salinity,optimal,poor
black_cotton,6.81,182.8,132.2,36.7,1200,32.2,26.9,neutral,very_high,very_high,very_low,high_salinity,dry,fair
alluvial,5.68,22.0,116.5,46.1,363,85.0,11.2,slightly_acidic,very_low,very_high,low,low,waterlogged,poor
red,8.7,167.7,114.0,138.0,2082,37.9,10.7,strongly_alkaline,high,very_high,high,very_high_salinity,dry,fair
red,6.78,63.3,23.5,96.6,1005,51.9,15.1,neutral,low,very_low,medium,high_salinity,optimal,fair
red,8.47,57.8,117.8,65.0,1877,69.9,26.4,slightly_alkaline,low,very_high,low,very_high_salinity,moist,poor
sandy,8.55,205.2,93.1,97.5,809,91.2,37.5,strongly_alkaline,very_high,high,medium,high_salinity,waterlogged,fair
sandy,6.41,48.8,132.6,195.2,988,31.3,15.0,slightly_acidic,low,very_high,very_high,high_salinity,dry,poor
black_cotton,7.19,263.9,96.2,197.0,1092,73.7,14.8,neutral,very_high,high,very_high,high_salinity,moist,good
laterite,6.22,255.6,8.0,92.6,2066,76.3,37.8,slightly_acidic,very_high,very_low,medium,very_high_salinity,moist,poor
sandy,7.13,243.4,51.8,65.5,462,30.2,21.3,neutral,very_high,low,low,normal,dry,fair
black_cotton,7.63,20.4,78.1,178.8,776,33.6,17.0,slightly_alkaline,very_low,medium,very_high,normal,dry,fair
red,7.66,295.5,95.8,67.7,1019,33.5,13.3,slightly_alkaline,very_high,high,low,high_salinity,dry,fair
laterite,5.03,137.9,105.9,32.1,1180,27.2,33.3,strongly_acidic,high,high,very_low,high_salinity,dry,fair
black_cotton,8.51,255.7,118.2,142.1,1499,22.7,21.5,strongly_alkaline,very_high,very_high,high,high_salinity,dry,fair
black_cotton,5.07,140.6,131.2,11.8,1397,65.7,17.2,strongly_acidic,high,very_high,very_low,high_salinity,moist,poor
alluvial,8.03,295.6,67.8,119.5,1148,14.6,28.5,slightly_alkaline,very_high,medium,high,high_salinity,very_dry,good
black_cotton,7.38,77.4,100.0,129.5,2405,22.4,24.3,neutral,low,high,high,very_high_salinity,dry,good
laterite,6.18,231.7,115.3,138.6,1479,82.0,39.9,slightly_acidic,very_high,very_high,high,high_salinity,waterlogged,fair
alluvial,8.87,273.2,36.5,70.5,871,6.9,35.7,strongly_alkaline,very_high,low,medium,high_salinity,very_dry,poor
alluvial,7.1,74.4,35.8,9.6,2202,82.0,38.3,neutral,low,low,very_low,very_high_salinity,waterlogged,poor
black_cotton,8.27,82.3,124.6,55.8,1991,49.1,31.3,slightly_alkaline,medium,very_high,low,very_high_salinity,optimal,fair
black_cotton,8.23,212.3,33.6,91.1,1778,91.0,35.5,slightly_alkaline,very_high,low,medium,very_high_salinity,waterlogged,fair
black_cotton,6.19,188.9,94.8,51.0,91,32.2,15.7,slightly_acidic,very_high,high,low,very_low,dry,fair
laterite,4.61,154.8,70.1,151.0,2220,69.3,12.0,strongly_acidic,high,medium,high,very_high_salinity,moist,fair
alluvial,5.67,186.5,36.0,107.5,442,50.3,38.7,slightly_acidic,very_high,low,medium,normal,optimal,fair
sandy,6.72,249.7,39.6,95.7,998,61.8,11.1,neutral,very_high,low,medium,high_salinity,moist,fair
black_cotton,5.05,272.3,119.7,53.2,1631,22.0,17.4,strongly_acidic,very_high,very_high,low,very_high_salinity,dry,poor
laterite,8.49,5.6,75.1,190.1,1391,30.7,21.3,slightly_alkaline,very_low,medium,very_high,high_salinity,dry,fair
sandy,8.76,165.3,102.8,212.0,2252,70.2,32.9,strongly_alkaline,high,high,very_high,very_high_salinity,moist,fair
red,4.58,261.9,123.7,199.0,2277,44.6,16.9,strongly_acidic,very_high,very_high,very_high,very_high_salinity,optimal,poor
red,4.83,26.1,57.3,213.7,759,75.0,35.8,strongly_acidic,very_low,medium,very_high,normal,moist,fair
red,6.96,217.5,51.2,27.6,670,52.9,40.6,neutral,very_high,low,very_low,normal,optimal,fair
black_cotton,6.57,65.1,33.3,98.2,674,7.8,36.7,neutral,low,low,medium,normal,very_dry,good
laterite,6.35,80.4,137.0,165.3,216,89.4,17.4,slightly_acidic,medium,very_high,very_high,low,waterlogged,fair
laterite,5.06,62.7,34.9,192.8,613,66.0,34.0,strongly_acidic,low,low,very_high,normal,moist,poor
black_cotton,8.19,260.6,119.1,130.4,1904,55.8,31.4,slightly_alkaline,very_high,very_high,high,very_high_salinity,optimal,fair
sandy,6.03,190.2,107.7,164.1,680,56.3,31.8,slightly_acidic,very_high,high,very_high,normal,optimal,good
sandy,6.1,149.5,103.0,136.1,737,24.1,36.2,slightly_acidic,high,high,high,normal,dry,excellent
alluvial,8.44,206.4,121.3,156.1,816,91.7,32.4,slightly_alkaline,very_high,very_high,high,high_salinity,waterlogged,fair
laterite,6.23,171.2,52.1,23.8,254,63.2,20.6,slightly_acidic,high,low,very_low,low,moist,fair
alluvial,5.62,69.6,88.1,81.9,647,40.1,41.3,slightly_acidic,low,high,medium,normal,optimal,good
laterite,6.66,291.6,58.7,82.9,1635,69.6,36.3,neutral,very_high,medium,medium,very_high_salinity,moist,fair
red,8.65,215.8,10.5,33.9,222,7.1,20.6,strongly_alkaline,very_high,very_low,very_low,low,very_dry,poor
alluvial,5.86,240.5,67.1,70.9,1423,67.1,33.7,slightly_acidic,very_high,medium,medium,high_salinity,moist,fair
laterite,7.42,178.3,10.3,177.9,2368,15.9,20.5,neutral,high,very_low,very_high,very_high_salinity,very_dry,fair
sandy,5.39,107.7,92.6,173.2,1181,57.8,13.0,strongly_acidic,medium,high,very_high,high_salinity,optimal,fair
sandy,7.59,162.9,66.4,14.9,1539,7.4,15.7,slightly_alkaline,high,medium,very_low,very_high_salinity,very_dry,fair
red,5.04,171.7,9.4,198.3,1086,67.4,21.2,strongly_acidic,high,very_low,very_high,high_salinity,moist,poor
alluvial,8.74,61.4,63.4,67.2,1470,51.1,23.3,strongly_alkaline,low,medium,low,high_salinity,optimal,poor
sandy,6.56,134.7,121.2,28.8,1322,7.1,34.4,neutral,high,very_high,very_low,high_salinity,very_dry,fair
red,6.62,28.6,94.8,99.9,2057,16.6,30.7,neutral,very_low,high,medium,very_high_salinity,very_dry,fair
red,6.73,238.6,22.1,148.2,505,18.9,30.3,neutral,very_high,very_low,high,normal,very_dry,good
laterite,5.74,291.1,129.6,159.3,683,39.8,23.2,slightly_acidic,very_high,very_high,high,normal,dry,good
red,6.28,222.5,108.0,125.6,1290,75.9,14.1,slightly_acidic,very_high,high,high,high_salinity,moist,good
black_cotton,7.79,135.6,91.5,71.1,1190,19.5,22.4,slightly_alkaline,high,high,medium,high_salinity,very_dry,good
laterite,5.32,123.0,85.5,115.3,1600,54.8,31.8,strongly_acidic,high,high,high,very_high_salinity,optimal,fair
alluvial,7.51,144.3,125.4,54.9,2223,46.9,13.5,slightly_alkaline,high,very_high,low,very_high_salinity,optimal,fair
black_cotton,6.3,130.7,80.5,155.2,1501,61.9,32.2,slightly_acidic,high,high,high,very_high_salinity,moist,good
sandy,8.67,84.8,85.7,75.3,485,11.6,12.7,strongly_alkaline,medium,high,medium,normal,very_dry,good
sandy,5.37,129.4,33.3,200.6,2406,54.2,27.0,strongly_acidic,high,low,very_high,very_high_salinity,optimal,poor
laterite,8.75,34.9,104.0,159.8,2150,6.2,20.2,strongly_alkaline,very_low,high,high,very_high_salinity,very_dry,fair
sandy,6.07,86.2,34.9,38.6,1085,11.3,41.2,slightly_acidic,medium,low,very_low,high_salinity,very_dry,poor
laterite,7.96,171.9,91.3,50.4,86,9.4,38.8,slightly_alkaline,high,high,low,very_low,very_dry,good
laterite,6.48,289.1,86.7,206.9,1198,48.1,29.3,slightly_acidic,very_high,high,very_high,high_salinity,optimal,fair
alluvial,7.97,256.4,20.0,201.5,1874,32.6,19.0,slightly_alkaline,very_high,very_low,very_high,very_high_salinity,dry,poor
red,6.39,158.0,128.1,91.1,2052,36.6,24.7,slightly_acidic,high,very_high,medium,very_high_salinity,dry,fair
black_cotton,8.15,26.9,96.6,55.4,120,32.7,10.0,slightly_alkaline,very_low,high,low,very_low,dry,fair
laterite,7.47,157.8,125.2,93.6,650,15.2,19.9,neutral,high,very_high,medium,normal,very_dry,excellent
sandy,8.77,55.7,41.0,119.1,2320,88.1,26.3,strongly_alkaline,low,low,high,very_high_salinity,waterlogged,poor
black_cotton,5.17,113.1,119.8,157.5,2002,59.7,20.9,strongly_acidic,medium,very_high,high,very_high_salinity,optimal,fair
sandy,8.25,290.8,65.4,83.4,760,75.1,32.2,slightly_alkaline,very_high,medium,medium,normal,moist,good
black_cotton,5.62,274.9,63.4,68.4,1957,62.9,12.9,slightly_acidic,very_high,medium,low,very_high_salinity,moist,poor
sandy,8.07,203.6,121.0,60.2,711,58.7,36.5,slightly_alkaline,very_high,very_high,low,normal,optimal,fair
black_cotton,6.58,127.7,43.4,91.7,1720,32.5,16.9,neutral,high,low,medium,very_high_salinity,dry,fair
black_cotton,8.78,181.1,9.2,178.4,2209,15.0,39.2,strongly_alkaline,very_high,very_low,very_high,very_high_salinity,very_dry,poor
red,7.72,153.0,97.7,121.7,338,30.9,10.8,slightly_alkaline,high,high,high,low,dry,excellent
red,8.99,162.4,102.1,52.4,1200,30.1,16.0,strongly_alkaline,high,high,low,high_salinity,dry,fair
laterite,4.61,139.7,23.3,217.5,1190,19.9,25.8,strongly_acidic,high,very_low,very_high,high_salinity,very_dry,poor
black_cotton,8.99,287.4,114.7,42.4,1296,31.4,17.7,strongly_alkaline,very_high,very_high,low,high_salinity,dry,poor
alluvial,4.51,54.9,125.8,184.7,1674,52.4,23.0,strongly_acidic,low,very_high,very_high,very_high_salinity,optimal,poor
sandy,7.94,43.6,51.8,83.6,333,74.5,11.8,slightly_alkaline,low,low,medium,low,moist,fair
alluvial,7.6,275.1,12.9,117.6,1864,45.0,34.7,slightly_alkaline,very_high,very_low,high,very_high_salinity,optimal,fair
alluvial,6.79,245.9,114.7,101.0,2327,9.2,34.1,neutral,very_high,very_high,medium,very_high_salinity,very_dry,fair
red,7.41,285.4,138.9,164.8,780,63.0,31.5,neutral,very_high,very_high,very_high,normal,moist,good
sandy,4.74,199.2,38.2,123.0,1965,19.6,25.1,strongly_acidic,very_high,low,high,very_high_salinity,very_dry,poor
laterite,6.45,272.9,117.5,99.6,1665,77.7,34.2,slightly_acidic,very_high,very_high,medium,very_high_salinity,moist,fair
sandy,8.35,226.0,66.9,39.8,1763,32.4,18.9,slightly_alkaline,very_high,medium,very_low,very_high_salinity,dry,poor
sandy,5.29,146.8,31.4,168.8,692,5.7,20.6,strongly_acidic,high,low,very_high,normal,very_dry,fair
black_cotton,7.31,75.4,105.1,189.9,2488,10.0,24.8,neutral,low,high,very_high,very_high_salinity,very_dry,fair
sandy,6.96,67.1,40.8,157.7,668,74.8,39.5,neutral,low,low,high,normal,moist,good
sandy,5.51,263.4,83.3,148.8,105,12.0,39.1,slightly_acidic,very_high,high,high,very_low,very_dry,good
laterite,6.48,71.5,37.4,210.6,2441,94.9,13.9,slightly_acidic,low,low,very_high,very_high_salinity,waterlogged,poor
black_cotton,7.68,297.9,111.5,173.7,236,5.9,26.9,slightly_alkaline,very_high,very_high,very_high,low,very_dry,fair
black_cotton,8.91,145.7,49.0,144.1,2457,23.5,12.7,strongly_alkaline,high,low,high,very_high_salinity,dry,fair
alluvial,6.81,96.3,70.8,175.0,1587,11.4,13.2,neutral,medium,medium,very_high,very_high_salinity,very_dry,fair
alluvial,6.08,9.4,39.4,159.8,1064,32.0,20.5,slightly_acidic,very_low,low,high,high_salinity,dry,poor
black_cotton,8.1,193.4,86.2,29.1,2104,75.9,40.4,slightly_alkaline,very_high,high,very_low,very_high_salinity,moist,fair
laterite,5.65,31.7,74.9,55.3,1250,49.2,29.0,slightly_acidic,very_low,medium,low,high_salinity,optimal,poor
sandy,5.17,209.2,39.3,82.6,2397,67.1,26.1,strongly_acidic,very_high,low,medium,very_high_salinity,moist,poor
black_cotton,8.94,78.5,11.9,74.3,2387,81.3,24.7,strongly_alkaline,low,very_low,medium,very_high_salinity,waterlogged,poor
red,6.46,195.2,116.8,6.2,262,60.2,22.9,slightly_acidic,very_high,very_high,very_low,low,moist,poor
alluvial,5.07,217.5,14.6,49.2,2470,61.6,20.7,strongly_acidic,very_high,very_low,low,very_high_salinity,moist,very_poor
sandy,6.75,109.8,105.3,162.3,743,19.0,17.0,neutral,medium,high,very_high,normal,very_dry,excellent
red,5.37,6.1,22.9,8.0,180,70.3,35.1,strongly_acidic,very_low,very_low,very_low,very_low,moist,very_poor
red,8.43,227.8,105.8,214.1,1832,30.7,36.0,slightly_alkaline,very_high,high,very_high,very_high_salinity,dry,fair
red,6.99,90.2,106.6,85.4,1582,59.7,41.0,neutral,medium,high,medium,very_high_salinity,optimal,good
red,6.61,49.4,22.2,38.9,1913,51.6,15.3,neutral,low,very_low,very_low,very_high_salinity,optimal,poor
laterite,7.88,190.3,126.5,70.1,526,27.7,29.5,slightly_alkaline,very_high,very_high,medium,normal,dry,good
red,7.81,55.9,56.4,111.0,2495,40.6,16.8,slightly_alkaline,low,medium,high,very_high_salinity,optimal,fair
laterite,8.94,209.0,68.4,29.4,119,9.7,27.5,strongly_alkaline,very_high,medium,very_low,very_low,very_dry,poor
sandy,8.59,54.8,86.9,182.1,1493,73.1,20.8,strongly_alkaline,low,high,very_high,high_salinity,moist,fair
sandy,5.09,213.7,27.9,149.5,1879,40.6,38.1,strongly_acidic,very_high,very_low,high,very_high_salinity,optimal,poor
red,8.72,73.9,116.4,77.4,2163,66.3,32.3,strongly_alkaline,low,very_high,medium,very_high_salinity,moist,poor
laterite,8.33,115.9,71.9,141.6,670,68.4,31.9,slightly_alkaline,medium,medium,high,normal,moist,excellent
laterite,7.25,19.7,133.4,131.8,1148,47.9,18.6,neutral,very_low,very_high,high,high_salinity,optimal,fair
laterite,5.44,133.6,39.1,27.6,738,74.7,20.4,strongly_acidic,high,low,very_low,normal,moist,fair
sandy,6.71,271.4,40.5,80.9,416,82.4,34.5,neutral,very_high,low,medium,normal,waterlogged,good
laterite,8.08,187.0,104.3,68.0,784,79.5,27.3,slightly_alkaline,very_high,high,low,normal,moist,good
black_cotton,4.67,276.7,30.0,155.5,1339,9.2,32.5,strongly_acidic,very_high,low,high,high_salinity,very_dry,poor
sandy,7.22,281.0,111.8,182.3,289,7.2,23.4,neutral,very_high,very_high,very_high,low,very_dry,fair
sandy,5.47,284.0,105.5,201.8,814,49.6,15.0,strongly_acidic,very_high,high,very_high,high_salinity,optimal,fair
black_cotton,8.91,173.6,102.3,132.8,585,5.1,23.7,strongly_alkaline,high,high,high,normal,very_dry,excellent
black_cotton,7.46,201.3,16.6,148.0,1761,70.0,30.0,neutral,very_high,very_low,high,very_high_salinity,moist,fair
black_cotton,7.34,12.3,139.6,16.2,1231,33.9,34.7,neutral,very_low,very_high,very_low,high_salinity,dry,poor
alluvial,4.56,64.0,39.5,127.5,991,23.0,28.3,strongly_acidic,low,low,high,high_salinity,dry,poor
black_cotton,6.75,101.7,107.8,154.0,1503,49.2,17.0,neutral,medium,high,high,very_high_salinity,optimal,good
alluvial,5.17,145.7,45.8,208.3,1586,86.1,16.1,strongly_acidic,high,low,very_high,very_high_salinity,waterlogged,poor
laterite,7.7,190.0,17.3,105.0,233,59.2,41.6,slightly_alkaline,very_high,very_low,medium,low,optimal,fair
alluvial,8.41,278.9,76.9,40.7,1029,24.2,37.1,slightly_alkaline,very_high,medium,low,high_salinity,dry,fair
sandy,5.83,255.9,31.4,187.5,1152,83.7,37.3,slightly_acidic,very_high,low,very_high,high_salinity,waterlogged,poor
black_cotton,8.6,22.3,40.8,40.7,1609,49.2,23.5,strongly_alkaline,very_low,low,low,very_high_salinity,optimal,very_poor
sandy,8.1,112.5,66.0,57.3,1330,43.9,24.4,slightly_alkaline,medium,medium,low,high_salinity,optimal,fair
alluvial,6.08,242.2,44.3,77.0,2133,78.5,41.4,slightly_acidic,very_high,low,medium,very_high_salinity,moist,poor
sandy,5.27,207.8,106.1,23.3,2024,37.5,36.8,strongly_acidic,very_high,high,very_low,very_high_salinity,dry,poor
laterite,7.1,162.6,66.7,188.3,1592,76.7,16.2,neutral,high,medium,very_high,very_high_salinity,moist,good
red,8.62,39.3,55.0,29.0,434,25.3,39.1,strongly_alkaline,very_low,medium,very_low,normal,dry,poor
red,5.43,12.7,79.0,132.6,2430,44.8,38.8,strongly_acidic,very_low,medium,high,very_high_salinity,optimal,poor
alluvial,6.02,275.4,50.4,37.2,848,35.1,16.8,slightly_acidic,very_high,low,very_low,high_salinity,dry,poor
laterite,5.33,232.8,49.1,37.3,2120,40.0,35.8,strongly_acidic,very_high,low,very_low,very_high_salinity,optimal,very_poor
laterite,6.86,197.6,75.8,103.1,685,39.0,27.1,neutral,very_high,medium,medium,normal,dry,good
black_cotton,6.92,23.4,35.0,123.1,1832,11.6,10.5,neutral,very_low,low,high,very_high_salinity,very_dry,fair
black_cotton,4.74,36.4,94.5,100.5,1083,60.2,23.9,strongly_acidic,very_low,high,medium,high_salinity,moist,poor
black_cotton,6.07,251.6,134.5,34.3,1076,73.7,13.3,slightly_acidic,very_high,very_high,very_low,high_salinity,moist,poor
red,5.46,163.5,101.9,138.5,2112,90.4,34.4,strongly_acidic,high,high,high,very_high_salinity,waterlogged,fair
laterite,5.22,287.8,21.8,212.5,997,31.5,34.0,strongly_acidic,very_high,very_low,very_high,high_salinity,dry,poor
sandy,8.54,125.5,99.3,47.9,2170,51.4,29.7,strongly_alkaline,high,high,low,very_high_salinity,optimal,fair
sandy,4.88,251.9,30.0,133.6,2163,81.6,19.9,strongly_acidic,very_high,low,high,very_high_salinity,waterlogged,poor
red,8.27,194.6,94.2,188.7,529,50.0,12.1,slightly_alkaline,very_high,high,very_high,normal,optimal,good
sandy,7.39,213.3,117.8,32.0,883,65.7,16.1,neutral,very_high,very_high,very_low,high_salinity,moist,fair
black_cotton,7.66,123.8,55.9,36.2,2059,55.4,34.1,slightly_alkaline,high,medium,very_low,very_high_salinity,optimal,fair
alluvial,8.04,40.9,64.1,151.5,1033,77.1,34.7,slightly_alkaline,low,medium,high,high_salinity,moist,fair
laterite,6.36,93.5,108.0,179.0,1646,54.9,13.4,slightly_acidic,medium,high,very_high,very_high_salinity,optimal,fair
red,4.71,134.9,59.8,100.6,855,68.6,41.5,strongly_acidic,high,medium,medium,high_salinity,moist,fair
alluvial,7.6,143.7,74.7,80.9,1999,54.5,23.6,slightly_alkaline,high,medium,medium,very_high_salinity,optimal,good
alluvial,8.65,223.8,36.2,209.1,391,5.6,21.1,strongly_alkaline,very_high,low,very_high,low,very_dry,poor
sandy,8.73,239.9,46.6,108.8,1996,73.8,22.8,strongly_alkaline,very_high,low,medium,very_high_salinity,moist,poor
alluvial,6.18,286.9,74.0,216.9,605,27.3,20.6,slightly_acidic,very_high,medium,very_high,normal,dry,good
red,7.69,193.3,39.1,196.8,1699,78.8,13.5,slightly_alkaline,very_high,low,very_high,very_high_salinity,moist,poor
laterite,5.46,258.7,136.9,176.8,1017,47.7,17.7,strongly_acidic,very_high,very_high,very_high,high_salinity,optimal,poor
red,6.65,183.3,69.8,113.5,2034,14.8,21.0,neutral,very_high,medium,high,very_high_salinity,very_dry,good
red,7.68,104.2,70.3,63.5,296,71.3,27.6,slightly_alkaline,medium,medium,low,low,moist,fair
sandy,7.96,162.7,40.8,121.9,1852,14.8,24.5,slightly_alkaline,high,low,high,very_high_salinity,very_dry,fair
red,5.8,75.8,116.8,157.1,1124,82.4,22.7,slightly_acidic,low,very_high,high,high_salinity,waterlogged,fair
sandy,5.35,85.1,81.5,85.6,619,14.0,29.5,strongly_acidic,medium,high,medium,normal,very_dry,good
sandy,8.64,159.3,21.0,5.3,478,61.6,13.9,strongly_alkaline,high,very_low,very_low,normal,moist,fair
laterite,7.75,271.1,32.7,155.1,1348,66.7,18.2,slightly_alkaline,very_high,low,high,high_salinity,moist,fair
alluvial,8.12,141.0,97.6,26.4,1175,43.5,15.7,slightly_alkaline,high,high,very_low,high_salinity,optimal,fair
black_cotton,7.0,258.7,72.2,105.3,228,93.3,36.9,neutral,very_high,medium,medium,low,waterlogged,good
laterite,8.83,14.2,18.0,181.2,1421,26.4,35.8,strongly_alkaline,very_low,very_low,very_high,high_salinity,dry,very_poor
sandy,5.65,51.6,34.5,160.7,441,19.6,23.8,slightly_acidic,low,low,very_high,normal,very_dry,fair
sandy,6.52,236.0,31.9,92.2,1960,41.4,18.2,neutral,very_high,low,medium,very_high_salinity,optimal,fair
laterite,6.92,214.4,16.9,17.3,978,43.0,41.6,neutral,very_high,very_low,very_low,high_salinity,optimal,poor
laterite,7.82,109.0,71.1,171.1,1438,58.7,16.9,slightly_alkaline,medium,medium,very_high,high_salinity,optimal,fair
red,7.84,196.8,118.2,65.5,544,84.9,38.0,slightly_alkaline,very_high,very_high,low,normal,waterlogged,fair
sandy,6.65,7.3,124.9,146.4,2136,85.5,11.2,neutral,very_low,very_high,high,very_high_salinity,waterlogged,fair
red,5.08,15.6,71.0,63.6,2246,44.9,34.6,strongly_acidic,very_low,medium,low,very_high_salinity,optimal,very_poor
laterite,4.54,27.3,118.6,99.3,1363,39.0,13.5,strongly_acidic,very_low,very_high,medium,high_salinity,dry,poor
laterite,4.66,279.1,67.6,37.0,1169,31.5,25.7,strongly_acidic,very_high,medium,very_low,high_salinity,dry,poor
alluvial,5.13,187.0,97.0,147.0,759,38.7,31.7,strongly_acidic,very_high,high,high,normal,dry,good
laterite,7.81,28.6,131.0,78.5,2071,81.1,22.4,slightly_alkaline,very_low,very_high,medium,very_high_salinity,waterlogged,poor
laterite,6.44,297.9,67.5,127.2,1054,53.8,31.4,slightly_acidic,very_high,medium,high,high_salinity,optimal,fair
red,6.27,118.8,10.8,52.3,989,32.5,38.7,slightly_acidic,medium,very_low,low,high_salinity,dry,poor
sandy,7.15,122.4,137.9,101.3,585,11.4,10.5,neutral,high,very_high,medium,normal,very_dry,excellent
red,4.87,102.6,91.6,194.2,2079,44.8,25.8,strongly_acidic,medium,high,very_high,very_high_salinity,optimal,fair
alluvial,7.07,182.0,69.4,11.6,1568,87.0,35.7,neutral,very_high,medium,very_low,very_high_salinity,waterlogged,fair
red,7.75,155.8,40.9,138.2,2452,59.4,10.5,slightly_alkaline,high,low,high,very_high_salinity,optimal,fair
black_cotton,7.88,282.6,8.5,68.3,385,73.7,31.5,slightly_alkaline,very_high,very_low,low,low,moist,poor
sandy,7.19,150.0,67.7,122.6,935,16.2,15.0,neutral,high,medium,high,high_salinity,very_dry,good
red,5.81,153.1,98.7,152.4,847,17.7,41.4,slightly_acidic,high,high,high,high_salinity,very_dry,good
alluvial,6.06,145.7,105.3,141.8,678,83.6,11.3,slightly_acidic,high,high,high,normal,waterlogged,excellent
black_cotton,5.41,225.7,23.2,198.0,1620,86.9,18.1,strongly_acidic,very_high,very_low,very_high,very_high_salinity,waterlogged,very_poor
alluvial,8.88,165.8,88.7,110.6,2217,20.9,18.3,strongly_alkaline,high,high,high,very_high_salinity,dry,good
laterite,8.86,58.8,19.2,46.1,711,32.9,14.3,strongly_alkaline,low,very_low,low,normal,dry,poor
black_cotton,6.62,240.6,57.7,102.9,1204,72.9,14.7,neutral,very_high,medium,medium,high_salinity,moist,good
alluvial,6.62,30.9,133.8,16.5,1950,81.3,40.0,neutral,very_low,very_high,very_low,very_high_salinity,waterlogged,poor
laterite,8.86,254.3,112.5,179.5,129,93.1,35.1,strongly_alkaline,very_high,very_high,very_high,very_low,waterlogged,poor
laterite,8.86,139.2,85.9,157.9,2163,26.3,21.1,strongly_alkaline,high,high,high,very_high_salinity,dry,good
red,5.73,107.7,113.8,49.4,712,67.6,16.2,slightly_acidic,medium,very_high,low,normal,moist,fair
alluvial,5.16,281.0,83.4,6.3,2380,64.6,35.2,strongly_acidic,very_high,high,very_low,very_high_salinity,moist,poor
sandy,6.31,281.0,101.5,165.8,2235,56.5,37.3,slightly_acidic,very_high,high,very_high,very_high_salinity,optimal,fair
black_cotton,5.79,258.4,36.0,66.5,1115,8.8,10.2,slightly_acidic,very_high,low,low,high_salinity,very_dry,poor
alluvial,6.22,283.7,105.1,19.5,1064,44.7,39.7,slightly_acidic,very_high,high,very_low,high_salinity,optimal,fair
black_cotton,6.31,240.5,137.8,181.4,1553,10.7,26.5,slightly_acidic,very_high,very_high,very_high,very_high_salinity,very_dry,poor
alluvial,5.19,203.1,49.0,24.4,2253,88.7,23.5,strongly_acidic,very_high,low,very_low,very_high_salinity,waterlogged,very_poor
red,6.87,222.6,73.3,160.7,2020,85.3,33.9,neutral,very_high,medium,very_high,very_high_salinity,waterlogged,fair
sandy,7.15,166.9,80.4,146.2,2263,57.5,41.4,neutral,high,high,high,very_high_salinity,optimal,good
alluvial,5.88,278.6,28.4,28.9,1029,20.1,22.3,slightly_acidic,very_high,very_low,very_low,high_salinity,dry,poor
laterite,6.76,45.6,130.6,93.4,123,70.0,18.9,neutral,low,very_high,medium,very_low,moist,fair
alluvial,6.86,148.5,13.3,208.6,479,39.6,36.4,neutral,high,very_low,very_high,normal,dry,good
sandy,5.61,287.0,46.6,122.7,1937,81.0,31.1,slightly_acidic,very_high,low,high,very_high_salinity,waterlogged,fair
alluvial,7.22,41.7,9.5,154.7,407,28.6,21.6,neutral,low,very_low,high,normal,dry,good
black_cotton,5.78,163.0,81.2,60.4,1388,55.1,29.1,slightly_acidic,high,high,low,high_salinity,optimal,fair
laterite,4.72,130.8,111.9,198.3,2135,50.2,30.7,strongly_acidic,high,very_high,very_high,very_high_salinity,optimal,poor
alluvial,6.5,262.6,54.6,67.1,90,54.4,10.5,neutral,very_high,low,low,very_low,optimal,fair
laterite,7.46,253.9,95.5,139.6,2433,31.7,23.4,neutral,very_high,high,high,very_high_salinity,dry,good
black_cotton,5.17,182.4,98.8,87.6,1045,37.2,34.6,strongly_acidic,very_high,high,medium,high_salinity,dry,fair
laterite,4.56,284.7,64.3,149.0,1028,72.2,20.7,strongly_acidic,very_high,medium,high,high_salinity,moist,fair
alluvial,6.45,29.9,79.3,156.8,1597,8.2,28.0,slightly_acidic,very_low,medium,high,very_high_salinity,very_dry,fair
red,6.53,261.0,69.7,64.8,613,60.9,29.8,neutral,very_high,medium,low,normal,moist,good
alluvial,5.89,56.6,72.6,55.1,1040,64.4,22.2,slightly_acidic,low,medium,low,high_salinity,moist,poor
alluvial,6.21,273.7,47.1,146.8,1101,77.3,35.1,slightly_acidic,very_high,low,high,high_salinity,moist,fair
alluvial,5.95,174.3,129.5,213.8,832,23.6,20.6,slightly_acidic,high,very_high,very_high,high_salinity,dry,fair
laterite,7.1,101.0,23.1,157.9,1529,59.2,34.6,neutral,medium,very_low,high,very_high_salinity,optimal,fair
red,5.48,228.2,92.1,96.1,356,16.4,32.4,strongly_acidic,very_high,high,medium,low,very_dry,fair
red,4.61,180.4,81.2,24.8,365,5.7,39.7,strongly_acidic,very_high,high,very_low,low,very_dry,poor
alluvial,6.57,215.7,123.0,165.8,1864,17.2,27.5,neutral,very_high,very_high,very_high,very_high_salinity,very_dry,fair
laterite,4.69,22.4,54.6,123.8,1223,33.1,32.2,strongly_acidic,very_low,low,high,high_salinity,dry,poor
alluvial,7.64,49.9,138.6,149.3,341,59.0,35.7,slightly_alkaline,low,very_high,high,low,optimal,fair
laterite,4.9,245.0,14.7,30.9,2386,29.0,14.8,strongly_acidic,very_high,very_low,very_low,very_high_salinity,dry,very_poor
laterite,5.19,278.9,136.3,92.4,960,80.8,16.7,strongly_acidic,very_high,very_high,medium,high_salinity,waterlogged,poor
laterite,8.55,9.2,18.5,15.0,448,74.7,19.5,strongly_alkaline,very_low,very_low,very_low,normal,moist,poor
red,6.47,67.9,126.4,212.0,2245,44.8,38.5,slightly_acidic,low,very_high,very_high,very_high_salinity,optimal,poor
red,5.01,128.6,110.0,217.7,2352,16.3,16.6,strongly_acidic,high,very_high,very_high,very_high_salinity,very_dry,poor
sandy,6.66,247.0,115.1,95.0,1520,41.6,18.7,neutral,very_high,very_high,medium,very_high_salinity,optimal,fair
sandy,6.21,184.1,78.9,158.4,1866,95.0,34.9,slightly_acidic,very_high,medium,high,very_high_salinity,waterlogged,fair
black_cotton,6.65,33.4,19.4,24.1,1171,19.8,23.9,neutral,very_low,very_low,very_low,high_salinity,very_dry,poor
sandy,6.35,206.8,75.6,95.6,2478,11.6,30.3,slightly_acidic,very_high,medium,medium,very_high_salinity,very_dry,fair
alluvial,8.97,160.9,91.5,75.0,1912,60.7,39.3,strongly_alkaline,high,high,medium,very_high_salinity,moist,fair
sandy,5.08,6.9,130.8,42.8,1964,74.8,12.2,strongly_acidic,very_low,very_high,low,very_high_salinity,moist,very_poor
laterite,7.26,242.1,117.4,97.0,1929,9.5,20.6,neutral,very_high,very_high,medium,very_high_salinity,very_dry,fair
alluvial,7.19,102.1,20.5,90.8,1937,14.9,22.1,neutral,medium,very_low,medium,very_high_salinity,very_dry,fair
sandy,5.01,262.5,41.7,10.1,1136,69.2,32.5,strongly_acidic,very_high,low,very_low,high_salinity,moist,very_poor
sandy,7.2,200.8,14.5,203.8,1420,17.2,36.4,neutral,very_high,very_low,very_high,high_salinity,very_dry,fair
sandy,5.16,70.2,133.9,30.7,1164,34.1,33.6,strongly_acidic,low,very_high,very_low,high_salinity,dry,very_poor
black_cotton,4.62,232.2,50.0,23.1,1107,32.6,23.2,strongly_acidic,very_high,low,very_low,high_salinity,dry,very_poor
black_cotton,8.75,264.1,135.0,138.8,1009,69.7,14.1,strongly_alkaline,very_high,very_high,high,high_salinity,moist,fair
laterite,8.73,81.7,104.0,78.1,605,24.6,29.1,strongly_alkaline,medium,high,medium,normal,dry,good
black_cotton,5.5,80.7,132.7,97.4,1730,74.7,22.1,slightly_acidic,medium,very_high,medium,very_high_salinity,moist,fair
alluvial,6.23,189.4,125.1,118.8,1382,62.7,11.0,slightly_acidic,very_high,very_high,high,high_salinity,moist,fair
laterite,5.06,250.0,106.2,191.2,1966,15.2,10.6,strongly_acidic,very_high,high,very_high,very_high_salinity,very_dry,poor
sandy,7.9,100.8,65.7,94.9,1490,16.8,23.9,slightly_alkaline,medium,medium,medium,high_salinity,very_dry,good
red,8.93,15.6,65.7,39.6,1288,33.5,30.6,strongly_alkaline,very_low,medium,very_low,high_salinity,dry,poor
red,6.82,205.4,135.3,38.6,659,15.6,25.9,neutral,very_high,very_high,very_low,normal,very_dry,fair
laterite,5.39,271.3,63.5,202.5,1986,73.4,14.1,strongly_acidic,very_high,medium,very_high,very_high_salinity,moist,poor
black_cotton,5.16,294.6,126.8,24.8,2427,37.7,28.1,strongly_acidic,very_high,very_high,very_low,very_high_salinity,dry,very_poor
black_cotton,7.23,161.6,59.4,170.3,956,71.0,21.7,neutral,high,medium,very_high,high_salinity,moist,good
laterite,5.43,240.6,35.5,127.2,798,67.3,23.3,strongly_acidic,very_high,low,high,normal,moist,fair
laterite,7.28,24.4,118.3,170.1,350,90.0,12.4,neutral,very_low,very_high,very_high,low,waterlogged,fair
alluvial,5.19,31.4,52.3,202.2,134,61.4,22.7,strongly_acidic,very_low,low,very_high,very_low,moist,very_poor
black_cotton,7.66,143.0,57.5,121.9,1395,69.8,37.0,slightly_alkaline,high,medium,high,high_salinity,moist,good
black_cotton,6.87,269.4,126.2,147.4,1153,43.6,30.2,neutral,very_high,very_high,high,high_salinity,optimal,good
sandy,7.0,37.8,109.9,38.3,801,10.3,20.8,neutral,very_low,high,very_low,high_salinity,very_dry,fair
black_cotton,7.71,50.4,102.8,11.8,1058,79.2,36.5,slightly_alkaline,low,high,very_low,high_salinity,moist,fair
black_cotton,6.26,257.1,41.6,20.9,770,10.6,13.4,slightly_acidic,very_high,low,very_low,normal,very_dry,fair
alluvial,6.01,98.7,91.7,129.8,1616,36.3,20.6,slightly_acidic,medium,high,high,very_high_salinity,dry,good
sandy,6.47,195.0,18.8,127.1,183,17.6,16.9,slightly_acidic,very_high,very_low,high,very_low,very_dry,fair
red,8.78,142.2,101.4,24.0,360,30.5,27.5,strongly_alkaline,high,high,very_low,low,dry,fair
red,7.59,6.0,11.2,94.0,397,9.6,39.2,slightly_alkaline,very_low,very_low,medium,low,very_dry,poor
alluvial,7.55,246.1,12.2,47.0,550,7.1,28.2,slightly_alkaline,very_high,very_low,low,normal,very_dry,fair
sandy,6.48,265.0,138.0,41.2,548,87.7,10.3,slightly_acidic,very_high,very_high,low,normal,waterlogged,fair
black_cotton,6.61,62.3,47.4,178.8,2060,52.5,22.5,neutral,low,low,very_high,very_high_salinity,optimal,poor
black_cotton,8.82,111.3,42.4,144.2,858,55.7,13.6,strongly_alkaline,medium,low,high,high_salinity,optimal,fair
red,7.88,223.5,55.2,81.4,1678,27.1,16.8,slightly_alkaline,very_high,medium,medium,very_high_salinity,dry,fair
red,6.53,159.4,66.8,144.9,2367,69.0,32.0,neutral,high,medium,high,very_high_salinity,moist,good
red,4.69,107.7,84.0,219.0,2213,63.6,22.6,strongly_acidic,medium,high,very_high,very_high_salinity,moist,fair
alluvial,6.96,69.0,112.7,85.9,433,87.0,21.8,neutral,low,very_high,medium,normal,waterlogged,good
sandy,7.47,271.7,48.2,93.7,315,93.5,30.3,neutral,very_high,low,medium,low,waterlogged,fair
sandy,6.82,202.1,131.9,158.2,2322,81.4,10.2,neutral,very_high,very_high,high,very_high_salinity,waterlogged,fair
sandy,5.01,108.0,122.5,89.8,670,70.5,17.5,strongly_acidic,medium,very_high,medium,normal,moist,fair
alluvial,6.06,253.8,21.2,146.1,344,49.5,18.4,slightly_acidic,very_high,very_low,high,low,optimal,fair
black_cotton,8.25,265.6,83.5,23.5,1878,20.4,24.6,slightly_alkaline,very_high,high,very_low,very_high_salinity,dry,fair
alluvial,7.56,7.0,106.9,96.2,767,93.9,32.4,slightly_alkaline,very_low,high,medium,normal,waterlogged,good
sandy,4.73,76.4,45.8,160.4,2168,57.5,40.6,strongly_acidic,low,low,very_high,very_high_salinity,optimal,very_poor
red,7.62,185.7,100.3,36.9,2434,71.6,33.2,slightly_alkaline,very_high,high,very_low,very_high_salinity,moist,fair
black_cotton,6.82,230.2,39.7,112.5,2126,72.3,19.6,neutral,very_high,low,high,very_high_salinity,moist,fair
alluvial,8.37,24.7,116.1,138.8,1562,71.7,20.8,slightly_alkaline,very_low,very_high,high,very_high_salinity,moist,fair
alluvial,6.37,293.3,10.8,86.4,1875,83.7,13.0,slightly_acidic,very_high,very_low,medium,very_high_salinity,waterlogged,poor
sandy,8.42,134.3,16.9,142.0,451,79.9,13.8,slightly_alkaline,high,very_low,high,normal,moist,good
laterite,6.56,58.7,17.3,53.2,469,48.9,26.2,neutral,low,very_low,low,normal,optimal,fair
laterite,7.32,261.0,105.8,53.2,738,92.8,32.3,neutral,very_high,high,low,normal,waterlogged,good
black_cotton,7.92,104.8,38.6,106.8,1293,87.5,11.3,slightly_alkaline,medium,low,medium,high_salinity,waterlogged,fair
laterite,6.03,87.6,45.1,123.4,140,39.9,33.1,slightly_acidic,medium,low,high,very_low,dry,fair
alluvial,5.67,68.7,9.6,213.1,1727,30.3,16.1,slightly_acidic,low,very_low,very_high,very_high_salinity,dry,poor
red,5.44,158.8,25.4,188.8,2014,72.1,24.3,strongly_acidic,high,very_low,very_high,very_high_salinity,moist,poor
red,6.32,184.0,81.2,37.9,1253,61.0,25.3,slightly_acidic,very_high,high,very_low,high_salinity,moist,fair
black_cotton,8.05,66.1,105.8,85.4,1081,19.4,21.1,slightly_alkaline,low,high,medium,high_salinity,very_dry,fair
laterite,5.95,103.9,28.1,58.1,1919,25.9,33.7,slightly_acidic,medium,very_low,low,very_high_salinity,dry,poor
black_cotton,5.71,30.1,94.6,215.9,765,52.7,32.4,slightly_acidic,very_low,high,very_high,normal,optimal,fair
laterite,4.51,85.2,71.5,56.6,2460,76.0,13.1,strongly_acidic,medium,medium,low,very_high_salinity,moist,poor
red,4.98,219.9,35.5,42.9,896,92.2,28.9,strongly_acidic,very_high,low,low,high_salinity,waterlogged,poor
alluvial,6.72,6.3,66.8,182.2,2038,40.2,24.7,neutral,very_low,medium,very_high,very_high_salinity,optimal,fair
laterite,5.68,69.3,49.3,186.9,1907,39.5,14.2,slightly_acidic,low,low,very_high,very_high_salinity,dry,poor
laterite,5.26,280.9,135.7,101.4,156,90.7,32.7,strongly_acidic,very_high,very_high,medium,very_low,waterlogged,poor
red,8.69,290.2,10.7,112.7,1487,5.2,24.0,strongly_alkaline,very_high,very_low,high,high_salinity,very_dry,poor
laterite,6.3,71.5,74.5,19.2,1226,70.3,31.0,slightly_acidic,low,medium,very_low,high_salinity,moist,poor
alluvial,6.25,178.9,82.0,175.7,1410,14.7,29.6,slightly_acidic,high,high,very_high,high_salinity,very_dry,good
alluvial,7.2,107.8,15.5,62.1,234,92.8,10.7,neutral,medium,very_low,low,low,waterlogged,fair
red,5.7,147.8,85.9,163.4,265,55.5,30.6,slightly_acidic,high,high,very_high,low,optimal,good
red,7.09,119.2,95.8,70.7,2090,91.4,13.5,neutral,medium,high,medium,very_high_salinity,waterlogged,good
black_cotton,5.63,266.7,64.6,33.4,140,81.8,12.1,slightly_acidic,very_high,medium,very_low,very_low,waterlogged,poor
black_cotton,5.16,89.5,8.9,171.6,1188,21.6,13.3,strongly_acidic,medium,very_low,very_high,high_salinity,dry,poor
alluvial,5.31,108.3,120.2,94.3,157,41.2,22.1,strongly_acidic,medium,very_high,medium,very_low,optimal,fair
laterite,8.85,221.8,66.5,130.3,1201,18.7,16.8,strongly_alkaline,very_high,medium,high,high_salinity,very_dry,fair
alluvial,6.37,204.3,117.5,135.9,365,83.8,30.7,slightly_acidic,very_high,very_high,high,low,waterlogged,fair
red,5.47,238.6,27.3,63.5,185,15.9,32.2,strongly_acidic,very_high,very_low,low,very_low,very_dry,very_poor
sandy,8.96,133.3,135.9,175.7,613,49.8,26.8,strongly_alkaline,high,very_high,very_high,normal,optimal,good
black_cotton,7.65,271.9,96.9,25.3,1347,38.6,26.5,slightly_alkaline,very_high,high,very_low,high_salinity,dry,fair
black_cotton,8.87,219.4,25.2,206.6,2280,89.6,36.2,strongly_alkaline,very_high,very_low,very_high,very_high_salinity,waterlogged,poor
laterite,4.99,161.5,118.2,46.9,1896,43.3,27.2,strongly_acidic,high,very_high,low,very_high_salinity,optimal,poor
sandy,5.04,197.9,42.9,137.1,2134,14.9,18.0,strongly_acidic,very_high,low,high,very_high_salinity,very_dry,poor
laterite,5.59,12.5,53.9,90.9,809,46.8,15.0,slightly_acidic,very_low,low,medium,high_salinity,optimal,poor
alluvial,7.05,269.5,87.7,36.1,559,36.3,25.8,neutral,very_high,high,very_low,normal,dry,good
black_cotton,6.16,69.1,37.4,65.1,2206,84.1,30.0,slightly_acidic,low,low,low,very_high_salinity,waterlogged,poor
red,8.23,198.0,99.6,171.0,1433,88.6,37.6,slightly_alkaline,very_high,high,very_high,high_salinity,waterlogged,fair
alluvial,6.81,179.3,20.6,42.6,2293,82.3,30.9,neutral,high,very_low,low,very_high_salinity,waterlogged,fair
alluvial,5.94,251.0,43.3,78.1,2256,92.3,20.4,slightly_acidic,very_high,low,medium,very_high_salinity,waterlogged,poor
laterite,7.45,40.2,128.8,152.4,1834,75.9,40.2,neutral,low,very_high,high,very_high_salinity,moist,fair
red,8.04,262.6,123.9,103.4,1871,48.8,32.3,slightly_alkaline,very_high,very_high,medium,very_high_salinity,optimal,fair
black_cotton,7.56,15.8,94.3,96.6,571,38.2,20.8,slightly_alkaline,very_low,high,medium,normal,dry,good
red,7.9,244.9,90.8,166.0,1343,15.4,20.7,slightly_alkaline,very_high,high,very_high,high_salinity,very_dry,fair
laterite,6.56,274.7,80.5,81.1,2008,55.9,24.9,neutral,very_high,high,medium,very_high_salinity,optimal,good
black_cotton,7.08,126.0,55.7,178.8,377,33.0,41.9,neutral,high,medium,very_high,low,dry,good
black_cotton,4.74,156.2,32.4,109.7,279,80.4,34.3,strongly_acidic,high,low,medium,low,waterlogged,fair
laterite,7.31,288.0,28.4,128.9,1033,77.8,39.1,neutral,very_high,very_low,high,high_salinity,moist,fair
alluvial,6.04,51.3,72.7,171.0,1101,70.0,39.9,slightly_acidic,low,medium,very_high,high_salinity,moist,fair
laterite,8.64,150.5,82.7,40.2,1671,76.2,12.5,strongly_alkaline,high,high,low,very_high_salinity,moist,fair
laterite,5.91,261.4,21.3,104.9,2183,17.4,35.3,slightly_acidic,very_high,very_low,medium,very_high_salinity,very_dry,poor
laterite,7.25,174.9,59.9,75.2,2365,61.6,28.1,neutral,high,medium,medium,very_high_salinity,moist,good
sandy,6.16,94.5,24.5,67.4,2037,88.5,15.0,slightly_acidic,medium,very_low,low,very_high_salinity,waterlogged,poor
red,7.43,225.7,41.2,181.3,2185,63.9,15.6,neutral,very_high,low,very_high,very_high_salinity,moist,fair
red,8.84,119.4,11.5,157.8,2422,92.7,25.6,strongly_alkaline,medium,very_low,high,very_high_salinity,waterlogged,poor
alluvial,7.59,173.6,6.1,77.9,1762,42.7,28.7,slightly_alkaline,high,very_low,medium,very_high_salinity,optimal,fair
laterite,8.59,40.8,76.7,109.3,1180,58.7,25.5,strongly_alkaline,low,medium,medium,high_salinity,optimal,fair
sandy,6.52,166.1,68.2,41.9,1230,56.0,30.1,neutral,high,medium,low,high_salinity,optimal,good
alluvial,7.18,29.8,41.4,9.4,2134,26.7,11.6,neutral,very_low,low,very_low,very_high_salinity,dry,poor
red,5.27,29.3,139.3,45.6,1736,16.8,21.3,strongly_acidic,very_low,very_high,low,very_high_salinity,very_dry,very_poor
red,5.88,192.0,15.2,134.8,1196,46.8,39.9,slightly_acidic,very_high,very_low,high,high_salinity,optimal,fair
red,6.64,210.1,126.7,210.2,1178,89.7,26.1,neutral,very_high,very_high,very_high,high_salinity,waterlogged,fair
laterite,8.82,202.7,100.0,55.1,1546,53.1,30.5,strongly_alkaline,very_high,high,low,very_high_salinity,optimal,poor
laterite,7.84,120.1,110.0,179.0,2091,34.0,24.0,slightly_alkaline,high,very_high,very_high,very_high_salinity,dry,fair
laterite,4.93,165.8,42.3,125.3,2332,64.6,28.7,strongly_acidic,high,low,high,very_high_salinity,moist,fair
red,8.87,54.1,61.6,48.6,2327,8.4,22.3,strongly_alkaline,low,medium,low,very_high_salinity,very_dry,poor
laterite,6.72,10.9,110.4,203.2,1290,47.0,33.8,neutral,very_low,very_high,very_high,high_salinity,optimal,fair
black_cotton,4.66,229.6,73.6,210.4,1488,56.9,25.8,strongly_acidic,very_high,medium,very_high,high_salinity,optimal,poor
black_cotton,6.92,263.3,43.6,146.6,829,36.5,13.8,neutral,very_high,low,high,high_salinity,dry,fair
red,7.17,269.9,119.5,144.8,145,85.7,40.8,neutral,very_high,very_high,high,very_low,waterlogged,good
black_cotton,5.01,83.3,28.2,210.0,1811,41.7,19.7,strongly_acidic,medium,very_low,very_high,very_high_salinity,optimal,poor
sandy,7.92,176.4,119.1,116.6,1798,28.2,25.1,slightly_alkaline,high,very_high,high,very_high_salinity,dry,good
laterite,4.61,69.7,113.5,120.5,1383,85.8,19.5,strongly_acidic,low,very_high,high,high_salinity,waterlogged,poor
sandy,7.07,10.8,64.3,185.3,287,92.5,23.7,neutral,very_low,medium,very_high,low,waterlogged,fair
black_cotton,6.12,245.3,31.2,29.0,624,26.1,12.0,slightly_acidic,very_high,low,very_low,normal,dry,fair
sandy,8.3,197.0,92.3,218.3,873,17.8,38.6,slightly_alkaline,very_high,high,very_high,high_salinity,very_dry,fair
black_cotton,6.88,66.9,28.3,13.1,970,33.2,13.7,neutral,low,very_low,very_low,high_salinity,dry,poor
laterite,8.17,264.7,47.6,145.2,995,7.1,31.2,slightly_alkaline,very_high,low,high,high_salinity,very_dry,fair
black_cotton,7.21,63.0,8.0,106.2,691,10.2,41.3,neutral,low,very_low,medium,normal,very_dry,fair
black_cotton,8.82,31.0,9.7,217.3,854,51.6,39.2,strongly_alkaline,very_low,very_low,very_high,high_salinity,optimal,very_poor
alluvial,5.12,191.3,102.6,53.4,680,72.7,21.5,strongly_acidic,very_high,high,low,normal,moist,fair
sandy,7.8,230.7,57.0,183.9,2396,61.4,19.8,slightly_alkaline,very_high,medium,very_high,very_high_salinity,moist,fair
red,5.38,213.8,97.8,155.8,1921,29.0,39.6,strongly_acidic,very_high,high,high,very_high_salinity,dry,fair
red,7.17,270.9,98.2,168.7,105,37.5,20.9,neutral,very_high,high,very_high,very_low,dry,good
black_cotton,7.58,277.9,53.9,29.8,2048,44.7,23.3,slightly_alkaline,very_high,low,very_low,very_high_salinity,optimal,poor
alluvial,5.01,228.4,89.4,143.4,1378,46.5,13.4,strongly_acidic,very_high,high,high,high_salinity,optimal,fair
black_cotton,6.76,268.5,111.6,85.6,2243,85.9,30.2,neutral,very_high,very_high,medium,very_high_salinity,waterlogged,fair
sandy,6.9,227.0,125.5,79.7,466,90.9,22.6,neutral,very_high,very_high,medium,normal,waterlogged,good
sandy,7.3,43.6,19.3,124.0,1298,55.4,41.3,neutral,low,very_low,high,high_salinity,optimal,fair
alluvial,8.62,231.6,125.2,118.1,2049,37.7,38.3,strongly_alkaline,very_high,very_high,high,very_high_salinity,dry,fair
red,7.22,227.6,10.5,170.1,643,84.5,41.7,neutral,very_high,very_low,very_high,normal,waterlogged,fair
sandy,5.45,149.1,59.9,138.7,410,75.9,20.4,strongly_acidic,high,medium,high,normal,moist,good
alluvial,4.88,208.7,109.2,153.9,1332,66.8,40.8,strongly_acidic,very_high,high,high,high_salinity,moist,fair
black_cotton,4.53,197.9,119.5,53.6,1885,68.7,20.9,strongly_acidic,very_high,very_high,low,very_high_salinity,moist,poor
laterite,5.59,284.7,100.5,148.2,942,82.1,15.0,slightly_acidic,very_high,high,high,high_salinity,waterlogged,good
black_cotton,6.59,51.7,124.0,76.9,1736,68.3,14.8,neutral,low,very_high,medium,very_high_salinity,moist,fair
laterite,6.31,286.8,16.3,183.6,2187,80.0,30.8,slightly_acidic,very_high,very_low,very_high,very_high_salinity,waterlogged,poor
black_cotton,7.36,188.9,8.9,23.3,2403,35.0,15.2,neutral,very_high,very_low,very_low,very_high_salinity,dry,poor
laterite,4.61,98.4,111.6,206.9,601,14.7,25.2,strongly_acidic,medium,very_high,very_high,normal,very_dry,fair
sandy,6.23,222.3,135.6,22.9,1746,52.3,16.9,slightly_acidic,very_high,very_high,very_low,very_high_salinity,optimal,poor
alluvial,5.52,79.9,135.2,194.5,1496,76.0,37.7,slightly_acidic,low,very_high,very_high,high_salinity,moist,poor
red,5.47,222.4,55.0,190.3,134,59.7,35.3,strongly_acidic,very_high,medium,very_high,very_low,optimal,poor
laterite,7.05,196.9,79.7,122.9,2356,5.7,19.3,neutral,very_high,medium,high,very_high_salinity,very_dry,good
black_cotton,6.37,209.2,15.7,95.6,110,65.1,23.2,slightly_acidic,very_high,very_low,medium,very_low,moist,poor
red,4.67,163.8,70.2,90.3,646,7.7,15.7,strongly_acidic,high,medium,medium,normal,very_dry,good
alluvial,6.65,88.4,134.7,18.5,1206,37.2,24.3,neutral,medium,very_high,very_low,high_salinity,dry,fair
laterite,5.79,248.9,111.3,38.7,160,72.9,28.9,slightly_acidic,very_high,very_high,very_low,very_low,moist,poor
sandy,7.1,111.9,112.3,108.3,243,6.3,36.5,neutral,medium,very_high,medium,low,very_dry,good
sandy,8.07,91.9,79.4,8.6,1678,20.9,31.3,slightly_alkaline,medium,medium,very_low,very_high_salinity,dry,fair
sandy,8.09,272.9,125.1,74.2,757,57.2,25.6,slightly_alkaline,very_high,very_high,medium,normal,optimal,good
laterite,8.74,134.1,116.9,6.9,111,51.5,37.8,strongly_alkaline,high,very_high,very_low,very_low,optimal,poor
laterite,4.68,14.2,75.9,178.5,2210,16.8,17.6,strongly_acidic,very_low,medium,very_high,very_high_salinity,very_dry,poor
laterite,7.2,150.7,100.1,139.7,431,35.0,17.9,neutral,high,high,high,normal,dry,excellent
sandy,5.88,201.5,48.9,204.0,1115,93.0,21.7,slightly_acidic,very_high,low,very_high,high_salinity,waterlogged,poor
sandy,7.59,259.5,35.3,56.6,815,88.7,16.3,slightly_alkaline,very_high,low,low,high_salinity,waterlogged,poor
sandy,5.58,291.3,107.6,6.0,1262,20.2,12.1,slightly_acidic,very_high,high,very_low,high_salinity,dry,fair
alluvial,6.09,297.5,126.3,217.6,2106,48.4,40.9,slightly_acidic,very_high,very_high,very_high,very_high_salinity,optimal,poor
black_cotton,5.57,288.1,81.1,194.6,1690,28.0,39.3,slightly_acidic,very_high,high,very_high,very_high_salinity,dry,fair
black_cotton,6.36,158.5,110.3,118.1,1786,18.4,12.3,slightly_acidic,high,very_high,high,very_high_salinity,very_dry,fair
alluvial,7.29,108.5,76.9,65.7,1108,83.6,11.8,neutral,medium,medium,low,high_salinity,waterlogged,fair
sandy,7.34,229.9,26.5,81.0,644,23.4,37.9,neutral,very_high,very_low,medium,normal,dry,good
sandy,5.48,93.0,57.3,84.6,1979,38.5,13.7,strongly_acidic,medium,medium,medium,very_high_salinity,dry,fair
alluvial,6.21,112.3,138.1,71.8,2101,91.4,10.5,slightly_acidic,medium,very_high,medium,very_high_salinity,waterlogged,fair
sandy,8.11,63.5,92.3,199.4,591,26.2,10.0,slightly_alkaline,low,high,very_high,normal,dry,good
alluvial,5.32,15.3,61.4,100.3,978,66.9,38.5,strongly_acidic,very_low,medium,medium,high_salinity,moist,poor
black_cotton,8.88,255.7,53.0,6.9,1257,88.4,22.8,strongly_alkaline,very_high,low,very_low,high_salinity,waterlogged,poor
red,5.17,293.2,102.2,61.8,2468,67.5,37.9,strongly_acidic,very_high,high,low,very_high_salinity,moist,poor
alluvial,5.97,41.9,61.3,11.7,893,8.7,30.9,slightly_acidic,low,medium,very_low,high_salinity,very_dry,poor
alluvial,8.32,105.4,100.5,125.4,803,14.8,13.8,slightly_alkaline,medium,high,high,high_salinity,very_dry,good
black_cotton,5.42,93.0,134.2,35.6,206,92.7,26.8,strongly_acidic,medium,very_high,very_low,low,waterlogged,poor
laterite,7.84,106.3,74.4,12.8,104,78.7,38.8,slightly_alkaline,medium,medium,very_low,very_low,moist,fair
laterite,6.99,238.0,81.5,176.6,1632,47.5,26.0,neutral,very_high,high,very_high,very_high_salinity,optimal,fair
black_cotton,6.63,270.6,6.7,190.4,2100,24.4,41.4,neutral,very_high,very_low,very_high,very_high_salinity,dry,poor
black_cotton,6.31,196.7,66.8,130.2,1690,72.0,39.4,slightly_acidic,very_high,medium,high,very_high_salinity,moist,fair
laterite,6.21,110.6,81.0,5.5,228,69.3,13.6,slightly_acidic,medium,high,very_low,low,moist,fair
alluvial,6.8,36.7,45.6,77.0,2309,19.4,11.3,neutral,very_low,low,medium,very_high_salinity,very_dry,poor
red,8.22,290.4,135.4,44.3,256,6.8,17.5,slightly_alkaline,very_high,very_high,low,low,very_dry,fair
alluvial,5.77,226.4,120.8,116.7,444,63.6,21.2,slightly_acidic,very_high,very_high,high,normal,moist,good
alluvial,7.7,152.6,71.6,74.3,854,65.6,40.5,slightly_alkaline,high,medium,medium,high_salinity,moist,good
red,7.18,283.1,45.4,175.9,2158,7.2,15.6,neutral,very_high,low,very_high,very_high_salinity,very_dry,fair
alluvial,4.5,273.3,85.0,105.3,2293,14.4,39.5,strongly_acidic,very_high,high,medium,very_high_salinity,very_dry,fair
alluvial,8.6,60.9,8.9,148.9,1644,48.0,20.9,strongly_alkaline,low,very_low,high,very_high_salinity,optimal,poor
black_cotton,6.04,154.5,122.8,183.7,1238,5.8,29.8,slightly_acidic,high,very_high,very_high,high_salinity,very_dry,fair
black_cotton,6.44,72.9,46.6,15.1,1357,93.5,26.8,slightly_acidic,low,low,very_low,high_salinity,waterlogged,poor
alluvial,4.62,132.1,57.0,96.5,1508,15.3,19.4,strongly_acidic,high,medium,medium,very_high_salinity,very_dry,fair
red,6.05,158.2,131.4,26.1,844,24.4,17.6,slightly_acidic,high,very_high,very_low,high_salinity,dry,fair
red,6.67,87.8,103.8,49.6,774,6.3,30.6,neutral,medium,high,low,normal,very_dry,good
sandy,4.71,61.6,50.5,119.0,2193,19.8,28.7,strongly_acidic,low,low,high,very_high_salinity,very_dry,poor
laterite,8.38,35.4,97.6,45.7,689,54.5,12.9,slightly_alkaline,very_low,high,low,normal,optimal,fair
alluvial,4.67,204.7,98.4,160.8,792,7.8,36.9,strongly_acidic,very_high,high,very_high,normal,very_dry,fair
sandy,5.19,114.4,44.2,56.3,1215,84.9,41.6,strongly_acidic,medium,low,low,high_salinity,waterlogged,poor
red,6.07,220.6,41.0,132.0,1085,43.9,40.1,slightly_acidic,very_high,low,high,high_salinity,optimal,fair
sandy,7.28,153.9,103.5,20.8,2156,27.7,13.4,neutral,high,high,very_low,very_high_salinity,dry,fair
black_cotton,6.69,48.6,82.5,128.5,2128,76.4,20.4,neutral,low,high,high,very_high_salinity,moist,good
black_cotton,4.65,27.0,90.5,57.2,1120,71.4,38.7,strongly_acidic,very_low,high,low,high_salinity,moist,poor
laterite,6.15,28.8,20.1,31.7,289,18.6,14.4,slightly_acidic,very_low,very_low,very_low,low,very_dry,very_poor
sandy,5.65,172.7,87.0,167.3,2338,77.6,29.5,slightly_acidic,high,high,very_high,very_high_salinity,moist,fair
black_cotton,8.5,211.7,119.8,41.0,2143,32.1,41.5,strongly_alkaline,very_high,very_high,low,very_high_salinity,dry,poor
black_cotton,7.05,288.2,52.4,25.2,174,27.9,21.9,neutral,very_high,low,very_low,very_low,dry,poor
red,5.03,229.9,118.3,41.6,140,86.3,25.1,strongly_acidic,very_high,very_high,low,very_low,waterlogged,poor
laterite,7.67,171.9,12.3,34.3,1158,70.7,40.4,slightly_alkaline,high,very_low,very_low,high_salinity,moist,poor
sandy,7.0,202.2,18.8,118.7,784,36.2,30.7,neutral,very_high,very_low,high,normal,dry,good
alluvial,8.29,253.3,60.6,147.4,1034,34.3,19.1,slightly_alkaline,very_high,medium,high,high_salinity,dry,good
black_cotton,6.98,37.7,74.3,65.0,2075,70.7,15.5,neutral,very_low,medium,low,very_high_salinity,moist,poor
laterite,5.76,24.9,74.0,50.7,2233,35.1,13.4,slightly_acidic,very_low,medium,low,very_high_salinity,dry,poor
black_cotton,8.78,59.7,53.7,17.8,2279,49.0,40.9,strongly_alkaline,low,low,very_low,very_high_salinity,optimal,very_poor
black_cotton,7.75,168.0,54.4,75.1,796,32.2,30.5,slightly_alkaline,high,low,medium,normal,dry,good
sandy,8.97,67.2,32.7,188.0,1452,14.2,29.2,strongly_alkaline,low,low,very_high,high_salinity,very_dry,poor
alluvial,4.82,184.6,15.6,98.0,606,66.3,24.2,strongly_acidic,very_high,very_low,medium,normal,moist,fair
black_cotton,7.42,134.6,14.7,142.6,937,18.2,12.9,neutral,high,very_low,high,high_salinity,very_dry,good
red,6.19,7.8,131.6,29.7,1664,49.7,27.6,slightly_acidic,very_low,very_high,very_low,very_high_salinity,optimal,very_poor
sandy,5.39,40.4,99.2,180.8,303,15.9,24.9,strongly_acidic,low,high,very_high,low,very_dry,fair
alluvial,6.2,54.3,36.5,136.2,1217,58.5,33.0,slightly_acidic,low,low,high,high_salinity,optimal,fair
alluvial,4.96,191.1,90.5,51.6,858,18.0,28.7,strongly_acidic,very_high,high,low,high_salinity,very_dry,poor
sandy,5.49,62.5,60.5,61.9,501,55.6,34.0,strongly_acidic,low,medium,low,normal,optimal,fair
laterite,5.12,139.8,26.1,43.2,141,87.2,22.6,strongly_acidic,high,very_low,low,very_low,waterlogged,poor
red,6.27,6.7,72.9,108.6,789,93.0,11.8,slightly_acidic,very_low,medium,medium,normal,waterlogged,fair
laterite,7.72,188.1,23.4,83.4,1924,47.8,32.5,slightly_alkaline,very_high,very_low,medium,very_high_salinity,optimal,poor
black_cotton,5.42,13.6,92.1,60.7,306,63.1,40.0,strongly_acidic,very_low,high,low,low,moist,poor
red,8.97,190.3,102.2,97.2,1185,20.1,40.2,strongly_alkaline,very_high,high,medium,high_salinity,dry,fair
laterite,7.42,215.7,111.2,55.9,2271,48.7,21.3,neutral,very_high,very_high,low,very_high_salinity,optimal,fair
alluvial,4.84,87.2,85.8,89.2,301,27.7,41.2,strongly_acidic,medium,high,medium,low,dry,fair
black_cotton,7.62,196.6,87.5,145.1,1788,18.8,16.8,slightly_alkaline,very_high,high,high,very_high_salinity,very_dry,good
laterite,8.57,263.7,77.6,26.3,2347,57.3,27.4,strongly_alkaline,very_high,medium,very_low,very_high_salinity,optimal,poor
black_cotton,4.95,183.4,76.8,142.5,2232,14.9,20.4,strongly_acidic,very_high,medium,high,very_high_salinity,very_dry,fair
red,7.62,28.6,61.7,193.7,758,74.9,32.9,slightly_alkaline,very_low,medium,very_high,normal,moist,fair
alluvial,5.18,70.2,94.9,31.8,491,39.1,11.5,strongly_acidic,low,high,very_low,normal,dry,fair
laterite,5.97,145.2,20.7,138.7,560,47.6,23.0,slightly_acidic,high,very_low,high,normal,optimal,good
red,4.94,262.8,54.6,89.7,1018,91.1,27.9,strongly_acidic,very_high,low,medium,high_salinity,waterlogged,poor
sandy,6.81,28.3,73.7,25.8,972,71.8,31.5,neutral,very_low,medium,very_low,high_salinity,moist,poor
laterite,8.65,153.1,31.1,123.3,1718,62.1,39.8,strongly_alkaline,high,low,high,very_high_salinity,moist,fair
laterite,7.87,273.6,34.2,125.8,874,12.0,12.5,slightly_alkaline,very_high,low,high,high_salinity,very_dry,fair
black_cotton,6.04,66.7,37.1,82.2,1314,40.8,28.5,slightly_acidic,low,low,medium,high_salinity,optimal,poor
black_cotton,6.28,148.1,8.9,51.8,781,35.6,24.2,slightly_acidic,high,very_low,low,normal,dry,fair
alluvial,6.29,146.1,56.4,190.3,2084,38.3,39.2,slightly_acidic,high,medium,very_high,very_high_salinity,dry,fair
laterite,5.29,135.2,112.7,201.9,1793,8.9,38.7,strongly_acidic,high,very_high,very_high,very_high_salinity,very_dry,poor
red,6.84,186.6,55.6,25.1,1388,18.5,37.1,neutral,very_high,medium,very_low,high_salinity,very_dry,fair
laterite,8.36,105.8,56.6,30.0,2266,70.2,33.8,slightly_alkaline,medium,medium,very_low,very_high_salinity,moist,fair
alluvial,7.62,280.1,139.2,100.9,1621,30.6,23.9,slightly_alkaline,very_high,very_high,medium,very_high_salinity,dry,fair
red,7.48,50.3,99.8,200.4,136,42.6,19.2,neutral,low,high,very_high,very_low,optimal,fair
sandy,7.73,91.0,89.7,184.1,1912,31.5,30.8,slightly_alkaline,medium,high,very_high,very_high_salinity,dry,fair
alluvial,6.7,133.2,87.2,33.7,1166,72.4,33.8,neutral,high,high,very_low,high_salinity,moist,good
black_cotton,6.93,143.3,102.3,73.3,1635,41.0,27.4,neutral,high,high,medium,very_high_salinity,optimal,good
laterite,5.2,111.1,33.7,170.2,406,65.4,17.6,strongly_acidic,medium,low,very_high,normal,moist,fair
red,8.0,299.9,124.9,45.4,1423,11.4,33.4,slightly_alkaline,very_high,very_high,low,high_salinity,very_dry,fair
laterite,7.9,14.8,10.0,138.9,535,66.1,40.9,slightly_alkaline,very_low,very_low,high,normal,moist,fair
sandy,5.6,160.0,113.9,23.4,2282,86.0,22.6,slightly_acidic,high,very_high,very_low,very_high_salinity,waterlogged,poor
laterite,4.52,40.6,122.0,135.3,2301,84.6,39.3,strongly_acidic,low,very_high,high,very_high_salinity,waterlogged,poor
alluvial,7.31,263.2,24.1,41.3,228,86.6,16.0,neutral,very_high,very_low,low,low,waterlogged,fair
black_cotton,7.47,133.4,105.5,25.9,816,89.6,29.6,neutral,high,high,very_low,high_salinity,waterlogged,good
alluvial,4.89,238.3,96.9,61.9,1837,27.3,17.7,strongly_acidic,very_high,high,low,very_high_salinity,dry,poor
black_cotton,5.18,91.4,135.8,218.6,1352,27.2,15.0,strongly_acidic,medium,very_high,very_high,high_salinity,dry,poor
black_cotton,4.89,274.7,10.8,203.9,403,38.1,32.0,strongly_acidic,very_high,very_low,very_high,normal,dry,poor
black_cotton,4.97,160.1,111.1,161.1,2485,37.2,27.3,strongly_acidic,high,very_high,very_high,very_high_salinity,dry,poor
red,7.54,70.5,61.5,201.1,1741,49.3,34.3,slightly_alkaline,low,medium,very_high,very_high_salinity,optimal,fair
alluvial,5.17,10.9,68.5,200.1,1791,42.9,14.3,strongly_acidic,very_low,medium,very_high,very_high_salinity,optimal,poor
alluvial,6.16,288.2,126.7,42.3,1562,32.8,36.3,slightly_acidic,very_high,very_high,low,very_high_salinity,dry,poor
black_cotton,7.69,207.7,25.8,199.0,1943,41.0,29.7,slightly_alkaline,very_high,very_low,very_high,very_high_salinity,optimal,poor
alluvial,5.4,69.6,64.7,162.8,1687,23.6,28.3,strongly_acidic,low,medium,very_high,very_high_salinity,dry,poor
sandy,8.36,288.3,102.8,175.1,1423,92.0,29.3,slightly_alkaline,very_high,high,very_high,high_salinity,waterlogged,fair
alluvial,5.31,259.1,98.0,35.9,1499,14.7,13.4,strongly_acidic,very_high,high,very_low,high_salinity,very_dry,poor
sandy,5.68,123.8,102.1,105.6,1986,88.2,24.6,slightly_acidic,high,high,medium,very_high_salinity,waterlogged,good
alluvial,7.5,257.3,62.9,89.8,2361,61.3,24.3,slightly_alkaline,very_high,medium,medium,very_high_salinity,moist,fair
sandy,4.7,267.8,121.2,194.6,1293,11.1,26.1,strongly_acidic,very_high,very_high,very_high,high_salinity,very_dry,poor
laterite,7.11,292.2,105.8,172.5,1071,6.4,20.4,neutral,very_high,high,very_high,high_salinity,very_dry,good
red,8.08,242.9,115.0,47.6,1567,22.9,10.2,slightly_alkaline,very_high,very_high,low,very_high_salinity,dry,poor
sandy,5.72,217.5,116.7,198.6,2021,69.4,19.9,slightly_acidic,very_high,very_high,very_high,very_high_salinity,moist,poor
alluvial,8.32,221.4,43.6,182.4,510,76.1,32.3,slightly_alkaline,very_high,low,very_high,normal,moist,fair
alluvial,5.93,287.9,39.9,115.4,1398,24.9,33.9,slightly_acidic,very_high,low,high,high_salinity,dry,fair
sandy,8.59,76.3,79.8,41.3,1208,49.5,30.5,strongly_alkaline,low,medium,low,high_salinity,optimal,poor
black_cotton,6.28,130.5,135.1,187.9,2024,62.5,12.5,slightly_acidic,high,very_high,very_high,very_high_salinity,moist,fair
black_cotton,7.1,59.9,69.4,124.6,1269,6.7,17.2,neutral,low,medium,high,high_salinity,very_dry,good
alluvial,6.63,129.5,110.6,86.9,2210,79.2,27.2,neutral,high,very_high,medium,very_high_salinity,moist,good
sandy,5.38,191.0,107.5,95.0,1377,7.9,13.5,strongly_acidic,very_high,high,medium,high_salinity,very_dry,fair
red,5.22,105.4,111.1,34.1,1078,9.9,12.6,strongly_acidic,medium,very_high,very_low,high_salinity,very_dry,poor
laterite,7.62,217.7,138.5,201.5,224,72.0,28.1,slightly_alkaline,very_high,very_high,very_high,low,moist,fair
laterite,6.23,69.7,139.1,68.4,2106,5.5,14.1,slightly_acidic,low,very_high,low,very_high_salinity,very_dry,poor
alluvial,7.56,99.3,122.5,35.4,282,61.7,20.2,slightly_alkaline,medium,very_high,very_low,low,moist,fair
alluvial,7.78,82.5,129.5,50.7,1073,85.8,28.0,slightly_alkaline,medium,very_high,low,high_salinity,waterlogged,fair
sandy,5.33,288.7,69.3,158.9,1124,55.4,26.2,strongly_acidic,very_high,medium,high,high_salinity,optimal,fair
red,7.87,290.2,66.0,194.3,1052,41.9,40.5,slightly_alkaline,very_high,medium,very_high,high_salinity,optimal,fair
black_cotton,5.28,13.0,130.6,174.1,1829,53.1,14.0,strongly_acidic,very_low,very_high,very_high,very_high_salinity,optimal,very_poor
black_cotton,8.21,60.4,33.3,43.5,1308,49.6,16.7,slightly_alkaline,low,low,low,high_salinity,optimal,poor
laterite,5.66,133.9,7.6,27.8,715,22.7,34.9,slightly_acidic,high,very_low,very_low,normal,dry,fair
laterite,8.84,194.2,72.4,184.3,1060,82.4,27.1,strongly_alkaline,very_high,medium,very_high,high_salinity,waterlogged,fair
red,7.05,180.7,103.7,66.1,1895,64.2,36.5,neutral,very_high,high,low,very_high_salinity,moist,fair
laterite,7.37,177.8,21.9,29.4,1954,83.3,33.3,neutral,high,very_low,very_low,very_high_salinity,waterlogged,poor
red,5.71,246.6,91.9,88.4,1774,82.6,41.2,slightly_acidic,very_high,high,medium,very_high_salinity,waterlogged,fair
sandy,8.43,101.7,60.7,200.1,159,77.8,36.7,slightly_alkaline,medium,medium,very_high,very_low,moist,fair
laterite,8.15,264.1,72.3,175.0,1796,73.7,15.4,slightly_alkaline,very_high,medium,very_high,very_high_salinity,moist,fair
alluvial,8.37,296.0,43.7,211.6,1950,62.1,30.0,slightly_alkaline,very_high,low,very_high,very_high_salinity,moist,poor
red,7.79,140.6,52.4,153.8,343,29.0,24.4,slightly_alkaline,high,low,high,low,dry,good
alluvial,5.36,108.8,133.8,60.5,2347,88.0,18.4,strongly_acidic,medium,very_high,low,very_high_salinity,waterlogged,poor
sandy,5.07,254.5,99.3,219.7,1787,79.3,29.3,strongly_acidic,very_high,high,very_high,very_high_salinity,moist,poor
laterite,8.96,141.2,50.6,189.6,289,28.6,22.8,strongly_alkaline,high,low,very_high,low,dry,fair
sandy,6.83,277.2,29.5,189.8,952,93.9,30.6,neutral,very_high,very_low,very_high,high_salinity,waterlogged,fair
black_cotton,6.03,42.6,78.8,59.7,2322,66.3,24.7,slightly_acidic,low,medium,low,very_high_salinity,moist,poor
sandy,8.26,54.0,62.8,198.8,1309,37.0,29.4,slightly_alkaline,low,medium,very_high,high_salinity,dry,fair
alluvial,6.34,8.1,59.9,216.9,1889,42.4,39.9,slightly_acidic,very_low,medium,very_high,very_high_salinity,optimal,poor
sandy,5.48,255.4,97.1,122.3,2018,51.7,22.6,strongly_acidic,very_high,high,high,very_high_salinity,optimal,fair
sandy,5.36,205.6,97.2,125.6,1008,17.1,27.7,strongly_acidic,very_high,high,high,high_salinity,very_dry,fair
alluvial,5.93,33.3,27.5,201.5,1195,19.2,21.5,slightly_acidic,very_low,very_low,very_high,high_salinity,very_dry,poor
sandy,4.5,51.3,13.2,178.8,1466,41.3,24.5,strongly_acidic,low,very_low,very_high,high_salinity,optimal,very_poor
laterite,5.45,36.0,47.2,57.8,1231,60.9,29.1,strongly_acidic,very_low,low,low,high_salinity,moist,very_poor
red,8.11,131.5,33.4,58.5,603,73.5,16.6,slightly_alkaline,high,low,low,normal,moist,good
black_cotton,8.08,62.3,121.6,180.8,1940,23.8,23.4,slightly_alkaline,low,very_high,very_high,very_high_salinity,dry,poor
alluvial,5.46,77.7,132.1,155.1,734,30.9,10.6,strongly_acidic,low,very_high,high,normal,dry,fair
red,7.78,286.1,20.0,179.8,2078,31.3,14.6,slightly_alkaline,very_high,very_low,very_high,very_high_salinity,dry,poor
black_cotton,8.73,139.9,19.5,150.7,2039,40.0,17.4,strongly_alkaline,high,very_low,high,very_high_salinity,optimal,fair
red,5.49,192.0,128.8,203.5,1931,83.4,21.8,strongly_acidic,very_high,very_high,very_high,very_high_salinity,waterlogged,poor
sandy,5.48,116.8,85.8,60.2,915,39.8,29.9,strongly_acidic,medium,high,low,high_salinity,dry,fair
laterite,5.37,138.1,18.5,106.5,245,88.3,28.2,strongly_acidic,high,very_low,medium,low,waterlogged,fair
sandy,7.98,113.5,50.1,111.4,2295,57.0,39.5,slightly_alkaline,medium,low,high,very_high_salinity,optimal,fair
laterite,8.71,273.8,9.5,89.9,389,36.1,34.4,strongly_alkaline,very_high,very_low,medium,low,dry,poor
black_cotton,7.93,73.8,74.6,75.2,761,86.2,33.1,slightly_alkaline,low,medium,medium,normal,waterlogged,good
laterite,8.13,243.8,74.9,80.0,1889,9.5,13.0,slightly_alkaline,very_high,medium,medium,very_high_salinity,very_dry,fair
red,6.12,264.6,47.3,34.6,1719,29.9,25.2,slightly_acidic,very_high,low,very_low,very_high_salinity,dry,poor
laterite,6.14,143.0,100.3,199.7,1222,17.9,16.8,slightly_acidic,high,high,very_high,high_salinity,very_dry,good
black_cotton,6.26,278.3,31.7,23.4,940,91.1,12.8,slightly_acidic,very_high,low,very_low,high_salinity,waterlogged,poor
sandy,7.82,108.0,10.4,13.5,1238,25.6,27.2,slightly_alkaline,medium,very_low,very_low,high_salinity,dry,poor
black_cotton,8.04,12.4,83.4,148.6,1147,70.5,30.3,slightly_alkaline,very_low,high,high,high_salinity,moist,fair
alluvial,5.2,156.3,139.7,66.7,1727,50.1,37.5,strongly_acidic,high,very_high,low,very_high_salinity,optimal,poor
red,6.97,213.0,120.6,11.5,1902,74.0,16.8,neutral,very_high,very_high,very_low,very_high_salinity,moist,poor
sandy,7.63,8.1,110.4,164.8,613,77.7,27.1,slightly_alkaline,very_low,very_high,very_high,normal,moist,fair
sandy,7.75,244.4,103.6,157.9,2243,49.8,16.5,slightly_alkaline,very_high,high,high,very_high_salinity,optimal,good
black_cotton,5.97,62.9,127.9,101.8,2092,85.0,22.5,slightly_acidic,low,very_high,medium,very_high_salinity,waterlogged,poor
black_cotton,8.45,257.9,22.1,173.7,1722,17.4,20.5,slightly_alkaline,very_high,very_low,very_high,very_high_salinity,very_dry,poor
alluvial,5.95,56.7,87.3,120.1,921,7.8,26.4,slightly_acidic,low,high,high,high_salinity,very_dry,fair
black_cotton,5.22,6.3,15.7,63.3,2411,43.8,40.1,strongly_acidic,very_low,very_low,low,very_high_salinity,optimal,very_poor
black_cotton,6.7,123.0,77.8,128.7,1902,71.5,19.4,neutral,high,medium,high,very_high_salinity,moist,good
black_cotton,6.89,85.2,48.6,18.5,2313,31.8,14.1,neutral,medium,low,very_low,very_high_salinity,dry,poor
red,7.82,100.7,128.2,47.0,1608,24.7,20.6,slightly_alkaline,medium,very_high,low,very_high_salinity,dry,fair
laterite,8.88,110.9,97.1,193.2,1906,44.3,22.8,strongly_alkaline,medium,high,very_high,very_high_salinity,optimal,fair
alluvial,7.84,97.8,120.4,129.6,1355,36.8,24.1,slightly_alkaline,medium,very_high,high,high_salinity,dry,good
sandy,6.49,71.0,87.1,50.6,121,89.1,39.3,slightly_acidic,low,high,low,very_low,waterlogged,fair
sandy,5.28,65.8,101.7,106.2,1354,94.7,34.7,strongly_acidic,low,high,medium,high_salinity,waterlogged,fair
laterite,8.73,128.4,18.4,170.4,923,23.2,20.3,strongly_alkaline,high,very_low,very_high,high_salinity,dry,poor
alluvial,7.16,243.5,73.4,173.0,1436,13.2,34.5,neutral,very_high,medium,very_high,high_salinity,very_dry,fair
laterite,5.15,134.4,27.4,198.0,350,13.2,21.1,strongly_acidic,high,very_low,very_high,low,very_dry,poor
sandy,8.33,297.9,64.2,72.1,872,53.3,15.4,slightly_alkaline,very_high,medium,medium,high_salinity,optimal,fair
red,8.48,249.1,18.2,109.8,192,74.1,22.5,slightly_alkaline,very_high,very_low,medium,very_low,moist,fair
alluvial,6.18,132.1,75.3,184.4,131,52.0,28.2,slightly_acidic,high,medium,very_high,very_low,optimal,fair
sandy,6.1,54.1,9.6,65.2,1929,38.0,16.0,slightly_acidic,low,very_low,low,very_high_salinity,dry,very_poor
alluvial,8.77,209.1,34.6,19.0,873,92.1,14.1,strongly_alkaline,very_high,low,very_low,high_salinity,waterlogged,poor
alluvial,4.75,80.8,114.2,93.8,826,32.6,20.8,strongly_acidic,medium,very_high,medium,high_salinity,dry,fair
sandy,7.86,276.2,68.1,193.4,1190,62.4,39.1,slightly_alkaline,very_high,medium,very_high,high_salinity,moist,fair
alluvial,6.01,180.0,52.5,136.0,337,29.9,39.5,slightly_acidic,very_high,low,high,low,dry,fair
laterite,8.04,286.8,139.0,16.0,1518,78.6,38.9,slightly_alkaline,very_high,very_high,very_low,very_high_salinity,moist,poor
red,5.42,57.5,90.5,85.5,1164,57.3,13.7,strongly_acidic,low,high,medium,high_salinity,optimal,fair
alluvial,6.31,285.9,75.8,147.3,160,85.9,19.7,slightly_acidic,very_high,medium,high,very_low,waterlogged,fair
black_cotton,4.91,147.1,59.1,178.7,1274,12.4,16.9,strongly_acidic,high,medium,very_high,high_salinity,very_dry,fair
black_cotton,5.78,289.7,6.9,163.8,423,19.1,24.7,slightly_acidic,very_high,very_low,very_high,normal,very_dry,fair
red,4.75,17.8,8.0,156.4,188,37.7,41.4,strongly_acidic,very_low,very_low,high,very_low,dry,poor
sandy,6.66,126.2,88.1,181.3,285,79.0,23.3,neutral,high,high,very_high,low,moist,good
laterite,8.58,275.6,113.1,69.2,1747,84.8,29.1,strongly_alkaline,very_high,very_high,low,very_high_salinity,waterlogged,poor
black_cotton,6.8,56.9,44.9,154.0,441,63.7,32.0,neutral,low,low,high,normal,moist,good
laterite,6.72,267.4,133.9,166.3,1169,93.2,32.1,neutral,very_high,very_high,very_high,high_salinity,waterlogged,fair
sandy,8.84,285.8,126.1,180.4,1524,25.0,28.2,strongly_alkaline,very_high,very_high,very_high,very_high_salinity,dry,poor
red,7.63,224.0,7.7,91.1,1399,88.5,10.6,slightly_alkaline,very_high,very_low,medium,high_salinity,waterlogged,fair
sandy,6.83,211.8,97.4,205.5,2143,80.1,34.1,neutral,very_high,high,very_high,very_high_salinity,waterlogged,fair
black_cotton,4.55,267.0,37.5,26.6,1104,86.1,16.0,strongly_acidic,very_high,low,very_low,high_salinity,waterlogged,very_poor
laterite,5.91,34.1,104.7,144.9,2070,61.9,29.8,slightly_acidic,very_low,high,high,very_high_salinity,moist,fair
sandy,8.08,231.4,116.3,134.6,451,95.0,21.2,slightly_alkaline,very_high,very_high,high,normal,waterlogged,good
sandy,5.86,50.7,45.5,215.2,1839,23.3,26.7,slightly_acidic,low,low,very_high,very_high_salinity,dry,poor
red,5.78,261.4,76.4,149.4,1978,67.3,17.3,slightly_acidic,very_high,medium,high,very_high_salinity,moist,fair
sandy,6.43,37.8,56.5,90.5,2072,10.9,37.7,slightly_acidic,very_low,medium,medium,very_high_salinity,very_dry,poor
red,7.78,290.8,137.8,111.9,1925,41.0,14.7,slightly_alkaline,very_high,very_high,high,very_high_salinity,optimal,fair
sandy,4.69,261.1,89.0,131.6,826,36.8,18.1,strongly_acidic,very_high,high,high,high_salinity,dry,fair
alluvial,5.42,126.2,30.7,121.6,2345,72.4,29.2,strongly_acidic,high,low,high,very_high_salinity,moist,fair
sandy,6.64,272.4,68.7,206.4,212,91.1,37.2,neutral,very_high,medium,very_high,low,waterlogged,good
alluvial,6.95,247.5,134.9,113.1,699,37.6,31.9,neutral,very_high,very_high,high,normal,dry,good
laterite,6.76,180.8,89.6,56.4,2148,53.8,19.2,neutral,very_high,high,low,very_high_salinity,optimal,fair
alluvial,5.91,155.3,82.2,64.2,248,14.5,15.4,slightly_acidic,high,high,low,low,very_dry,good
alluvial,5.38,146.1,96.7,91.7,120,29.5,23.4,strongly_acidic,high,high,medium,very_low,dry,fair
laterite,8.67,103.8,11.0,138.4,845,22.8,10.3,strongly_alkaline,medium,very_low,high,high_salinity,dry,fair
red,4.77,175.5,126.7,61.5,1498,20.7,32.2,strongly_acidic,high,very_high,low,high_salinity,dry,poor
black_cotton,6.53,196.4,78.8,204.5,1559,89.0,23.6,neutral,very_high,medium,very_high,very_high_salinity,waterlogged,fair
sandy,8.42,221.2,7.0,31.9,1508,49.5,26.9,slightly_alkaline,very_high,very_low,very_low,very_high_salinity,optimal,poor
sandy,5.39,183.0,54.4,20.9,1891,14.6,37.7,strongly_acidic,very_high,low,very_low,very_high_salinity,very_dry,very_poor
black_cotton,4.85,37.6,118.2,143.1,274,63.5,13.5,strongly_acidic,very_low,very_high,high,low,moist,poor
alluvial,4.94,50.4,60.4,165.5,1825,76.5,19.1,strongly_acidic,low,medium,very_high,very_high_salinity,moist,poor
sandy,5.53,16.0,19.0,86.1,841,53.3,21.2,slightly_acidic,very_low,very_low,medium,high_salinity,optimal,poor
red,6.04,253.8,128.2,79.1,882,61.8,10.6,slightly_acidic,very_high,very_high,medium,high_salinity,moist,fair
laterite,8.42,283.2,128.4,171.9,1273,36.9,21.6,slightly_alkaline,very_high,very_high,very_high,high_salinity,dry,fair
red,5.92,117.6,123.6,194.7,82,39.4,36.5,slightly_acidic,medium,very_high,very_high,very_low,dry,fair
laterite,7.5,57.6,138.9,167.0,2075,71.5,24.5,slightly_alkaline,low,very_high,very_high,very_high_salinity,moist,poor
sandy,5.24,15.0,109.2,159.5,1089,20.5,20.7,strongly_acidic,very_low,high,high,high_salinity,dry,fair
black_cotton,8.22,29.9,83.9,211.6,2096,8.3,21.2,slightly_alkaline,very_low,high,very_high,very_high_salinity,very_dry,fair
red,6.86,6.9,106.6,91.4,1085,5.1,19.6,neutral,very_low,high,medium,high_salinity,very_dry,fair
laterite,7.21,153.7,44.4,18.4,1693,84.0,20.6,neutral,high,low,very_low,very_high_salinity,waterlogged,fair
sandy,7.79,16.3,99.7,164.0,407,55.1,22.8,slightly_alkaline,very_low,high,very_high,normal,optimal,good
black_cotton,7.77,25.3,106.8,133.5,2033,68.4,28.8,slightly_alkaline,very_low,high,high,very_high_salinity,moist,fair
black_cotton,6.16,152.4,25.3,176.8,1137,49.0,37.0,slightly_acidic,high,very_low,very_high,high_salinity,optimal,fair
alluvial,4.84,276.6,43.7,173.0,1064,60.5,29.9,strongly_acidic,very_high,low,very_high,high_salinity,moist,poor
red,5.37,179.8,130.7,119.4,286,72.7,10.3,strongly_acidic,high,very_high,high,low,moist,fair
laterite,8.36,118.2,111.3,55.5,2433,64.0,24.9,slightly_alkaline,medium,very_high,low,very_high_salinity,moist,fair
laterite,7.33,242.7,25.5,114.2,2183,58.0,38.8,neutral,very_high,very_low,high,very_high_salinity,optimal,fair
alluvial,6.15,15.7,22.2,114.8,2354,57.9,22.8,slightly_acidic,very_low,very_low,high,very_high_salinity,optimal,poor
black_cotton,6.44,203.2,20.0,181.7,1811,92.9,13.6,slightly_acidic,very_high,very_low,very_high,very_high_salinity,waterlogged,poor
alluvial,5.08,190.4,139.7,29.8,913,5.0,35.3,strongly_acidic,very_high,very_high,very_low,high_salinity,very_dry,poor
laterite,5.68,43.2,70.6,115.3,835,46.4,34.1,slightly_acidic,low,medium,high,high_salinity,optimal,fair
sandy,8.79,281.4,137.8,59.3,1886,17.0,27.5,strongly_alkaline,very_high,very_high,low,very_high_salinity,very_dry,poor
red,7.28,272.0,83.2,47.3,2071,36.2,41.4,neutral,very_high,high,low,very_high_salinity,dry,fair
black_cotton,7.71,47.8,135.6,122.7,1704,74.4,37.5,slightly_alkaline,low,very_high,high,very_high_salinity,moist,fair
laterite,4.75,251.4,71.1,105.7,1809,94.6,22.7,strongly_acidic,very_high,medium,medium,very_high_salinity,waterlogged,poor
alluvial,5.22,287.9,113.6,49.9,1347,80.2,22.8,strongly_acidic,very_high,very_high,low,high_salinity,waterlogged,poor
laterite,7.95,205.6,57.9,82.7,1913,24.2,40.7,slightly_alkaline,very_high,medium,medium,very_high_salinity,dry,fair
black_cotton,5.91,13.8,81.4,182.9,1157,20.7,20.5,slightly_acidic,very_low,high,very_high,high_salinity,dry,fair
sandy,7.32,118.6,84.0,165.7,125,65.1,12.5,neutral,medium,high,very_high,very_low,moist,good
red,8.06,219.6,23.0,104.2,1204,43.9,18.8,slightly_alkaline,very_high,very_low,medium,high_salinity,optimal,fair
alluvial,6.42,75.2,93.9,102.3,439,48.0,13.6,slightly_acidic,low,high,medium,normal,optimal,good
alluvial,7.67,288.6,7.9,100.3,2217,92.5,20.7,slightly_alkaline,very_high,very_low,medium,very_high_salinity,waterlogged,poor
black_cotton,5.52,34.4,131.2,30.8,584,55.3,17.7,slightly_acidic,very_low,very_high,very_low,normal,optimal,poor
red,7.91,77.7,133.1,101.6,1417,23.9,36.2,slightly_alkaline,low,very_high,medium,high_salinity,dry,fair
alluvial,6.4,163.4,117.1,96.1,757,31.7,40.2,slightly_acidic,high,very_high,medium,normal,dry,good
alluvial,8.0,101.5,49.8,69.3,951,42.0,39.8,slightly_alkaline,medium,low,low,high_salinity,optimal,fair
alluvial,5.61,233.3,47.8,116.9,1532,30.3,21.5,slightly_acidic,very_high,low,high,very_high_salinity,dry,fair
red,6.97,162.2,114.4,136.4,114,74.9,18.7,neutral,high,very_high,high,very_low,moist,good
alluvial,6.13,261.0,118.0,57.9,2290,32.3,37.0,slightly_acidic,very_high,very_high,low,very_high_salinity,dry,poor
laterite,4.88,42.0,33.4,88.0,2314,38.1,23.9,strongly_acidic,low,low,medium,very_high_salinity,dry,poor
red,6.55,237.5,40.7,26.1,1578,17.9,24.3,neutral,very_high,low,very_low,very_high_salinity,very_dry,poor
black_cotton,6.19,50.6,75.7,172.1,1884,28.7,25.9,slightly_acidic,low,medium,very_high,very_high_salinity,dry,poor
black_cotton,7.26,21.3,9.6,36.5,1668,86.8,23.9,neutral,very_low,very_low,very_low,very_high_salinity,waterlogged,very_poor
black_cotton,4.6,258.7,90.8,73.8,2492,87.6,11.2,strongly_acidic,very_high,high,medium,very_high_salinity,waterlogged,fair
red,4.82,218.4,26.4,23.5,1508,64.3,38.3,strongly_acidic,very_high,very_low,very_low,very_high_salinity,moist,very_poor
black_cotton,8.86,156.3,137.1,193.5,2238,87.2,15.1,strongly_alkaline,high,very_high,very_high,very_high_salinity,waterlogged,fair
alluvial,8.93,129.2,43.7,202.7,2360,25.8,20.6,strongly_alkaline,high,low,very_high,very_high_salinity,dry,poor
alluvial,5.69,156.8,27.7,12.0,2443,63.9,41.6,slightly_acidic,high,very_low,very_low,very_high_salinity,moist,poor
laterite,6.31,49.8,25.6,78.4,2246,26.3,28.9,slightly_acidic,low,very_low,medium,very_high_salinity,dry,poor
black_cotton,7.54,102.6,96.3,62.4,1722,25.0,23.6,slightly_alkaline,medium,high,low,very_high_salinity,dry,fair
laterite,6.17,96.5,111.0,58.3,2236,79.9,26.6,slightly_acidic,medium,very_high,low,very_high_salinity,moist,poor
sandy,5.02,125.5,139.4,6.9,1856,6.0,34.9,strongly_acidic,high,very_high,very_low,very_high_salinity,very_dry,poor
laterite,8.77,35.2,38.5,192.9,2464,90.6,20.8,strongly_alkaline,very_low,low,very_high,very_high_salinity,waterlogged,very_poor
red,5.63,48.9,109.0,128.8,2456,84.0,11.8,slightly_acidic,low,high,high,very_high_salinity,waterlogged,fair
red,7.21,52.5,22.9,67.1,900,58.9,18.7,neutral,low,very_low,low,high_salinity,optimal,poor
sandy,8.73,129.3,30.5,191.3,2276,62.8,34.6,strongly_alkaline,high,low,very_high,very_high_salinity,moist,poor
alluvial,8.15,276.6,62.2,99.3,318,42.9,33.2,slightly_alkaline,very_high,medium,medium,low,optimal,good
sandy,5.0,20.2,22.5,23.0,1623,26.0,30.3,strongly_acidic,very_low,very_low,very_low,very_high_salinity,dry,very_poor
alluvial,8.41,96.9,51.8,126.1,421,20.4,24.4,slightly_alkaline,medium,low,high,normal,dry,good
laterite,8.37,103.0,90.9,21.7,688,91.4,25.6,slightly_alkaline,medium,high,very_low,normal,waterlogged,good
laterite,8.6,68.3,24.6,5.1,523,80.4,31.3,strongly_alkaline,low,very_low,very_low,normal,waterlogged,poor
sandy,4.71,13.4,96.8,95.9,2431,85.8,20.8,strongly_acidic,very_low,high,medium,very_high_salinity,waterlogged,poor
red,5.13,284.5,32.6,196.0,674,25.7,15.5,strongly_acidic,very_high,low,very_high,normal,dry,fair
red,7.64,10.1,92.9,187.3,2208,86.2,15.8,slightly_alkaline,very_low,high,very_high,very_high_salinity,waterlogged,fair
alluvial,6.99,38.5,22.6,80.7,760,47.9,31.4,neutral,very_low,very_low,medium,normal,optimal,fair
red,6.35,179.0,111.4,186.3,511,9.9,35.3,slightly_acidic,high,very_high,very_high,normal,very_dry,good
alluvial,7.82,15.1,124.2,108.1,410,26.9,42.0,slightly_alkaline,very_low,very_high,medium,normal,dry,fair
black_cotton,8.29,24.1,116.4,132.0,1520,17.7,20.3,slightly_alkaline,very_low,very_high,high,very_high_salinity,very_dry,fair
sandy,6.39,147.1,83.8,174.6,1550,45.2,15.6,slightly_acidic,high,high,very_high,very_high_salinity,optimal,fair
alluvial,5.26,188.9,66.5,80.0,506,17.1,19.3,strongly_acidic,very_high,medium,medium,normal,very_dry,fair
sandy,5.16,40.3,99.3,39.2,893,13.3,38.2,strongly_acidic,low,high,very_low,high_salinity,very_dry,poor
red,6.57,220.5,56.1,102.9,2318,39.9,15.7,neutral,very_high,medium,medium,very_high_salinity,dry,fair
laterite,6.85,139.5,44.7,50.4,2230,53.4,40.4,neutral,high,low,low,very_high_salinity,optimal,fair
laterite,8.81,210.8,109.4,109.0,1406,23.6,18.7,strongly_alkaline,very_high,high,medium,high_salinity,dry,fair
alluvial,5.61,278.8,28.8,194.7,940,44.6,24.4,slightly_acidic,very_high,very_low,very_high,high_salinity,optimal,poor
black_cotton,5.13,64.3,113.7,49.4,599,45.9,34.0,strongly_acidic,low,very_high,low,normal,optimal,poor
black_cotton,8.76,155.8,116.1,154.7,2244,11.7,15.3,strongly_alkaline,high,very_high,high,very_high_salinity,very_dry,fair
black_cotton,8.36,152.7,49.4,69.1,1999,66.3,20.5,slightly_alkaline,high,low,low,very_high_salinity,moist,fair
alluvial,7.27,253.1,95.7,63.8,164,82.7,15.4,neutral,very_high,high,low,very_low,waterlogged,fair
red,8.52,269.3,38.2,19.9,2342,41.3,21.8,strongly_alkaline,very_high,low,very_low,very_high_salinity,optimal,very_poor
laterite,5.06,160.0,25.3,34.2,1452,89.9,16.5,strongly_acidic,high,very_low,very_low,high_salinity,waterlogged,poor
laterite,4.86,186.2,74.1,163.7,1311,42.6,36.8,strongly_acidic,very_high,medium,very_high,high_salinity,optimal,poor
sandy,8.06,95.5,85.8,202.6,390,89.0,17.8,slightly_alkaline,medium,high,very_high,low,waterlogged,good
black_cotton,4.64,230.5,59.8,212.1,2387,78.3,40.0,strongly_acidic,very_high,medium,very_high,very_high_salinity,moist,poor
sandy,8.29,23.8,73.5,80.2,429,86.8,12.0,slightly_alkaline,very_low,medium,medium,normal,waterlogged,good
red,4.86,296.3,79.2,86.4,491,59.2,36.4,strongly_acidic,very_high,medium,medium,normal,optimal,fair
alluvial,6.23,12.5,21.7,178.6,1761,37.0,35.7,slightly_acidic,very_low,very_low,very_high,very_high_salinity,dry,very_poor
red,8.66,57.1,49.3,62.0,2134,63.4,26.9,strongly_alkaline,low,low,low,very_high_salinity,moist,very_poor
black_cotton,4.51,51.2,61.0,139.9,2010,93.3,27.3,strongly_acidic,low,medium,high,very_high_salinity,waterlogged,poor
black_cotton,6.48,26.5,67.9,51.2,1910,55.6,16.5,slightly_acidic,very_low,medium,low,very_high_salinity,optimal,poor
red,5.41,191.2,39.1,148.4,471,66.0,38.8,strongly_acidic,very_high,low,high,normal,moist,fair
black_cotton,4.51,48.9,133.4,124.2,844,15.5,33.3,strongly_acidic,low,very_high,high,high_salinity,very_dry,poor
red,7.59,56.5,27.0,22.7,2380,44.4,17.7,slightly_alkaline,low,very_low,very_low,very_high_salinity,optimal,very_poor
laterite,6.95,292.9,104.2,43.3,719,41.9,32.7,neutral,very_high,high,low,normal,optimal,good
sandy,8.56,101.9,112.4,154.0,1467,34.6,20.0,strongly_alkaline,medium,very_high,high,high_salinity,dry,fair
laterite,7.33,201.9,119.7,91.8,704,61.2,21.9,neutral,very_high,very_high,medium,normal,moist,good
black_cotton,5.27,43.0,50.6,93.0,1301,65.1,31.5,strongly_acidic,low,low,medium,high_salinity,moist,poor
black_cotton,7.95,296.5,133.2,102.3,681,44.9,26.0,slightly_alkaline,very_high,very_high,medium,normal,optimal,good
laterite,8.03,165.8,10.7,104.9,1663,60.5,23.8,slightly_alkaline,high,very_low,medium,very_high_salinity,moist,fair
black_cotton,7.66,78.0,22.0,187.6,2099,35.7,18.6,slightly_alkaline,low,very_low,very_high,very_high_salinity,dry,poor
red,8.47,277.5,132.9,113.1,2246,13.5,17.4,slightly_alkaline,very_high,very_high,high,very_high_salinity,very_dry,fair
red,8.45,70.8,122.7,161.7,1954,5.9,11.3,slightly_alkaline,low,very_high,very_high,very_high_salinity,very_dry,poor
red,6.91,291.8,118.7,203.1,1135,29.5,32.1,neutral,very_high,very_high,very_high,high_salinity,dry,fair
red,7.87,139.8,86.6,113.7,2107,92.4,33.2,slightly_alkaline,high,high,high,very_high_salinity,waterlogged,good
sandy,7.57,278.6,90.6,98.5,2436,60.2,30.2,slightly_alkaline,very_high,high,medium,very_high_salinity,moist,fair
sandy,6.71,70.5,87.1,178.8,640,45.5,36.5,neutral,low,high,very_high,normal,optimal,good
red,7.62,240.3,29.8,116.3,263,37.1,10.3,slightly_alkaline,very_high,very_low,high,low,dry,fair
red,5.66,256.4,19.7,147.0,1781,16.1,13.8,slightly_acidic,very_high,very_low,high,very_high_salinity,very_dry,poor
black_cotton,5.79,236.5,86.5,80.5,2144,73.0,14.8,slightly_acidic,very_high,high,medium,very_high_salinity,moist,fair
alluvial,8.93,75.4,15.9,127.0,1952,27.6,25.3,strongly_alkaline,low,very_low,high,very_high_salinity,dry,poor
sandy,5.6,190.4,27.1,214.2,2284,21.2,35.0,slightly_acidic,very_high,very_low,very_high,very_high_salinity,dry,poor
red,6.02,182.8,139.6,124.7,1722,16.5,41.2,slightly_acidic,very_high,very_high,high,very_high_salinity,very_dry,fair
laterite,7.0,216.9,6.1,85.8,2195,60.4,25.9,neutral,very_high,very_low,medium,very_high_salinity,moist,fair
red,7.36,148.7,121.5,164.4,1168,54.3,35.9,neutral,high,very_high,very_high,high_salinity,optimal,good
red,7.77,11.9,25.3,95.3,1370,80.5,36.2,slightly_alkaline,very_low,very_low,medium,high_salinity,waterlogged,poor
alluvial,6.38,109.0,122.3,43.8,345,49.8,20.4,slightly_acidic,medium,very_high,low,low,optimal,fair
red,5.33,133.5,41.6,170.2,2421,65.7,16.9,strongly_acidic,high,low,very_high,very_high_salinity,moist,poor
alluvial,4.9,245.0,134.2,198.4,1169,13.4,27.3,strongly_acidic,very_high,very_high,very_high,high_salinity,very_dry,poor
alluvial,6.11,260.9,90.9,26.2,1012,10.4,21.4,slightly_acidic,very_high,high,very_low,high_salinity,very_dry,fair
red,7.53,231.9,44.8,46.5,1670,66.3,26.0,slightly_alkaline,very_high,low,low,very_high_salinity,moist,poor
sandy,4.8,153.7,42.4,180.2,1435,32.2,39.2,strongly_acidic,high,low,very_high,high_salinity,dry,poor
sandy,6.48,250.6,131.5,98.0,912,18.4,38.8,slightly_acidic,very_high,very_high,medium,high_salinity,very_dry,fair
alluvial,8.54,247.1,135.9,94.6,2329,34.8,16.6,strongly_alkaline,very_high,very_high,medium,very_high_salinity,dry,poor
red,6.38,131.1,139.2,58.9,1707,65.1,19.4,slightly_acidic,high,very_high,low,very_high_salinity,moist,fair
alluvial,4.66,180.0,68.5,147.9,594,17.5,31.1,strongly_acidic,very_high,medium,high,normal,very_dry,good
red,5.59,101.4,114.9,115.7,1072,36.4,31.3,slightly_acidic,medium,very_high,high,high_salinity,dry,fair
red,6.75,270.0,118.5,139.2,2323,85.0,27.6,neutral,very_high,very_high,high,very_high_salinity,waterlogged,fair
alluvial,8.58,36.5,62.1,12.3,240,10.0,10.9,strongly_alkaline,very_low,medium,very_low,low,very_dry,poor
red,6.46,145.5,98.6,47.3,1568,19.2,23.0,slightly_acidic,high,high,low,very_high_salinity,very_dry,fair
alluvial,7.14,241.5,108.4,22.6,2384,85.5,30.4,neutral,very_high,high,very_low,very_high_salinity,waterlogged,fair
sandy,7.2,77.8,40.1,46.2,1419,24.8,22.3,neutral,low,low,low,high_salinity,dry,poor
black_cotton,5.96,198.6,49.9,191.7,1277,28.2,37.4,slightly_acidic,very_high,low,very_high,high_salinity,dry,poor
laterite,6.94,11.5,96.9,57.0,2301,81.2,31.0,neutral,very_low,high,low,very_high_salinity,waterlogged,fair
black_cotton,8.1,139.6,107.2,134.4,1143,54.6,23.0,slightly_alkaline,high,high,high,high_salinity,optimal,good
black_cotton,7.49,111.2,17.5,99.7,636,55.8,33.4,neutral,medium,very_low,medium,normal,optimal,good
alluvial,5.03,218.8,120.0,126.6,1567,60.3,28.4,strongly_acidic,very_high,very_high,high,very_high_salinity,moist,poor
black_cotton,6.12,290.7,84.1,55.8,624,24.5,39.5,slightly_acidic,very_high,high,low,normal,dry,good
alluvial,6.13,204.1,76.4,119.0,1197,52.3,36.4,slightly_acidic,very_high,medium,high,high_salinity,optimal,fair
black_cotton,4.91,104.4,114.1,72.2,2099,34.1,15.6,strongly_acidic,medium,very_high,medium,very_high_salinity,dry,poor
red,6.66,153.5,95.4,109.6,501,76.2,13.7,neutral,high,high,medium,normal,moist,excellent
alluvial,6.92,93.3,98.7,7.5,1751,74.6,29.3,neutral,medium,high,very_low,very_high_salinity,moist,fair
sandy,6.37,236.1,69.4,91.8,1117,33.8,23.8,slightly_acidic,very_high,medium,medium,high_salinity,dry,fair
sandy,8.08,206.9,97.9,169.7,103,69.3,37.6,slightly_alkaline,very_high,high,very_high,very_low,moist,fair
laterite,5.25,156.6,48.0,216.5,1721,35.6,13.8,strongly_acidic,high,low,very_high,very_high_salinity,dry,poor
alluvial,4.53,16.4,60.7,88.1,1633,8.7,11.4,strongly_acidic,very_low,medium,medium,very_high_salinity,very_dry,poor
alluvial,7.14,241.0,16.6,27.6,1001,28.0,14.7,neutral,very_high,very_low,very_low,high_salinity,dry,poor
sandy,7.61,165.3,44.6,43.8,991,48.6,27.2,slightly_alkaline,high,low,low,high_salinity,optimal,fair
red,8.56,129.2,79.7,161.7,1134,93.9,31.1,strongly_alkaline,high,medium,very_high,high_salinity,waterlogged,fair
red,4.88,39.8,59.1,175.3,942,59.0,36.6,strongly_acidic,very_low,medium,very_high,high_salinity,optimal,poor
sandy,7.1,210.2,86.8,218.5,813,38.2,21.8,neutral,very_high,high,very_high,high_salinity,dry,good
red,6.32,104.8,56.4,106.1,690,93.4,32.2,slightly_acidic,medium,medium,medium,normal,waterlogged,good
black_cotton,7.66,153.5,28.9,196.1,265,5.3,29.8,slightly_alkaline,high,very_low,very_high,low,very_dry,fair
red,6.88,37.4,23.9,6.5,279,88.5,41.6,neutral,very_low,very_low,very_low,low,waterlogged,poor
red,7.86,231.3,102.8,131.6,1667,67.0,31.2,slightly_alkaline,very_high,high,high,very_high_salinity,moist,good
black_cotton,6.21,142.6,47.3,189.4,1835,64.5,15.1,slightly_acidic,high,low,very_high,very_high_salinity,moist,fair
alluvial,6.16,112.8,16.9,167.4,1173,22.6,22.5,slightly_acidic,medium,very_low,very_high,high_salinity,dry,poor
sandy,8.65,5.2,60.6,184.7,686,42.7,12.1,strongly_alkaline,very_low,medium,very_high,normal,optimal,fair
red,6.42,129.1,82.6,188.0,1027,9.9,25.4,slightly_acidic,high,high,very_high,high_salinity,very_dry,good
sandy,9.0,245.9,132.5,200.0,2052,65.6,38.4,strongly_alkaline,very_high,very_high,very_high,very_high_salinity,moist,poor
laterite,8.87,195.3,84.8,14.5,2347,65.7,16.0,strongly_alkaline,very_high,high,very_low,very_high_salinity,moist,poor
black_cotton,7.89,175.6,33.2,175.8,141,58.4,41.5,slightly_alkaline,high,low,very_high,very_low,optimal,fair
black_cotton,7.84,16.9,73.2,110.3,534,49.4,40.1,slightly_alkaline,very_low,medium,high,normal,optimal,good
laterite,5.09,160.4,86.0,198.5,1411,39.1,12.2,strongly_acidic,high,high,very_high,high_salinity,dry,fair
red,8.69,142.5,120.2,73.3,1290,51.0,39.0,strongly_alkaline,high,very_high,medium,high_salinity,optimal,fair
laterite,8.6,256.8,22.7,79.9,2242,73.9,36.5,strongly_alkaline,very_high,very_low,medium,very_high_salinity,moist,poor
alluvial,5.0,125.5,91.2,135.8,1573,20.9,35.7,strongly_acidic,high,high,high,very_high_salinity,dry,fair
black_cotton,8.37,140.2,121.2,159.2,335,22.1,24.4,slightly_alkaline,high,very_high,high,low,dry,good
black_cotton,6.22,115.9,108.4,71.2,403,90.5,28.4,slightly_acidic,medium,high,medium,normal,waterlogged,good
laterite,4.74,172.9,67.4,171.8,766,7.2,14.3,strongly_acidic,high,medium,very_high,normal,very_dry,good
black_cotton,7.08,242.6,40.1,103.0,990,26.4,25.7,neutral,very_high,low,medium,high_salinity,dry,fair
red,7.95,96.7,40.2,137.6,2268,9.0,16.2,slightly_alkaline,medium,low,high,very_high_salinity,very_dry,fair
alluvial,5.82,242.8,21.0,186.2,851,52.4,29.5,slightly_acidic,very_high,very_low,very_high,high_salinity,optimal,poor
red,6.39,218.0,44.8,113.1,1165,89.8,15.9,slightly_acidic,very_high,low,high,high_salinity,waterlogged,fair
alluvial,8.25,294.0,20.1,61.0,2290,77.6,37.1,slightly_alkaline,very_high,very_low,low,very_high_salinity,moist,poor
laterite,5.84,29.4,121.9,49.0,749,82.1,31.4,slightly_acidic,very_low,very_high,low,normal,waterlogged,fair
alluvial,8.89,102.1,37.2,154.9,649,93.8,31.5,strongly_alkaline,medium,low,high,normal,waterlogged,good
sandy,8.35,144.8,136.9,141.0,1229,55.5,27.7,slightly_alkaline,high,very_high,high,high_salinity,optimal,good
red,8.02,226.2,50.6,71.5,1257,17.8,41.4,slightly_alkaline,very_high,low,medium,high_salinity,very_dry,fair
alluvial,4.56,178.7,90.2,150.4,485,62.1,39.2,strongly_acidic,high,high,high,normal,moist,good
alluvial,7.76,278.0,66.6,102.3,102,86.4,34.0,slightly_alkaline,very_high,medium,medium,very_low,waterlogged,fair
black_cotton,6.73,240.8,136.2,172.5,387,18.2,20.6,neutral,very_high,very_high,very_high,low,very_dry,fair
sandy,4.63,168.1,91.4,175.4,434,58.2,26.3,strongly_acidic,high,high,very_high,normal,optimal,good
black_cotton,8.3,271.5,12.2,215.8,1848,10.4,34.9,slightly_alkaline,very_high,very_low,very_high,very_high_salinity,very_dry,poor
alluvial,5.82,50.2,31.7,173.4,2361,90.8,41.8,slightly_acidic,low,low,very_high,very_high_salinity,waterlogged,poor
alluvial,5.15,141.0,65.4,150.1,2097,41.4,12.5,strongly_acidic,high,medium,high,very_high_salinity,optimal,fair
red,4.88,114.7,63.3,158.1,2012,70.1,13.6,strongly_acidic,medium,medium,high,very_high_salinity,moist,fair
sandy,4.67,18.3,97.7,9.9,2203,74.9,25.9,strongly_acidic,very_low,high,very_low,very_high_salinity,moist,very_poor
sandy,4.94,133.6,20.0,75.8,2303,20.1,38.5,strongly_acidic,high,very_low,medium,very_high_salinity,dry,poor
black_cotton,5.25,9.3,51.9,50.7,656,24.8,34.3,strongly_acidic,very_low,low,low,normal,dry,poor
red,7.19,71.3,64.5,92.5,2255,40.6,21.9,neutral,low,medium,medium,very_high_salinity,optimal,fair
black_cotton,7.01,118.4,88.8,71.8,844,65.1,15.0,neutral,medium,high,medium,high_salinity,moist,good
alluvial,4.89,170.9,61.2,33.3,804,76.3,34.9,strongly_acidic,high,medium,very_low,high_salinity,moist,poor
sandy,7.73,210.5,95.1,182.4,2064,74.7,16.1,slightly_alkaline,very_high,high,very_high,very_high_salinity,moist,fair
laterite,5.9,179.2,53.2,98.9,2492,50.8,37.4,slightly_acidic,high,low,medium,very_high_salinity,optimal,fair
laterite,6.96,246.5,18.3,40.1,1010,90.1,14.7,neutral,very_high,very_low,low,high_salinity,waterlogged,poor
laterite,6.86,162.0,31.1,90.6,515,94.6,18.0,neutral,high,low,medium,normal,waterlogged,good
laterite,8.44,62.2,56.3,16.4,289,10.9,13.3,slightly_alkaline,low,medium,very_low,low,very_dry,fair
black_cotton,8.41,66.4,121.2,18.3,1437,51.7,30.4,slightly_alkaline,low,very_high,very_low,high_salinity,optimal,poor
alluvial,5.95,159.2,109.2,123.0,1051,73.0,26.1,slightly_acidic,high,high,high,high_salinity,moist,good
black_cotton,7.35,71.6,85.6,152.6,290,72.7,24.3,neutral,low,high,high,low,moist,good
black_cotton,7.38,189.1,58.9,35.8,1461,28.3,20.2,neutral,very_high,medium,very_low,high_salinity,dry,fair
alluvial,8.87,194.4,115.6,128.9,2157,35.3,38.9,strongly_alkaline,very_high,very_high,high,very_high_salinity,dry,fair
laterite,5.64,120.3,30.1,211.7,1564,41.2,17.5,slightly_acidic,high,low,very_high,very_high_salinity,optimal,fair
sandy,8.38,140.1,7.6,130.1,2482,54.4,25.9,slightly_alkaline,high,very_low,high,very_high_salinity,optimal,fair
black_cotton,6.51,296.5,46.9,205.4,1871,32.4,23.3,neutral,very_high,low,very_high,very_high_salinity,dry,fair
red,8.89,87.3,112.4,121.2,1438,74.3,31.2,strongly_alkaline,medium,very_high,high,high_salinity,moist,fair
red,6.89,146.4,99.1,165.6,2141,32.3,33.7,neutral,high,high,very_high,very_high_salinity,dry,good
black_cotton,7.98,8.5,104.8,62.0,159,22.1,13.7,slightly_alkaline,very_low,high,low,very_low,dry,fair
laterite,7.5,134.7,81.3,82.6,805,92.6,34.9,slightly_alkaline,high,high,medium,high_salinity,waterlogged,good
red,7.52,50.6,92.4,169.1,430,93.5,30.5,slightly_alkaline,low,high,very_high,normal,waterlogged,good
black_cotton,6.16,58.1,53.5,211.0,1845,91.7,16.4,slightly_acidic,low,low,very_high,very_high_salinity,waterlogged,poor
black_cotton,8.78,145.6,105.1,79.7,651,39.2,37.7,strongly_alkaline,high,high,medium,normal,dry,good
sandy,8.19,212.6,137.9,177.9,859,66.1,32.2,slightly_alkaline,very_high,very_high,very_high,high_salinity,moist,fair
red,7.43,193.1,80.9,195.7,828,34.8,15.4,neutral,very_high,high,very_high,high_salinity,dry,good
laterite,6.7,278.0,98.5,18.1,439,64.6,11.3,neutral,very_high,high,very_low,normal,moist,good
black_cotton,6.19,274.9,40.3,150.8,712,63.6,26.9,slightly_acidic,very_high,low,high,normal,moist,good
red,7.12,261.8,8.4,50.4,2045,46.8,29.2,neutral,very_high,very_low,low,very_high_salinity,optimal,poor
black_cotton,4.86,71.0,28.3,211.0,2228,36.7,20.4,strongly_acidic,low,very_low,very_high,very_high_salinity,dry,very_poor
sandy,5.55,70.3,137.8,68.8,2007,12.8,26.0,slightly_acidic,low,very_high,low,very_high_salinity,very_dry,poor
alluvial,7.0,202.0,38.3,160.7,2390,89.8,22.8,neutral,very_high,low,very_high,very_high_salinity,waterlogged,fair
black_cotton,5.26,231.2,59.4,168.0,1411,69.6,15.0,strongly_acidic,very_high,medium,very_high,high_salinity,moist,poor
black_cotton,4.78,193.0,82.7,29.5,406,67.4,20.9,strongly_acidic,very_high,high,very_low,normal,moist,fair
laterite,8.98,297.2,68.7,124.6,373,45.5,28.4,strongly_alkaline,very_high,medium,high,low,optimal,fair
alluvial,8.51,152.3,105.0,202.2,862,94.0,29.7,strongly_alkaline,high,high,very_high,high_salinity,waterlogged,fair
alluvial,6.4,50.0,135.4,115.7,1778,52.0,18.2,slightly_acidic,low,very_high,high,very_high_salinity,optimal,fair
black_cotton,6.54,288.7,69.5,163.9,855,82.6,17.3,neutral,very_high,medium,very_high,high_salinity,waterlogged,fair
black_cotton,5.7,32.2,103.8,171.2,450,92.7,20.2,slightly_acidic,very_low,high,very_high,normal,waterlogged,fair
alluvial,8.93,179.4,42.6,40.6,317,92.4,20.9,strongly_alkaline,high,low,low,low,waterlogged,fair
black_cotton,8.66,65.1,138.1,157.8,893,49.6,40.8,strongly_alkaline,low,very_high,high,high_salinity,optimal,fair
alluvial,5.25,183.3,22.4,198.4,1989,83.4,26.9,strongly_acidic,very_high,very_low,very_high,very_high_salinity,waterlogged,very_poor
black_cotton,6.33,115.3,48.2,76.4,1527,76.3,38.5,slightly_acidic,medium,low,medium,very_high_salinity,moist,fair
sandy,5.22,93.0,99.1,99.4,1130,49.7,23.7,strongly_acidic,medium,high,medium,high_salinity,optimal,fair
alluvial,6.44,201.6,88.3,70.1,474,73.9,27.3,slightly_acidic,very_high,high,medium,normal,moist,good
sandy,8.3,46.1,99.5,190.1,2444,94.2,13.1,slightly_alkaline,low,high,very_high,very_high_salinity,waterlogged,fair
red,4.61,82.4,70.8,68.0,187,92.7,39.5,strongly_acidic,medium,medium,low,very_low,waterlogged,poor
alluvial,6.19,284.7,58.2,196.1,899,5.4,41.4,slightly_acidic,very_high,medium,very_high,high_salinity,very_dry,fair
red,5.39,122.3,73.5,57.9,358,59.3,17.6,strongly_acidic,high,medium,low,low,optimal,fair
alluvial,8.26,157.2,135.6,124.9,340,86.2,40.1,slightly_alkaline,high,very_high,high,low,waterlogged,good
sandy,7.02,180.8,68.1,28.8,1525,88.7,37.8,neutral,very_high,medium,very_low,very_high_salinity,waterlogged,fair
sandy,7.62,98.1,19.2,82.7,2033,68.4,21.9,slightly_alkaline,medium,very_low,medium,very_high_salinity,moist,fair
red,4.86,102.7,92.4,208.9,514,71.6,30.3,strongly_acidic,medium,high,very_high,normal,moist,good
sandy,7.34,28.7,79.9,5.8,94,77.4,31.1,neutral,very_low,medium,very_low,very_low,moist,poor
laterite,7.71,35.0,62.2,64.5,1568,78.3,29.7,slightly_alkaline,very_low,medium,low,very_high_salinity,moist,poor
laterite,8.67,289.7,86.6,199.4,713,19.6,12.4,strongly_alkaline,very_high,high,very_high,normal,very_dry,good
red,7.5,60.9,9.1,31.9,1224,9.6,26.2,slightly_alkaline,low,very_low,very_low,high_salinity,very_dry,poor
red,8.25,103.4,76.8,183.0,1330,64.2,16.9,slightly_alkaline,medium,medium,very_high,high_salinity,moist,fair
laterite,8.96,139.5,22.4,79.4,2242,27.5,12.8,strongly_alkaline,high,very_low,medium,very_high_salinity,dry,poor
alluvial,8.19,256.8,20.1,192.5,324,82.2,16.4,slightly_alkaline,very_high,very_low,very_high,low,waterlogged,fair
laterite,5.44,191.6,71.8,29.7,1418,35.9,16.1,strongly_acidic,very_high,medium,very_low,high_salinity,dry,poor
black_cotton,7.37,93.0,38.0,139.5,2419,62.6,25.3,neutral,medium,low,high,very_high_salinity,moist,fair
red,8.73,246.0,104.4,177.7,2087,21.6,37.1,strongly_alkaline,very_high,high,very_high,very_high_salinity,dry,fair
red,8.27,116.6,121.0,80.6,969,51.1,29.1,slightly_alkaline,medium,very_high,medium,high_salinity,optimal,fair
alluvial,8.08,215.1,57.8,99.9,2485,69.3,25.5,slightly_alkaline,very_high,medium,medium,very_high_salinity,moist,fair
laterite,4.75,127.9,122.9,138.6,2487,77.4,21.4,strongly_acidic,high,very_high,high,very_high_salinity,moist,fair
black_cotton,5.92,209.7,74.4,118.7,863,73.9,15.9,slightly_acidic,very_high,medium,high,high_salinity,moist,fair
red,7.25,253.9,9.1,37.8,1342,42.6,31.3,neutral,very_high,very_low,very_low,high_salinity,optimal,poor
black_cotton,8.85,173.8,122.3,196.7,1380,94.1,14.0,strongly_alkaline,high,very_high,very_high,high_salinity,waterlogged,fair
laterite,6.31,240.1,137.1,205.9,607,45.8,14.2,slightly_acidic,very_high,very_high,very_high,normal,optimal,fair
black_cotton,6.84,259.6,128.9,24.4,1283,70.5,25.0,neutral,very_high,very_high,very_low,high_salinity,moist,fair
red,8.22,158.2,81.3,165.6,1260,12.6,34.1,slightly_alkaline,high,high,very_high,high_salinity,very_dry,good
red,4.64,279.6,57.8,56.3,2274,70.4,35.8,strongly_acidic,very_high,medium,low,very_high_salinity,moist,poor
red,5.9,92.1,105.8,135.8,2410,34.6,12.3,slightly_acidic,medium,high,high,very_high_salinity,dry,good
black_cotton,5.17,68.8,46.3,83.0,959,60.0,24.7,strongly_acidic,low,low,medium,high_salinity,moist,poor
black_cotton,7.94,161.7,112.1,118.0,1845,68.2,39.2,slightly_alkaline,high,very_high,high,very_high_salinity,moist,good
alluvial,7.35,214.5,83.2,8.4,1290,21.2,38.1,neutral,very_high,high,very_low,high_salinity,dry,fair
laterite,6.67,278.0,114.8,77.2,309,54.1,10.2,neutral,very_high,very_high,medium,low,optimal,good
laterite,6.18,282.0,31.8,172.2,2413,28.3,33.8,slightly_acidic,very_high,low,very_high,very_high_salinity,dry,poor
alluvial,8.7,241.2,44.2,173.6,1831,35.5,19.6,strongly_alkaline,very_high,low,very_high,very_high_salinity,dry,poor
laterite,6.69,207.1,97.8,102.0,1841,13.4,33.5,neutral,very_high,high,medium,very_high_salinity,very_dry,good
red,6.98,6.4,95.6,215.5,1325,76.0,29.7,neutral,very_low,high,very_high,high_salinity,moist,fair
black_cotton,7.08,156.4,23.0,72.9,1948,17.7,20.2,neutral,high,very_low,medium,very_high_salinity,very_dry,fair
black_cotton,6.1,23.1,48.9,93.4,809,87.7,13.3,slightly_acidic,very_low,low,medium,high_salinity,waterlogged,poor
laterite,5.86,182.3,87.4,60.1,1773,75.9,10.2,slightly_acidic,very_high,high,low,very_high_salinity,moist,fair
sandy,6.67,56.6,47.0,216.3,2350,13.5,14.4,neutral,low,low,very_high,very_high_salinity,very_dry,poor
alluvial,5.51,181.9,97.0,147.5,299,12.2,17.2,slightly_acidic,very_high,high,high,low,very_dry,good
sandy,8.9,161.9,39.7,130.8,1319,16.5,29.8,strongly_alkaline,high,low,high,high_salinity,very_dry,fair
alluvial,5.09,42.0,56.3,184.9,574,17.7,31.9,strongly_acidic,low,medium,very_high,normal,very_dry,fair
black_cotton,6.09,275.9,38.2,114.3,649,11.7,26.9,slightly_acidic,very_high,low,high,normal,very_dry,good
black_cotton,5.7,230.0,17.8,87.0,412,77.9,25.0,slightly_acidic,very_high,very_low,medium,normal,moist,fair
black_cotton,6.88,129.8,126.1,95.5,1683,55.7,11.9,neutral,high,very_high,medium,very_high_salinity,optimal,good
sandy,6.89,182.6,94.5,204.5,987,24.3,27.6,neutral,very_high,high,very_high,high_salinity,dry,good
laterite,6.34,233.7,103.9,23.1,2062,52.7,23.6,slightly_acidic,very_high,high,very_low,very_high_salinity,optimal,poor
laterite,8.24,285.6,104.9,10.1,1541,43.7,26.1,slightly_alkaline,very_high,high,very_low,very_high_salinity,optimal,fair
red,5.67,36.0,94.0,151.6,777,85.7,38.7,slightly_acidic,very_low,high,high,normal,waterlogged,good
black_cotton,7.48,240.7,28.4,61.0,1451,83.4,14.0,neutral,very_high,very_low,low,high_salinity,waterlogged,poor
laterite,5.74,214.0,98.9,32.3,1096,40.0,13.5,slightly_acidic,very_high,high,very_low,high_salinity,optimal,fair
red,7.92,106.0,87.1,211.9,393,34.4,39.6,slightly_alkaline,medium,high,very_high,low,dry,good
laterite,7.51,224.3,83.2,78.6,550,85.5,16.1,slightly_alkaline,very_high,high,medium,normal,waterlogged,good
laterite,7.52,31.7,39.0,35.4,2447,41.6,29.3,slightly_alkaline,very_low,low,very_low,very_high_salinity,optimal,very_poor
laterite,8.41,207.6,45.1,205.9,1174,40.1,39.5,slightly_alkaline,very_high,low,very_high,high_salinity,optimal,fair
alluvial,8.98,110.6,31.0,16.2,266,11.4,23.0,strongly_alkaline,medium,low,very_low,low,very_dry,poor
black_cotton,5.35,104.2,104.3,103.6,1227,43.5,30.8,strongly_acidic,medium,high,medium,high_salinity,optimal,fair
sandy,8.46,115.2,76.1,133.0,674,57.4,38.0,slightly_alkaline,medium,medium,high,normal,optimal,excellent
alluvial,7.72,238.7,29.9,150.3,1199,64.0,40.1,slightly_alkaline,very_high,very_low,high,high_salinity,moist,fair
black_cotton,7.93,254.2,107.3,202.0,1160,28.2,35.5,slightly_alkaline,very_high,high,very_high,high_salinity,dry,fair
black_cotton,5.27,122.1,123.8,190.9,1382,86.4,20.7,strongly_acidic,high,very_high,very_high,high_salinity,waterlogged,fair
red,5.86,296.7,17.4,79.0,2129,16.7,40.0,slightly_acidic,very_high,very_low,medium,very_high_salinity,very_dry,poor
laterite,4.82,53.2,117.3,117.2,1049,19.6,14.0,strongly_acidic,low,very_high,high,high_salinity,very_dry,poor
black_cotton,5.35,175.9,139.3,204.6,1906,26.9,40.6,strongly_acidic,high,very_high,very_high,very_high_salinity,dry,poor
black_cotton,5.82,232.8,33.0,145.6,1087,85.3,15.4,slightly_acidic,very_high,low,high,high_salinity,waterlogged,fair
laterite,5.9,40.0,115.0,141.8,2387,50.0,38.2,slightly_acidic,low,very_high,high,very_high_salinity,optimal,fair
alluvial,7.52,274.2,6.1,186.7,865,64.6,30.1,slightly_alkaline,very_high,very_low,very_high,high_salinity,moist,poor
laterite,4.93,279.7,132.6,8.6,1141,40.3,11.0,strongly_acidic,very_high,very_high,very_low,high_salinity,optimal,poor
black_cotton,5.96,236.4,37.2,86.3,1791,26.1,24.7,slightly_acidic,very_high,low,medium,very_high_salinity,dry,poor
red,7.46,193.2,11.4,67.2,1515,88.6,21.9,neutral,very_high,very_low,low,very_high_salinity,waterlogged,poor
laterite,6.98,15.6,109.0,130.7,1130,94.2,31.2,neutral,very_low,high,high,high_salinity,waterlogged,good
black_cotton,6.25,286.2,72.9,13.7,339,18.0,37.5,slightly_acidic,very_high,medium,very_low,low,very_dry,fair
sandy,5.33,36.5,95.3,214.4,1950,68.0,41.5,strongly_acidic,very_low,high,very_high,very_high_salinity,moist,poor
alluvial,7.43,27.4,100.6,85.3,962,7.4,20.9,neutral,very_low,high,medium,high_salinity,very_dry,fair
alluvial,7.67,189.6,104.5,212.5,990,54.0,15.6,slightly_alkaline,very_high,high,very_high,high_salinity,optimal,fair
black_cotton,6.6,296.2,72.9,96.3,2374,27.4,14.3,neutral,very_high,medium,medium,very_high_salinity,dry,fair
black_cotton,8.76,154.0,116.7,110.0,2186,67.5,34.7,strongly_alkaline,high,very_high,high,very_high_salinity,moist,fair
sandy,6.79,50.8,57.5,178.3,2486,66.5,11.6,neutral,low,medium,very_high,very_high_salinity,moist,fair
laterite,5.86,101.8,83.3,11.5,2442,29.4,23.2,slightly_acidic,medium,high,very_low,very_high_salinity,dry,fair
laterite,5.0,46.9,116.2,31.3,1195,92.7,15.0,strongly_acidic,low,very_high,very_low,high_salinity,waterlogged,very_poor
black_cotton,5.43,14.7,73.7,206.9,833,9.6,40.6,strongly_acidic,very_low,medium,very_high,high_salinity,very_dry,poor
red,8.79,231.8,44.7,219.0,1298,24.9,15.7,strongly_alkaline,very_high,low,very_high,high_salinity,dry,poor
sandy,7.69,225.8,78.5,107.2,1131,55.6,35.3,slightly_alkaline,very_high,medium,medium,high_salinity,optimal,fair
black_cotton,6.94,116.6,70.7,94.0,1122,53.9,27.6,neutral,medium,medium,medium,high_salinity,optimal,good
black_cotton,7.14,222.4,85.4,169.7,754,79.2,15.5,neutral,very_high,high,very_high,normal,moist,good
sandy,6.26,170.3,28.7,100.5,2425,20.9,37.6,slightly_acidic,high,very_low,medium,very_high_salinity,dry,fair
sandy,8.56,238.8,68.6,57.9,1924,44.4,21.4,strongly_alkaline,very_high,medium,low,very_high_salinity,optimal,poor
laterite,6.12,70.4,85.8,131.9,1607,12.4,17.5,slightly_acidic,low,high,high,very_high_salinity,very_dry,fair
black_cotton,4.68,163.4,65.2,51.1,2298,21.6,22.2,strongly_acidic,high,medium,low,very_high_salinity,dry,poor
laterite,7.9,55.1,40.0,73.6,539,13.1,20.0,slightly_alkaline,low,low,medium,normal,very_dry,fair
red,5.91,228.6,55.8,36.4,2058,29.3,23.6,slightly_acidic,very_high,medium,very_low,very_high_salinity,dry,poor
red,6.18,27.1,32.8,102.6,649,65.2,17.7,slightly_acidic,very_low,low,medium,normal,moist,fair
alluvial,5.41,191.0,92.9,213.8,788,6.7,11.2,strongly_acidic,very_high,high,very_high,normal,very_dry,fair
sandy,8.81,135.9,86.8,154.3,581,28.0,39.9,strongly_alkaline,high,high,high,normal,dry,excellent
laterite,7.13,45.2,78.2,47.5,607,49.4,40.6,neutral,low,medium,low,normal,optimal,good
black_cotton,6.4,82.3,82.0,130.1,2134,67.9,12.0,slightly_acidic,medium,high,high,very_high_salinity,moist,good
laterite,4.72,38.0,65.4,120.6,784,52.2,36.4,strongly_acidic,very_low,medium,high,normal,optimal,fair
alluvial,8.51,51.4,20.5,60.1,1429,37.9,32.2,strongly_alkaline,low,very_low,low,high_salinity,dry,very_poor
red,6.1,55.9,100.8,208.8,1140,30.3,30.0,slightly_acidic,low,high,very_high,high_salinity,dry,fair
red,6.9,183.7,44.1,109.4,94,62.5,14.0,neutral,very_high,low,medium,very_low,moist,fair
red,8.42,262.4,97.9,47.9,1878,40.1,28.2,slightly_alkaline,very_high,high,low,very_high_salinity,optimal,fair
sandy,5.5,133.4,9.5,70.4,1189,61.9,22.3,slightly_acidic,high,very_low,medium,high_salinity,moist,fair
sandy,5.4,67.6,126.1,110.5,1384,54.4,27.2,strongly_acidic,low,very_high,high,high_salinity,optimal,poor
black_cotton,6.01,265.1,98.8,86.8,299,94.3,19.8,slightly_acidic,very_high,high,medium,low,waterlogged,good
sandy,6.57,227.1,98.7,89.0,1866,19.4,29.1,neutral,very_high,high,medium,very_high_salinity,very_dry,good
sandy,4.53,218.4,49.8,149.4,213,35.4,23.5,strongly_acidic,very_high,low,high,low,dry,fair
laterite,8.47,8.3,11.2,34.4,679,27.3,16.8,slightly_alkaline,very_low,very_low,very_low,normal,dry,poor
laterite,4.7,194.6,34.2,159.5,2111,24.3,36.6,strongly_acidic,very_high,low,high,very_high_salinity,dry,poor
red,6.91,215.8,50.4,47.1,546,26.1,22.0,neutral,very_high,low,low,normal,dry,fair
black_cotton,7.55,127.2,93.1,187.2,1424,40.4,26.0,slightly_alkaline,high,high,very_high,high_salinity,optimal,good
alluvial,7.41,36.8,104.1,144.1,633,62.6,32.1,neutral,very_low,high,high,normal,moist,good
alluvial,5.54,110.2,78.6,20.8,1010,38.2,20.0,slightly_acidic,medium,medium,very_low,high_salinity,dry,fair
red,6.69,78.6,16.4,218.7,438,26.3,39.4,neutral,low,very_low,very_high,normal,dry,fair
alluvial,5.15,256.8,23.8,68.8,2320,11.7,20.3,strongly_acidic,very_high,very_low,low,very_high_salinity,very_dry,very_poor
laterite,8.82,209.2,77.1,63.6,1559,88.0,15.2,strongly_alkaline,very_high,medium,low,very_high_salinity,waterlogged,poor
sandy,7.0,113.4,18.1,17.7,2202,78.0,34.5,neutral,medium,very_low,very_low,very_high_salinity,moist,poor
alluvial,8.95,205.6,139.9,181.9,2047,76.8,27.7,strongly_alkaline,very_high,very_high,very_high,very_high_salinity,moist,poor
black_cotton,8.15,259.6,99.7,183.8,1370,7.7,13.0,slightly_alkaline,very_high,high,very_high,high_salinity,very_dry,fair
sandy,6.81,292.1,40.3,179.5,81,44.5,13.3,neutral,very_high,low,very_high,very_low,optimal,fair
alluvial,8.99,37.1,60.7,99.6,2012,86.1,18.0,strongly_alkaline,very_low,medium,medium,very_high_salinity,waterlogged,poor
laterite,7.42,174.5,17.2,52.0,1312,77.1,11.0,neutral,high,very_low,low,high_salinity,moist,fair
black_cotton,7.93,248.2,95.4,218.0,1613,70.5,11.3,slightly_alkaline,very_high,high,very_high,very_high_salinity,moist,fair
alluvial,6.24,33.5,108.2,43.1,846,26.2,28.8,slightly_acidic,very_low,high,low,high_salinity,dry,poor
laterite,8.91,57.4,120.0,201.4,2162,50.5,41.3,strongly_alkaline,low,very_high,very_high,very_high_salinity,optimal,poor
sandy,4.96,221.7,24.5,134.7,873,78.0,19.7,strongly_acidic,very_high,very_low,high,high_salinity,moist,poor
black_cotton,7.8,177.9,60.2,52.0,515,24.0,18.7,slightly_alkaline,high,medium,low,normal,dry,good
red,5.24,8.3,33.6,180.9,1310,62.5,13.6,strongly_acidic,very_low,low,very_high,high_salinity,moist,very_poor
red,8.43,144.2,46.5,113.2,2192,81.1,39.1,slightly_alkaline,high,low,high,very_high_salinity,waterlogged,fair
red,7.72,92.4,44.6,84.6,965,80.4,25.0,slightly_alkaline,medium,low,medium,high_salinity,waterlogged,fair
alluvial,6.71,186.4,138.5,134.1,2217,93.5,29.9,neutral,very_high,very_high,high,very_high_salinity,waterlogged,fair
red,5.14,99.5,43.3,215.5,483,85.8,20.7,strongly_acidic,medium,low,very_high,normal,waterlogged,fair
black_cotton,8.77,147.1,33.9,23.6,1044,64.1,25.7,strongly_alkaline,high,low,very_low,high_salinity,moist,poor
red,6.36,205.1,99.5,204.7,1086,61.8,30.4,slightly_acidic,very_high,high,very_high,high_salinity,moist,fair
alluvial,6.73,157.7,39.6,93.1,252,42.3,21.9,neutral,high,low,medium,low,optimal,good
black_cotton,8.25,275.5,38.9,186.3,2275,42.3,14.8,slightly_alkaline,very_high,low,very_high,very_high_salinity,optimal,poor
sandy,6.4,299.1,105.4,198.9,1113,36.4,34.8,slightly_acidic,very_high,high,very_high,high_salinity,dry,fair
laterite,5.69,100.8,110.8,139.2,990,93.3,32.8,slightly_acidic,medium,very_high,high,high_salinity,waterlogged,fair
sandy,8.83,49.9,44.9,123.2,2279,12.3,32.3,strongly_alkaline,low,low,high,very_high_salinity,very_dry,poor
sandy,8.89,49.6,83.1,137.0,834,75.6,36.4,strongly_alkaline,low,high,high,high_salinity,moist,fair
laterite,8.56,99.3,70.4,161.6,2101,45.9,33.0,strongly_alkaline,medium,medium,very_high,very_high_salinity,optimal,fair
red,7.3,217.4,60.6,217.6,2189,7.6,26.2,neutral,very_high,medium,very_high,very_high_salinity,very_dry,fair
red,6.45,27.4,60.3,73.3,728,77.1,13.0,slightly_acidic,very_low,medium,medium,normal,moist,fair
laterite,6.94,111.2,41.4,12.7,1826,62.3,34.9,neutral,medium,low,very_low,very_high_salinity,moist,poor
alluvial,5.73,153.9,109.8,133.6,1437,16.6,17.2,slightly_acidic,high,high,high,high_salinity,very_dry,good
laterite,7.17,181.5,56.0,198.6,2238,25.7,20.9,neutral,very_high,medium,very_high,very_high_salinity,dry,fair
laterite,6.88,239.3,17.8,144.0,2272,15.4,24.9,neutral,very_high,very_low,high,very_high_salinity,very_dry,fair
alluvial,4.76,95.3,118.4,78.7,847,37.1,19.1,strongly_acidic,medium,very_high,medium,high_salinity,dry,fair
laterite,8.54,71.8,34.5,96.8,1446,33.8,11.9,strongly_alkaline,low,low,medium,high_salinity,dry,poor
alluvial,6.82,257.3,21.4,146.9,1485,25.1,39.2,neutral,very_high,very_low,high,high_salinity,dry,fair
red,8.77,63.6,65.7,76.0,808,39.3,19.9,strongly_alkaline,low,medium,medium,high_salinity,dry,fair
laterite,5.52,218.2,80.5,23.1,1230,6.6,40.3,slightly_acidic,very_high,high,very_low,high_salinity,very_dry,fair
black_cotton,4.96,182.5,10.8,167.3,287,79.7,23.5,strongly_acidic,very_high,very_low,very_high,low,moist,poor
red,7.44,219.2,13.1,24.4,801,47.8,23.0,neutral,very_high,very_low,very_low,high_salinity,optimal,poor
red,6.36,160.3,92.9,206.1,533,71.3,33.6,slightly_acidic,high,high,very_high,normal,moist,good
laterite,5.77,70.7,38.5,181.2,1449,52.2,15.5,slightly_acidic,low,low,very_high,high_salinity,optimal,poor
sandy,6.68,264.0,83.6,181.5,695,24.1,16.7,neutral,very_high,high,very_high,normal,dry,good
sandy,4.78,228.9,32.3,102.9,373,63.0,28.2,strongly_acidic,very_high,low,medium,low,moist,poor
sandy,4.87,56.0,71.5,8.6,462,42.2,12.7,strongly_acidic,low,medium,very_low,normal,optimal,poor
alluvial,6.35,230.4,49.3,75.3,955,58.5,29.5,slightly_acidic,very_high,low,medium,high_salinity,optimal,fair
red,4.58,68.5,65.1,131.7,1744,23.7,23.6,strongly_acidic,low,medium,high,very_high_salinity,dry,poor
red,8.92,121.0,53.4,122.3,1102,58.3,31.3,strongly_alkaline,high,low,high,high_salinity,optimal,fair
alluvial,6.73,129.2,93.0,160.1,1750,25.1,34.2,neutral,high,high,very_high,very_high_salinity,dry,good
alluvial,7.76,228.5,7.5,17.0,1798,88.4,14.9,slightly_alkaline,very_high,very_low,very_low,very_high_salinity,waterlogged,poor
alluvial,8.56,76.6,63.3,198.2,1321,23.3,11.4,strongly_alkaline,low,medium,very_high,high_salinity,dry,poor
sandy,6.13,19.4,110.1,159.4,1096,54.2,14.8,slightly_acidic,very_low,very_high,high,high_salinity,optimal,fair
black_cotton,7.48,129.8,112.4,71.4,1374,17.4,34.0,neutral,high,very_high,medium,high_salinity,very_dry,good
alluvial,6.13,57.1,17.6,60.9,1175,66.2,25.3,slightly_acidic,low,very_low,low,high_salinity,moist,poor
sandy,8.02,148.7,5.9,6.0,1243,86.8,28.2,slightly_alkaline,high,very_low,very_low,high_salinity,waterlogged,poor
black_cotton,6.64,127.9,47.3,46.6,801,55.3,20.3,neutral,high,low,low,high_salinity,optimal,fair
sandy,6.14,18.7,7.1,127.8,2372,47.6,33.4,slightly_acidic,very_low,very_low,high,very_high_salinity,optimal,poor
black_cotton,5.92,264.7,99.9,99.2,463,84.9,23.1,slightly_acidic,very_high,high,medium,normal,waterlogged,good
sandy,6.33,279.6,74.3,22.1,482,41.5,15.3,slightly_acidic,very_high,medium,very_low,normal,optimal,fair
black_cotton,5.17,48.4,131.4,55.7,572,51.6,24.0,strongly_acidic,low,very_high,low,normal,optimal,poor
sandy,4.81,143.0,61.1,213.0,1588,33.1,16.1,strongly_acidic,high,medium,very_high,very_high_salinity,dry,fair
black_cotton,5.47,31.0,105.0,159.9,2238,72.4,35.1,strongly_acidic,very_low,high,high,very_high_salinity,moist,poor
red,6.44,140.2,94.6,77.8,221,54.7,30.4,slightly_acidic,high,high,medium,low,optimal,good
black_cotton,5.91,56.0,121.6,137.7,1383,7.3,11.7,slightly_acidic,low,very_high,high,high_salinity,very_dry,fair
sandy,7.13,49.8,32.3,123.7,214,56.2,39.2,neutral,low,low,high,low,optimal,fair
laterite,6.06,113.2,31.6,37.6,1364,27.4,17.9,slightly_acidic,medium,low,very_low,high_salinity,dry,poor
alluvial,8.86,14.3,5.4,159.3,2424,31.0,31.9,strongly_alkaline,very_low,very_low,high,very_high_salinity,dry,poor
alluvial,7.2,65.5,13.1,171.8,1439,91.0,18.8,neutral,low,very_low,very_high,high_salinity,waterlogged,poor
black_cotton,7.75,292.1,79.9,206.8,928,52.9,41.5,slightly_alkaline,very_high,medium,very_high,high_salinity,optimal,fair
sandy,8.43,267.2,59.8,96.0,642,89.1,28.3,slightly_alkaline,very_high,medium,medium,normal,waterlogged,good
sandy,5.51,51.2,113.3,92.2,319,12.1,14.8,slightly_acidic,low,very_high,medium,low,very_dry,fair
sandy,4.97,11.9,17.5,74.0,2467,80.9,29.2,strongly_acidic,very_low,very_low,medium,very_high_salinity,waterlogged,very_poor
laterite,8.62,92.7,113.5,156.4,802,66.3,37.3,strongly_alkaline,medium,very_high,high,high_salinity,moist,fair
black_cotton,6.81,194.7,76.5,64.6,963,94.4,19.3,neutral,very_high,medium,low,high_salinity,waterlogged,fair
laterite,7.41,165.9,115.8,47.4,700,86.7,14.0,neutral,high,very_high,low,normal,waterlogged,good
black_cotton,5.1,264.6,84.6,190.2,1193,27.2,13.0,strongly_acidic,very_high,high,very_high,high_salinity,dry,fair
black_cotton,5.65,243.5,72.4,217.6,2210,72.4,19.8,slightly_acidic,very_high,medium,very_high,very_high_salinity,moist,fair
alluvial,7.57,97.8,104.1,22.1,2023,52.8,40.6,slightly_alkaline,medium,high,very_low,very_high_salinity,optimal,fair
sandy,7.52,192.9,75.2,182.6,318,80.3,22.8,slightly_alkaline,very_high,medium,very_high,low,waterlogged,fair
laterite,6.91,183.0,13.7,62.4,2300,83.0,39.4,neutral,very_high,very_low,low,very_high_salinity,waterlogged,poor
black_cotton,5.74,173.8,112.0,103.9,1809,49.0,20.1,slightly_acidic,high,very_high,medium,very_high_salinity,optimal,fair
alluvial,5.93,226.6,94.7,151.3,556,12.9,26.5,slightly_acidic,very_high,high,high,normal,very_dry,good
red,6.28,168.8,6.3,92.2,1966,37.4,16.4,slightly_acidic,high,very_low,medium,very_high_salinity,dry,fair
black_cotton,6.31,249.3,116.8,123.4,683,69.0,24.5,slightly_acidic,very_high,very_high,high,normal,moist,good
red,4.73,74.5,46.3,159.9,2288,15.0,36.7,strongly_acidic,low,low,high,very_high_salinity,very_dry,poor
alluvial,5.17,43.9,116.8,192.5,1948,78.0,20.1,strongly_acidic,low,very_high,very_high,very_high_salinity,moist,poor
laterite,6.95,139.6,15.9,182.2,687,60.1,17.5,neutral,high,very_low,very_high,normal,moist,good
alluvial,6.9,122.5,39.3,133.8,1080,54.9,36.7,neutral,high,low,high,high_salinity,optimal,good
alluvial,8.46,63.8,16.2,131.1,996,46.7,40.1,slightly_alkaline,low,very_low,high,high_salinity,optimal,fair
black_cotton,8.79,282.4,82.0,149.1,2058,31.7,17.1,strongly_alkaline,very_high,high,high,very_high_salinity,dry,fair
black_cotton,7.07,287.8,39.2,59.9,991,6.9,39.7,neutral,very_high,low,low,high_salinity,very_dry,fair
black_cotton,6.35,213.9,124.6,107.0,964,40.9,34.8,slightly_acidic,very_high,very_high,medium,high_salinity,optimal,fair
red,6.76,46.6,138.0,31.3,2377,32.8,36.5,neutral,low,very_high,very_low,very_high_salinity,dry,poor
laterite,7.26,40.8,53.6,10.1,127,39.2,24.8,neutral,low,low,very_low,very_low,dry,poor
laterite,7.08,52.4,41.9,78.4,2390,44.6,42.0,neutral,low,low,medium,very_high_salinity,optimal,fair
black_cotton,5.69,33.5,97.1,150.2,201,14.9,13.9,slightly_acidic,very_low,high,high,low,very_dry,fair
laterite,5.23,115.3,51.1,137.3,427,56.9,26.2,strongly_acidic,medium,low,high,normal,optimal,fair
alluvial,5.49,215.3,62.9,172.5,432,56.8,33.0,strongly_acidic,very_high,medium,very_high,normal,optimal,fair
laterite,6.85,237.2,68.8,198.6,1423,9.1,36.0,neutral,very_high,medium,very_high,high_salinity,very_dry,fair
laterite,8.36,230.1,86.8,35.6,928,15.4,25.6,slightly_alkaline,very_high,high,very_low,high_salinity,very_dry,fair
laterite,5.77,70.1,107.0,136.1,1907,43.5,27.7,slightly_acidic,low,high,high,very_high_salinity,optimal,fair
laterite,6.03,265.0,70.9,10.8,488,17.8,37.3,slightly_acidic,very_high,medium,very_low,normal,very_dry,fair
black_cotton,7.12,129.2,36.0,199.9,527,70.6,14.8,neutral,high,low,very_high,normal,moist,good
red,6.48,83.5,93.1,209.9,2054,62.0,26.7,slightly_acidic,medium,high,very_high,very_high_salinity,moist,fair
sandy,7.49,10.5,91.4,218.5,1197,69.0,16.9,neutral,very_low,high,very_high,high_salinity,moist,fair
sandy,7.28,226.0,80.4,48.7,1854,84.9,13.8,neutral,very_high,high,low,very_high_salinity,waterlogged,fair
black_cotton,6.87,106.2,61.7,55.7,1510,68.9,10.0,neutral,medium,medium,low,very_high_salinity,moist,fair
black_cotton,7.71,139.3,5.7,43.1,1566,40.1,17.7,slightly_alkaline,high,very_low,low,very_high_salinity,optimal,poor
laterite,7.99,77.8,122.6,170.8,209,62.3,32.4,slightly_alkaline,low,very_high,very_high,low,moist,fair
black_cotton,7.73,34.6,112.1,142.6,1475,43.3,27.1,slightly_alkaline,very_low,very_high,high,high_salinity,optimal,fair
red,4.8,25.0,76.2,192.5,1786,18.5,30.5,strongly_acidic,very_low,medium,very_high,very_high_salinity,very_dry,poor
alluvial,5.63,170.4,48.8,96.7,833,16.6,36.6,slightly_acidic,high,low,medium,high_salinity,very_dry,fair
alluvial,6.13,36.5,59.5,160.8,1845,23.9,36.8,slightly_acidic,very_low,medium,very_high,very_high_salinity,dry,poor
black_cotton,7.78,203.9,63.5,43.3,1453,49.2,17.6,slightly_alkaline,very_high,medium,low,high_salinity,optimal,fair
red,5.96,287.4,96.6,22.0,1885,7.9,38.4,slightly_acidic,very_high,high,very_low,very_high_salinity,very_dry,poor
laterite,4.84,143.6,66.0,133.8,2288,78.3,14.8,strongly_acidic,high,medium,high,very_high_salinity,moist,fair
red,7.67,165.8,21.4,41.3,1236,53.0,19.0,slightly_alkaline,high,very_low,low,high_salinity,optimal,fair
black_cotton,5.0,81.0,82.0,203.9,2313,86.0,31.8,strongly_acidic,medium,high,very_high,very_high_salinity,waterlogged,fair
laterite,4.66,293.0,134.8,161.5,2237,72.0,34.7,strongly_acidic,very_high,very_high,very_high,very_high_salinity,moist,poor
sandy,6.77,40.8,7.9,23.6,2413,53.1,21.0,neutral,low,very_low,very_low,very_high_salinity,optimal,poor
black_cotton,7.32,266.4,21.2,198.6,505,30.8,11.5,neutral,very_high,very_low,very_high,normal,dry,fair
red,5.23,43.8,137.5,23.2,2326,48.0,36.7,strongly_acidic,low,very_high,very_low,very_high_salinity,optimal,very_poor
red,8.08,191.8,91.3,190.4,422,6.3,31.2,slightly_alkaline,very_high,high,very_high,normal,very_dry,good
sandy,8.46,38.3,39.9,194.0,2138,59.9,15.9,slightly_alkaline,very_low,low,very_high,very_high_salinity,optimal,poor
red,5.29,107.2,91.6,121.6,310,18.2,18.2,strongly_acidic,medium,high,high,low,very_dry,good
black_cotton,6.07,294.7,29.5,191.9,1648,56.1,36.6,slightly_acidic,very_high,very_low,very_high,very_high_salinity,optimal,poor
sandy,8.24,185.3,57.0,54.6,1831,50.0,32.7,slightly_alkaline,very_high,medium,low,very_high_salinity,optimal,fair
sandy,7.72,186.7,89.6,108.6,1332,12.5,40.8,slightly_alkaline,very_high,high,medium,high_salinity,very_dry,good
red,6.58,284.4,57.3,204.3,1008,68.8,39.7,neutral,very_high,medium,very_high,high_salinity,moist,fair
black_cotton,6.02,197.7,101.8,211.0,740,80.7,10.7,slightly_acidic,very_high,high,very_high,normal,waterlogged,good
red,6.66,286.1,17.1,135.4,1557,12.3,13.0,neutral,very_high,very_low,high,very_high_salinity,very_dry,fair
sandy,6.09,217.0,122.1,121.4,1965,47.8,25.1,slightly_acidic,very_high,very_high,high,very_high_salinity,optimal,fair
sandy,8.38,163.2,39.6,218.8,543,62.3,29.5,slightly_alkaline,high,low,very_high,normal,moist,good
sandy,4.8,130.1,20.0,156.1,1096,25.1,28.3,strongly_acidic,high,very_low,high,high_salinity,dry,fair
laterite,7.47,187.9,49.0,104.8,1711,64.1,11.3,neutral,very_high,low,medium,very_high_salinity,moist,fair
black_cotton,7.2,41.4,33.2,131.6,1469,56.4,30.5,neutral,low,low,high,high_salinity,optimal,fair
laterite,6.78,222.3,84.6,111.1,619,19.9,15.3,neutral,very_high,high,high,normal,very_dry,excellent
alluvial,5.74,129.1,45.2,8.6,1363,83.4,21.2,slightly_acidic,high,low,very_low,high_salinity,waterlogged,poor
alluvial,6.37,121.6,100.2,15.0,235,84.0,23.4,slightly_acidic,high,high,very_low,low,waterlogged,fair
black_cotton,6.77,178.1,62.9,55.4,201,11.5,21.5,neutral,high,medium,low,low,very_dry,good
sandy,7.15,158.4,117.6,180.7,2098,86.6,12.1,neutral,high,very_high,very_high,very_high_salinity,waterlogged,fair
laterite,7.79,157.0,36.1,106.1,1727,16.4,13.5,slightly_alkaline,high,low,medium,very_high_salinity,very_dry,fair
alluvial,6.46,162.4,72.4,213.3,1653,33.4,36.2,slightly_acidic,high,medium,very_high,very_high_salinity,dry,fair
red,8.39,190.9,136.4,202.4,1463,73.9,13.5,slightly_alkaline,very_high,very_high,very_high,high_salinity,moist,fair
alluvial,7.13,213.6,89.6,213.9,2074,18.9,24.0,neutral,very_high,high,very_high,very_high_salinity,very_dry,fair
red,8.85,238.1,127.1,34.6,1467,55.7,35.2,strongly_alkaline,very_high,very_high,very_low,high_salinity,optimal,poor
sandy,6.51,12.9,39.9,15.9,1729,7.4,30.3,neutral,very_low,low,very_low,very_high_salinity,very_dry,poor
black_cotton,6.51,80.1,122.7,219.4,292,78.0,36.8,neutral,medium,very_high,very_high,low,moist,good
alluvial,8.52,251.4,60.8,47.0,810,5.2,21.8,strongly_alkaline,very_high,medium,low,high_salinity,very_dry,poor
sandy,4.51,252.7,17.8,216.7,2338,33.3,17.6,strongly_acidic,very_high,very_low,very_high,very_high_salinity,dry,very_poor
laterite,6.08,152.5,21.1,29.4,2264,77.1,36.7,slightly_acidic,high,very_low,very_low,very_high_salinity,moist,poor
red,5.4,283.9,100.3,22.0,1244,24.6,41.8,strongly_acidic,very_high,high,very_low,high_salinity,dry,poor
red,7.41,289.7,58.1,194.4,1279,8.5,40.1,neutral,very_high,medium,very_high,high_salinity,very_dry,fair
alluvial,6.46,153.8,61.6,123.2,1594,26.2,18.2,slightly_acidic,high,medium,high,very_high_salinity,dry,good
red,8.95,148.1,76.5,100.7,2397,29.6,15.4,strongly_alkaline,high,medium,medium,very_high_salinity,dry,fair
laterite,6.51,68.7,67.7,90.8,1869,79.4,22.5,neutral,low,medium,medium,very_high_salinity,moist,fair
red,8.23,173.8,107.8,31.5,865,76.5,16.9,slightly_alkaline,high,high,very_low,high_salinity,moist,fair
sandy,6.62,83.7,85.8,95.8,710,83.4,26.5,neutral,medium,high,medium,normal,waterlogged,excellent
black_cotton,8.38,217.1,28.4,95.0,1229,60.0,10.1,slightly_alkaline,very_high,very_low,medium,high_salinity,moist,fair
sandy,5.31,117.3,135.2,147.3,133,18.1,33.8,strongly_acidic,medium,very_high,high,very_low,very_dry,fair
black_cotton,8.91,220.4,62.4,150.0,1250,7.3,25.3,strongly_alkaline,very_high,medium,high,high_salinity,very_dry,fair
sandy,5.91,209.4,27.1,189.6,139,84.6,27.5,slightly_acidic,very_high,very_low,very_high,very_low,waterlogged,poor
alluvial,7.5,163.9,28.4,206.6,533,40.5,25.0,slightly_alkaline,high,very_low,very_high,normal,optimal,good
laterite,8.33,139.1,118.3,140.6,173,88.5,13.6,slightly_alkaline,high,very_high,high,very_low,waterlogged,good
laterite,5.82,129.9,23.4,22.4,2370,77.1,17.0,slightly_acidic,high,very_low,very_low,very_high_salinity,moist,poor
sandy,7.68,169.0,97.6,91.0,2047,47.0,15.6,slightly_alkaline,high,high,medium,very_high_salinity,optimal,good
alluvial,7.84,180.1,59.3,17.5,1279,45.9,40.5,slightly_alkaline,very_high,medium,very_low,high_salinity,optimal,fair
sandy,5.72,14.6,26.3,213.8,759,59.6,32.6,slightly_acidic,very_low,very_low,very_high,normal,optimal,poor
black_cotton,4.87,131.7,112.5,51.5,1723,35.4,16.0,strongly_acidic,high,very_high,low,very_high_salinity,dry,poor
alluvial,8.78,76.5,123.5,41.3,2471,84.6,30.3,strongly_alkaline,low,very_high,low,very_high_salinity,waterlogged,poor
red,6.39,58.8,40.6,39.2,2045,10.3,22.6,slightly_acidic,low,low,very_low,very_high_salinity,very_dry,very_poor
sandy,6.23,286.5,84.8,71.9,2269,47.5,32.8,slightly_acidic,very_high,high,medium,very_high_salinity,optimal,fair
laterite,6.84,131.6,13.3,133.8,1941,56.2,26.1,neutral,high,very_low,high,very_high_salinity,optimal,fair
black_cotton,5.72,171.7,19.9,109.8,2449,90.1,25.8,slightly_acidic,high,very_low,medium,very_high_salinity,waterlogged,fair
sandy,7.3,86.3,40.1,179.1,1056,43.6,19.6,neutral,medium,low,very_high,high_salinity,optimal,fair
laterite,8.39,56.9,111.2,210.6,1433,91.1,12.3,slightly_alkaline,low,very_high,very_high,high_salinity,waterlogged,fair
alluvial,5.11,144.9,123.2,42.2,2059,24.3,26.1,strongly_acidic,high,very_high,low,very_high_salinity,dry,poor
alluvial,6.58,64.4,62.1,14.0,1059,35.6,19.0,neutral,low,medium,very_low,high_salinity,dry,fair
black_cotton,6.69,36.5,88.1,110.8,129,76.4,40.0,neutral,very_low,high,high,very_low,moist,good
sandy,6.78,52.9,52.4,182.4,2205,64.5,30.6,neutral,low,low,very_high,very_high_salinity,moist,poor
alluvial,5.77,272.5,51.6,112.2,385,35.7,28.4,slightly_acidic,very_high,low,high,low,dry,fair
laterite,5.95,150.6,134.0,78.7,2260,25.3,17.6,slightly_acidic,high,very_high,medium,very_high_salinity,dry,fair
black_cotton,6.84,93.5,135.4,88.7,1954,88.0,11.6,neutral,medium,very_high,medium,very_high_salinity,waterlogged,fair
alluvial,7.08,159.0,91.2,12.6,1601,26.8,18.5,neutral,high,high,very_low,very_high_salinity,dry,fair
laterite,7.42,74.9,114.5,199.2,2448,57.9,34.7,neutral,low,very_high,very_high,very_high_salinity,optimal,fair
alluvial,6.77,242.8,76.0,30.4,667,69.1,19.5,neutral,very_high,medium,very_low,normal,moist,good
sandy,7.26,291.4,53.9,7.6,1288,5.3,27.8,neutral,very_high,low,very_low,high_salinity,very_dry,poor
alluvial,6.71,233.8,14.6,49.9,754,78.4,23.1,neutral,very_high,very_low,low,normal,moist,fair
red,7.26,222.4,136.0,125.5,83,39.8,35.5,neutral,very_high,very_high,high,very_low,dry,good
red,4.73,110.4,60.4,16.0,673,23.8,20.9,strongly_acidic,medium,medium,very_low,normal,dry,fair
sandy,5.51,19.0,114.1,164.6,1658,59.6,19.4,slightly_acidic,very_low,very_high,very_high,very_high_salinity,optimal,poor
red,4.92,197.9,70.3,132.0,1060,73.8,33.6,strongly_acidic,very_high,medium,high,high_salinity,moist,fair
red,6.75,295.5,107.8,82.7,410,29.0,26.0,neutral,very_high,high,medium,normal,dry,excellent
laterite,7.11,221.3,39.5,114.5,588,90.2,36.4,neutral,very_high,low,high,normal,waterlogged,good
alluvial,5.88,126.8,38.3,94.8,1976,67.4,25.1,slightly_acidic,high,low,medium,very_high_salinity,moist,fair
red,7.35,5.3,49.4,98.1,1452,34.0,18.8,neutral,very_low,low,medium,high_salinity,dry,fair
sandy,8.25,172.1,77.1,27.2,2341,38.1,24.7,slightly_alkaline,high,medium,very_low,very_high_salinity,dry,fair
alluvial,8.49,111.2,69.3,38.4,2400,44.9,39.0,slightly_alkaline,medium,medium,very_low,very_high_salinity,optimal,fair
black_cotton,7.14,169.8,127.5,62.7,1916,42.8,27.3,neutral,high,very_high,low,very_high_salinity,optimal,fair
laterite,5.83,283.7,52.0,187.7,1742,48.3,29.5,slightly_acidic,very_high,low,very_high,very_high_salinity,optimal,poor
black_cotton,8.54,233.6,22.2,155.5,2005,21.3,37.2,strongly_alkaline,very_high,very_low,high,very_high_salinity,dry,poor
sandy,6.53,60.3,109.6,169.3,606,43.3,24.9,neutral,low,high,very_high,normal,optimal,good
laterite,8.76,161.0,8.2,96.8,2152,86.4,22.6,strongly_alkaline,high,very_low,medium,very_high_salinity,waterlogged,poor
alluvial,7.71,28.6,45.1,184.5,470,12.4,26.9,slightly_alkaline,very_low,low,very_high,normal,very_dry,fair
black_cotton,7.11,221.8,106.5,157.8,1111,54.8,15.6,neutral,very_high,high,high,high_salinity,optimal,good
sandy,5.17,188.3,15.4,11.0,2108,76.1,22.7,strongly_acidic,very_high,very_low,very_low,very_high_salinity,moist,very_poor
sandy,8.69,241.7,73.9,5.5,690,88.3,28.3,strongly_alkaline,very_high,medium,very_low,normal,waterlogged,fair
laterite,6.98,49.2,67.0,77.3,2075,83.1,19.9,neutral,low,medium,medium,very_high_salinity,waterlogged,fair
sandy,4.9,117.9,39.1,135.1,1834,48.4,33.9,strongly_acidic,medium,low,high,very_high_salinity,optimal,poor
sandy,4.99,113.3,101.2,208.3,807,76.8,22.3,strongly_acidic,medium,high,very_high,high_salinity,moist,fair
alluvial,8.6,274.7,109.3,100.3,2043,36.2,27.9,strongly_alkaline,very_high,high,medium,very_high_salinity,dry,fair
laterite,7.41,83.1,62.4,138.6,2141,54.7,35.4,neutral,medium,medium,high,very_high_salinity,optimal,good
black_cotton,7.14,77.1,102.2,130.9,1299,17.4,29.8,neutral,low,high,high,high_salinity,very_dry,good
laterite,8.04,218.2,120.1,100.3,1746,51.2,10.8,slightly_alkaline,very_high,very_high,medium,very_high_salinity,optimal,fair
alluvial,6.71,21.9,124.3,212.8,1816,49.8,36.2,neutral,very_low,very_high,very_high,very_high_salinity,optimal,poor
alluvial,6.27,161.8,121.3,37.4,1103,73.3,40.5,slightly_acidic,high,very_high,very_low,high_salinity,moist,fair
black_cotton,7.9,32.2,78.4,92.0,139,13.8,22.3,slightly_alkaline,very_low,medium,medium,very_low,very_dry,fair
sandy,8.58,257.7,107.7,52.9,1179,50.9,36.7,strongly_alkaline,very_high,high,low,high_salinity,optimal,fair
laterite,6.24,76.9,73.4,199.3,445,94.9,28.6,slightly_acidic,low,medium,very_high,normal,waterlogged,fair
red,7.16,122.7,131.5,36.5,670,45.8,18.8,neutral,high,very_high,very_low,normal,optimal,good
sandy,5.7,157.1,64.7,171.4,2466,71.6,30.1,slightly_acidic,high,medium,very_high,very_high_salinity,moist,fair
sandy,6.89,135.6,76.9,199.5,1983,70.8,11.6,neutral,high,medium,very_high,very_high_salinity,moist,good
black_cotton,7.77,37.4,36.9,7.8,1576,58.7,31.2,slightly_alkaline,very_low,low,very_low,very_high_salinity,optimal,very_poor
sandy,7.02,92.6,103.4,123.7,121,51.4,13.6,neutral,medium,high,high,very_low,optimal,good
alluvial,8.3,199.9,56.8,110.6,435,93.6,39.6,slightly_alkaline,very_high,medium,high,normal,waterlogged,good
red,6.42,63.6,29.6,198.4,1423,40.0,25.0,slightly_acidic,low,very_low,very_high,high_salinity,optimal,poor
black_cotton,5.6,62.4,84.3,23.4,154,73.1,30.9,slightly_acidic,low,high,very_low,very_low,moist,poor
sandy,7.47,16.7,122.4,167.9,668,61.1,40.0,neutral,very_low,very_high,very_high,normal,moist,fair
red,7.81,89.6,66.4,49.0,98,50.1,28.2,slightly_alkaline,medium,medium,low,very_low,optimal,fair
laterite,7.77,171.2,40.0,212.4,1480,94.1,16.4,slightly_alkaline,high,low,very_high,high_salinity,waterlogged,fair
black_cotton,7.39,243.3,89.3,188.3,1857,33.6,17.8,neutral,very_high,high,very_high,very_high_salinity,dry,fair
alluvial,6.42,168.7,42.0,86.8,973,62.9,22.4,slightly_acidic,high,low,medium,high_salinity,moist,fair
black_cotton,6.0,81.2,45.5,183.7,2078,28.5,35.0,slightly_acidic,medium,low,very_high,very_high_salinity,dry,poor
alluvial,6.3,28.6,93.7,141.8,1606,63.4,38.1,slightly_acidic,very_low,high,high,very_high_salinity,moist,fair
alluvial,6.68,165.3,102.2,135.7,1793,30.8,32.0,neutral,high,high,high,very_high_salinity,dry,good
black_cotton,4.77,7.6,25.4,51.4,1574,83.0,37.8,strongly_acidic,very_low,very_low,low,very_high_salinity,waterlogged,very_poor
laterite,6.07,167.4,135.0,194.4,890,76.6,32.3,slightly_acidic,high,very_high,very_high,high_salinity,moist,fair
alluvial,5.56,251.7,35.1,196.6,977,52.2,12.2,slightly_acidic,very_high,low,very_high,high_salinity,optimal,poor
black_cotton,4.79,105.4,133.8,194.6,377,21.5,35.7,strongly_acidic,medium,very_high,very_high,low,dry,fair
black_cotton,5.44,273.6,107.8,200.4,419,63.1,17.2,strongly_acidic,very_high,high,very_high,normal,moist,fair
sandy,7.46,250.7,106.8,29.6,2248,21.3,36.9,neutral,very_high,high,very_low,very_high_salinity,dry,fair
laterite,7.78,38.1,68.5,82.5,468,68.5,17.5,slightly_alkaline,very_low,medium,medium,normal,moist,good
alluvial,6.83,57.0,79.0,109.6,1012,8.1,12.9,neutral,low,medium,medium,high_salinity,very_dry,fair
red,6.49,209.7,69.6,113.0,1599,73.7,28.7,slightly_acidic,very_high,medium,high,very_high_salinity,moist,fair
red,7.46,247.9,7.5,164.6,727,87.1,23.6,neutral,very_high,very_low,very_high,normal,waterlogged,fair
laterite,4.75,155.1,50.9,205.3,1248,91.4,39.9,strongly_acidic,high,low,very_high,high_salinity,waterlogged,poor
sandy,6.09,200.4,44.0,43.7,1692,36.7,34.4,slightly_acidic,very_high,low,low,very_high_salinity,dry,poor
black_cotton,5.14,274.9,28.5,160.6,2054,67.3,15.7,strongly_acidic,very_high,very_low,very_high,very_high_salinity,moist,very_poor
red,8.9,185.9,136.2,62.6,897,54.3,28.6,strongly_alkaline,very_high,very_high,low,high_salinity,optimal,poor
laterite,7.97,229.4,96.2,197.5,1749,69.5,32.3,slightly_alkaline,very_high,high,very_high,very_high_salinity,moist,fair
red,8.06,137.5,119.7,79.3,127,42.2,24.3,slightly_alkaline,high,very_high,medium,very_low,optimal,good
red,8.53,299.4,10.2,199.6,710,85.3,33.6,strongly_alkaline,very_high,very_low,very_high,normal,waterlogged,fair
sandy,7.25,56.3,104.5,76.5,1726,40.9,18.0,neutral,low,high,medium,very_high_salinity,optimal,fair
sandy,6.01,70.1,122.8,12.7,1516,60.7,31.7,slightly_acidic,low,very_high,very_low,very_high_salinity,moist,poor
alluvial,7.45,274.5,20.8,158.4,771,40.6,41.1,neutral,very_high,very_low,high,normal,optimal,good
black_cotton,5.05,28.8,56.1,217.7,1358,21.4,25.7,strongly_acidic,very_low,medium,very_high,high_salinity,dry,poor
laterite,7.71,142.4,126.0,180.1,1627,65.3,10.6,slightly_alkaline,high,very_high,very_high,very_high_salinity,moist,fair
laterite,6.24,177.3,74.0,142.2,2253,46.1,41.0,slightly_acidic,high,medium,high,very_high_salinity,optimal,good
alluvial,5.21,28.5,53.4,46.1,1577,46.9,11.8,strongly_acidic,very_low,low,low,very_high_salinity,optimal,very_poor
alluvial,5.16,133.9,50.9,172.9,1218,47.8,15.8,strongly_acidic,high,low,very_high,high_salinity,optimal,poor
alluvial,7.58,280.9,139.6,7.9,2001,83.6,40.8,slightly_alkaline,very_high,very_high,very_low,very_high_salinity,waterlogged,poor
sandy,6.95,116.3,31.3,31.1,177,71.1,13.3,neutral,medium,low,very_low,very_low,moist,fair
sandy,4.74,16.0,99.6,141.0,2380,28.9,34.5,strongly_acidic,very_low,high,high,very_high_salinity,dry,poor
black_cotton,8.5,153.0,64.2,105.7,1606,84.4,20.0,strongly_alkaline,high,medium,medium,very_high_salinity,waterlogged,fair
sandy,6.16,122.3,123.8,137.1,455,84.8,25.0,slightly_acidic,high,very_high,high,normal,waterlogged,good
alluvial,8.84,152.7,101.1,62.9,1047,74.4,38.6,strongly_alkaline,high,high,low,high_salinity,moist,fair
black_cotton,8.34,168.8,58.6,46.9,443,87.6,39.9,slightly_alkaline,high,medium,low,normal,waterlogged,good
red,6.11,224.4,21.3,119.4,470,24.9,33.1,slightly_acidic,very_high,very_low,high,normal,dry,fair
alluvial,8.75,262.3,71.5,50.9,100,90.8,18.7,strongly_alkaline,very_high,medium,low,very_low,waterlogged,poor
alluvial,6.4,73.0,115.7,171.6,2387,76.4,25.8,slightly_acidic,low,very_high,very_high,very_high_salinity,moist,poor
sandy,6.42,270.5,86.1,132.0,2440,75.7,19.0,slightly_acidic,very_high,high,high,very_high_salinity,moist,fair
sandy,7.68,173.6,69.9,16.5,1070,93.2,22.5,slightly_alkaline,high,medium,very_low,high_salinity,waterlogged,fair
black_cotton,8.85,176.6,12.8,164.4,1596,69.3,16.0,strongly_alkaline,high,very_low,very_high,very_high_salinity,moist,poor
laterite,7.11,294.9,64.5,194.0,319,24.1,32.7,neutral,very_high,medium,very_high,low,dry,good
red,4.87,193.4,133.8,185.4,1113,67.0,29.7,strongly_acidic,very_high,very_high,very_high,high_salinity,moist,poor
sandy,5.56,79.2,132.7,65.2,1735,40.3,32.4,slightly_acidic,low,very_high,low,very_high_salinity,optimal,poor
red,4.82,22.7,70.9,75.5,1271,65.0,30.3,strongly_acidic,very_low,medium,medium,high_salinity,moist,poor
sandy,6.2,166.6,133.8,140.7,1056,39.1,27.4,slightly_acidic,high,very_high,high,high_salinity,dry,good
black_cotton,6.16,173.0,119.3,194.5,1687,93.3,19.1,slightly_acidic,high,very_high,very_high,very_high_salinity,waterlogged,fair
laterite,6.18,93.6,42.1,210.8,225,41.0,37.6,slightly_acidic,medium,low,very_high,low,optimal,fair
sandy,7.51,21.7,110.7,205.3,527,54.8,12.6,slightly_alkaline,very_low,very_high,very_high,normal,optimal,fair
sandy,8.31,222.4,56.9,163.5,1114,51.4,25.6,slightly_alkaline,very_high,medium,very_high,high_salinity,optimal,fair
laterite,8.05,68.0,9.1,198.4,1659,75.9,22.1,slightly_alkaline,low,very_low,very_high,very_high_salinity,moist,poor
laterite,4.92,230.9,121.4,26.4,1791,17.8,22.9,strongly_acidic,very_high,very_high,very_low,very_high_salinity,very_dry,very_poor
black_cotton,7.9,7.4,98.2,217.2,1231,83.8,27.1,slightly_alkaline,very_low,high,very_high,high_salinity,waterlogged,fair
laterite,8.43,8.0,126.1,169.4,2401,33.3,17.4,slightly_alkaline,very_low,very_high,very_high,very_high_salinity,dry,poor
sandy,7.5,147.8,82.6,88.5,278,86.2,17.5,slightly_alkaline,high,high,medium,low,waterlogged,good
red,5.33,17.9,71.5,215.6,1519,18.3,27.5,strongly_acidic,very_low,medium,very_high,very_high_salinity,very_dry,poor
black_cotton,8.21,223.1,131.2,19.1,2115,63.9,35.2,slightly_alkaline,very_high,very_high,very_low,very_high_salinity,moist,poor
black_cotton,8.4,264.8,105.5,58.4,1847,90.9,12.8,slightly_alkaline,very_high,high,low,very_high_salinity,waterlogged,fair
alluvial,8.38,39.9,31.9,144.1,1483,83.4,29.8,slightly_alkaline,very_low,low,high,high_salinity,waterlogged,fair
alluvial,6.15,188.6,45.0,176.6,2077,27.6,14.3,slightly_acidic,very_high,low,very_high,very_high_salinity,dry,poor
alluvial,6.05,6.6,88.3,144.8,597,21.1,35.2,slightly_acidic,very_low,high,high,normal,dry,good
alluvial,6.52,261.2,120.4,78.9,2291,91.1,30.2,neutral,very_high,very_high,medium,very_high_salinity,waterlogged,fair
alluvial,6.45,242.2,136.3,204.4,1735,78.0,15.2,slightly_acidic,very_high,very_high,very_high,very_high_salinity,moist,poor
black_cotton,8.42,74.7,114.0,24.1,2115,34.3,16.0,slightly_alkaline,low,very_high,very_low,very_high_salinity,dry,poor
sandy,5.16,242.5,127.2,180.7,1418,46.6,18.0,strongly_acidic,very_high,very_high,very_high,high_salinity,optimal,poor
red,7.48,184.7,39.4,216.7,2017,14.6,40.5,neutral,very_high,low,very_high,very_high_salinity,very_dry,fair
black_cotton,7.12,163.7,100.9,207.8,1540,73.4,13.4,neutral,high,high,very_high,very_high_salinity,moist,good
laterite,8.82,106.8,118.6,196.8,250,30.4,30.5,strongly_alkaline,medium,very_high,very_high,low,dry,fair
sandy,6.92,286.2,22.1,199.0,2139,87.2,18.3,neutral,very_high,very_low,very_high,very_high_salinity,waterlogged,poor
black_cotton,5.04,105.6,13.1,174.2,1464,30.1,36.7,strongly_acidic,medium,very_low,very_high,high_salinity,dry,poor
red,7.95,90.6,134.3,155.8,2279,21.9,42.0,slightly_alkaline,medium,very_high,high,very_high_salinity,dry,fair
red,4.77,286.2,122.2,128.6,2271,7.3,28.9,strongly_acidic,very_high,very_high,high,very_high_salinity,very_dry,poor
sandy,6.8,200.8,47.2,173.2,620,23.1,23.5,neutral,very_high,low,very_high,normal,dry,good
sandy,7.51,176.4,43.2,138.5,1197,31.4,37.3,slightly_alkaline,high,low,high,high_salinity,dry,good
alluvial,7.52,184.9,118.7,185.8,941,51.6,35.4,slightly_alkaline,very_high,very_high,very_high,high_salinity,optimal,fair
red,7.17,174.5,36.9,190.0,1118,25.8,22.9,neutral,high,low,very_high,high_salinity,dry,fair
laterite,7.01,189.5,23.1,94.0,610,79.9,18.8,neutral,very_high,very_low,medium,normal,moist,good
laterite,8.06,270.4,51.4,100.7,2495,79.1,21.7,slightly_alkaline,very_high,low,medium,very_high_salinity,moist,fair
laterite,6.39,179.6,53.8,103.7,2270,72.8,41.0,slightly_acidic,high,low,medium,very_high_salinity,moist,fair
black_cotton,7.3,143.2,138.4,57.7,1878,79.4,35.2,neutral,high,very_high,low,very_high_salinity,moist,fair
black_cotton,4.55,122.3,56.4,160.1,1030,72.7,38.8,strongly_acidic,high,medium,very_high,high_salinity,moist,fair
red,6.7,191.1,10.0,190.2,2178,10.2,33.2,neutral,very_high,very_low,very_high,very_high_salinity,very_dry,poor
alluvial,8.02,198.9,35.1,60.5,2252,59.0,41.2,slightly_alkaline,very_high,low,low,very_high_salinity,optimal,poor
laterite,5.93,82.2,108.1,128.4,1863,60.9,35.8,slightly_acidic,medium,high,high,very_high_salinity,moist,good
black_cotton,7.72,132.9,82.5,36.9,2410,46.3,30.2,slightly_alkaline,high,high,very_low,very_high_salinity,optimal,fair
laterite,5.83,151.3,9.6,168.5,756,18.8,19.2,slightly_acidic,high,very_low,very_high,normal,very_dry,fair
alluvial,7.39,185.4,115.8,58.5,1809,35.2,31.6,neutral,very_high,very_high,low,very_high_salinity,dry,fair
alluvial,5.64,282.1,5.5,93.1,1090,60.9,29.2,slightly_acidic,very_high,very_low,medium,high_salinity,moist,poor
sandy,5.04,160.7,35.2,98.0,226,72.2,19.0,strongly_acidic,high,low,medium,low,moist,fair
alluvial,4.68,238.0,89.2,79.6,598,67.5,38.2,strongly_acidic,very_high,high,medium,normal,moist,good
red,7.75,175.0,20.3,178.2,2326,24.6,28.5,slightly_alkaline,high,very_low,very_high,very_high_salinity,dry,fair
laterite,8.22,295.9,15.8,90.0,824,55.9,15.3,slightly_alkaline,very_high,very_low,medium,high_salinity,optimal,fair
black_cotton,8.5,151.6,107.1,111.7,720,34.3,38.1,strongly_alkaline,high,high,high,normal,dry,excellent
laterite,6.76,175.6,109.0,164.8,1876,59.8,15.1,neutral,high,high,very_high,very_high_salinity,optimal,good
black_cotton,6.69,180.0,81.0,48.1,1918,88.5,11.2,neutral,very_high,high,low,very_high_salinity,waterlogged,fair
laterite,4.85,119.3,32.8,90.7,2409,69.0,10.7,strongly_acidic,medium,low,medium,very_high_salinity,moist,poor
black_cotton,5.86,167.2,60.5,91.9,483,42.4,32.1,slightly_acidic,high,medium,medium,normal,optimal,good
laterite,5.91,80.6,51.8,50.0,1749,80.0,28.7,slightly_acidic,medium,low,low,very_high_salinity,waterlogged,poor
sandy,6.36,91.5,100.5,26.6,1456,54.6,29.3,slightly_acidic,medium,high,very_low,high_salinity,optimal,fair
sandy,6.41,102.4,99.0,116.6,2279,70.9,16.4,slightly_acidic,medium,high,high,very_high_salinity,moist,good
black_cotton,6.89,152.2,65.3,117.6,2002,15.2,19.9,neutral,high,medium,high,very_high_salinity,very_dry,good
laterite,4.6,299.1,9.0,91.7,2437,69.1,28.0,strongly_acidic,very_high,very_low,medium,very_high_salinity,moist,poor
laterite,5.98,165.9,107.1,46.4,2101,43.9,32.1,slightly_acidic,high,high,low,very_high_salinity,optimal,fair
laterite,5.1,38.0,129.8,197.5,1844,11.8,16.7,strongly_acidic,very_low,very_high,very_high,very_high_salinity,very_dry,very_poor
laterite,6.9,56.7,71.9,65.8,833,17.8,35.7,neutral,low,medium,low,high_salinity,very_dry,fair
black_cotton,5.0,275.3,128.9,202.0,2280,71.8,22.8,strongly_acidic,very_high,very_high,very_high,very_high_salinity,moist,poor
sandy,8.39,194.0,70.7,128.0,654,26.9,19.5,slightly_alkaline,very_high,medium,high,normal,dry,good
red,6.37,59.5,10.9,14.2,452,94.2,33.4,slightly_acidic,low,very_low,very_low,normal,waterlogged,poor
alluvial,8.89,127.3,51.7,21.1,1686,10.3,36.9,strongly_alkaline,high,low,very_low,very_high_salinity,very_dry,poor
sandy,4.9,74.7,120.6,49.6,137,40.4,36.4,strongly_acidic,low,very_high,low,very_low,optimal,poor
red,5.15,263.9,5.9,182.1,1598,26.9,41.9,strongly_acidic,very_high,very_low,very_high,very_high_salinity,dry,very_poor
sandy,7.73,114.9,98.3,24.3,1475,92.6,22.0,slightly_alkaline,medium,high,very_low,high_salinity,waterlogged,fair
laterite,7.36,220.5,132.8,172.4,2141,46.0,24.4,neutral,very_high,very_high,very_high,very_high_salinity,optimal,fair
red,7.72,104.2,7.6,22.8,1197,76.3,12.6,slightly_alkaline,medium,very_low,very_low,high_salinity,moist,poor
red,5.34,247.8,6.1,49.2,153,73.9,16.2,strongly_acidic,very_high,very_low,low,very_low,moist,very_poor
alluvial,6.15,208.5,71.5,148.0,1279,13.1,28.4,slightly_acidic,very_high,medium,high,high_salinity,very_dry,fair
alluvial,5.83,11.8,44.2,80.4,1267,59.7,12.0,slightly_acidic,very_low,low,medium,high_salinity,optimal,poor
sandy,8.49,14.6,14.3,107.7,1993,31.5,29.2,slightly_alkaline,very_low,very_low,medium,very_high_salinity,dry,poor
red,4.96,229.9,56.9,62.8,752,47.3,12.7,strongly_acidic,very_high,medium,low,normal,optimal,fair
red,6.0,136.2,33.8,209.6,495,49.7,21.2,slightly_acidic,high,low,very_high,normal,optimal,good
sandy,6.64,26.6,132.1,173.4,2148,71.4,24.8,neutral,very_low,very_high,very_high,very_high_salinity,moist,poor
laterite,5.22,279.5,7.5,79.5,2113,77.7,33.8,strongly_acidic,very_high,very_low,medium,very_high_salinity,moist,poor
laterite,7.33,135.2,84.9,21.5,945,83.0,15.2,neutral,high,high,very_low,high_salinity,waterlogged,good
sandy,7.42,31.5,69.0,159.9,2107,51.9,36.3,neutral,very_low,medium,high,very_high_salinity,optimal,fair
red,8.52,154.0,118.0,76.6,191,60.6,22.0,strongly_alkaline,high,very_high,medium,very_low,moist,fair
alluvial,8.29,282.8,126.3,169.6,2160,35.2,14.7,slightly_alkaline,very_high,very_high,very_high,very_high_salinity,dry,fair
sandy,5.81,98.2,138.9,58.2,1520,65.0,19.2,slightly_acidic,medium,very_high,low,very_high_salinity,moist,poor
black_cotton,8.86,181.2,70.4,216.4,1500,9.1,23.6,strongly_alkaline,very_high,medium,very_high,very_high_salinity,very_dry,poor
laterite,7.04,293.5,40.3,117.0,1851,8.1,32.3,neutral,very_high,low,high,very_high_salinity,very_dry,fair
red,4.59,237.3,27.1,211.6,1922,87.6,29.4,strongly_acidic,very_high,very_low,very_high,very_high_salinity,waterlogged,very_poor
laterite,7.21,93.6,128.5,194.1,782,87.5,26.4,neutral,medium,very_high,very_high,normal,waterlogged,good
red,5.28,167.0,138.2,205.2,693,40.4,39.1,strongly_acidic,high,very_high,very_high,normal,optimal,fair
alluvial,6.99,289.8,67.0,86.9,625,7.1,22.8,neutral,very_high,medium,medium,normal,very_dry,good
alluvial,6.08,215.0,72.8,62.3,1413,60.3,27.3,slightly_acidic,very_high,medium,low,high_salinity,moist,fair
alluvial,6.14,241.5,138.3,189.8,1109,51.7,21.8,slightly_acidic,very_high,very_high,very_high,high_salinity,optimal,fair
black_cotton,6.07,130.2,12.2,86.2,1834,78.6,35.3,slightly_acidic,high,very_low,medium,very_high_salinity,moist,fair
black_cotton,7.71,293.6,21.6,141.3,976,32.7,13.7,slightly_alkaline,very_high,very_low,high,high_salinity,dry,fair
sandy,5.48,174.6,115.1,20.3,1567,56.9,34.2,strongly_acidic,high,very_high,very_low,very_high_salinity,optimal,poor
laterite,6.01,185.3,117.6,65.9,1083,78.2,26.4,slightly_acidic,very_high,very_high,low,high_salinity,moist,poor
laterite,6.23,237.3,27.9,126.2,1279,86.7,28.9,slightly_acidic,very_high,very_low,high,high_salinity,waterlogged,fair
sandy,7.67,53.9,57.7,55.0,1952,34.9,17.4,slightly_alkaline,low,medium,low,very_high_salinity,dry,poor
black_cotton,6.69,93.3,126.9,85.7,2372,41.3,12.8,neutral,medium,very_high,medium,very_high_salinity,optimal,fair
sandy,4.68,265.9,120.3,205.6,286,78.6,18.9,strongly_acidic,very_high,very_high,very_high,low,moist,poor
sandy,7.2,235.5,55.9,186.4,397,85.1,25.7,neutral,very_high,medium,very_high,low,waterlogged,good
alluvial,8.59,37.8,90.7,166.9,623,71.4,16.7,strongly_alkaline,very_low,high,very_high,normal,moist,fair
sandy,7.18,42.3,24.6,128.5,2147,36.5,24.0,neutral,low,very_low,high,very_high_salinity,dry,fair
black_cotton,8.5,41.5,24.9,48.7,258,17.2,21.8,strongly_alkaline,low,very_low,low,low,very_dry,poor
sandy,7.46,244.9,57.6,134.5,1697,52.6,30.0,neutral,very_high,medium,high,very_high_salinity,optimal,good
alluvial,5.91,186.3,64.6,21.3,786,24.5,17.0,slightly_acidic,very_high,medium,very_low,normal,dry,fair
black_cotton,5.5,204.7,5.8,114.5,2115,74.7,28.4,slightly_acidic,very_high,very_low,high,very_high_salinity,moist,poor
sandy,5.14,231.9,94.9,208.7,859,90.2,30.0,strongly_acidic,very_high,high,very_high,high_salinity,waterlogged,fair
laterite,6.39,154.8,47.1,45.0,1476,31.4,40.5,slightly_acidic,high,low,low,high_salinity,dry,fair
red,5.78,80.8,129.2,146.9,2328,52.8,17.0,slightly_acidic,medium,very_high,high,very_high_salinity,optimal,fair
sandy,7.32,57.8,78.6,20.8,571,84.0,25.2,neutral,low,medium,very_low,normal,waterlogged,fair
black_cotton,8.03,194.0,65.0,158.6,1949,42.4,34.3,slightly_alkaline,very_high,medium,high,very_high_salinity,optimal,fair
laterite,5.13,44.6,58.0,49.7,155,94.7,25.2,strongly_acidic,low,medium,low,very_low,waterlogged,poor
alluvial,4.66,27.4,112.0,204.5,2395,65.8,10.1,strongly_acidic,very_low,very_high,very_high,very_high_salinity,moist,very_poor
red,5.75,267.9,29.0,167.7,148,25.9,37.0,slightly_acidic,very_high,very_low,very_high,very_low,dry,poor
sandy,7.18,248.5,107.6,73.3,1900,45.9,19.2,neutral,very_high,high,medium,very_high_salinity,optimal,good
red,4.53,69.4,46.5,54.6,1807,44.1,13.0,strongly_acidic,low,low,low,very_high_salinity,optimal,very_poor
black_cotton,6.8,109.3,44.3,99.4,1475,94.1,17.3,neutral,medium,low,medium,high_salinity,waterlogged,fair
red,5.26,287.4,97.7,69.8,1628,71.7,29.1,strongly_acidic,very_high,high,low,very_high_salinity,moist,poor
red,4.54,35.6,32.6,117.9,1481,82.9,27.0,strongly_acidic,very_low,low,high,high_salinity,waterlogged,poor
black_cotton,4.85,29.8,103.7,141.7,2356,45.5,34.4,strongly_acidic,very_low,high,high,very_high_salinity,optimal,poor
alluvial,6.59,126.4,42.0,168.6,1100,31.2,12.4,neutral,high,low,very_high,high_salinity,dry,fair
alluvial,6.0,159.4,86.0,30.7,111,27.1,40.8,slightly_acidic,high,high,very_low,very_low,dry,fair
laterite,8.11,238.4,79.2,173.3,2345,58.3,34.0,slightly_alkaline,very_high,medium,very_high,very_high_salinity,optimal,fair
laterite,4.85,120.7,7.7,74.2,967,31.6,24.0,strongly_acidic,high,very_low,medium,high_salinity,dry,poor
black_cotton,6.12,247.8,47.8,159.8,1692,54.0,33.4,slightly_acidic,very_high,low,high,very_high_salinity,optimal,fair
sandy,8.02,85.4,28.5,198.2,1516,74.5,37.5,slightly_alkaline,medium,very_low,very_high,very_high_salinity,moist,poor
alluvial,4.67,20.0,88.4,37.3,1800,85.2,12.7,strongly_acidic,very_low,high,very_low,very_high_salinity,waterlogged,very_poor
laterite,6.48,177.7,125.8,78.5,1669,46.4,10.5,slightly_acidic,high,very_high,medium,very_high_salinity,optimal,fair
black_cotton,8.98,151.8,116.4,105.4,1766,78.4,12.5,strongly_alkaline,high,very_high,medium,very_high_salinity,moist,fair
alluvial,8.54,92.9,57.2,167.0,2468,66.1,36.3,strongly_alkaline,medium,medium,very_high,very_high_salinity,moist,fair
black_cotton,8.34,18.6,132.3,50.0,1912,34.1,31.0,slightly_alkaline,very_low,very_high,low,very_high_salinity,dry,poor
alluvial,5.0,59.9,69.5,137.9,1819,39.9,30.4,strongly_acidic,low,medium,high,very_high_salinity,dry,poor
sandy,7.82,238.4,6.1,155.8,1614,76.2,19.5,slightly_alkaline,very_high,very_low,high,very_high_salinity,moist,fair
black_cotton,7.78,63.3,94.3,73.9,1757,68.2,35.4,slightly_alkaline,low,high,medium,very_high_salinity,moist,fair
alluvial,8.05,216.0,73.8,180.7,1897,37.7,38.3,slightly_alkaline,very_high,medium,very_high,very_high_salinity,dry,fair
alluvial,6.37,240.4,130.5,150.7,2497,70.8,21.5,slightly_acidic,very_high,very_high,high,very_high_salinity,moist,fair
red,4.6,123.4,91.3,184.4,1900,82.8,17.1,strongly_acidic,high,high,very_high,very_high_salinity,waterlogged,fair
sandy,4.97,117.1,29.7,165.7,1469,76.2,14.8,strongly_acidic,medium,very_low,very_high,high_salinity,moist,poor
alluvial,8.38,5.9,8.6,65.4,853,47.4,30.4,slightly_alkaline,very_low,very_low,low,high_salinity,optimal,poor
black_cotton,6.19,128.4,72.4,76.3,1958,90.1,11.4,slightly_acidic,high,medium,medium,very_high_salinity,waterlogged,fair
sandy,6.12,265.2,45.4,125.6,514,55.5,30.7,slightly_acidic,very_high,low,high,normal,optimal,good
red,8.6,149.7,87.8,75.8,1756,20.1,22.4,strongly_alkaline,high,high,medium,very_high_salinity,dry,fair
red,7.39,240.7,13.2,193.9,1181,92.3,37.2,neutral,very_high,very_low,very_high,high_salinity,waterlogged,fair
alluvial,7.9,159.2,28.0,66.3,163,83.9,41.1,slightly_alkaline,high,very_low,low,very_low,waterlogged,fair
alluvial,7.47,184.4,22.8,33.4,181,58.6,28.4,neutral,very_high,very_low,very_low,very_low,optimal,poor
black_cotton,5.91,158.3,15.6,46.6,2275,63.1,12.6,slightly_acidic,high,very_low,low,very_high_salinity,moist,poor
sandy,5.33,192.2,24.0,195.0,1341,85.1,38.4,strongly_acidic,very_high,very_low,very_high,high_salinity,waterlogged,poor
black_cotton,8.67,70.0,38.9,217.1,1670,67.9,36.9,strongly_alkaline,low,low,very_high,very_high_salinity,moist,poor
laterite,8.75,53.6,48.6,49.0,2268,35.3,24.8,strongly_alkaline,low,low,low,very_high_salinity,dry,very_poor
red,6.24,265.3,129.3,37.3,1737,29.1,41.4,slightly_acidic,very_high,very_high,very_low,very_high_salinity,dry,poor
laterite,5.66,60.1,37.0,11.4,281,91.0,15.6,slightly_acidic,low,low,very_low,low,waterlogged,poor
black_cotton,4.53,284.2,54.2,103.5,1147,61.9,29.0,strongly_acidic,very_high,low,medium,high_salinity,moist,poor
sandy,5.66,70.0,72.0,50.3,1594,94.6,12.9,slightly_acidic,low,medium,low,very_high_salinity,waterlogged,poor
laterite,5.42,164.1,103.9,24.9,1978,90.2,14.0,strongly_acidic,high,high,very_low,very_high_salinity,waterlogged,poor
alluvial,7.97,118.1,5.7,7.8,2469,63.4,21.8,slightly_alkaline,medium,very_low,very_low,very_high_salinity,moist,poor
alluvial,5.24,205.5,25.4,65.3,917,80.4,26.6,strongly_acidic,very_high,very_low,low,high_salinity,waterlogged,very_poor
black_cotton,7.52,283.5,28.8,35.8,2157,90.6,15.8,slightly_alkaline,very_high,very_low,very_low,very_high_salinity,waterlogged,poor
laterite,8.18,127.9,110.0,7.0,635,12.1,38.2,slightly_alkaline,high,very_high,very_low,normal,very_dry,good
sandy,8.24,43.3,22.5,88.4,1879,37.9,38.5,slightly_alkaline,low,very_low,medium,very_high_salinity,dry,poor
red,5.78,199.1,66.4,181.6,548,6.7,12.6,slightly_acidic,very_high,medium,very_high,normal,very_dry,good
sandy,7.98,135.8,6.0,179.8,784,64.9,20.9,slightly_alkaline,high,very_low,very_high,normal,moist,good
sandy,6.03,204.0,72.6,18.5,2453,83.3,12.7,slightly_acidic,very_high,medium,very_low,very_high_salinity,waterlogged,poor
sandy,8.03,204.9,83.3,164.3,2333,90.0,16.4,slightly_alkaline,very_high,high,very_high,very_high_salinity,waterlogged,fair
alluvial,6.23,125.5,81.5,160.1,2315,49.6,33.2,slightly_acidic,high,high,very_high,very_high_salinity,optimal,fair
alluvial,6.08,102.5,42.0,191.6,209,72.2,16.9,slightly_acidic,medium,low,very_high,low,moist,fair
red,4.62,82.0,12.1,192.2,1263,8.0,24.5,strongly_acidic,medium,very_low,very_high,high_salinity,very_dry,poor
sandy,6.64,147.6,93.4,156.9,2151,80.8,30.1,neutral,high,high,high,very_high_salinity,waterlogged,good
red,8.03,33.5,68.4,160.8,1046,22.6,19.3,slightly_alkaline,very_low,medium,very_high,high_salinity,dry,fair
sandy,7.91,290.3,125.9,107.8,2448,16.3,14.6,slightly_alkaline,very_high,very_high,medium,very_high_salinity,very_dry,fair
laterite,8.48,198.7,43.5,163.0,1327,41.4,24.7,slightly_alkaline,very_high,low,very_high,high_salinity,optimal,fair
laterite,6.88,143.3,13.9,161.5,1980,82.6,38.4,neutral,high,very_low,very_high,very_high_salinity,waterlogged,fair
sandy,7.14,98.4,102.9,205.1,734,8.3,18.9,neutral,medium,high,very_high,normal,very_dry,excellent
laterite,8.73,59.4,48.0,21.7,997,21.6,22.7,strongly_alkaline,low,low,very_low,high_salinity,dry,very_poor
laterite,8.94,104.4,7.4,15.2,2219,93.5,21.8,strongly_alkaline,medium,very_low,very_low,very_high_salinity,waterlogged,very_poor
sandy,4.55,33.0,108.2,124.4,666,35.9,14.9,strongly_acidic,very_low,high,high,normal,dry,fair
sandy,8.58,72.2,33.2,123.9,235,65.7,38.0,strongly_alkaline,low,low,high,low,moist,fair
laterite,6.55,110.2,108.5,59.3,1375,16.8,23.2,neutral,medium,high,low,high_salinity,very_dry,good
red,5.79,167.5,98.0,32.8,1633,17.1,34.5,slightly_acidic,high,high,very_low,very_high_salinity,very_dry,fair
alluvial,5.47,207.1,118.1,162.2,345,56.7,32.0,strongly_acidic,very_high,very_high,very_high,low,optimal,poor
laterite,7.12,51.6,86.1,70.5,863,68.7,32.8,neutral,low,high,medium,high_salinity,moist,good
red,4.61,87.3,101.3,151.3,1590,44.8,19.8,strongly_acidic,medium,high,high,very_high_salinity,optimal,fair
laterite,8.13,35.3,46.8,167.8,2247,25.3,19.0,slightly_alkaline,very_low,low,very_high,very_high_salinity,dry,poor
red,4.58,71.8,67.7,113.7,1864,16.5,21.7,strongly_acidic,low,medium,high,very_high_salinity,very_dry,poor
laterite,5.88,169.3,21.0,179.9,1252,41.8,20.1,slightly_acidic,high,very_low,very_high,high_salinity,optimal,fair
alluvial,7.55,83.6,25.1,192.9,585,68.1,35.4,slightly_alkaline,medium,very_low,very_high,normal,moist,fair
sandy,6.08,219.7,133.1,157.0,939,62.3,25.6,slightly_acidic,very_high,very_high,high,high_salinity,moist,fair
laterite,7.32,39.0,70.7,66.0,1208,58.7,24.4,neutral,very_low,medium,low,high_salinity,optimal,fair
black_cotton,4.56,225.6,61.7,79.8,901,45.6,19.4,strongly_acidic,very_high,medium,medium,high_salinity,optimal,fair
alluvial,8.67,280.9,90.7,66.9,512,29.0,28.1,strongly_alkaline,very_high,high,low,normal,dry,fair
sandy,8.06,242.3,31.3,76.5,868,51.6,25.8,slightly_alkaline,very_high,low,medium,high_salinity,optimal,fair
red,7.77,117.4,82.2,100.7,2316,33.3,39.7,slightly_alkaline,medium,high,medium,very_high_salinity,dry,good
alluvial,7.75,57.9,25.0,116.2,2381,18.6,21.8,slightly_alkaline,low,very_low,high,very_high_salinity,very_dry,poor
red,7.17,89.3,73.4,20.9,727,93.3,32.6,neutral,medium,medium,very_low,normal,waterlogged,good
black_cotton,7.57,270.9,85.3,66.2,515,60.5,13.4,slightly_alkaline,very_high,high,low,normal,moist,good
red,7.38,16.5,26.1,202.8,487,44.1,39.9,neutral,very_low,very_low,very_high,normal,optimal,fair
alluvial,6.56,166.0,137.5,183.4,1512,54.3,35.1,neutral,high,very_high,very_high,very_high_salinity,optimal,fair
alluvial,6.77,162.7,13.9,213.3,1343,57.5,39.7,neutral,high,very_low,very_high,high_salinity,optimal,fair
sandy,4.92,138.2,135.2,136.8,1012,74.3,25.7,strongly_acidic,high,very_high,high,high_salinity,moist,fair
alluvial,4.66,105.5,119.7,186.6,1023,59.3,13.4,strongly_acidic,medium,very_high,very_high,high_salinity,optimal,poor
alluvial,5.89,98.4,114.4,11.4,842,46.7,11.2,slightly_acidic,medium,very_high,very_low,high_salinity,optimal,poor
sandy,8.8,250.1,77.5,95.8,2011,84.4,20.0,strongly_alkaline,very_high,medium,medium,very_high_salinity,waterlogged,fair
sandy,7.49,283.5,24.2,177.2,90,63.9,10.5,neutral,very_high,very_low,very_high,very_low,moist,fair
sandy,7.36,282.8,80.1,186.0,1257,74.5,40.7,neutral,very_high,high,very_high,high_salinity,moist,good
sandy,8.93,154.7,91.2,147.9,448,89.9,18.9,strongly_alkaline,high,high,high,normal,waterlogged,excellent
sandy,6.93,98.2,131.2,26.5,1504,55.4,23.4,neutral,medium,very_high,very_low,very_high_salinity,optimal,fair
alluvial,8.31,198.3,119.8,137.5,1608,23.2,18.4,slightly_alkaline,very_high,very_high,high,very_high_salinity,dry,fair
black_cotton,7.41,261.7,93.2,103.7,1455,82.8,32.9,neutral,very_high,high,medium,high_salinity,waterlogged,good
sandy,8.96,78.2,125.5,202.3,2107,55.9,39.5,strongly_alkaline,low,very_high,very_high,very_high_salinity,optimal,poor
alluvial,5.1,262.3,62.9,114.1,1068,91.0,14.3,strongly_acidic,very_high,medium,high,high_salinity,waterlogged,fair
laterite,7.44,119.1,6.2,26.3,1419,78.2,19.6,neutral,medium,very_low,very_low,high_salinity,moist,poor
laterite,7.4,282.2,120.8,21.6,2359,38.7,12.9,neutral,very_high,very_high,very_low,very_high_salinity,dry,poor
red,7.04,75.3,63.1,185.7,2371,17.9,29.8,neutral,low,medium,very_high,very_high_salinity,very_dry,fair
red,6.59,89.0,133.4,153.6,2339,23.1,25.1,neutral,medium,very_high,high,very_high_salinity,dry,good
alluvial,8.14,232.7,116.9,44.1,1094,30.0,37.1,slightly_alkaline,very_high,very_high,low,high_salinity,dry,fair
sandy,8.68,82.1,133.9,9.7,136,38.7,34.0,strongly_alkaline,medium,very_high,very_low,very_low,dry,poor
black_cotton,8.44,55.3,53.4,132.0,1861,23.5,23.4,slightly_alkaline,low,low,high,very_high_salinity,dry,fair
alluvial,7.93,149.7,36.7,17.3,1192,62.4,13.4,slightly_alkaline,high,low,very_low,high_salinity,moist,fair
alluvial,5.55,176.7,25.6,125.7,2416,56.3,17.4,slightly_acidic,high,very_low,high,very_high_salinity,optimal,fair
red,6.86,74.0,92.6,128.3,1774,88.2,20.2,neutral,low,high,high,very_high_salinity,waterlogged,good
laterite,8.3,195.4,37.0,116.7,762,83.0,30.8,slightly_alkaline,very_high,low,high,normal,waterlogged,good
sandy,6.09,123.2,39.3,100.8,677,46.6,29.7,slightly_acidic,high,low,medium,normal,optimal,good
laterite,7.02,258.1,104.7,188.8,1987,90.9,25.2,neutral,very_high,high,very_high,very_high_salinity,waterlogged,fair
laterite,4.67,39.4,35.3,181.9,2025,49.6,11.3,strongly_acidic,very_low,low,very_high,very_high_salinity,optimal,very_poor
alluvial,4.92,132.5,78.4,153.3,406,31.2,28.2,strongly_acidic,high,medium,high,normal,dry,good
sandy,7.01,231.1,14.3,169.4,1059,93.3,35.8,neutral,very_high,very_low,very_high,high_salinity,waterlogged,fair
sandy,6.83,156.8,95.7,99.7,1048,21.2,11.6,neutral,high,high,medium,high_salinity,dry,good
laterite,7.25,213.6,124.1,38.1,203,18.8,35.6,neutral,very_high,very_high,very_low,low,very_dry,fair
laterite,7.33,178.6,63.8,120.8,1349,79.1,18.0,neutral,high,medium,high,high_salinity,moist,good
alluvial,8.69,214.3,5.7,148.5,2022,65.9,11.1,strongly_alkaline,very_high,very_low,high,very_high_salinity,moist,poor
laterite,6.96,146.0,73.0,18.9,1495,22.9,13.2,neutral,high,medium,very_low,high_salinity,dry,fair
black_cotton,8.21,88.0,71.3,189.2,614,56.5,37.0,slightly_alkaline,medium,medium,very_high,normal,optimal,good
sandy,8.62,63.4,46.5,52.8,2305,90.3,29.4,strongly_alkaline,low,low,low,very_high_salinity,waterlogged,very_poor
sandy,5.54,187.1,56.9,78.4,379,71.8,32.4,slightly_acidic,very_high,medium,medium,low,moist,fair
alluvial,7.29,180.0,99.8,151.7,1490,69.3,35.6,neutral,very_high,high,high,high_salinity,moist,good
laterite,5.74,86.9,115.4,186.9,1869,16.6,35.8,slightly_acidic,medium,very_high,very_high,very_high_salinity,very_dry,fair
black_cotton,6.26,196.2,111.5,93.8,2065,76.6,15.4,slightly_acidic,very_high,very_high,medium,very_high_salinity,moist,fair
alluvial,7.92,119.8,127.0,172.1,1011,40.7,23.9,slightly_alkaline,medium,very_high,very_high,high_salinity,optimal,fair
sandy,6.35,52.5,30.4,104.3,1216,81.1,21.3,slightly_acidic,low,low,medium,high_salinity,waterlogged,poor
laterite,5.37,167.3,14.2,39.1,2226,51.5,25.9,strongly_acidic,high,very_low,very_low,very_high_salinity,optimal,very_poor
black_cotton,5.9,41.9,31.8,198.5,1423,13.4,41.6,slightly_acidic,low,low,very_high,high_salinity,very_dry,poor
black_cotton,6.7,47.6,132.4,136.3,1737,34.4,28.4,neutral,low,very_high,high,very_high_salinity,dry,fair
sandy,8.42,93.7,117.7,209.7,1915,50.1,14.8,slightly_alkaline,medium,very_high,very_high,very_high_salinity,optimal,fair
alluvial,8.98,200.4,94.5,219.0,856,71.1,28.0,strongly_alkaline,very_high,high,very_high,high_salinity,moist,fair
red,4.57,25.1,21.1,41.5,969,40.5,41.5,strongly_acidic,very_low,very_low,low,high_salinity,optimal,very_poor
laterite,6.37,155.4,127.0,15.7,1644,64.5,20.9,slightly_acidic,high,very_high,very_low,very_high_salinity,moist,poor
black_cotton,6.11,239.9,67.9,8.4,451,62.8,34.5,slightly_acidic,very_high,medium,very_low,normal,moist,fair
black_cotton,8.51,159.3,110.8,190.2,1516,53.3,11.1,strongly_alkaline,high,very_high,very_high,very_high_salinity,optimal,fair
red,6.8,111.3,37.3,21.9,1490,56.7,35.3,neutral,medium,low,very_low,high_salinity,optimal,fair
sandy,8.12,213.9,108.6,54.8,734,46.4,29.4,slightly_alkaline,very_high,high,low,normal,optimal,good
sandy,8.76,284.5,97.7,118.1,944,26.5,13.0,strongly_alkaline,very_high,high,high,high_salinity,dry,fair
alluvial,7.21,78.4,9.5,104.0,200,82.8,15.1,neutral,low,very_low,medium,low,waterlogged,fair
sandy,7.7,85.5,41.5,48.7,2482,63.7,36.3,slightly_alkaline,medium,low,low,very_high_salinity,moist,poor
laterite,5.94,287.2,91.9,45.6,1992,5.5,40.2,slightly_acidic,very_high,high,low,very_high_salinity,very_dry,fair
black_cotton,7.54,126.0,138.8,80.0,453,57.1,19.9,slightly_alkaline,high,very_high,medium,normal,optimal,good
sandy,6.23,266.8,131.8,219.2,909,59.3,22.2,slightly_acidic,very_high,very_high,very_high,high_salinity,optimal,fair
alluvial,6.0,139.8,127.8,100.2,276,81.3,17.7,slightly_acidic,high,very_high,medium,low,waterlogged,good
black_cotton,7.57,202.2,125.4,26.6,295,94.8,17.3,slightly_alkaline,very_high,very_high,very_low,low,waterlogged,fair
red,7.6,84.0,92.7,66.4,448,80.9,26.9,slightly_alkaline,medium,high,low,normal,waterlogged,good
alluvial,5.02,250.7,22.1,133.5,1613,69.6,26.6,strongly_acidic,very_high,very_low,high,very_high_salinity,moist,poor
alluvial,5.47,175.0,93.4,181.5,1308,47.1,28.2,strongly_acidic,high,high,very_high,high_salinity,optimal,fair
alluvial,5.29,43.2,117.9,59.2,2419,25.2,21.7,strongly_acidic,low,very_high,low,very_high_salinity,dry,very_poor
sandy,8.89,274.2,65.3,216.6,1991,48.8,25.7,strongly_alkaline,very_high,medium,very_high,very_high_salinity,optimal,poor
black_cotton,6.58,105.7,87.2,110.6,137,48.7,18.8,neutral,medium,high,high,very_low,optimal,good
black_cotton,7.52,228.3,110.2,209.0,223,53.8,16.6,slightly_alkaline,very_high,very_high,very_high,low,optimal,fair
laterite,8.22,27.2,87.0,17.1,2385,28.4,30.2,slightly_alkaline,very_low,high,very_low,very_high_salinity,dry,poor
red,7.3,50.3,54.7,189.0,1009,90.8,38.1,neutral,low,low,very_high,high_salinity,waterlogged,fair
red,4.57,270.7,79.5,32.0,1569,69.5,17.6,strongly_acidic,very_high,medium,very_low,very_high_salinity,moist,poor
laterite,6.58,63.7,108.1,10.8,1996,20.8,17.8,neutral,low,high,very_low,very_high_salinity,dry,fair
alluvial,5.06,291.1,44.6,208.3,617,86.1,31.9,strongly_acidic,very_high,low,very_high,normal,waterlogged,fair
sandy,7.85,200.0,16.9,76.3,2498,78.9,40.2,slightly_alkaline,very_high,very_low,medium,very_high_salinity,moist,poor
sandy,6.44,68.9,99.9,137.5,1382,89.1,24.7,slightly_acidic,low,high,high,high_salinity,waterlogged,fair
black_cotton,7.29,298.6,15.0,56.4,477,20.4,21.2,neutral,very_high,very_low,low,normal,dry,fair
laterite,8.89,118.4,72.9,67.0,1830,90.2,26.5,strongly_alkaline,medium,medium,low,very_high_salinity,waterlogged,poor
alluvial,6.2,54.4,32.1,65.9,1714,21.3,35.7,slightly_acidic,low,low,low,very_high_salinity,dry,poor
red,8.55,149.9,94.9,198.3,2382,25.0,31.1,strongly_alkaline,high,high,very_high,very_high_salinity,dry,fair
alluvial,6.6,106.7,37.7,193.9,526,81.7,22.1,neutral,medium,low,very_high,normal,waterlogged,good
sandy,8.75,284.1,81.3,186.7,1265,64.7,13.6,strongly_alkaline,very_high,high,very_high,high_salinity,moist,fair
laterite,7.48,209.8,72.1,81.3,534,64.8,22.3,neutral,very_high,medium,medium,normal,moist,good
red,8.93,22.0,24.2,219.4,2121,55.7,38.1,strongly_alkaline,very_low,very_low,very_high,very_high_salinity,optimal,very_poor
laterite,8.35,230.9,19.9,152.8,587,62.2,20.1,slightly_alkaline,very_high,very_low,high,normal,moist,good
sandy,7.16,251.3,56.2,60.9,1331,33.3,33.5,neutral,very_high,medium,low,high_salinity,dry,fair
laterite,6.63,233.9,112.5,194.5,735,12.3,36.7,neutral,very_high,very_high,very_high,normal,very_dry,good
sandy,7.8,96.8,36.2,14.6,903,42.2,39.7,slightly_alkaline,medium,low,very_low,high_salinity,optimal,poor
laterite,4.53,30.8,117.3,175.4,1978,15.8,13.0,strongly_acidic,very_low,very_high,very_high,very_high_salinity,very_dry,very_poor
alluvial,6.55,201.0,13.4,48.3,185,54.1,28.0,neutral,very_high,very_low,low,very_low,optimal,poor
laterite,6.24,64.8,112.0,72.3,701,74.0,31.1,slightly_acidic,low,very_high,medium,normal,moist,fair
laterite,5.81,32.2,102.4,159.0,1515,93.9,40.3,slightly_acidic,very_low,high,high,very_high_salinity,waterlogged,fair
black_cotton,8.86,152.6,115.6,97.8,1985,12.2,19.0,strongly_alkaline,high,very_high,medium,very_high_salinity,very_dry,fair
black_cotton,6.23,125.0,136.4,133.6,2182,61.3,10.2,slightly_acidic,high,very_high,high,very_high_salinity,moist,fair
sandy,6.41,213.4,57.9,114.5,1477,29.2,29.1,slightly_acidic,very_high,medium,high,high_salinity,dry,fair
alluvial,8.61,147.1,86.1,170.6,2402,17.5,16.0,strongly_alkaline,high,high,very_high,very_high_salinity,very_dry,fair
alluvial,5.84,229.3,78.0,77.8,2255,64.7,26.9,slightly_acidic,very_high,medium,medium,very_high_salinity,moist,fair
black_cotton,4.63,159.7,124.4,133.2,133,23.6,16.1,strongly_acidic,high,very_high,high,very_low,dry,fair
sandy,8.64,210.8,98.5,154.3,1763,34.8,37.1,strongly_alkaline,very_high,high,high,very_high_salinity,dry,fair
laterite,7.2,194.1,132.4,87.8,2336,85.1,16.5,neutral,very_high,very_high,medium,very_high_salinity,waterlogged,fair
alluvial,6.41,215.6,97.0,104.2,126,72.4,23.1,slightly_acidic,very_high,high,medium,very_low,moist,fair
red,6.23,36.6,57.7,47.2,1100,14.6,14.0,slightly_acidic,very_low,medium,low,high_salinity,very_dry,poor
black_cotton,8.74,204.4,21.1,148.8,616,45.8,14.8,strongly_alkaline,very_high,very_low,high,normal,optimal,fair
sandy,8.65,256.4,10.5,202.4,2252,44.3,41.0,strongly_alkaline,very_high,very_low,very_high,very_high_salinity,optimal,poor
alluvial,6.77,68.2,70.0,14.8,2128,21.5,26.1,neutral,low,medium,very_low,very_high_salinity,dry,poor
alluvial,7.18,243.2,72.5,130.9,238,40.3,30.4,neutral,very_high,medium,high,low,optimal,good
black_cotton,5.57,259.9,119.7,40.7,542,46.9,12.7,slightly_acidic,very_high,very_high,low,normal,optimal,fair
alluvial,7.03,52.9,53.3,137.4,1481,74.1,36.9,neutral,low,low,high,high_salinity,moist,fair
red,8.46,188.9,111.0,89.4,1206,11.3,40.6,slightly_alkaline,very_high,very_high,medium,high_salinity,very_dry,fair
sandy,7.61,123.8,41.0,20.5,575,61.5,22.7,slightly_alkaline,high,low,very_low,normal,moist,fair
alluvial,6.89,177.6,70.7,194.3,555,67.8,25.7,neutral,high,medium,very_high,normal,moist,excellent
red,8.7,217.2,20.9,7.1,563,68.0,16.4,strongly_alkaline,very_high,very_low,very_low,normal,moist,poor
black_cotton,6.76,42.2,121.2,156.6,1638,76.1,37.3,neutral,low,very_high,high,very_high_salinity,moist,fair
red,8.78,74.6,131.4,45.4,1673,23.4,21.7,strongly_alkaline,low,very_high,low,very_high_salinity,dry,poor
black_cotton,6.58,210.4,131.5,140.4,1717,93.7,38.8,neutral,very_high,very_high,high,very_high_salinity,waterlogged,fair
alluvial,7.89,151.5,66.1,214.1,132,30.0,35.3,slightly_alkaline,high,medium,very_high,very_low,dry,good
sandy,7.91,42.5,125.0,163.0,1569,47.9,28.0,slightly_alkaline,low,very_high,very_high,very_high_salinity,optimal,poor
black_cotton,8.18,138.5,33.2,63.6,758,61.3,25.4,slightly_alkaline,high,low,low,normal,moist,good
sandy,7.11,261.9,78.6,162.0,1692,56.7,10.7,neutral,very_high,medium,very_high,very_high_salinity,optimal,fair
sandy,7.28,131.7,85.0,217.8,798,81.1,26.0,neutral,high,high,very_high,normal,waterlogged,excellent
alluvial,8.24,147.6,112.8,199.0,1173,50.8,35.1,slightly_alkaline,high,very_high,very_high,high_salinity,optimal,fair
laterite,7.13,39.9,108.0,189.0,2451,6.2,37.2,neutral,very_low,high,very_high,very_high_salinity,very_dry,fair
sandy,8.2,20.8,60.3,5.4,267,73.9,35.8,slightly_alkaline,very_low,medium,very_low,low,moist,poor
alluvial,7.02,281.6,33.1,109.2,273,74.8,15.9,neutral,very_high,low,medium,low,moist,fair
alluvial,6.89,131.3,54.9,9.8,2161,22.6,35.5,neutral,high,low,very_low,very_high_salinity,dry,fair
alluvial,8.62,237.7,84.6,202.9,1375,88.4,15.2,strongly_alkaline,very_high,high,very_high,high_salinity,waterlogged,fair
sandy,5.67,288.1,96.4,31.9,1065,38.7,18.5,slightly_acidic,very_high,high,very_low,high_salinity,dry,fair
laterite,7.89,142.5,46.2,174.3,2369,60.5,33.5,slightly_alkaline,high,low,very_high,very_high_salinity,moist,fair
red,7.0,184.7,138.4,141.5,1739,78.7,34.3,neutral,very_high,very_high,high,very_high_salinity,moist,fair
black_cotton,7.65,279.7,120.4,32.3,1825,32.7,39.0,slightly_alkaline,very_high,very_high,very_low,very_high_salinity,dry,poor
laterite,6.99,171.8,41.8,23.1,2404,20.2,26.4,neutral,high,low,very_low,very_high_salinity,dry,fair
alluvial,5.56,252.5,94.2,82.9,2292,73.0,32.6,slightly_acidic,very_high,high,medium,very_high_salinity,moist,fair
red,4.68,112.3,58.8,152.5,2423,19.2,34.2,strongly_acidic,medium,medium,high,very_high_salinity,very_dry,fair
sandy,7.03,253.5,119.7,62.1,970,78.6,20.9,neutral,very_high,very_high,low,high_salinity,moist,fair
sandy,6.83,246.5,121.4,168.1,266,69.0,27.4,neutral,very_high,very_high,very_high,low,moist,fair
red,7.02,75.7,79.7,7.0,1506,70.0,11.1,neutral,low,medium,very_low,very_high_salinity,moist,poor
red,6.79,81.4,74.2,56.4,1195,22.2,33.7,neutral,medium,medium,low,high_salinity,dry,fair
sandy,5.64,179.5,115.8,118.8,1928,84.4,17.4,slightly_acidic,high,very_high,high,very_high_salinity,waterlogged,fair
black_cotton,4.99,162.6,103.7,139.0,829,40.8,11.0,strongly_acidic,high,high,high,high_salinity,optimal,good
alluvial,7.96,15.1,128.3,167.2,329,71.8,14.4,slightly_alkaline,very_low,very_high,very_high,low,moist,fair
red,6.93,180.8,81.8,109.4,460,52.4,18.3,neutral,very_high,high,medium,normal,optimal,excellent
alluvial,8.16,147.2,92.6,163.5,2154,92.9,18.7,slightly_alkaline,high,high,very_high,very_high_salinity,waterlogged,good
laterite,8.11,282.1,62.3,168.6,1287,76.4,21.5,slightly_alkaline,very_high,medium,very_high,high_salinity,moist,fair
alluvial,6.68,189.1,133.9,161.0,215,29.2,15.3,neutral,very_high,very_high,very_high,low,dry,fair
black_cotton,6.51,224.3,8.9,105.9,2036,76.3,32.0,neutral,very_high,very_low,medium,very_high_salinity,moist,fair
black_cotton,7.27,295.5,33.5,19.2,1308,37.3,20.9,neutral,very_high,low,very_low,high_salinity,dry,poor
sandy,8.39,211.7,104.8,42.9,1818,60.7,29.0,slightly_alkaline,very_high,high,low,very_high_salinity,moist,fair
laterite,5.84,213.5,5.8,27.5,2302,70.5,13.8,slightly_acidic,very_high,very_low,very_low,very_high_salinity,moist,very_poor
sandy,8.59,40.3,21.7,182.6,1446,94.3,29.3,strongly_alkaline,low,very_low,very_high,high_salinity,waterlogged,poor
red,4.84,73.8,19.7,25.5,1077,63.3,37.3,strongly_acidic,low,very_low,very_low,high_salinity,moist,very_poor
sandy,8.01,81.7,85.9,109.8,1890,8.9,36.2,slightly_alkaline,medium,high,medium,very_high_salinity,very_dry,good
black_cotton,6.95,267.9,73.7,105.2,1097,40.4,26.8,neutral,very_high,medium,medium,high_salinity,optimal,good
laterite,4.91,33.2,39.6,169.4,947,37.1,21.3,strongly_acidic,very_low,low,very_high,high_salinity,dry,very_poor
alluvial,5.34,61.9,87.8,182.6,1549,45.4,21.2,strongly_acidic,low,high,very_high,very_high_salinity,optimal,poor
black_cotton,4.82,223.7,100.2,89.2,481,21.1,24.5,strongly_acidic,very_high,high,medium,normal,dry,good
red,6.88,89.1,75.0,210.9,2393,8.2,20.6,neutral,medium,medium,very_high,very_high_salinity,very_dry,fair
sandy,5.23,162.6,119.9,68.1,1201,28.8,38.6,strongly_acidic,high,very_high,low,high_salinity,dry,poor
laterite,6.91,238.7,9.9,148.3,453,35.5,10.9,neutral,very_high,very_low,high,normal,dry,good
alluvial,7.68,139.8,84.4,110.0,286,81.2,17.6,slightly_alkaline,high,high,high,low,waterlogged,excellent
red,7.51,131.7,130.2,86.8,338,84.1,34.3,slightly_alkaline,high,very_high,medium,low,waterlogged,good
sandy,6.69,26.4,133.8,106.5,2453,64.3,34.7,neutral,very_low,very_high,medium,very_high_salinity,moist,fair
black_cotton,6.13,177.0,74.6,81.8,677,28.0,25.6,slightly_acidic,high,medium,medium,normal,dry,good
black_cotton,6.23,177.5,110.9,158.2,316,21.1,39.2,slightly_acidic,high,very_high,high,low,dry,good
sandy,6.78,13.1,18.9,45.0,1945,93.6,27.5,neutral,very_low,very_low,low,very_high_salinity,waterlogged,poor
alluvial,4.91,210.7,32.0,148.4,2377,58.7,21.8,strongly_acidic,very_high,low,high,very_high_salinity,optimal,poor
red,5.54,127.5,67.8,131.4,1687,49.8,14.7,slightly_acidic,high,medium,high,very_high_salinity,optimal,good
black_cotton,4.87,7.1,122.1,38.0,1978,72.3,27.3,strongly_acidic,very_low,very_high,very_low,very_high_salinity,moist,very_poor
red,6.14,118.3,24.2,139.2,301,7.9,21.1,slightly_acidic,medium,very_low,high,low,very_dry,fair
sandy,8.89,293.9,67.5,79.0,1877,79.4,39.4,strongly_alkaline,very_high,medium,medium,very_high_salinity,moist,fair
sandy,4.9,128.4,90.2,156.3,240,44.9,20.1,strongly_acidic,high,high,high,low,optimal,good
sandy,8.85,101.7,104.8,71.0,1693,20.7,13.2,strongly_alkaline,medium,high,medium,very_high_salinity,dry,fair
alluvial,8.88,102.5,37.1,25.7,683,57.7,12.8,strongly_alkaline,medium,low,very_low,normal,optimal,fair
red,5.82,271.8,25.2,182.0,2424,33.7,37.8,slightly_acidic,very_high,very_low,very_high,very_high_salinity,dry,poor
red,8.29,294.9,110.9,119.9,814,71.2,25.2,slightly_alkaline,very_high,very_high,high,high_salinity,moist,fair
sandy,7.09,81.4,50.9,80.6,1757,57.8,39.2,neutral,medium,low,medium,very_high_salinity,optimal,fair
red,8.55,295.6,74.1,120.9,596,10.9,18.8,strongly_alkaline,very_high,medium,high,normal,very_dry,good
laterite,6.76,110.4,40.9,210.4,1686,75.2,12.9,neutral,medium,low,very_high,very_high_salinity,moist,fair
black_cotton,6.96,161.6,112.1,121.1,2398,27.0,14.0,neutral,high,very_high,high,very_high_salinity,dry,good
laterite,8.78,192.1,88.0,175.7,2377,32.9,25.7,strongly_alkaline,very_high,high,very_high,very_high_salinity,dry,fair
black_cotton,4.91,266.1,125.9,102.9,2207,30.9,36.6,strongly_acidic,very_high,very_high,medium,very_high_salinity,dry,poor
alluvial,5.21,82.1,56.5,90.0,2223,44.1,25.5,strongly_acidic,medium,medium,medium,very_high_salinity,optimal,fair
alluvial,7.9,292.8,63.0,202.0,1331,30.1,16.8,slightly_alkaline,very_high,medium,very_high,high_salinity,dry,fair
red,7.86,223.7,24.0,209.4,146,37.8,19.8,slightly_alkaline,very_high,very_low,very_high,very_low,dry,poor
black_cotton,5.15,291.1,138.9,161.6,171,70.4,16.8,strongly_acidic,very_high,very_high,very_high,very_low,moist,poor
laterite,6.54,141.0,13.3,36.8,238,89.9,30.2,neutral,high,very_low,very_low,low,waterlogged,fair
sandy,8.86,224.1,78.8,52.5,756,42.9,10.3,strongly_alkaline,very_high,medium,low,normal,optimal,fair
alluvial,8.2,225.5,17.5,144.6,572,5.1,15.4,slightly_alkaline,very_high,very_low,high,normal,very_dry,good
red,5.19,74.6,5.5,97.9,2440,36.0,33.1,strongly_acidic,low,very_low,medium,very_high_salinity,dry,very_poor
red,7.98,65.7,39.1,126.4,324,65.6,27.1,slightly_alkaline,low,low,high,low,moist,fair
alluvial,7.64,38.9,87.5,44.4,1914,68.1,22.0,slightly_alkaline,very_low,high,low,very_high_salinity,moist,poor
laterite,7.89,257.9,97.9,132.2,1835,46.0,22.2,slightly_alkaline,very_high,high,high,very_high_salinity,optimal,good
sandy,8.16,143.2,69.4,48.0,1444,31.6,20.9,slightly_alkaline,high,medium,low,high_salinity,dry,fair
red,5.68,73.7,7.8,154.3,1298,30.1,20.9,slightly_acidic,low,very_low,high,high_salinity,dry,poor
sandy,4.96,119.1,69.4,206.5,1211,9.9,14.1,strongly_acidic,medium,medium,very_high,high_salinity,very_dry,fair
sandy,8.14,268.2,111.3,70.3,217,73.3,20.3,slightly_alkaline,very_high,very_high,medium,low,moist,fair
sandy,5.97,184.2,54.8,31.5,607,11.8,14.0,slightly_acidic,very_high,low,very_low,normal,very_dry,fair
sandy,6.05,108.7,22.3,110.1,1198,36.1,16.0,slightly_acidic,medium,very_low,high,high_salinity,dry,fair
laterite,8.44,103.1,7.2,175.4,1876,54.8,20.1,slightly_alkaline,medium,very_low,very_high,very_high_salinity,optimal,poor
alluvial,4.9,17.0,46.8,175.6,739,77.1,39.5,strongly_acidic,very_low,low,very_high,normal,moist,poor
alluvial,6.14,24.1,48.2,40.5,333,82.2,26.1,slightly_acidic,very_low,low,low,low,waterlogged,poor
sandy,8.03,22.0,132.4,44.7,2081,21.9,40.4,slightly_alkaline,very_low,very_high,low,very_high_salinity,dry,poor
red,8.26,162.9,95.7,128.4,1414,60.5,14.5,slightly_alkaline,high,high,high,high_salinity,moist,good
sandy,8.96,61.3,10.2,127.5,1412,7.0,38.7,strongly_alkaline,low,very_low,high,high_salinity,very_dry,poor
alluvial,6.78,8.7,42.3,164.3,698,63.7,17.6,neutral,very_low,low,very_high,normal,moist,fair
black_cotton,5.86,18.7,64.3,190.4,793,89.6,35.1,slightly_acidic,very_low,medium,very_high,normal,waterlogged,fair
red,5.62,97.5,104.6,79.0,2052,53.5,31.0,slightly_acidic,medium,high,medium,very_high_salinity,optimal,fair
red,6.83,215.5,20.7,17.6,2400,50.7,40.5,neutral,very_high,very_low,very_low,very_high_salinity,optimal,poor
laterite,4.93,27.1,48.6,192.5,94,85.6,10.7,strongly_acidic,very_low,low,very_high,very_low,waterlogged,very_poor
laterite,7.27,274.3,75.4,175.5,1473,36.8,21.4,neutral,very_high,medium,very_high,high_salinity,dry,fair
sandy,7.85,124.1,27.9,80.6,1339,73.1,21.9,slightly_alkaline,high,very_low,medium,high_salinity,moist,fair
black_cotton,8.31,37.5,43.8,213.6,2357,36.0,14.0,slightly_alkaline,very_low,low,very_high,very_high_salinity,dry,poor
black_cotton,5.78,50.4,33.9,59.3,946,54.0,37.4,slightly_acidic,low,low,low,high_salinity,optimal,poor
laterite,4.65,31.5,47.3,18.5,190,24.0,41.5,strongly_acidic,very_low,low,very_low,very_low,dry,very_poor
laterite,5.83,230.1,11.7,186.4,1305,93.5,17.0,slightly_acidic,very_high,very_low,very_high,high_salinity,waterlogged,poor
alluvial,8.65,296.2,39.7,6.3,449,53.3,16.3,strongly_alkaline,very_high,low,very_low,normal,optimal,poor
black_cotton,6.01,92.1,92.4,142.3,2135,56.4,34.5,slightly_acidic,medium,high,high,very_high_salinity,optimal,good
laterite,8.19,272.9,132.2,75.4,692,92.0,38.1,slightly_alkaline,very_high,very_high,medium,normal,waterlogged,good
alluvial,8.65,252.4,9.4,58.3,874,16.6,21.6,strongly_alkaline,very_high,very_low,low,high_salinity,very_dry,poor
red,5.68,34.7,108.1,202.4,2015,16.7,38.2,slightly_acidic,very_low,high,very_high,very_high_salinity,very_dry,poor
laterite,4.88,79.6,84.4,21.8,1575,79.1,23.3,strongly_acidic,low,high,very_low,very_high_salinity,moist,poor
black_cotton,6.36,191.9,7.5,97.4,239,5.6,39.6,slightly_acidic,very_high,very_low,medium,low,very_dry,fair
laterite,6.76,261.8,5.5,80.2,2482,16.3,28.5,neutral,very_high,very_low,medium,very_high_salinity,very_dry,fair
laterite,4.73,31.2,56.4,123.2,1395,10.8,16.3,strongly_acidic,very_low,medium,high,high_salinity,very_dry,poor
laterite,8.79,284.5,52.0,180.0,302,27.3,27.4,strongly_alkaline,very_high,low,very_high,low,dry,poor
alluvial,8.95,214.1,59.5,41.8,177,77.0,31.7,strongly_alkaline,very_high,medium,low,very_low,moist,poor
laterite,6.31,64.8,59.1,209.5,632,36.8,22.2,slightly_acidic,low,medium,very_high,normal,dry,fair
alluvial,7.49,35.8,17.1,9.0,2273,5.2,16.0,neutral,very_low,very_low,very_low,very_high_salinity,very_dry,very_poor
red,6.64,27.8,93.3,155.2,1177,77.3,15.7,neutral,very_low,high,high,high_salinity,moist,good
sandy,8.97,72.4,39.3,23.4,160,47.0,33.0,strongly_alkaline,low,low,very_low,very_low,optimal,very_poor
alluvial,8.71,84.9,6.3,123.3,1358,16.9,19.7,strongly_alkaline,medium,very_low,high,high_salinity,very_dry,fair
alluvial,4.68,211.0,112.5,199.8,2204,92.0,34.4,strongly_acidic,very_high,very_high,very_high,very_high_salinity,waterlogged,poor
red,5.45,192.0,94.3,67.7,972,30.6,18.9,strongly_acidic,very_high,high,low,high_salinity,dry,poor
sandy,5.94,150.1,19.3,59.5,2300,19.9,10.5,slightly_acidic,high,very_low,low,very_high_salinity,very_dry,poor
alluvial,6.99,12.2,73.9,55.0,1861,58.2,34.6,neutral,very_low,medium,low,very_high_salinity,optimal,poor
alluvial,5.65,147.1,52.7,136.5,596,49.6,24.7,slightly_acidic,high,low,high,normal,optimal,good
alluvial,5.75,205.0,59.8,99.2,1776,32.3,36.5,slightly_acidic,very_high,medium,medium,very_high_salinity,dry,fair
sandy,8.88,126.5,124.7,132.5,2138,60.9,18.5,strongly_alkaline,high,very_high,high,very_high_salinity,moist,fair
laterite,8.98,146.6,126.1,212.2,2141,5.8,26.1,strongly_alkaline,high,very_high,very_high,very_high_salinity,very_dry,fair
red,5.66,176.3,136.1,63.2,470,12.4,12.9,slightly_acidic,high,very_high,low,normal,very_dry,good
alluvial,6.72,124.0,19.7,66.4,1904,20.5,17.7,neutral,high,very_low,low,very_high_salinity,dry,fair
red,8.6,84.4,97.6,198.4,618,22.2,41.4,strongly_alkaline,medium,high,very_high,normal,dry,good
laterite,5.68,224.7,50.3,19.6,2188,37.5,12.0,slightly_acidic,very_high,low,very_low,very_high_salinity,dry,poor
black_cotton,4.75,218.3,138.6,32.3,2039,88.1,18.0,strongly_acidic,very_high,very_high,very_low,very_high_salinity,waterlogged,very_poor
alluvial,8.62,248.3,30.3,20.6,281,23.7,28.5,strongly_alkaline,very_high,low,very_low,low,dry,poor
sandy,8.99,281.0,135.8,188.7,858,48.8,33.8,strongly_alkaline,very_high,very_high,very_high,high_salinity,optimal,poor
laterite,6.59,240.2,115.5,24.6,1233,34.5,34.8,neutral,very_high,very_high,very_low,high_salinity,dry,fair
sandy,5.99,254.0,12.3,162.7,2498,33.0,26.9,slightly_acidic,very_high,very_low,very_high,very_high_salinity,dry,poor
sandy,5.69,232.9,115.2,143.7,2136,79.5,34.7,slightly_acidic,very_high,very_high,high,very_high_salinity,moist,fair
red,8.7,183.7,34.5,116.4,1264,74.3,22.1,strongly_alkaline,very_high,low,high,high_salinity,moist,fair
red,6.36,61.3,38.2,40.7,1082,89.6,32.1,slightly_acidic,low,low,low,high_salinity,waterlogged,poor
red,6.05,156.8,92.2,39.7,1248,34.9,30.3,slightly_acidic,high,high,very_low,high_salinity,dry,fair
alluvial,8.77,192.3,46.7,132.2,1192,42.8,15.5,strongly_alkaline,very_high,low,high,high_salinity,optimal,fair
alluvial,8.69,139.1,13.3,76.4,799,67.9,35.2,strongly_alkaline,high,very_low,medium,normal,moist,fair
black_cotton,6.91,129.0,63.9,33.1,346,49.3,21.0,neutral,high,medium,very_low,low,optimal,good
black_cotton,4.84,73.2,116.8,168.2,1329,74.8,34.6,strongly_acidic,low,very_high,very_high,high_salinity,moist,poor
red,5.13,256.7,80.0,20.2,370,43.9,18.5,strongly_acidic,very_high,high,very_low,low,optimal,poor
alluvial,5.84,226.1,108.7,132.6,828,40.0,25.6,slightly_acidic,very_high,high,high,high_salinity,optimal,good
sandy,8.46,260.3,112.3,61.4,2143,31.3,35.4,slightly_alkaline,very_high,very_high,low,very_high_salinity,dry,poor
sandy,6.81,176.0,139.2,120.0,1420,61.2,20.9,neutral,high,very_high,high,high_salinity,moist,good
laterite,6.68,152.4,119.4,189.5,1229,6.9,35.3,neutral,high,very_high,very_high,high_salinity,very_dry,good
laterite,6.45,221.8,29.0,121.9,2255,32.2,32.4,slightly_acidic,very_high,very_low,high,very_high_salinity,dry,poor
black_cotton,4.53,263.0,105.0,132.8,2155,43.5,41.8,strongly_acidic,very_high,high,high,very_high_salinity,optimal,fair
alluvial,6.91,135.3,67.0,219.8,828,16.0,26.1,neutral,high,medium,very_high,high_salinity,very_dry,good
black_cotton,7.22,221.7,44.5,152.5,1344,20.9,16.5,neutral,very_high,low,high,high_salinity,dry,fair
sandy,7.4,243.5,25.1,135.9,181,32.6,28.0,neutral,very_high,very_low,high,very_low,dry,fair
sandy,8.83,206.5,86.3,202.4,2215,21.9,26.2,strongly_alkaline,very_high,high,very_high,very_high_salinity,dry,fair
laterite,8.11,14.6,100.8,142.4,1251,72.4,40.2,slightly_alkaline,very_low,high,high,high_salinity,moist,fair
sandy,5.12,125.5,119.1,217.4,1347,24.0,12.3,strongly_acidic,high,very_high,very_high,high_salinity,dry,fair
alluvial,5.16,253.1,74.2,150.7,1158,13.5,18.9,strongly_acidic,very_high,medium,high,high_salinity,very_dry,fair
alluvial,6.72,199.7,28.2,100.7,1627,61.9,13.7,neutral,very_high,very_low,medium,very_high_salinity,moist,fair
laterite,5.04,238.5,88.2,93.4,2112,53.9,40.2,strongly_acidic,very_high,high,medium,very_high_salinity,optimal,fair
laterite,5.96,43.6,78.6,50.0,1415,62.3,38.3,slightly_acidic,low,medium,low,high_salinity,moist,poor
sandy,8.57,284.0,48.0,12.3,1308,73.6,41.6,strongly_alkaline,very_high,low,very_low,high_salinity,moist,poor
alluvial,8.94,91.0,139.1,56.4,435,10.2,27.3,strongly_alkaline,medium,very_high,low,normal,very_dry,fair
sandy,5.36,291.4,114.4,180.6,1934,73.5,23.3,strongly_acidic,very_high,very_high,very_high,very_high_salinity,moist,poor
laterite,6.83,84.7,62.9,140.8,2024,24.8,42.0,neutral,medium,medium,high,very_high_salinity,dry,good
alluvial,8.31,30.8,12.7,164.6,1014,33.6,17.9,slightly_alkaline,very_low,very_low,very_high,high_salinity,dry,poor
laterite,6.19,296.9,15.5,185.5,2458,33.9,25.8,slightly_acidic,very_high,very_low,very_high,very_high_salinity,dry,poor
sandy,4.93,172.0,6.2,203.3,2207,21.5,37.3,strongly_acidic,high,very_low,very_high,very_high_salinity,dry,poor
black_cotton,5.83,187.6,30.7,81.7,251,88.2,29.2,slightly_acidic,very_high,low,medium,low,waterlogged,fair
alluvial,7.75,175.9,92.3,101.9,1127,80.1,29.2,slightly_alkaline,high,high,medium,high_salinity,waterlogged,good
sandy,6.41,126.3,29.6,189.1,559,48.0,14.5,slightly_acidic,high,very_low,very_high,normal,optimal,fair
alluvial,5.84,28.8,37.0,78.8,1074,30.8,12.9,slightly_acidic,very_low,low,medium,high_salinity,dry,poor
black_cotton,6.79,74.2,59.3,115.4,1633,20.8,36.4,neutral,low,medium,high,very_high_salinity,dry,fair
red,5.98,205.5,84.0,162.2,1021,5.9,28.7,slightly_acidic,very_high,high,very_high,high_salinity,very_dry,fair
laterite,5.62,298.0,56.9,110.3,293,35.1,28.2,slightly_acidic,very_high,medium,high,low,dry,good
laterite,8.34,218.9,7.2,65.4,348,76.0,15.9,slightly_alkaline,very_high,very_low,low,low,moist,poor
laterite,5.5,71.6,93.8,174.7,1602,37.7,38.8,slightly_acidic,low,high,very_high,very_high_salinity,dry,fair
sandy,4.57,178.5,43.0,172.2,1726,54.4,25.1,strongly_acidic,high,low,very_high,very_high_salinity,optimal,poor
black_cotton,8.71,207.1,123.4,108.6,1889,31.0,35.7,strongly_alkaline,very_high,very_high,medium,very_high_salinity,dry,poor
alluvial,4.86,243.8,23.5,204.7,120,72.5,31.4,strongly_acidic,very_high,very_low,very_high,very_low,moist,poor
sandy,8.3,295.3,89.5,64.3,2107,49.5,15.9,slightly_alkaline,very_high,high,low,very_high_salinity,optimal,fair
red,8.51,138.0,19.4,150.6,1971,63.0,30.6,strongly_alkaline,high,very_low,high,very_high_salinity,moist,fair
red,5.59,252.2,90.1,181.7,2151,35.5,13.4,slightly_acidic,very_high,high,very_high,very_high_salinity,dry,fair
red,7.14,61.3,115.6,164.9,1329,87.3,33.9,neutral,low,very_high,very_high,high_salinity,waterlogged,fair
alluvial,5.89,291.7,113.1,25.8,1873,11.0,30.8,slightly_acidic,very_high,very_high,very_low,very_high_salinity,very_dry,poor
alluvial,6.84,147.8,97.4,58.5,1386,19.5,22.4,neutral,high,high,low,high_salinity,very_dry,good
alluvial,6.87,155.1,67.5,178.5,1764,91.8,40.8,neutral,high,medium,very_high,very_high_salinity,waterlogged,good
red,6.02,96.6,11.5,169.7,2348,72.6,37.8,slightly_acidic,medium,very_low,very_high,very_high_salinity,moist,poor
red,6.7,60.6,89.3,10.3,1306,73.2,14.6,neutral,low,high,very_low,high_salinity,moist,fair
sandy,7.07,140.5,53.9,207.2,1068,48.2,34.5,neutral,high,low,very_high,high_salinity,optimal,fair
sandy,8.46,110.9,74.6,101.5,547,19.2,30.2,slightly_alkaline,medium,medium,medium,normal,very_dry,good
laterite,8.98,105.7,133.2,178.4,707,32.4,24.3,strongly_alkaline,medium,very_high,very_high,normal,dry,fair
laterite,6.95,177.8,102.1,194.0,937,83.0,33.7,neutral,high,high,very_high,high_salinity,waterlogged,good
sandy,5.33,176.5,109.6,110.8,566,46.3,15.4,strongly_acidic,high,high,high,normal,optimal,good
black_cotton,6.05,50.1,19.4,197.2,2437,57.5,13.5,slightly_acidic,low,very_low,very_high,very_high_salinity,optimal,poor
red,7.67,268.1,56.2,193.7,2226,62.4,40.5,slightly_alkaline,very_high,medium,very_high,very_high_salinity,moist,fair
sandy,5.53,22.0,8.9,22.3,163,76.0,20.0,slightly_acidic,very_low,very_low,very_low,very_low,moist,very_poor
laterite,4.95,112.2,110.2,14.5,287,65.2,35.7,strongly_acidic,medium,very_high,very_low,low,moist,poor
alluvial,7.56,50.6,106.8,43.7,1375,79.7,17.3,slightly_alkaline,low,high,low,high_salinity,moist,fair
laterite,5.51,218.5,19.4,124.0,1118,16.0,20.1,slightly_acidic,very_high,very_low,high,high_salinity,very_dry,fair
alluvial,8.98,140.9,23.3,46.0,2220,83.1,18.5,strongly_alkaline,high,very_low,low,very_high_salinity,waterlogged,poor
black_cotton,6.43,61.6,79.9,122.4,2146,63.0,25.9,slightly_acidic,low,medium,high,very_high_salinity,moist,fair
alluvial,5.81,146.3,87.3,90.0,305,72.7,28.4,slightly_acidic,high,high,medium,low,moist,good
sandy,5.47,83.2,29.9,128.7,288,88.7,38.7,strongly_acidic,medium,very_low,high,low,waterlogged,fair
laterite,6.63,72.7,64.4,134.8,686,42.7,26.6,neutral,low,medium,high,normal,optimal,good
alluvial,4.88,92.2,12.9,193.8,2368,25.6,10.1,strongly_acidic,medium,very_low,very_high,very_high_salinity,dry,poor
red,8.42,99.2,50.7,52.9,1583,65.1,28.6,slightly_alkaline,medium,low,low,very_high_salinity,moist,poor
black_cotton,7.3,94.0,111.7,57.4,1149,64.4,23.3,neutral,medium,very_high,low,high_salinity,moist,fair
red,8.12,18.9,75.0,28.8,708,41.5,20.3,slightly_alkaline,very_low,medium,very_low,normal,optimal,fair
alluvial,8.97,251.3,114.6,205.0,2031,9.1,39.8,strongly_alkaline,very_high,very_high,very_high,very_high_salinity,very_dry,poor
alluvial,6.09,194.1,62.6,58.9,1363,67.7,40.4,slightly_acidic,very_high,medium,low,high_salinity,moist,fair
sandy,7.47,82.3,40.9,154.7,701,52.7,20.0,neutral,medium,low,high,normal,optimal,good
red,6.23,67.8,71.0,132.2,1413,10.0,39.9,slightly_acidic,low,medium,high,high_salinity,very_dry,fair
laterite,7.4,82.1,56.5,219.0,725,52.7,41.2,neutral,medium,medium,very_high,normal,optimal,good
black_cotton,6.41,11.3,108.6,197.6,2289,65.7,22.4,slightly_acidic,very_low,high,very_high,very_high_salinity,moist,poor
alluvial,7.45,247.5,11.7,121.0,289,53.6,17.0,neutral,very_high,very_low,high,low,optimal,fair
alluvial,7.35,188.0,126.9,148.7,2040,16.5,26.7,neutral,very_high,very_high,high,very_high_salinity,very_dry,fair
alluvial,4.55,77.1,91.6,27.9,260,52.5,33.1,strongly_acidic,low,high,very_low,low,optimal,poor
black_cotton,5.0,262.8,66.3,8.8,1487,44.2,31.6,strongly_acidic,very_high,medium,very_low,high_salinity,optimal,poor
laterite,6.24,206.4,9.4,197.0,1093,22.5,16.1,slightly_acidic,very_high,very_low,very_high,high_salinity,dry,poor
red,4.69,207.7,71.4,210.8,1968,88.8,36.2,strongly_acidic,very_high,medium,very_high,very_high_salinity,waterlogged,poor
laterite,8.14,114.1,117.5,119.6,1359,82.8,41.3,slightly_alkaline,medium,very_high,high,high_salinity,waterlogged,good
black_cotton,4.6,160.0,57.2,45.1,432,23.4,32.0,strongly_acidic,high,medium,low,normal,dry,fair
red,5.38,144.4,14.8,28.4,1334,68.0,35.4,strongly_acidic,high,very_low,very_low,high_salinity,moist,poor
black_cotton,8.87,39.2,53.1,110.0,1339,24.4,28.8,strongly_alkaline,very_low,low,high,high_salinity,dry,poor
black_cotton,8.58,168.9,62.1,64.2,1666,16.8,35.3,strongly_alkaline,high,medium,low,very_high_salinity,very_dry,fair
red,7.99,56.0,43.7,114.3,554,54.0,23.4,slightly_alkaline,low,low,high,normal,optimal,good
laterite,6.94,86.3,9.0,124.1,873,87.6,21.3,neutral,medium,very_low,high,high_salinity,waterlogged,fair
alluvial,4.68,205.2,104.7,75.4,160,53.3,17.6,strongly_acidic,very_high,high,medium,very_low,optimal,fair
red,7.02,134.4,18.1,8.5,2160,56.0,19.8,neutral,high,very_low,very_low,very_high_salinity,optimal,poor
black_cotton,7.09,17.5,61.6,85.8,144,36.4,17.8,neutral,very_low,medium,medium,very_low,dry,fair
black_cotton,5.17,101.1,139.1,152.2,174,77.7,27.8,strongly_acidic,medium,very_high,high,very_low,moist,fair
sandy,7.25,38.2,14.7,68.1,435,29.0,24.6,neutral,very_low,very_low,low,normal,dry,fair
sandy,5.72,98.1,22.9,54.8,452,73.8,15.0,slightly_acidic,medium,very_low,low,normal,moist,fair
black_cotton,4.92,18.2,44.1,145.5,2482,69.5,39.6,strongly_acidic,very_low,low,high,very_high_salinity,moist,poor
sandy,8.55,186.0,71.1,67.2,248,86.1,18.6,strongly_alkaline,very_high,medium,low,low,waterlogged,fair
black_cotton,6.99,166.0,111.3,134.0,1591,17.9,29.2,neutral,high,very_high,high,very_high_salinity,very_dry,good
black_cotton,7.28,248.8,97.0,83.2,1623,32.9,17.3,neutral,very_high,high,medium,very_high_salinity,dry,good
sandy,7.97,160.5,66.3,32.3,881,63.9,12.2,slightly_alkaline,high,medium,very_low,high_salinity,moist,fair
sandy,8.77,149.5,132.8,181.5,1774,74.7,10.4,strongly_alkaline,high,very_high,very_high,very_high_salinity,moist,fair
laterite,5.45,81.1,98.6,58.7,955,66.3,16.9,strongly_acidic,medium,high,low,high_salinity,moist,fair
red,6.89,220.5,10.1,187.0,1535,90.3,27.3,neutral,very_high,very_low,very_high,very_high_salinity,waterlogged,poor
alluvial,8.02,84.7,110.9,151.7,276,51.7,36.0,slightly_alkaline,medium,very_high,high,low,optimal,good
alluvial,7.41,116.1,93.0,174.6,746,79.0,33.2,neutral,medium,high,very_high,normal,moist,excellent
sandy,8.24,278.7,51.7,185.4,629,29.8,36.1,slightly_alkaline,very_high,low,very_high,normal,dry,fair
red,6.82,269.2,28.2,167.9,2459,32.4,37.0,neutral,very_high,very_low,very_high,very_high_salinity,dry,poor
sandy,7.69,289.5,60.2,158.1,2053,42.0,39.8,slightly_alkaline,very_high,medium,high,very_high_salinity,optimal,fair
sandy,7.07,112.8,31.3,200.8,1064,40.6,36.3,neutral,medium,low,very_high,high_salinity,optimal,fair
red,5.79,214.8,115.0,106.5,1416,50.8,14.8,slightly_acidic,very_high,very_high,medium,high_salinity,optimal,fair
sandy,8.09,275.0,12.8,154.2,503,11.8,23.5,slightly_alkaline,very_high,very_low,high,normal,very_dry,good
red,5.34,197.9,51.8,143.2,224,83.3,10.7,strongly_acidic,very_high,low,high,low,waterlogged,fair
red,6.12,30.6,46.4,62.7,549,30.7,20.1,slightly_acidic,very_low,low,low,normal,dry,poor
laterite,8.0,180.4,96.2,81.2,1060,43.5,24.4,slightly_alkaline,very_high,high,medium,high_salinity,optimal,good
sandy,5.76,275.1,131.7,135.5,715,46.6,22.7,slightly_acidic,very_high,very_high,high,normal,optimal,good
laterite,8.53,46.8,131.8,122.6,1656,44.7,18.0,strongly_alkaline,low,very_high,high,very_high_salinity,optimal,poor
sandy,5.04,208.5,92.3,98.8,508,68.3,33.1,strongly_acidic,very_high,high,medium,normal,moist,good
red,7.2,179.2,118.8,55.8,1426,71.9,15.3,neutral,high,very_high,low,high_salinity,moist,fair
red,7.73,292.5,21.6,200.0,608,31.7,19.2,slightly_alkaline,very_high,very_low,very_high,normal,dry,fair
red,5.93,176.2,118.1,40.7,2112,79.8,36.6,slightly_acidic,high,very_high,low,very_high_salinity,moist,fair
alluvial,6.28,87.8,65.1,64.9,2076,54.0,35.5,slightly_acidic,medium,medium,low,very_high_salinity,optimal,fair
sandy,8.92,89.2,137.0,72.0,1869,25.1,37.6,strongly_alkaline,medium,very_high,medium,very_high_salinity,dry,fair
sandy,6.36,287.2,128.1,83.9,334,69.8,26.9,slightly_acidic,very_high,very_high,medium,low,moist,fair
black_cotton,8.35,175.7,50.8,85.2,803,76.7,26.6,slightly_alkaline,high,low,medium,high_salinity,moist,fair
laterite,5.54,175.9,51.3,21.6,456,45.1,19.8,slightly_acidic,high,low,very_low,normal,optimal,fair
alluvial,7.74,259.1,111.8,127.0,1776,55.9,18.9,slightly_alkaline,very_high,very_high,high,very_high_salinity,optimal,fair
black_cotton,4.67,272.6,66.5,46.3,116,88.9,19.8,strongly_acidic,very_high,medium,low,very_low,waterlogged,poor
black_cotton,5.31,232.8,78.8,174.5,349,31.6,26.7,strongly_acidic,very_high,medium,very_high,low,dry,fair
red,6.97,164.3,97.9,44.7,194,34.1,26.0,neutral,high,high,low,very_low,dry,good
alluvial,5.63,126.0,47.0,94.5,1779,57.2,40.4,slightly_acidic,high,low,medium,very_high_salinity,optimal,fair
alluvial,5.76,37.0,12.6,192.4,1819,36.0,10.5,slightly_acidic,very_low,very_low,very_high,very_high_salinity,dry,very_poor
sandy,5.1,153.8,12.3,135.3,1019,66.0,13.6,strongly_acidic,high,very_low,high,high_salinity,moist,fair
alluvial,5.66,226.7,123.3,127.9,1623,25.0,30.4,slightly_acidic,very_high,very_high,high,very_high_salinity,dry,fair
black_cotton,8.97,176.6,34.5,111.5,1795,67.3,24.2,strongly_alkaline,high,low,high,very_high_salinity,moist,fair
red,7.55,227.1,80.0,153.5,878,39.7,13.0,slightly_alkaline,very_high,high,high,high_salinity,dry,good
sandy,6.09,190.5,134.5,152.0,1978,34.7,14.8,slightly_acidic,very_high,very_high,high,very_high_salinity,dry,fair
black_cotton,6.68,118.4,49.6,69.8,2108,49.2,40.6,neutral,medium,low,low,very_high_salinity,optimal,fair
alluvial,7.58,27.3,87.7,144.0,881,53.6,28.1,slightly_alkaline,very_low,high,high,high_salinity,optimal,fair
sandy,5.11,205.8,91.3,135.4,716,14.8,22.6,strongly_acidic,very_high,high,high,normal,very_dry,good
alluvial,8.91,291.1,86.1,103.2,1711,92.1,20.3,strongly_alkaline,very_high,high,medium,very_high_salinity,waterlogged,fair
red,8.72,89.5,25.9,17.5,1822,46.8,29.0,strongly_alkaline,medium,very_low,very_low,very_high_salinity,optimal,very_poor
sandy,6.83,158.2,114.0,188.1,1534,15.2,38.4,neutral,high,very_high,very_high,very_high_salinity,very_dry,fair
alluvial,7.19,168.4,133.4,177.5,1975,27.6,17.1,neutral,high,very_high,very_high,very_high_salinity,dry,fair
alluvial,8.81,298.1,120.9,106.6,1076,57.1,24.4,strongly_alkaline,very_high,very_high,medium,high_salinity,optimal,fair
alluvial,8.62,81.6,108.0,64.7,765,49.7,11.8,strongly_alkaline,medium,high,low,normal,optimal,good
laterite,8.65,217.8,59.5,82.2,298,72.9,38.9,strongly_alkaline,very_high,medium,medium,low,moist,fair
alluvial,4.51,135.6,137.1,215.0,348,68.9,35.1,strongly_acidic,high,very_high,very_high,low,moist,fair
laterite,5.13,142.2,44.9,141.1,1272,57.9,39.5,strongly_acidic,high,low,high,high_salinity,optimal,fair
sandy,6.53,275.2,85.5,149.1,290,70.5,27.7,neutral,very_high,high,high,low,moist,good
black_cotton,5.95,109.7,129.8,140.4,2462,79.7,13.5,slightly_acidic,medium,very_high,high,very_high_salinity,moist,fair
alluvial,7.6,96.9,136.0,113.4,862,85.5,22.6,slightly_alkaline,medium,very_high,high,high_salinity,waterlogged,good
alluvial,6.9,104.5,90.1,213.4,1836,87.7,26.6,neutral,medium,high,very_high,very_high_salinity,waterlogged,good
red,6.25,203.5,133.6,87.9,2477,27.0,28.2,slightly_acidic,very_high,very_high,medium,very_high_salinity,dry,fair
sandy,6.16,39.0,107.4,99.4,910,32.5,26.5,slightly_acidic,very_low,high,medium,high_salinity,dry,fair
black_cotton,4.78,240.8,113.6,160.7,1947,14.0,38.2,strongly_acidic,very_high,very_high,very_high,very_high_salinity,very_dry,poor
red,7.91,53.5,119.7,46.0,1728,27.4,23.8,slightly_alkaline,low,very_high,low,very_high_salinity,dry,poor
red,5.8,271.2,105.5,94.9,1272,65.4,20.3,slightly_acidic,very_high,high,medium,high_salinity,moist,fair
sandy,6.01,181.8,92.8,165.1,1800,57.2,20.0,slightly_acidic,very_high,high,very_high,very_high_salinity,optimal,fair
black_cotton,5.71,26.0,109.9,36.6,1172,52.9,37.8,slightly_acidic,very_low,high,very_low,high_salinity,optimal,poor
laterite,7.66,100.8,35.1,158.2,199,49.7,10.4,slightly_alkaline,medium,low,high,very_low,optimal,fair
laterite,8.96,238.9,98.5,203.5,1188,59.6,41.2,strongly_alkaline,very_high,high,very_high,high_salinity,optimal,fair
sandy,8.44,266.3,126.0,137.4,718,15.3,41.3,slightly_alkaline,very_high,very_high,high,normal,very_dry,good
laterite,8.32,83.7,105.7,119.1,1128,93.1,20.9,slightly_alkaline,medium,high,high,high_salinity,waterlogged,good
alluvial,4.54,155.2,88.3,191.8,549,52.0,37.0,strongly_acidic,high,high,very_high,normal,optimal,good
sandy,7.45,149.7,49.4,22.5,1290,25.3,41.7,neutral,high,low,very_low,high_salinity,dry,fair
laterite,7.0,100.5,27.7,94.3,1890,83.7,34.9,neutral,medium,very_low,medium,very_high_salinity,waterlogged,fair
black_cotton,4.54,11.4,122.6,25.4,1274,32.9,35.5,strongly_acidic,very_low,very_high,very_low,high_salinity,dry,very_poor
black_cotton,7.06,76.0,96.6,171.1,2272,44.9,15.5,neutral,low,high,very_high,very_high_salinity,optimal,fair
black_cotton,4.79,102.2,50.3,26.7,2171,77.7,23.9,strongly_acidic,medium,low,very_low,very_high_salinity,moist,very_poor
black_cotton,4.74,239.4,70.3,157.0,1292,59.7,18.7,strongly_acidic,very_high,medium,high,high_salinity,optimal,fair
black_cotton,8.77,191.2,63.3,117.8,853,75.7,34.7,strongly_alkaline,very_high,medium,high,high_salinity,moist,fair
sandy,5.64,295.5,105.0,138.0,2209,61.3,37.9,slightly_acidic,very_high,high,high,very_high_salinity,moist,fair
sandy,5.05,51.1,124.7,105.3,1937,60.0,32.9,strongly_acidic,low,very_high,medium,very_high_salinity,moist,poor
alluvial,7.01,168.9,17.9,52.2,1751,76.5,39.1,neutral,high,very_low,low,very_high_salinity,moist,fair
black_cotton,4.99,99.2,100.1,94.0,764,79.9,24.6,strongly_acidic,medium,high,medium,normal,moist,good
sandy,8.43,235.7,133.2,97.7,1357,20.0,30.8,slightly_alkaline,very_high,very_high,medium,high_salinity,dry,fair
laterite,7.38,125.2,57.0,80.9,1530,84.9,14.0,neutral,high,medium,medium,very_high_salinity,waterlogged,good
laterite,5.62,88.4,100.2,28.1,2283,89.9,22.5,slightly_acidic,medium,high,very_low,very_high_salinity,waterlogged,fair
sandy,6.12,79.2,31.4,72.9,599,77.7,36.4,slightly_acidic,low,low,medium,normal,moist,fair
red,8.89,252.6,25.3,125.8,556,33.3,25.0,strongly_alkaline,very_high,very_low,high,normal,dry,fair
laterite,6.61,214.6,13.2,85.0,2211,23.1,39.9,neutral,very_high,very_low,medium,very_high_salinity,dry,fair
red,8.15,166.8,105.3,193.0,1850,80.5,22.6,slightly_alkaline,high,high,very_high,very_high_salinity,waterlogged,good
alluvial,8.07,234.3,40.1,70.8,1387,12.4,32.3,slightly_alkaline,very_high,low,medium,high_salinity,very_dry,fair
laterite,6.43,68.5,89.1,209.6,2378,58.2,39.0,slightly_acidic,low,high,very_high,very_high_salinity,optimal,fair
sandy,5.92,82.8,9.6,141.6,2352,57.9,37.2,slightly_acidic,medium,very_low,high,very_high_salinity,optimal,fair
sandy,7.15,129.8,5.2,27.7,763,15.0,14.0,neutral,high,very_low,very_low,normal,very_dry,fair
red,8.98,18.3,127.2,41.7,1120,69.9,30.2,strongly_alkaline,very_low,very_high,low,high_salinity,moist,poor
laterite,7.71,112.2,81.5,47.9,2091,87.2,39.3,slightly_alkaline,medium,high,low,very_high_salinity,waterlogged,fair
alluvial,5.81,120.5,75.8,34.2,1746,52.8,33.4,slightly_acidic,high,medium,very_low,very_high_salinity,optimal,fair
laterite,6.88,120.0,98.1,113.6,1834,75.9,34.5,neutral,high,high,high,very_high_salinity,moist,good
sandy,5.99,21.2,59.6,182.5,548,55.6,18.1,slightly_acidic,very_low,medium,very_high,normal,optimal,fair
red,6.48,13.8,77.8,17.6,2480,33.3,10.1,slightly_acidic,very_low,medium,very_low,very_high_salinity,dry,poor
alluvial,5.8,37.5,10.1,83.6,2339,69.9,18.3,slightly_acidic,very_low,very_low,medium,very_high_salinity,moist,poor
sandy,6.92,176.5,82.4,116.9,1659,17.5,16.9,neutral,high,high,high,very_high_salinity,very_dry,good
alluvial,5.12,254.1,66.7,192.1,427,71.5,32.0,strongly_acidic,very_high,medium,very_high,normal,moist,fair
alluvial,5.73,41.7,43.3,15.3,373,76.0,18.6,slightly_acidic,low,low,very_low,low,moist,poor
sandy,8.01,44.7,105.6,100.0,1791,37.6,21.5,slightly_alkaline,low,high,medium,very_high_salinity,dry,fair
black_cotton,4.91,17.1,127.8,116.4,1687,64.2,22.9,strongly_acidic,very_low,very_high,high,very_high_salinity,moist,poor
laterite,5.72,31.2,36.7,97.1,913,56.7,15.7,slightly_acidic,very_low,low,medium,high_salinity,optimal,poor
red,6.05,102.1,8.6,24.1,1989,52.3,34.9,slightly_acidic,medium,very_low,very_low,very_high_salinity,optimal,poor
laterite,7.71,100.8,37.1,131.4,2283,13.6,35.0,slightly_alkaline,medium,low,high,very_high_salinity,very_dry,fair
sandy,8.99,129.2,84.9,5.6,1252,91.1,33.2,strongly_alkaline,high,high,very_low,high_salinity,waterlogged,fair
red,6.67,201.9,61.9,28.5,1515,5.4,29.1,neutral,very_high,medium,very_low,very_high_salinity,very_dry,fair
sandy,5.39,143.7,89.1,68.1,150,33.3,21.6,strongly_acidic,high,high,low,very_low,dry,fair
red,5.63,232.2,45.0,74.9,783,12.2,33.6,slightly_acidic,very_high,low,medium,normal,very_dry,fair
alluvial,7.56,110.5,59.2,61.7,1806,6.4,33.1,slightly_alkaline,medium,medium,low,very_high_salinity,very_dry,fair
alluvial,4.65,6.4,74.7,131.3,526,10.9,18.7,strongly_acidic,very_low,medium,high,normal,very_dry,fair
laterite,8.02,19.4,24.5,110.2,349,50.5,11.4,slightly_alkaline,very_low,very_low,high,low,optimal,fair
laterite,6.82,279.0,81.4,76.1,2187,41.1,41.6,neutral,very_high,high,medium,very_high_salinity,optimal,good
black_cotton,5.75,248.2,138.8,160.8,534,64.2,29.8,slightly_acidic,very_high,very_high,very_high,normal,moist,fair
sandy,6.88,94.2,87.5,177.6,138,59.6,11.4,neutral,medium,high,very_high,very_low,optimal,good
sandy,5.51,150.2,72.3,189.5,2032,34.7,30.8,slightly_acidic,high,medium,very_high,very_high_salinity,dry,fair
laterite,5.77,78.1,111.7,60.9,1142,88.5,37.1,slightly_acidic,low,very_high,low,high_salinity,waterlogged,poor
sandy,6.36,47.7,104.5,196.1,2303,35.0,33.6,slightly_acidic,low,high,very_high,very_high_salinity,dry,fair
sandy,5.58,137.6,105.9,174.8,1606,65.6,36.7,slightly_acidic,high,high,very_high,very_high_salinity,moist,fair
alluvial,4.99,198.4,74.7,126.1,652,35.5,12.2,strongly_acidic,very_high,medium,high,normal,dry,good
black_cotton,8.32,67.5,35.2,209.7,1904,30.4,17.9,slightly_alkaline,low,low,very_high,very_high_salinity,dry,poor
black_cotton,8.76,7.4,70.2,25.6,184,58.3,27.7,strongly_alkaline,very_low,medium,very_low,very_low,optimal,poor
laterite,8.94,103.2,5.1,130.6,594,6.3,38.0,strongly_alkaline,medium,very_low,high,normal,very_dry,fair
black_cotton,8.69,204.0,26.4,92.7,831,47.6,29.8,strongly_alkaline,very_high,very_low,medium,high_salinity,optimal,poor
black_cotton,6.42,94.0,119.4,219.5,1061,6.2,21.8,slightly_acidic,medium,very_high,very_high,high_salinity,very_dry,fair
sandy,8.25,142.7,12.7,154.8,1884,7.8,28.8,slightly_alkaline,high,very_low,high,very_high_salinity,very_dry,fair
alluvial,4.89,158.3,114.8,90.4,1876,82.0,32.9,strongly_acidic,high,very_high,medium,very_high_salinity,waterlogged,fair
red,6.58,34.2,120.9,21.2,995,76.6,11.0,neutral,very_low,very_high,very_low,high_salinity,moist,poor
laterite,7.36,285.2,114.7,130.1,504,25.2,18.0,neutral,very_high,very_high,high,normal,dry,good
alluvial,5.09,28.3,43.5,116.1,717,32.8,22.5,strongly_acidic,very_low,low,high,normal,dry,fair
alluvial,5.06,122.8,82.0,125.7,1149,48.6,37.9,strongly_acidic,high,high,high,high_salinity,optimal,good
laterite,4.76,242.6,43.7,146.6,1689,13.2,30.6,strongly_acidic,very_high,low,high,very_high_salinity,very_dry,poor
alluvial,8.69,186.8,9.5,35.6,1906,86.5,22.4,strongly_alkaline,very_high,very_low,very_low,very_high_salinity,waterlogged,very_poor
red,6.6,133.3,57.5,64.3,615,46.5,26.4,neutral,high,medium,low,normal,optimal,good
black_cotton,8.23,16.5,37.5,158.0,178,88.0,10.6,slightly_alkaline,very_low,low,high,very_low,waterlogged,fair
red,5.46,229.4,121.9,54.7,2462,28.0,25.2,strongly_acidic,very_high,very_high,low,very_high_salinity,dry,poor
alluvial,5.6,92.5,82.9,130.6,724,80.8,28.9,slightly_acidic,medium,high,high,normal,waterlogged,excellent
laterite,5.18,216.1,33.5,188.7,707,63.3,40.4,strongly_acidic,very_high,low,very_high,normal,moist,fair
alluvial,8.1,60.7,49.0,163.3,1746,64.1,25.0,slightly_alkaline,low,low,very_high,very_high_salinity,moist,poor
alluvial,6.75,208.6,53.9,196.8,1760,5.4,10.9,neutral,very_high,low,very_high,very_high_salinity,very_dry,fair
red,7.44,275.7,50.6,128.5,1195,6.0,27.2,neutral,very_high,low,high,high_salinity,very_dry,fair
alluvial,8.27,213.1,72.7,187.9,1738,31.7,41.1,slightly_alkaline,very_high,medium,very_high,very_high_salinity,dry,fair
black_cotton,7.66,77.2,114.0,95.4,1259,78.0,12.3,slightly_alkaline,low,very_high,medium,high_salinity,moist,fair
black_cotton,6.27,78.6,98.7,65.5,1970,83.3,40.6,slightly_acidic,low,high,low,very_high_salinity,waterlogged,poor
sandy,5.56,254.7,67.4,141.1,1411,91.0,35.9,slightly_acidic,very_high,medium,high,high_salinity,waterlogged,fair
sandy,6.87,282.7,112.5,115.4,1519,88.6,14.4,neutral,very_high,very_high,high,very_high_salinity,waterlogged,fair
red,7.48,286.3,111.7,134.7,2417,62.3,15.3,neutral,very_high,very_high,high,very_high_salinity,moist,fair
black_cotton,7.62,270.9,69.4,65.9,1896,75.6,11.9,slightly_alkaline,very_high,medium,low,very_high_salinity,moist,fair
laterite,5.85,149.1,69.9,109.2,1847,71.2,26.5,slightly_acidic,high,medium,medium,very_high_salinity,moist,fair
alluvial,5.7,196.8,64.8,205.7,1859,13.1,32.2,slightly_acidic,very_high,medium,very_high,very_high_salinity,very_dry,fair
laterite,5.54,58.3,83.6,38.4,2308,89.0,18.1,slightly_acidic,low,high,very_low,very_high_salinity,waterlogged,poor
alluvial,7.33,194.4,12.4,166.2,726,35.5,38.9,neutral,very_high,very_low,very_high,normal,dry,fair
black_cotton,6.94,90.8,41.8,166.3,1182,8.2,17.0,neutral,medium,low,very_high,high_salinity,very_dry,fair
alluvial,7.9,118.3,35.5,166.7,935,27.7,11.1,slightly_alkaline,medium,low,very_high,high_salinity,dry,fair
sandy,8.6,221.8,99.9,29.1,1404,16.5,19.0,strongly_alkaline,very_high,high,very_low,high_salinity,very_dry,poor
laterite,6.06,221.8,28.5,153.8,1404,27.5,40.2,slightly_acidic,very_high,very_low,high,high_salinity,dry,fair
red,4.64,226.3,115.9,204.8,1621,59.0,31.1,strongly_acidic,very_high,very_high,very_high,very_high_salinity,optimal,poor
laterite,7.79,160.6,30.6,118.7,955,40.7,14.5,slightly_alkaline,high,low,high,high_salinity,optimal,good
laterite,7.77,104.4,136.8,209.6,149,26.8,42.0,slightly_alkaline,medium,very_high,very_high,very_low,dry,fair
alluvial,8.8,24.5,82.3,206.4,1556,51.5,19.7,strongly_alkaline,very_low,high,very_high,very_high_salinity,optimal,poor
sandy,4.94,274.5,109.8,182.5,2353,12.1,25.9,strongly_acidic,very_high,high,very_high,very_high_salinity,very_dry,poor
laterite,7.7,107.6,81.8,26.1,1458,56.0,18.4,slightly_alkaline,medium,high,very_low,high_salinity,optimal,fair
black_cotton,5.21,136.6,130.5,198.9,2473,66.3,27.6,strongly_acidic,high,very_high,very_high,very_high_salinity,moist,poor
alluvial,8.64,37.4,116.1,136.9,1392,71.0,34.0,strongly_alkaline,very_low,very_high,high,high_salinity,moist,poor
laterite,5.67,55.1,16.6,123.3,1688,69.3,23.7,slightly_acidic,low,very_low,high,very_high_salinity,moist,poor
black_cotton,8.19,284.7,24.5,91.8,2201,10.1,38.1,slightly_alkaline,very_high,very_low,medium,very_high_salinity,very_dry,poor
sandy,7.6,157.4,129.5,69.5,2483,52.5,13.1,slightly_alkaline,high,very_high,low,very_high_salinity,optimal,fair
black_cotton,5.7,249.8,131.2,109.3,1902,63.4,26.6,slightly_acidic,very_high,very_high,medium,very_high_salinity,moist,fair
laterite,6.31,84.1,130.1,155.0,1211,84.2,13.7,slightly_acidic,medium,very_high,high,high_salinity,waterlogged,fair
alluvial,6.25,8.8,129.4,108.9,1612,54.5,18.7,slightly_acidic,very_low,very_high,medium,very_high_salinity,optimal,poor
sandy,8.11,265.5,18.6,202.6,1887,19.9,38.6,slightly_alkaline,very_high,very_low,very_high,very_high_salinity,very_dry,poor
alluvial,4.9,205.5,26.8,207.5,1037,12.5,35.3,strongly_acidic,very_high,very_low,very_high,high_salinity,very_dry,poor
black_cotton,5.13,121.2,14.9,116.4,1951,75.8,27.9,strongly_acidic,high,very_low,high,very_high_salinity,moist,poor
red,6.7,271.8,119.0,120.5,860,85.9,35.8,neutral,very_high,very_high,high,high_salinity,waterlogged,good
laterite,7.44,240.6,43.9,103.8,496,88.6,23.8,neutral,very_high,low,medium,normal,waterlogged,good
sandy,7.46,71.5,6.4,80.2,2132,7.3,39.4,neutral,low,very_low,medium,very_high_salinity,very_dry,poor
laterite,8.23,218.7,21.6,50.1,342,49.9,17.1,slightly_alkaline,very_high,very_low,low,low,optimal,poor
red,7.71,259.3,58.5,92.5,1781,65.4,33.1,slightly_alkaline,very_high,medium,medium,very_high_salinity,moist,fair
laterite,5.74,105.6,59.7,107.4,1715,5.6,35.6,slightly_acidic,medium,medium,medium,very_high_salinity,very_dry,fair
sandy,5.07,134.7,136.7,17.7,1985,67.3,18.8,strongly_acidic,high,very_high,very_low,very_high_salinity,moist,poor
black_cotton,5.91,141.1,44.6,64.3,845,14.4,18.0,slightly_acidic,high,low,low,high_salinity,very_dry,fair
black_cotton,8.45,251.7,15.4,194.4,2100,78.9,23.1,slightly_alkaline,very_high,very_low,very_high,very_high_salinity,moist,poor
laterite,8.43,223.6,97.0,17.5,1974,31.0,16.1,slightly_alkaline,very_high,high,very_low,very_high_salinity,dry,fair
alluvial,5.2,174.1,93.5,57.4,1389,38.8,39.8,strongly_acidic,high,high,low,high_salinity,dry,fair
red,5.87,78.4,124.5,108.0,763,5.3,41.7,slightly_acidic,low,very_high,medium,normal,very_dry,fair
red,7.5,22.3,46.3,211.1,1340,29.7,15.0,slightly_alkaline,very_low,low,very_high,high_salinity,dry,poor
black_cotton,4.7,230.1,34.4,92.4,351,25.4,36.3,strongly_acidic,very_high,low,medium,low,dry,poor
black_cotton,6.86,37.3,91.0,15.4,999,69.5,37.3,neutral,very_low,high,very_low,high_salinity,moist,fair
alluvial,7.7,139.1,53.2,127.8,1875,44.7,16.2,slightly_alkaline,high,low,high,very_high_salinity,optimal,fair
red,7.15,134.9,126.4,81.1,865,91.5,34.7,neutral,high,very_high,medium,high_salinity,waterlogged,good
laterite,5.68,205.6,77.6,83.9,713,28.9,35.2,slightly_acidic,very_high,medium,medium,normal,dry,good
sandy,6.78,270.6,76.6,92.6,145,56.0,12.7,neutral,very_high,medium,medium,very_low,optimal,good
red,6.45,220.5,68.1,207.4,1587,6.0,25.3,slightly_acidic,very_high,medium,very_high,very_high_salinity,very_dry,fair
laterite,6.52,258.4,12.0,120.7,1923,28.1,36.9,neutral,very_high,very_low,high,very_high_salinity,dry,fair
alluvial,5.45,74.1,116.4,185.9,1839,51.1,40.2,strongly_acidic,low,very_high,very_high,very_high_salinity,optimal,poor
red,8.59,263.2,65.4,197.7,2438,23.3,12.5,strongly_alkaline,very_high,medium,very_high,very_high_salinity,dry,poor
sandy,5.98,256.1,43.9,82.4,615,67.1,18.7,slightly_acidic,very_high,low,medium,normal,moist,fair
sandy,6.31,52.6,47.3,62.4,929,22.9,33.8,slightly_acidic,low,low,low,high_salinity,dry,poor
red,5.57,283.3,61.6,160.4,401,18.6,36.7,slightly_acidic,very_high,medium,very_high,normal,very_dry,good
sandy,8.22,57.1,67.8,110.7,275,74.2,34.2,slightly_alkaline,low,medium,high,low,moist,good
red,7.99,101.5,15.7,182.0,1066,28.6,15.9,slightly_alkaline,medium,very_low,very_high,high_salinity,dry,fair
sandy,6.08,99.9,28.0,176.4,1235,11.8,27.5,slightly_acidic,medium,very_low,very_high,high_salinity,very_dry,poor
red,6.73,171.0,108.6,195.3,2381,13.3,17.2,neutral,high,high,very_high,very_high_salinity,very_dry,good
black_cotton,8.96,104.7,74.2,55.7,1964,47.1,39.5,strongly_alkaline,medium,medium,low,very_high_salinity,optimal,poor
red,6.81,132.0,84.4,113.9,1700,69.4,11.4,neutral,high,high,high,very_high_salinity,moist,good
laterite,4.7,167.4,22.7,204.1,2334,71.0,24.6,strongly_acidic,high,very_low,very_high,very_high_salinity,moist,poor
laterite,8.06,27.3,138.0,215.6,209,77.9,16.3,slightly_alkaline,very_low,very_high,very_high,low,moist,fair
alluvial,4.89,249.1,46.9,207.7,1043,53.2,24.9,strongly_acidic,very_high,low,very_high,high_salinity,optimal,poor
laterite,5.02,283.1,11.9,60.3,1756,64.5,27.1,strongly_acidic,very_high,very_low,low,very_high_salinity,moist,very_poor
red,6.09,193.3,56.1,211.6,1849,70.1,17.6,slightly_acidic,very_high,medium,very_high,very_high_salinity,moist,fair
alluvial,6.56,12.1,119.3,207.9,273,30.7,27.1,neutral,very_low,very_high,very_high,low,dry,fair
black_cotton,6.41,73.5,90.0,197.9,1122,76.7,21.8,slightly_acidic,low,high,very_high,high_salinity,moist,fair
sandy,6.79,271.1,137.8,32.1,1686,91.2,18.0,neutral,very_high,very_high,very_low,very_high_salinity,waterlogged,poor
alluvial,7.32,126.8,10.7,97.2,666,88.4,41.7,neutral,high,very_low,medium,normal,waterlogged,good
sandy,8.03,263.6,53.9,158.5,252,34.9,35.8,slightly_alkaline,very_high,low,high,low,dry,fair
red,5.77,209.3,91.3,84.1,1475,14.9,16.3,slightly_acidic,very_high,high,medium,high_salinity,very_dry,fair
black_cotton,5.34,174.5,77.6,151.8,1047,82.6,17.2,strongly_acidic,high,medium,high,high_salinity,waterlogged,fair
laterite,4.52,299.6,78.1,177.6,744,17.4,17.6,strongly_acidic,very_high,medium,very_high,normal,very_dry,fair
alluvial,7.59,120.7,109.9,202.9,998,30.7,22.8,slightly_alkaline,high,high,very_high,high_salinity,dry,good
black_cotton,5.5,37.5,14.2,144.1,394,40.6,24.2,slightly_acidic,very_low,very_low,high,low,optimal,poor
laterite,7.03,43.8,104.7,128.7,2458,67.3,30.2,neutral,low,high,high,very_high_salinity,moist,good
sandy,4.79,113.2,98.7,30.1,520,33.5,31.4,strongly_acidic,medium,high,very_low,normal,dry,fair
laterite,4.96,264.5,92.3,48.8,1399,28.3,41.2,strongly_acidic,very_high,high,low,high_salinity,dry,poor
laterite,6.38,71.6,75.1,101.4,97,83.6,40.2,slightly_acidic,low,medium,medium,very_low,waterlogged,fair
red,7.99,196.1,9.1,138.7,698,39.2,26.8,slightly_alkaline,very_high,very_low,high,normal,dry,good
sandy,6.6,216.5,17.5,37.5,1234,86.6,41.7,neutral,very_high,very_low,very_low,high_salinity,waterlogged,poor
laterite,5.67,164.1,101.9,32.2,2475,61.5,27.8,slightly_acidic,high,high,very_low,very_high_salinity,moist,fair
black_cotton,8.05,48.5,98.1,115.0,453,25.1,15.9,slightly_alkaline,low,high,high,normal,dry,good
black_cotton,5.51,214.8,59.6,101.8,2156,94.7,16.8,slightly_acidic,very_high,medium,medium,very_high_salinity,waterlogged,fair
sandy,5.06,83.5,107.4,76.1,1135,22.3,28.4,strongly_acidic,medium,high,medium,high_salinity,dry,fair
laterite,4.89,111.1,95.1,15.0,466,57.0,40.1,strongly_acidic,medium,high,very_low,normal,optimal,fair
black_cotton,5.72,169.4,79.7,57.6,1905,43.9,27.2,slightly_acidic,high,medium,low,very_high_salinity,optimal,fair
laterite,7.35,61.6,93.6,142.0,961,26.9,41.6,neutral,low,high,high,high_salinity,dry,good
red,5.13,101.0,5.8,103.6,1072,60.3,37.3,strongly_acidic,medium,very_low,medium,high_salinity,moist,poor
laterite,6.96,84.6,108.7,120.5,81,68.3,38.2,neutral,medium,high,high,very_low,moist,good
black_cotton,5.67,277.3,57.7,136.3,375,75.9,31.0,slightly_acidic,very_high,medium,high,low,moist,good
laterite,5.16,165.6,8.0,219.4,1334,32.2,29.6,strongly_acidic,high,very_low,very_high,high_salinity,dry,poor
laterite,8.54,268.0,113.9,12.2,1546,19.1,14.6,strongly_alkaline,very_high,very_high,very_low,very_high_salinity,very_dry,poor
red,4.67,42.1,113.8,57.3,2136,73.6,39.8,strongly_acidic,low,very_high,low,very_high_salinity,moist,very_poor
sandy,6.61,260.2,25.7,211.1,299,10.9,11.7,neutral,very_high,very_low,very_high,low,very_dry,fair
sandy,8.15,115.7,51.9,114.7,1316,94.4,28.4,slightly_alkaline,medium,low,high,high_salinity,waterlogged,fair
alluvial,7.55,95.0,107.3,156.7,107,55.5,34.7,slightly_alkaline,medium,high,high,very_low,optimal,good
black_cotton,5.82,89.4,38.1,49.8,2447,30.0,23.9,slightly_acidic,medium,low,low,very_high_salinity,dry,poor
laterite,7.57,65.6,57.8,69.8,1696,37.3,33.1,slightly_alkaline,low,medium,low,very_high_salinity,dry,poor
alluvial,7.99,113.6,62.2,126.0,1603,34.8,10.9,slightly_alkaline,medium,medium,high,very_high_salinity,dry,good
sandy,7.55,142.7,60.3,5.4,1511,53.0,11.1,slightly_alkaline,high,medium,very_low,very_high_salinity,optimal,fair
red,5.92,212.9,26.3,104.1,1377,94.5,10.7,slightly_acidic,very_high,very_low,medium,high_salinity,waterlogged,poor
alluvial,7.24,250.8,137.8,219.6,2290,12.4,21.7,neutral,very_high,very_high,very_high,very_high_salinity,very_dry,fair
black_cotton,7.72,105.6,53.5,56.4,1318,62.9,34.1,slightly_alkaline,medium,low,low,high_salinity,moist,fair
black_cotton,8.58,154.5,139.3,217.8,96,67.0,12.8,strongly_alkaline,high,very_high,very_high,very_low,moist,fair
red,8.34,159.4,31.2,41.6,1181,30.1,32.2,slightly_alkaline,high,low,low,high_salinity,dry,fair
laterite,5.74,283.6,113.6,70.7,2078,27.6,31.9,slightly_acidic,very_high,very_high,medium,very_high_salinity,dry,fair
black_cotton,8.5,181.0,94.1,197.3,323,82.7,27.8,strongly_alkaline,very_high,high,very_high,low,waterlogged,fair
alluvial,8.29,12.6,80.6,213.7,1564,90.7,34.7,slightly_alkaline,very_low,high,very_high,very_high_salinity,waterlogged,fair
alluvial,5.36,254.2,121.3,93.4,2027,71.6,38.3,strongly_acidic,very_high,very_high,medium,very_high_salinity,moist,poor
black_cotton,8.27,229.8,6.2,36.8,1133,50.7,26.7,slightly_alkaline,very_high,very_low,very_low,high_salinity,optimal,poor
black_cotton,8.03,81.2,26.1,151.4,1847,48.7,39.9,slightly_alkaline,medium,very_low,high,very_high_salinity,optimal,fair
black_cotton,8.05,282.7,29.4,136.7,2472,36.0,36.5,slightly_alkaline,very_high,very_low,high,very_high_salinity,dry,fair
sandy,6.35,14.5,91.0,138.5,1714,79.1,18.0,slightly_acidic,very_low,high,high,very_high_salinity,moist,fair
alluvial,8.65,127.4,101.5,142.4,1455,53.1,36.6,strongly_alkaline,high,high,high,high_salinity,optimal,good
alluvial,8.78,111.3,110.8,113.0,740,72.0,16.5,strongly_alkaline,medium,very_high,high,normal,moist,good
black_cotton,6.89,71.9,30.5,64.5,1320,50.5,19.2,neutral,low,low,low,high_salinity,optimal,poor
sandy,8.51,86.8,14.2,112.6,306,38.6,26.7,strongly_alkaline,medium,very_low,high,low,dry,fair
red,5.73,195.9,130.7,143.8,2269,24.5,11.9,slightly_acidic,very_high,very_high,high,very_high_salinity,dry,fair
alluvial,6.69,65.2,116.1,32.3,501,88.7,24.3,neutral,low,very_high,very_low,normal,waterlogged,fair
laterite,7.54,78.7,80.7,72.7,1708,66.2,39.8,slightly_alkaline,low,high,medium,very_high_salinity,moist,fair
sandy,8.28,295.2,9.8,25.8,1485,11.8,29.5,slightly_alkaline,very_high,very_low,very_low,high_salinity,very_dry,poor
laterite,4.8,122.0,15.7,111.5,2404,80.8,11.7,strongly_acidic,high,very_low,high,very_high_salinity,waterlogged,poor
alluvial,8.04,285.2,103.7,116.0,138,47.0,20.6,slightly_alkaline,very_high,high,high,very_low,optimal,good
black_cotton,7.62,256.1,133.1,108.1,2094,25.5,18.4,slightly_alkaline,very_high,very_high,medium,very_high_salinity,dry,fair
black_cotton,4.93,186.9,122.0,216.7,704,73.5,38.7,strongly_acidic,very_high,very_high,very_high,normal,moist,fair
alluvial,5.85,60.8,14.4,213.7,338,45.0,11.7,slightly_acidic,low,very_low,very_high,low,optimal,poor
laterite,5.95,162.8,99.2,168.1,1467,89.6,15.8,slightly_acidic,high,high,very_high,high_salinity,waterlogged,good
laterite,8.21,94.8,63.3,24.5,213,70.5,39.5,slightly_alkaline,medium,medium,very_low,low,moist,fair
black_cotton,7.09,115.3,31.0,47.8,2434,87.3,21.7,neutral,medium,low,low,very_high_salinity,waterlogged,fair
black_cotton,5.38,285.1,26.6,171.8,1795,34.9,34.7,strongly_acidic,very_high,very_low,very_high,very_high_salinity,dry,very_poor
alluvial,5.35,197.3,39.9,99.4,2302,39.9,16.2,strongly_acidic,very_high,low,medium,very_high_salinity,dry,poor
laterite,5.75,231.7,18.1,205.6,1008,48.7,31.5,slightly_acidic,very_high,very_low,very_high,high_salinity,optimal,poor
sandy,8.55,229.6,91.2,92.8,1756,82.7,29.9,strongly_alkaline,very_high,high,medium,very_high_salinity,waterlogged,fair
black_cotton,5.16,184.0,87.1,115.4,1290,50.6,35.2,strongly_acidic,very_high,high,high,high_salinity,optimal,fair
red,7.59,296.6,73.5,201.4,683,34.3,21.8,slightly_alkaline,very_high,medium,very_high,normal,dry,good
black_cotton,6.87,66.2,115.5,78.1,881,35.0,30.5,neutral,low,very_high,medium,high_salinity,dry,fair
sandy,8.69,127.5,19.9,193.3,845,26.3,26.4,strongly_alkaline,high,very_low,very_high,high_salinity,dry,poor
sandy,5.49,7.0,57.3,167.6,972,60.4,26.7,strongly_acidic,very_low,medium,very_high,high_salinity,moist,poor
alluvial,8.27,43.3,89.0,26.0,2295,58.0,28.2,slightly_alkaline,low,high,very_low,very_high_salinity,optimal,poor
sandy,5.77,297.9,42.2,197.7,1551,44.1,20.9,slightly_acidic,very_high,low,very_high,very_high_salinity,optimal,poor
laterite,6.43,149.0,91.5,121.5,2266,31.6,11.3,slightly_acidic,high,high,high,very_high_salinity,dry,good
red,5.37,132.8,38.3,104.6,413,29.0,10.9,strongly_acidic,high,low,medium,normal,dry,fair
alluvial,8.57,31.6,62.5,108.4,2407,30.0,38.2,strongly_alkaline,very_low,medium,medium,very_high_salinity,dry,poor
laterite,7.41,45.0,139.5,50.6,1907,14.4,38.0,neutral,low,very_high,low,very_high_salinity,very_dry,poor
black_cotton,8.93,176.8,112.1,111.1,850,68.5,35.8,strongly_alkaline,high,very_high,high,high_salinity,moist,fair
alluvial,5.38,187.8,11.5,138.4,990,48.5,35.5,strongly_acidic,very_high,very_low,high,high_salinity,optimal,poor
black_cotton,5.14,109.7,49.6,191.8,1196,71.5,11.7,strongly_acidic,medium,low,very_high,high_salinity,moist,poor
red,5.68,114.1,59.4,59.9,1768,38.0,29.0,slightly_acidic,medium,medium,low,very_high_salinity,dry,fair
alluvial,8.38,203.6,54.4,34.7,509,9.8,36.7,slightly_alkaline,very_high,low,very_low,normal,very_dry,fair
red,7.1,246.6,67.9,186.6,1168,17.7,11.9,neutral,very_high,medium,very_high,high_salinity,very_dry,fair
laterite,8.54,194.7,75.9,210.2,1942,77.6,26.1,strongly_alkaline,very_high,medium,very_high,very_high_salinity,moist,poor
alluvial,5.76,158.7,123.3,109.3,331,21.9,28.9,slightly_acidic,high,very_high,medium,low,dry,good
laterite,6.11,76.9,36.0,112.4,1907,94.3,20.5,slightly_acidic,low,low,high,very_high_salinity,waterlogged,poor
red,5.58,180.4,75.4,71.9,603,11.3,11.8,slightly_acidic,very_high,medium,medium,normal,very_dry,good
laterite,8.51,275.7,61.6,18.2,1009,39.7,23.6,strongly_alkaline,very_high,medium,very_low,high_salinity,dry,poor
red,7.51,43.2,85.0,175.2,2345,51.4,32.1,slightly_alkaline,low,high,very_high,very_high_salinity,optimal,fair
laterite,4.81,58.9,8.1,130.1,2231,94.1,30.0,strongly_acidic,low,very_low,high,very_high_salinity,waterlogged,poor
black_cotton,6.37,186.4,63.2,190.9,892,7.3,30.3,slightly_acidic,very_high,medium,very_high,high_salinity,very_dry,fair
black_cotton,7.61,58.9,41.8,108.1,1830,46.1,11.0,slightly_alkaline,low,low,medium,very_high_salinity,optimal,poor
laterite,7.67,153.1,116.3,94.5,1494,10.6,31.0,slightly_alkaline,high,very_high,medium,high_salinity,very_dry,good
sandy,5.89,184.6,98.7,202.8,633,28.5,36.8,slightly_acidic,very_high,high,very_high,normal,dry,good
red,6.51,30.9,47.9,173.8,2153,36.4,32.6,neutral,very_low,low,very_high,very_high_salinity,dry,poor
black_cotton,5.79,213.3,28.5,157.6,1846,51.9,13.3,slightly_acidic,very_high,very_low,high,very_high_salinity,optimal,poor
laterite,7.93,60.0,25.3,22.9,655,43.7,11.2,slightly_alkaline,low,very_low,very_low,normal,optimal,poor
red,5.7,261.8,60.4,10.9,954,74.6,18.9,slightly_acidic,very_high,medium,very_low,high_salinity,moist,poor
alluvial,8.98,266.7,37.4,151.9,729,6.4,22.1,strongly_alkaline,very_high,low,high,normal,very_dry,fair
sandy,7.07,143.1,38.8,214.9,1074,7.3,27.6,neutral,high,low,very_high,high_salinity,very_dry,fair
black_cotton,4.68,227.3,79.1,212.1,2418,88.1,23.7,strongly_acidic,very_high,medium,very_high,very_high_salinity,waterlogged,poor
red,6.52,86.0,35.6,101.2,287,74.1,33.3,neutral,medium,low,medium,low,moist,good
laterite,8.17,166.0,78.5,113.5,1379,16.0,15.6,slightly_alkaline,high,medium,high,high_salinity,very_dry,good
alluvial,7.58,11.1,49.5,190.6,999,52.4,37.6,slightly_alkaline,very_low,low,very_high,high_salinity,optimal,poor
laterite,5.62,206.1,10.9,55.6,1460,45.9,27.9,slightly_acidic,very_high,very_low,low,high_salinity,optimal,poor
black_cotton,8.87,24.1,115.1,94.6,523,85.2,17.2,strongly_alkaline,very_low,very_high,medium,normal,waterlogged,fair
red,6.08,239.5,125.8,88.2,2077,21.5,13.5,slightly_acidic,very_high,very_high,medium,very_high_salinity,dry,fair
laterite,6.62,36.3,99.7,5.0,1066,87.0,18.6,neutral,very_low,high,very_low,high_salinity,waterlogged,fair
red,7.54,258.2,89.0,169.7,2267,6.4,24.4,slightly_alkaline,very_high,high,very_high,very_high_salinity,very_dry,fair
black_cotton,7.79,78.2,80.8,74.0,471,58.9,17.2,slightly_alkaline,low,high,medium,normal,optimal,good
black_cotton,7.58,268.6,64.9,60.7,1151,65.7,27.3,slightly_alkaline,very_high,medium,low,high_salinity,moist,fair
sandy,8.74,137.7,10.7,145.9,1941,70.9,25.1,strongly_alkaline,high,very_low,high,very_high_salinity,moist,fair
black_cotton,8.23,28.9,76.7,9.8,1768,65.0,26.9,slightly_alkaline,very_low,medium,very_low,very_high_salinity,moist,poor
alluvial,5.31,204.6,81.4,10.1,438,9.3,29.2,strongly_acidic,very_high,high,very_low,normal,very_dry,fair
sandy,7.58,252.2,132.4,87.1,1603,83.0,24.9,slightly_alkaline,very_high,very_high,medium,very_high_salinity,waterlogged,fair
black_cotton,4.98,182.3,54.9,78.2,2145,91.5,38.2,strongly_acidic,very_high,low,medium,very_high_salinity,waterlogged,poor
black_cotton,5.55,128.6,66.2,200.4,2177,50.0,27.1,slightly_acidic,high,medium,very_high,very_high_salinity,optimal,fair
sandy,5.42,278.4,130.9,171.8,1573,47.0,17.0,strongly_acidic,very_high,very_high,very_high,very_high_salinity,optimal,poor
red,7.22,42.1,36.1,180.8,103,77.8,31.4,neutral,low,low,very_high,very_low,moist,fair
alluvial,5.02,232.3,63.8,10.9,1799,93.6,14.3,strongly_acidic,very_high,medium,very_low,very_high_salinity,waterlogged,poor
laterite,7.78,144.8,138.6,44.5,1530,67.9,22.4,slightly_alkaline,high,very_high,low,very_high_salinity,moist,fair
black_cotton,8.96,196.8,89.9,170.9,1503,32.1,10.8,strongly_alkaline,very_high,high,very_high,very_high_salinity,dry,fair
red,5.69,216.5,73.9,46.9,1980,71.4,37.9,slightly_acidic,very_high,medium,low,very_high_salinity,moist,poor
laterite,4.52,114.3,96.5,73.1,270,24.6,16.4,strongly_acidic,medium,high,medium,low,dry,fair
sandy,7.38,191.9,18.8,121.9,889,83.4,23.0,neutral,very_high,very_low,high,high_salinity,waterlogged,fair
red,6.28,101.7,125.6,87.6,2277,93.0,40.7,slightly_acidic,medium,very_high,medium,very_high_salinity,waterlogged,fair
laterite,8.58,180.4,10.1,116.6,391,92.7,19.1,strongly_alkaline,very_high,very_low,high,low,waterlogged,fair
alluvial,8.72,224.5,19.1,124.1,861,92.2,29.2,strongly_alkaline,very_high,very_low,high,high_salinity,waterlogged,poor
sandy,7.26,214.0,74.0,185.2,2293,41.0,11.1,neutral,very_high,medium,very_high,very_high_salinity,optimal,fair
sandy,8.62,207.0,7.1,7.2,2323,15.0,26.1,strongly_alkaline,very_high,very_low,very_low,very_high_salinity,very_dry,very_poor
red,6.14,259.0,84.2,184.3,509,69.1,14.3,slightly_acidic,very_high,high,very_high,normal,moist,good
red,5.62,79.3,22.6,50.7,1040,31.0,14.2,slightly_acidic,low,very_low,low,high_salinity,dry,poor
black_cotton,6.03,207.7,121.2,195.6,205,44.5,30.6,slightly_acidic,very_high,very_high,very_high,low,optimal,fair
red,6.92,197.8,102.9,149.6,334,45.8,27.4,neutral,very_high,high,high,low,optimal,good
red,8.31,175.2,43.7,147.4,1148,21.0,27.2,slightly_alkaline,high,low,high,high_salinity,dry,good
black_cotton,8.89,161.3,10.5,74.8,1858,68.4,15.7,strongly_alkaline,high,very_low,medium,very_high_salinity,moist,poor
laterite,7.05,151.9,112.3,139.2,2418,29.6,24.9,neutral,high,very_high,high,very_high_salinity,dry,good
red,7.93,43.5,79.3,50.3,1292,73.3,36.3,slightly_alkaline,low,medium,low,high_salinity,moist,fair
black_cotton,8.47,48.7,32.3,14.4,545,91.5,11.6,slightly_alkaline,low,low,very_low,normal,waterlogged,fair
alluvial,4.52,146.9,104.9,76.5,1368,33.5,18.9,strongly_acidic,high,high,medium,high_salinity,dry,fair
sandy,8.07,103.3,132.5,103.2,1828,20.2,25.9,slightly_alkaline,medium,very_high,medium,very_high_salinity,dry,fair
sandy,7.0,165.8,32.7,180.8,642,14.9,12.7,neutral,high,low,very_high,normal,very_dry,good
black_cotton,6.15,162.8,33.0,65.9,1292,20.9,38.1,slightly_acidic,high,low,low,high_salinity,dry,fair
red,8.22,197.3,16.6,199.5,328,89.2,12.7,slightly_alkaline,very_high,very_low,very_high,low,waterlogged,fair
laterite,5.82,151.4,88.9,38.2,153,38.9,10.2,slightly_acidic,high,high,very_low,very_low,dry,fair
alluvial,6.06,124.5,17.4,50.3,1855,51.2,24.7,slightly_acidic,high,very_low,low,very_high_salinity,optimal,poor
black_cotton,6.97,203.9,77.5,54.2,2193,41.6,30.7,neutral,very_high,medium,low,very_high_salinity,optimal,fair
alluvial,6.66,58.1,128.2,13.3,1894,8.2,13.8,neutral,low,very_high,very_low,very_high_salinity,very_dry,poor
black_cotton,6.77,197.1,133.9,35.1,306,85.1,35.2,neutral,very_high,very_high,very_low,low,waterlogged,fair
black_cotton,7.3,279.0,35.5,13.2,2042,76.6,30.7,neutral,very_high,low,very_low,very_high_salinity,moist,poor
alluvial,5.98,91.1,133.6,59.4,1774,52.4,31.8,slightly_acidic,medium,very_high,low,very_high_salinity,optimal,poor
sandy,7.92,177.8,134.6,69.4,849,48.8,26.0,slightly_alkaline,high,very_high,low,high_salinity,optimal,fair
sandy,7.64,124.4,98.8,30.0,665,29.6,24.8,slightly_alkaline,high,high,very_low,normal,dry,good
alluvial,7.52,31.6,93.2,69.0,407,16.8,11.8,slightly_alkaline,very_low,high,low,normal,very_dry,fair
laterite,8.81,8.9,6.6,199.1,2053,93.8,19.3,strongly_alkaline,very_low,very_low,very_high,very_high_salinity,waterlogged,very_poor
laterite,8.59,61.7,12.3,101.7,182,14.2,37.2,strongly_alkaline,low,very_low,medium,very_low,very_dry,poor
sandy,8.72,150.3,19.4,75.8,2095,73.0,13.6,strongly_alkaline,high,very_low,medium,very_high_salinity,moist,poor
black_cotton,8.6,43.6,137.4,103.0,867,40.6,29.7,strongly_alkaline,low,very_high,medium,high_salinity,optimal,poor
red,8.66,17.5,63.1,217.1,1098,52.1,17.1,strongly_alkaline,very_low,medium,very_high,high_salinity,optimal,poor
alluvial,5.43,141.2,95.9,205.8,2153,73.2,25.9,strongly_acidic,high,high,very_high,very_high_salinity,moist,fair
alluvial,7.66,134.3,114.6,24.4,635,73.3,36.9,slightly_alkaline,high,very_high,very_low,normal,moist,good
alluvial,8.51,198.4,133.7,98.8,805,76.2,38.7,strongly_alkaline,very_high,very_high,medium,high_salinity,moist,fair
red,7.21,143.7,85.3,153.4,2191,64.3,20.6,neutral,high,high,high,very_high_salinity,moist,good
alluvial,5.02,127.4,74.2,56.6,2295,61.3,12.9,strongly_acidic,high,medium,low,very_high_salinity,moist,poor
black_cotton,5.38,137.0,30.1,24.3,1068,52.3,13.2,strongly_acidic,high,low,very_low,high_salinity,optimal,poor
laterite,6.66,174.4,129.5,16.3,2033,73.6,41.3,neutral,high,very_high,very_low,very_high_salinity,moist,fair
sandy,6.98,243.3,47.1,183.4,2206,14.8,27.6,neutral,very_high,low,very_high,very_high_salinity,very_dry,fair
alluvial,7.85,190.2,70.7,212.8,433,91.3,21.8,slightly_alkaline,very_high,medium,very_high,normal,waterlogged,good
sandy,7.16,149.8,133.3,157.8,180,64.1,12.9,neutral,high,very_high,high,very_low,moist,good
laterite,4.53,27.2,78.4,17.7,1445,55.2,27.6,strongly_acidic,very_low,medium,very_low,high_salinity,optimal,very_poor
red,8.97,296.4,16.9,212.0,1757,82.2,32.8,strongly_alkaline,very_high,very_low,very_high,very_high_salinity,waterlogged,poor
red,4.63,14.3,42.3,127.1,2350,14.9,39.1,strongly_acidic,very_low,low,high,very_high_salinity,very_dry,poor
sandy,5.68,41.2,126.4,117.7,1883,13.3,35.0,slightly_acidic,low,very_high,high,very_high_salinity,very_dry,fair
red,5.73,70.3,96.6,170.3,1138,70.6,29.4,slightly_acidic,low,high,very_high,high_salinity,moist,fair
red,7.31,149.5,85.0,169.8,2499,78.3,16.9,neutral,high,high,very_high,very_high_salinity,moist,good
red,7.83,267.2,127.0,168.8,941,27.3,33.7,slightly_alkaline,very_high,very_high,very_high,high_salinity,dry,fair
red,4.95,291.0,90.9,53.0,1311,90.0,27.3,strongly_acidic,very_high,high,low,high_salinity,waterlogged,poor
black_cotton,8.18,102.5,27.9,163.9,228,35.0,34.5,slightly_alkaline,medium,very_low,very_high,low,dry,fair
black_cotton,7.22,92.8,58.8,104.7,1707,90.9,31.7,neutral,medium,medium,medium,very_high_salinity,waterlogged,good
alluvial,5.89,273.3,107.6,112.5,2258,71.2,17.0,slightly_acidic,very_high,high,high,very_high_salinity,moist,fair
alluvial,6.28,156.2,48.7,215.3,950,64.3,16.1,slightly_acidic,high,low,very_high,high_salinity,moist,fair
black_cotton,7.48,110.5,33.7,92.8,2142,34.3,34.0,neutral,medium,low,medium,very_high_salinity,dry,fair
alluvial,6.51,215.7,74.3,213.9,1108,63.6,34.5,neutral,very_high,medium,very_high,high_salinity,moist,fair
red,4.84,204.1,88.8,70.6,922,65.5,24.1,strongly_acidic,very_high,high,medium,high_salinity,moist,fair
laterite,7.24,15.3,105.7,208.8,1126,81.4,31.6,neutral,very_low,high,very_high,high_salinity,waterlogged,fair
alluvial,8.38,275.4,110.6,195.8,762,27.6,37.2,slightly_alkaline,very_high,very_high,very_high,normal,dry,good
laterite,4.91,62.0,91.0,210.7,1608,94.8,39.7,strongly_acidic,low,high,very_high,very_high_salinity,waterlogged,poor
laterite,6.72,126.6,25.3,159.3,561,46.3,41.4,neutral,high,very_low,high,normal,optimal,good
laterite,8.44,136.9,12.0,170.2,771,77.4,41.4,slightly_alkaline,high,very_low,very_high,normal,moist,good
alluvial,4.54,116.3,116.6,88.8,863,54.2,32.9,strongly_acidic,medium,very_high,medium,high_salinity,optimal,fair
black_cotton,8.27,45.0,91.0,40.4,677,45.9,41.5,slightly_alkaline,low,high,low,normal,optimal,good
alluvial,5.54,131.1,12.2,13.5,170,18.6,14.6,slightly_acidic,high,very_low,very_low,very_low,very_dry,poor
alluvial,4.54,100.3,91.2,38.6,1234,66.9,26.4,strongly_acidic,medium,high,very_low,high_salinity,moist,poor
red,6.16,245.7,57.1,37.0,1982,92.7,12.2,slightly_acidic,very_high,medium,very_low,very_high_salinity,waterlogged,poor
alluvial,5.13,280.5,133.4,202.6,2005,8.2,23.4,strongly_acidic,very_high,very_high,very_high,very_high_salinity,very_dry,poor
red,6.97,67.3,133.7,15.9,2363,36.2,17.4,neutral,low,very_high,very_low,very_high_salinity,dry,poor
red,8.78,253.4,115.1,190.5,1651,80.1,24.2,strongly_alkaline,very_high,very_high,very_high,very_high_salinity,waterlogged,poor
laterite,7.91,14.2,45.7,48.4,1905,64.6,10.6,slightly_alkaline,very_low,low,low,very_high_salinity,moist,poor
sandy,8.07,160.2,91.0,20.6,265,50.8,21.7,slightly_alkaline,high,high,very_low,low,optimal,good
red,5.55,241.2,11.9,200.6,345,18.7,32.6,slightly_acidic,very_high,very_low,very_high,low,very_dry,poor
alluvial,7.69,151.7,24.1,63.3,274,79.9,16.4,slightly_alkaline,high,very_low,low,low,moist,fair
alluvial,7.71,69.0,46.5,34.9,287,68.4,32.0,slightly_alkaline,low,low,very_low,low,moist,poor
red,4.7,7.2,39.3,105.5,1512,32.1,34.0,strongly_acidic,very_low,low,medium,very_high_salinity,dry,very_poor
laterite,7.08,152.9,137.0,181.4,1012,16.5,16.4,neutral,high,very_high,very_high,high_salinity,very_dry,good
black_cotton,5.41,156.1,107.1,12.9,1738,81.2,36.2,strongly_acidic,high,high,very_low,very_high_salinity,waterlogged,poor
alluvial,7.64,221.8,104.9,186.8,812,58.0,29.5,slightly_alkaline,very_high,high,very_high,high_salinity,optimal,fair
black_cotton,6.2,60.0,57.8,21.8,573,75.8,35.0,slightly_acidic,low,medium,very_low,normal,moist,fair
alluvial,8.03,283.8,68.5,98.9,1985,16.6,19.4,slightly_alkaline,very_high,medium,medium,very_high_salinity,very_dry,fair
black_cotton,7.71,107.2,40.0,106.0,2296,33.5,30.7,slightly_alkaline,medium,low,medium,very_high_salinity,dry,fair
black_cotton,8.52,278.2,80.2,43.0,761,16.1,27.6,strongly_alkaline,very_high,high,low,normal,very_dry,fair
alluvial,8.84,12.1,75.9,77.6,666,63.8,28.4,strongly_alkaline,very_low,medium,medium,normal,moist,fair
red,5.86,46.6,69.4,124.1,2027,56.0,39.3,slightly_acidic,low,medium,high,very_high_salinity,optimal,fair
laterite,7.58,25.3,39.1,109.1,1026,93.4,40.8,slightly_alkaline,very_low,low,medium,high_salinity,waterlogged,poor
black_cotton,6.2,218.4,56.8,112.4,150,36.1,33.4,slightly_acidic,very_high,medium,high,very_low,dry,fair
black_cotton,7.48,80.0,40.5,33.2,742,22.9,11.9,neutral,medium,low,very_low,normal,dry,fair
black_cotton,8.53,180.3,108.3,161.4,1634,23.9,35.4,strongly_alkaline,very_high,high,very_high,very_high_salinity,dry,fair
black_cotton,4.63,71.6,50.6,9.0,1472,29.5,32.0,strongly_acidic,low,low,very_low,high_salinity,dry,very_poor
red,4.6,280.6,90.8,158.3,2015,18.6,17.9,strongly_acidic,very_high,high,high,very_high_salinity,very_dry,fair
laterite,5.1,46.5,47.1,67.3,1580,6.0,36.3,strongly_acidic,low,low,low,very_high_salinity,very_dry,very_poor
laterite,5.04,275.2,52.0,100.9,1173,8.4,40.0,strongly_acidic,very_high,low,medium,high_salinity,very_dry,poor
black_cotton,6.42,191.3,137.2,160.9,908,74.3,40.2,slightly_acidic,very_high,very_high,very_high,high_salinity,moist,fair
sandy,5.45,60.5,109.6,219.7,579,67.0,34.5,strongly_acidic,low,high,very_high,normal,moist,fair
black_cotton,7.7,289.2,19.9,134.4,1950,49.5,26.1,slightly_alkaline,very_high,very_low,high,very_high_salinity,optimal,fair
red,7.24,118.8,76.2,39.5,843,72.3,18.6,neutral,medium,medium,very_low,high_salinity,moist,fair
red,6.64,271.4,83.9,32.6,324,42.5,41.3,neutral,very_high,high,very_low,low,optimal,fair
black_cotton,7.61,267.2,108.6,86.5,2127,11.5,23.2,slightly_alkaline,very_high,high,medium,very_high_salinity,very_dry,fair
black_cotton,5.72,139.4,126.9,169.1,1827,57.5,27.3,slightly_acidic,high,very_high,very_high,very_high_salinity,optimal,fair
alluvial,4.55,163.7,122.7,147.7,2307,86.0,40.9,strongly_acidic,high,very_high,high,very_high_salinity,waterlogged,fair
sandy,6.74,283.8,107.9,55.9,350,26.5,38.6,neutral,very_high,high,low,low,dry,good
laterite,4.99,110.7,124.8,190.2,1610,94.9,15.9,strongly_acidic,medium,very_high,very_high,very_high_salinity,waterlogged,poor
red,8.41,49.9,123.1,101.4,2232,58.8,29.7,slightly_alkaline,low,very_high,medium,very_high_salinity,optimal,fair
sandy,6.78,139.5,127.0,135.4,716,39.7,25.0,neutral,high,very_high,high,normal,dry,excellent
sandy,5.53,254.7,12.5,131.1,1671,20.6,32.6,slightly_acidic,very_high,very_low,high,very_high_salinity,dry,poor
black_cotton,7.18,169.9,22.0,93.9,1623,40.9,10.1,neutral,high,very_low,medium,very_high_salinity,optimal,fair
sandy,7.65,78.3,107.8,195.6,2343,78.6,41.0,slightly_alkaline,low,high,very_high,very_high_salinity,moist,fair
red,8.51,183.1,61.0,195.8,1168,23.3,11.5,strongly_alkaline,very_high,medium,very_high,high_salinity,dry,fair
black_cotton,8.4,56.2,125.7,145.8,1191,85.1,40.7,slightly_alkaline,low,very_high,high,high_salinity,waterlogged,fair
sandy,7.39,250.9,126.1,161.6,1155,57.9,38.6,neutral,very_high,very_high,very_high,high_salinity,optimal,fair
alluvial,4.95,272.7,97.5,192.1,2279,38.7,29.3,strongly_acidic,very_high,high,very_high,very_high_salinity,dry,poor
black_cotton,6.43,35.5,7.7,209.8,1038,61.6,12.6,slightly_acidic,very_low,very_low,very_high,high_salinity,moist,poor
black_cotton,5.9,30.7,126.0,27.3,2371,22.6,26.2,slightly_acidic,very_low,very_high,very_low,very_high_salinity,dry,very_poor
alluvial,6.92,43.8,54.9,180.8,1617,84.3,36.5,neutral,low,low,very_high,very_high_salinity,waterlogged,poor
red,7.51,88.1,40.9,149.3,2115,76.2,28.5,slightly_alkaline,medium,low,high,very_high_salinity,moist,fair
alluvial,5.64,293.2,44.5,175.8,1117,10.1,20.9,slightly_acidic,very_high,low,very_high,high_salinity,very_dry,poor
alluvial,8.49,244.9,125.3,141.0,2054,86.3,14.7,slightly_alkaline,very_high,very_high,high,very_high_salinity,waterlogged,fair
alluvial,7.11,16.7,9.8,64.4,976,50.8,15.7,neutral,very_low,very_low,low,high_salinity,optimal,poor
sandy,5.95,278.1,60.5,27.4,1087,32.7,12.2,slightly_acidic,very_high,medium,very_low,high_salinity,dry,poor
alluvial,5.63,76.2,134.1,14.2,248,17.9,29.1,slightly_acidic,low,very_high,very_low,low,very_dry,poor
black_cotton,4.79,231.3,109.9,17.4,1956,95.0,26.7,strongly_acidic,very_high,high,very_low,very_high_salinity,waterlogged,poor
black_cotton,4.96,235.1,134.1,65.5,792,68.0,20.3,strongly_acidic,very_high,very_high,low,normal,moist,fair
red,8.28,289.0,20.1,102.7,477,7.6,35.0,slightly_alkaline,very_high,very_low,medium,normal,very_dry,fair
laterite,6.33,22.5,17.5,111.2,2031,9.2,37.6,slightly_acidic,very_low,very_low,high,very_high_salinity,very_dry,poor
alluvial,8.13,41.4,35.5,191.6,2449,70.4,38.4,slightly_alkaline,low,low,very_high,very_high_salinity,moist,poor
sandy,6.13,210.5,38.6,79.6,816,73.1,20.5,slightly_acidic,very_high,low,medium,high_salinity,moist,fair
black_cotton,8.05,23.1,99.5,31.7,1133,44.2,23.6,slightly_alkaline,very_low,high,very_low,high_salinity,optimal,poor
laterite,7.77,215.7,71.8,9.2,1416,44.4,11.3,slightly_alkaline,very_high,medium,very_low,high_salinity,optimal,fair
laterite,5.54,24.4,57.4,33.1,122,13.0,11.5,slightly_acidic,very_low,medium,very_low,very_low,very_dry,poor
alluvial,7.88,215.8,35.4,196.5,1118,76.6,39.6,slightly_alkaline,very_high,low,very_high,high_salinity,moist,fair
alluvial,7.86,207.4,77.0,198.0,1143,61.2,28.2,slightly_alkaline,very_high,medium,very_high,high_salinity,moist,fair
black_cotton,7.77,72.0,8.6,128.2,2269,66.5,28.8,slightly_alkaline,low,very_low,high,very_high_salinity,moist,poor
alluvial,5.07,46.9,6.4,58.9,214,14.6,40.6,strongly_acidic,low,very_low,low,low,very_dry,very_poor
red,7.34,285.9,105.7,136.5,459,73.9,11.9,neutral,very_high,high,high,normal,moist,excellent
red,8.55,82.2,125.8,51.8,276,47.7,25.9,strongly_alkaline,medium,very_high,low,low,optimal,fair
sandy,7.24,110.0,8.8,91.3,1787,25.7,21.0,neutral,medium,very_low,medium,very_high_salinity,dry,fair
alluvial,8.99,240.9,72.1,9.6,1283,93.9,25.7,strongly_alkaline,very_high,medium,very_low,high_salinity,waterlogged,poor
laterite,6.9,148.0,85.7,60.4,656,63.5,23.3,neutral,high,high,low,normal,moist,excellent
black_cotton,5.34,291.9,60.8,20.6,2385,80.7,11.3,strongly_acidic,very_high,medium,very_low,very_high_salinity,waterlogged,poor
laterite,8.81,249.7,32.8,162.9,239,23.0,27.2,strongly_alkaline,very_high,low,very_high,low,dry,poor
alluvial,5.9,71.4,125.8,149.2,639,20.0,21.6,slightly_acidic,low,very_high,high,normal,dry,good
alluvial,7.37,104.6,82.2,68.3,1198,61.1,29.0,neutral,medium,high,low,high_salinity,moist,good
red,5.1,165.8,95.0,151.7,1902,51.8,12.3,strongly_acidic,high,high,high,very_high_salinity,optimal,fair
sandy,7.47,56.3,6.2,23.4,768,85.2,37.4,neutral,low,very_low,very_low,normal,waterlogged,fair
alluvial,5.73,240.5,56.8,164.4,844,21.2,33.5,slightly_acidic,very_high,medium,very_high,high_salinity,dry,fair
alluvial,6.09,219.0,50.1,218.5,431,55.9,33.8,slightly_acidic,very_high,low,very_high,normal,optimal,fair
laterite,6.28,11.6,17.5,204.4,1029,6.9,27.3,slightly_acidic,very_low,very_low,very_high,high_salinity,very_dry,poor
alluvial,8.49,135.8,54.3,200.3,327,67.3,41.9,slightly_alkaline,high,low,very_high,low,moist,fair
black_cotton,8.7,27.8,63.3,196.3,163,58.7,41.5,strongly_alkaline,very_low,medium,very_high,very_low,optimal,poor
black_cotton,7.6,169.3,72.8,37.5,1467,78.1,31.2,slightly_alkaline,high,medium,very_low,high_salinity,moist,fair
red,7.24,209.5,94.0,94.0,1064,19.3,30.5,neutral,very_high,high,medium,high_salinity,very_dry,good
black_cotton,6.73,35.6,52.6,151.2,2210,21.4,28.2,neutral,very_low,low,high,very_high_salinity,dry,fair
black_cotton,5.36,183.6,46.2,87.7,1527,48.1,35.0,strongly_acidic,very_high,low,medium,very_high_salinity,optimal,poor
sandy,5.83,125.8,121.1,11.6,607,9.3,19.1,slightly_acidic,high,very_high,very_low,normal,very_dry,fair
alluvial,8.58,269.9,5.2,197.9,233,15.1,15.6,strongly_alkaline,very_high,very_low,very_high,low,very_dry,poor
sandy,6.43,272.0,30.6,38.8,1370,89.0,19.1,slightly_acidic,very_high,low,very_low,high_salinity,waterlogged,poor
red,4.77,105.8,77.7,36.2,892,62.3,41.1,strongly_acidic,medium,medium,very_low,high_salinity,moist,poor
sandy,6.83,182.6,125.5,152.0,1018,10.6,16.7,neutral,very_high,very_high,high,high_salinity,very_dry,good
alluvial,5.42,106.5,124.7,152.5,167,35.5,37.3,strongly_acidic,medium,very_high,high,very_low,dry,fair
red,4.66,212.9,100.8,175.4,1232,75.4,16.0,strongly_acidic,very_high,high,very_high,high_salinity,moist,fair
red,5.48,122.6,36.2,28.5,1079,25.8,26.8,strongly_acidic,high,low,very_low,high_salinity,dry,poor
red,4.55,246.9,54.2,59.9,835,20.3,29.7,strongly_acidic,very_high,low,low,high_salinity,dry,poor
alluvial,6.01,143.4,47.7,189.6,498,87.0,29.3,slightly_acidic,high,low,very_high,normal,waterlogged,good
black_cotton,8.63,62.5,5.7,164.5,1236,43.6,15.3,strongly_alkaline,low,very_low,very_high,high_salinity,optimal,poor
laterite,6.19,295.7,40.9,208.1,1951,39.3,40.8,slightly_acidic,very_high,low,very_high,very_high_salinity,dry,poor
alluvial,7.51,245.6,64.2,55.2,1937,44.5,36.4,slightly_alkaline,very_high,medium,low,very_high_salinity,optimal,fair
sandy,5.16,238.3,129.2,52.8,1349,30.9,39.4,strongly_acidic,very_high,very_high,low,high_salinity,dry,poor
red,8.17,138.0,12.0,140.6,2139,34.2,33.7,slightly_alkaline,high,very_low,high,very_high_salinity,dry,fair
red,5.64,11.9,10.0,205.0,551,17.9,29.4,slightly_acidic,very_low,very_low,very_high,normal,very_dry,poor
black_cotton,4.88,36.8,133.7,84.3,803,94.2,40.9,strongly_acidic,very_low,very_high,medium,high_salinity,waterlogged,poor
alluvial,8.89,6.5,87.1,75.0,1054,27.3,29.1,strongly_alkaline,very_low,high,medium,high_salinity,dry,fair
black_cotton,8.09,189.7,27.2,32.5,2382,68.4,35.7,slightly_alkaline,very_high,very_low,very_low,very_high_salinity,moist,poor
red,8.57,104.7,90.4,13.1,1779,85.7,21.9,strongly_alkaline,medium,high,very_low,very_high_salinity,waterlogged,poor
red,5.39,86.3,93.4,87.0,693,29.6,22.8,strongly_acidic,medium,high,medium,normal,dry,good
alluvial,5.21,152.6,21.4,10.5,1309,52.3,26.2,strongly_acidic,high,very_low,very_low,high_salinity,optimal,poor
alluvial,7.03,95.1,50.3,179.6,1483,31.8,37.5,neutral,medium,low,very_high,high_salinity,dry,fair
sandy,8.04,180.1,19.8,59.7,1519,76.8,41.8,slightly_alkaline,very_high,very_low,low,very_high_salinity,moist,poor
red,4.74,236.9,70.7,135.6,2267,15.6,27.2,strongly_acidic,very_high,medium,high,very_high_salinity,very_dry,fair
sandy,8.9,58.0,97.4,61.3,1181,68.2,15.0,strongly_alkaline,low,high,low,high_salinity,moist,poor
laterite,5.61,242.7,48.8,167.9,226,22.8,36.4,slightly_acidic,very_high,low,very_high,low,dry,fair
alluvial,8.2,165.5,50.4,134.3,990,6.6,24.1,slightly_alkaline,high,low,high,high_salinity,very_dry,good
sandy,6.48,186.7,139.2,8.9,184,30.7,32.7,slightly_acidic,very_high,very_high,very_low,very_low,dry,poor
alluvial,6.13,168.4,94.0,130.6,480,72.2,17.2,slightly_acidic,high,high,high,normal,moist,excellent
red,4.66,41.2,59.2,41.2,747,22.9,24.0,strongly_acidic,low,medium,low,normal,dry,fair
alluvial,6.27,244.9,11.9,184.1,158,11.2,18.7,slightly_acidic,very_high,very_low,very_high,very_low,very_dry,poor
sandy,4.91,82.7,111.0,48.3,617,56.2,10.9,strongly_acidic,medium,very_high,low,normal,optimal,fair
sandy,6.74,153.6,79.4,71.5,569,57.5,25.4,neutral,high,medium,medium,normal,optimal,excellent
laterite,5.8,267.6,139.6,180.6,561,48.8,31.9,slightly_acidic,very_high,very_high,very_high,normal,optimal,fair
sandy,7.61,8.1,11.1,162.0,429,8.7,22.0,slightly_alkaline,very_low,very_low,very_high,normal,very_dry,fair
red,8.36,102.3,70.7,132.9,1397,34.0,41.6,slightly_alkaline,medium,medium,high,high_salinity,dry,good
laterite,4.84,14.2,75.6,219.1,906,70.0,21.2,strongly_acidic,very_low,medium,very_high,high_salinity,moist,poor
laterite,6.08,39.0,47.6,84.5,1930,7.6,30.2,slightly_acidic,very_low,low,medium,very_high_salinity,very_dry,poor
laterite,4.51,234.8,116.1,167.8,175,11.3,23.1,strongly_acidic,very_high,very_high,very_high,very_low,very_dry,poor
red,7.98,122.6,120.3,21.0,1618,23.0,10.0,slightly_alkaline,high,very_high,very_low,very_high_salinity,dry,fair
sandy,8.26,214.3,53.0,123.9,319,58.4,29.1,slightly_alkaline,very_high,low,high,low,optimal,fair
laterite,6.63,83.3,73.1,206.1,1608,60.1,30.2,neutral,medium,medium,very_high,very_high_salinity,moist,fair
black_cotton,6.86,195.3,74.6,159.6,2243,81.4,10.8,neutral,very_high,medium,high,very_high_salinity,waterlogged,good
red,8.02,140.7,70.2,98.1,1608,48.0,35.4,slightly_alkaline,high,medium,medium,very_high_salinity,optimal,good
alluvial,7.99,146.4,127.1,63.2,562,46.0,31.0,slightly_alkaline,high,very_high,low,normal,optimal,good
laterite,7.69,164.1,75.5,119.4,419,10.1,33.7,slightly_alkaline,high,medium,high,normal,very_dry,excellent
red,4.55,103.6,131.2,184.2,1262,79.0,39.9,strongly_acidic,medium,very_high,very_high,high_salinity,moist,poor
laterite,5.46,238.5,33.9,58.7,2074,41.5,27.6,strongly_acidic,very_high,low,low,very_high_salinity,optimal,very_poor
sandy,6.62,245.6,64.9,120.3,338,43.8,35.8,neutral,very_high,medium,high,low,optimal,good
black_cotton,7.72,70.2,24.2,88.7,1208,33.3,17.5,slightly_alkaline,low,very_low,medium,high_salinity,dry,poor
sandy,6.67,80.8,63.4,146.2,719,10.1,12.3,neutral,medium,medium,high,normal,very_dry,excellent
laterite,7.38,227.1,85.8,191.9,1558,5.9,28.6,neutral,very_high,high,very_high,very_high_salinity,very_dry,fair
red,8.8,160.9,51.4,133.4,1590,29.3,19.8,strongly_alkaline,high,low,high,very_high_salinity,dry,fair
alluvial,7.73,64.8,81.6,24.2,1894,44.1,26.3,slightly_alkaline,low,high,very_low,very_high_salinity,optimal,poor
alluvial,5.97,20.2,110.2,209.7,1080,29.7,25.1,slightly_acidic,very_low,very_high,very_high,high_salinity,dry,poor
sandy,5.17,191.4,125.6,129.1,1059,72.3,40.9,strongly_acidic,very_high,very_high,high,high_salinity,moist,fair
red,5.77,100.8,115.9,16.7,1296,24.7,25.0,slightly_acidic,medium,very_high,very_low,high_salinity,dry,poor
black_cotton,7.28,202.5,139.6,133.3,2466,72.5,22.8,neutral,very_high,very_high,high,very_high_salinity,moist,fair
alluvial,8.78,15.8,61.3,130.2,488,68.3,17.8,strongly_alkaline,very_low,medium,high,normal,moist,fair
alluvial,7.87,220.5,101.8,131.0,1238,16.9,14.9,slightly_alkaline,very_high,high,high,high_salinity,very_dry,good
red,7.63,265.1,31.5,44.7,301,35.3,23.5,slightly_alkaline,very_high,low,low,low,dry,fair
sandy,4.87,52.4,128.1,113.9,1533,53.4,36.3,strongly_acidic,low,very_high,high,very_high_salinity,optimal,poor
laterite,8.57,83.3,53.6,156.3,258,73.2,23.4,strongly_alkaline,medium,low,high,low,moist,fair
black_cotton,5.54,227.3,135.9,22.8,1380,84.6,17.3,slightly_acidic,very_high,very_high,very_low,high_salinity,waterlogged,poor
laterite,4.86,146.5,47.9,107.4,331,17.7,15.8,strongly_acidic,high,low,medium,low,very_dry,fair
black_cotton,5.93,176.8,26.5,195.6,249,11.2,30.4,slightly_acidic,high,very_low,very_high,low,very_dry,fair
red,6.05,90.7,80.5,129.1,1520,65.0,36.7,slightly_acidic,medium,high,high,very_high_salinity,moist,good
black_cotton,7.76,21.4,135.5,209.3,2403,73.9,10.5,slightly_alkaline,very_low,very_high,very_high,very_high_salinity,moist,poor
red,8.78,12.6,58.9,13.6,269,53.0,37.7,strongly_alkaline,very_low,medium,very_low,low,optimal,poor
red,7.82,106.5,130.9,27.9,879,75.1,12.2,slightly_alkaline,medium,very_high,very_low,high_salinity,moist,fair
black_cotton,8.57,296.1,66.1,218.5,1767,51.6,14.3,strongly_alkaline,very_high,medium,very_high,very_high_salinity,optimal,poor
red,6.46,49.5,118.4,60.2,2247,42.4,36.3,slightly_acidic,low,very_high,low,very_high_salinity,optimal,poor
red,8.95,17.0,13.2,159.8,1572,72.6,31.5,strongly_alkaline,very_low,very_low,high,very_high_salinity,moist,poor
red,5.47,228.8,98.0,142.0,2192,7.0,14.9,strongly_acidic,very_high,high,high,very_high_salinity,very_dry,fair
black_cotton,7.09,186.0,134.0,73.9,1298,71.6,20.6,neutral,very_high,very_high,medium,high_salinity,moist,fair
black_cotton,7.22,295.8,103.7,145.9,316,58.4,28.1,neutral,very_high,high,high,low,optimal,good
red,7.01,23.5,43.1,137.4,529,93.8,33.1,neutral,very_low,low,high,normal,waterlogged,good
black_cotton,7.02,276.3,57.3,170.9,878,65.7,15.1,neutral,very_high,medium,very_high,high_salinity,moist,fair
alluvial,6.23,11.6,65.6,118.4,1806,28.6,37.8,slightly_acidic,very_low,medium,high,very_high_salinity,dry,fair
alluvial,8.47,174.6,124.6,18.1,494,88.1,35.0,slightly_alkaline,high,very_high,very_low,normal,waterlogged,good
sandy,6.62,29.1,135.9,106.6,2376,8.6,30.3,neutral,very_low,very_high,medium,very_high_salinity,very_dry,fair
red,8.25,57.7,91.8,52.7,1033,51.6,23.7,slightly_alkaline,low,high,low,high_salinity,optimal,fair
alluvial,8.35,122.0,73.5,136.0,2442,38.9,30.7,slightly_alkaline,high,medium,high,very_high_salinity,dry,good
laterite,6.08,9.3,26.2,211.6,2146,51.3,14.5,slightly_acidic,very_low,very_low,very_high,very_high_salinity,optimal,very_poor
red,6.02,167.0,53.3,89.0,1952,26.5,15.1,slightly_acidic,high,low,medium,very_high_salinity,dry,fair
alluvial,6.24,6.6,65.7,137.5,1776,27.7,19.0,slightly_acidic,very_low,medium,high,very_high_salinity,dry,fair
red,8.49,22.7,48.7,160.2,1904,17.7,39.0,slightly_alkaline,very_low,low,very_high,very_high_salinity,very_dry,poor
sandy,7.58,227.9,138.6,197.1,1677,50.0,12.9,slightly_alkaline,very_high,very_high,very_high,very_high_salinity,optimal,fair
black_cotton,5.34,272.5,49.7,128.1,1880,16.6,25.6,strongly_acidic,very_high,low,high,very_high_salinity,very_dry,poor
black_cotton,6.38,100.4,78.6,164.4,118,10.1,27.0,slightly_acidic,medium,medium,very_high,very_low,very_dry,fair
alluvial,7.73,174.0,124.7,189.3,2043,66.8,28.7,slightly_alkaline,high,very_high,very_high,very_high_salinity,moist,fair
sandy,6.39,268.2,107.7,21.0,2090,34.6,14.4,slightly_acidic,very_high,high,very_low,very_high_salinity,dry,poor
red,7.23,192.5,75.6,176.5,1874,94.0,26.6,neutral,very_high,medium,very_high,very_high_salinity,waterlogged,fair
laterite,6.0,97.1,61.1,17.7,1275,57.7,30.4,slightly_acidic,medium,medium,very_low,high_salinity,optimal,fair
sandy,4.91,147.3,80.2,176.9,1497,29.9,24.3,strongly_acidic,high,high,very_high,high_salinity,dry,fair
laterite,8.52,189.7,54.2,102.8,1544,52.9,16.0,strongly_alkaline,very_high,low,medium,very_high_salinity,optimal,poor
alluvial,8.35,231.8,77.4,97.2,1175,46.7,19.3,slightly_alkaline,very_high,medium,medium,high_salinity,optimal,fair
black_cotton,6.63,205.2,108.1,7.9,127,22.3,16.6,neutral,very_high,high,very_low,very_low,dry,fair
red,5.16,218.2,34.9,15.9,1966,61.5,41.6,strongly_acidic,very_high,low,very_low,very_high_salinity,moist,very_poor
sandy,5.75,283.2,115.8,11.0,357,49.9,23.3,slightly_acidic,very_high,very_high,very_low,low,optimal,poor
red,7.15,33.8,7.5,116.4,2200,11.5,22.8,neutral,very_low,very_low,high,very_high_salinity,very_dry,poor
alluvial,4.71,243.2,58.3,94.8,2391,22.4,20.7,strongly_acidic,very_high,medium,medium,very_high_salinity,dry,poor
black_cotton,8.9,283.9,41.9,23.3,214,11.0,10.6,strongly_alkaline,very_high,low,very_low,low,very_dry,poor
red,5.64,184.5,124.3,50.4,636,38.1,31.1,slightly_acidic,very_high,very_high,low,normal,dry,fair
red,6.62,21.2,107.3,57.5,410,89.8,18.7,neutral,very_low,high,low,normal,waterlogged,good
black_cotton,4.51,197.1,65.3,210.3,653,29.5,34.8,strongly_acidic,very_high,medium,very_high,normal,dry,fair
laterite,5.97,179.7,70.0,101.4,413,39.7,18.0,slightly_acidic,high,medium,medium,normal,dry,good
sandy,5.93,270.5,130.5,77.8,2205,20.7,39.4,slightly_acidic,very_high,very_high,medium,very_high_salinity,dry,fair
red,5.12,231.2,74.8,149.2,714,69.1,28.5,strongly_acidic,very_high,medium,high,normal,moist,good
black_cotton,5.61,6.3,103.2,118.7,2072,72.5,30.1,slightly_acidic,very_low,high,high,very_high_salinity,moist,fair
black_cotton,5.83,164.2,93.6,113.7,2478,61.3,16.2,slightly_acidic,high,high,high,very_high_salinity,moist,good
black_cotton,6.77,99.2,25.5,61.5,1206,16.2,18.3,neutral,medium,very_low,low,high_salinity,very_dry,fair
alluvial,7.74,33.5,24.0,166.7,699,75.8,29.9,slightly_alkaline,very_low,very_low,very_high,normal,moist,fair
red,8.14,64.9,28.2,146.2,2192,48.0,29.6,slightly_alkaline,low,very_low,high,very_high_salinity,optimal,poor
sandy,5.5,43.9,127.2,92.4,112,50.7,17.1,slightly_acidic,low,very_high,medium,very_low,optimal,fair
alluvial,7.04,168.7,134.8,79.5,1264,30.6,34.9,neutral,high,very_high,medium,high_salinity,dry,good
laterite,7.0,53.3,65.5,31.7,1807,23.0,29.9,neutral,low,medium,very_low,very_high_salinity,dry,poor
red,7.06,73.6,83.1,125.5,2310,32.6,38.1,neutral,low,high,high,very_high_salinity,dry,good
red,7.27,142.0,112.2,22.5,1016,7.9,28.3,neutral,high,very_high,very_low,high_salinity,very_dry,fair
red,7.11,77.6,21.3,73.7,302,13.3,28.6,neutral,low,very_low,medium,low,very_dry,fair
laterite,6.36,154.0,54.7,149.5,2335,89.7,23.0,slightly_acidic,high,low,high,very_high_salinity,waterlogged,fair
black_cotton,7.51,22.3,70.0,104.8,2465,56.6,41.3,slightly_alkaline,very_low,medium,medium,very_high_salinity,optimal,fair
sandy,8.74,232.2,70.4,185.5,1207,83.0,35.8,strongly_alkaline,very_high,medium,very_high,high_salinity,waterlogged,fair
red,6.61,182.7,90.5,128.6,1925,11.7,19.4,neutral,very_high,high,high,very_high_salinity,very_dry,good
laterite,5.43,108.0,115.7,208.6,757,70.5,40.9,strongly_acidic,medium,very_high,very_high,normal,moist,fair
laterite,8.65,103.2,77.1,107.9,194,88.7,32.7,strongly_alkaline,medium,medium,medium,very_low,waterlogged,fair
red,8.34,195.4,115.3,63.0,2490,65.9,23.9,slightly_alkaline,very_high,very_high,low,very_high_salinity,moist,poor
sandy,7.87,138.5,88.5,52.3,1408,75.3,21.9,slightly_alkaline,high,high,low,high_salinity,moist,good
sandy,5.71,280.4,52.5,25.1,1490,55.4,39.3,slightly_acidic,very_high,low,very_low,high_salinity,optimal,poor
alluvial,4.93,273.2,17.4,217.4,1698,32.9,10.0,strongly_acidic,very_high,very_low,very_high,very_high_salinity,dry,very_poor
alluvial,6.98,137.9,104.4,99.3,324,89.0,18.2,neutral,high,high,medium,low,waterlogged,excellent
black_cotton,5.4,188.8,12.2,100.3,1809,81.4,37.3,strongly_acidic,very_high,very_low,medium,very_high_salinity,waterlogged,poor
red,8.32,241.0,34.1,154.3,107,25.6,23.7,slightly_alkaline,very_high,low,high,very_low,dry,fair
laterite,6.41,78.5,137.9,37.6,1947,61.5,28.8,slightly_acidic,low,very_high,very_low,very_high_salinity,moist,poor
red,7.34,230.5,54.6,123.5,1613,57.8,19.0,neutral,very_high,low,high,very_high_salinity,optimal,fair
black_cotton,8.74,191.3,72.8,210.6,677,89.5,20.6,strongly_alkaline,very_high,medium,very_high,normal,waterlogged,fair
red,6.39,286.3,79.6,13.6,1186,16.2,33.0,slightly_acidic,very_high,medium,very_low,high_salinity,very_dry,poor
red,5.15,92.2,112.3,23.7,130,21.7,24.9,strongly_acidic,medium,very_high,very_low,very_low,dry,poor
black_cotton,7.89,195.6,57.0,159.4,1219,46.9,34.9,slightly_alkaline,very_high,medium,high,high_salinity,optimal,good
red,8.37,74.0,118.7,116.4,638,56.5,26.0,slightly_alkaline,low,very_high,high,normal,optimal,good
alluvial,7.05,134.0,93.2,131.5,1202,93.1,28.6,neutral,high,high,high,high_salinity,waterlogged,excellent
red,4.77,73.1,61.4,128.6,352,12.4,41.8,strongly_acidic,low,medium,high,low,very_dry,fair
red,6.06,70.9,91.1,61.4,1471,40.1,36.3,slightly_acidic,low,high,low,high_salinity,optimal,fair
laterite,5.46,220.4,41.8,28.9,997,77.7,36.4,strongly_acidic,very_high,low,very_low,high_salinity,moist,very_poor
laterite,6.44,127.3,62.0,98.5,1266,14.3,15.0,slightly_acidic,high,medium,medium,high_salinity,very_dry,good
laterite,8.26,176.3,99.6,59.2,1432,12.4,26.7,slightly_alkaline,high,high,low,high_salinity,very_dry,good
laterite,8.42,284.8,56.1,86.6,1507,58.5,11.0,slightly_alkaline,very_high,medium,medium,very_high_salinity,optimal,fair
alluvial,7.62,81.2,57.9,158.7,1636,74.4,30.6,slightly_alkaline,medium,medium,high,very_high_salinity,moist,good
laterite,7.64,56.9,16.7,194.5,2373,38.6,38.8,slightly_alkaline,low,very_low,very_high,very_high_salinity,dry,poor
sandy,6.24,162.4,45.0,91.1,1686,5.6,39.6,slightly_acidic,high,low,medium,very_high_salinity,very_dry,fair
black_cotton,5.11,176.9,125.7,124.8,1731,9.6,22.7,strongly_acidic,high,very_high,high,very_high_salinity,very_dry,fair
laterite,5.06,47.1,40.8,11.2,2332,61.6,24.9,strongly_acidic,low,low,very_low,very_high_salinity,moist,very_poor
laterite,6.07,61.8,125.0,140.9,2245,82.6,41.6,slightly_acidic,low,very_high,high,very_high_salinity,waterlogged,fair
laterite,4.98,130.1,85.7,125.3,2209,17.2,36.0,strongly_acidic,high,high,high,very_high_salinity,very_dry,fair
laterite,5.79,155.1,137.6,147.2,2430,53.3,32.8,slightly_acidic,high,very_high,high,very_high_salinity,optimal,fair
alluvial,8.06,99.7,109.5,193.1,568,92.1,36.1,slightly_alkaline,medium,high,very_high,normal,waterlogged,good
alluvial,5.59,210.5,38.0,158.5,1725,30.7,10.7,slightly_acidic,very_high,low,high,very_high_salinity,dry,fair
sandy,5.23,14.6,14.0,24.9,1126,58.1,25.8,strongly_acidic,very_low,very_low,very_low,high_salinity,optimal,very_poor
laterite,4.61,131.8,37.2,210.1,298,33.3,26.9,strongly_acidic,high,low,very_high,low,dry,fair
laterite,8.48,26.1,128.3,34.7,1015,48.0,11.2,slightly_alkaline,very_low,very_high,very_low,high_salinity,optimal,poor
black_cotton,8.73,111.1,46.6,151.1,1454,72.1,12.5,strongly_alkaline,medium,low,high,high_salinity,moist,fair
alluvial,7.09,278.8,85.8,172.0,2141,33.9,26.3,neutral,very_high,high,very_high,very_high_salinity,dry,fair
black_cotton,4.94,107.1,31.6,197.6,1822,77.8,22.4,strongly_acidic,medium,low,very_high,very_high_salinity,moist,poor
black_cotton,6.84,184.6,75.9,217.8,1199,20.2,14.4,neutral,very_high,medium,very_high,high_salinity,dry,fair
alluvial,5.79,132.0,102.6,100.3,606,58.6,35.5,slightly_acidic,high,high,medium,normal,optimal,excellent
red,8.31,101.2,88.7,93.3,2423,82.8,33.0,slightly_alkaline,medium,high,medium,very_high_salinity,waterlogged,good
red,7.66,294.1,20.3,179.3,2089,66.3,11.0,slightly_alkaline,very_high,very_low,very_high,very_high_salinity,moist,poor
laterite,6.36,124.6,137.7,95.0,388,86.3,25.3,slightly_acidic,high,very_high,medium,low,waterlogged,good
sandy,8.76,40.8,62.4,136.0,1393,69.2,35.3,strongly_alkaline,low,medium,high,high_salinity,moist,fair
black_cotton,4.92,66.2,42.9,158.2,1751,54.4,12.5,strongly_acidic,low,low,high,very_high_salinity,optimal,poor
red,4.51,94.5,24.7,27.2,2072,92.4,31.0,strongly_acidic,medium,very_low,very_low,very_high_salinity,waterlogged,very_poor
red,7.62,192.4,56.8,137.4,1803,63.0,29.1,slightly_alkaline,very_high,medium,high,very_high_salinity,moist,fair
alluvial,8.25,66.1,131.4,208.3,1164,6.3,15.5,slightly_alkaline,low,very_high,very_high,high_salinity,very_dry,fair
sandy,7.58,183.9,66.3,181.3,2073,80.6,20.7,slightly_alkaline,very_high,medium,very_high,very_high_salinity,waterlogged,fair
sandy,6.25,56.9,129.7,10.5,472,19.7,28.0,slightly_acidic,low,very_high,very_low,normal,very_dry,fair
red,7.56,143.7,30.9,175.9,618,88.4,18.7,slightly_alkaline,high,low,very_high,normal,waterlogged,good
red,5.45,186.8,35.3,133.6,1689,69.2,23.3,strongly_acidic,very_high,low,high,very_high_salinity,moist,poor
red,6.38,213.9,50.4,39.8,1361,63.8,19.1,slightly_acidic,very_high,low,very_low,high_salinity,moist,poor
alluvial,6.54,188.0,47.6,151.4,2444,74.7,24.1,neutral,very_high,low,high,very_high_salinity,moist,fair
alluvial,8.77,221.7,49.2,12.6,115,67.4,28.0,strongly_alkaline,very_high,low,very_low,very_low,moist,poor
sandy,8.13,62.3,134.9,72.5,1412,85.7,12.3,slightly_alkaline,low,very_high,medium,high_salinity,waterlogged,fair
alluvial,7.12,74.7,23.1,170.3,1516,83.4,30.6,neutral,low,very_low,very_high,very_high_salinity,waterlogged,poor
alluvial,6.2,274.3,125.7,48.9,2056,49.7,11.7,slightly_acidic,very_high,very_high,low,very_high_salinity,optimal,poor
black_cotton,4.92,154.7,80.7,117.5,513,48.5,31.0,strongly_acidic,high,high,high,normal,optimal,good
red,7.92,241.0,35.1,19.1,1776,45.2,12.1,slightly_alkaline,very_high,low,very_low,very_high_salinity,optimal,poor
red,7.49,98.5,103.6,180.0,2026,65.2,10.8,neutral,medium,high,very_high,very_high_salinity,moist,good
laterite,8.62,59.8,67.1,111.0,1436,45.7,11.4,strongly_alkaline,low,medium,high,high_salinity,optimal,fair
laterite,8.26,227.8,129.2,94.2,1847,14.2,23.4,slightly_alkaline,very_high,very_high,medium,very_high_salinity,very_dry,fair
alluvial,7.62,28.4,103.0,182.7,2190,75.6,13.8,slightly_alkaline,very_low,high,very_high,very_high_salinity,moist,fair
black_cotton,8.53,163.3,36.6,98.2,269,90.1,21.1,strongly_alkaline,high,low,medium,low,waterlogged,fair
red,6.18,128.4,69.6,108.8,209,92.6,33.1,slightly_acidic,high,medium,medium,low,waterlogged,good
alluvial,5.29,51.3,11.5,75.4,812,19.7,28.4,strongly_acidic,low,very_low,medium,high_salinity,very_dry,poor
red,5.2,202.4,50.3,96.3,529,6.9,28.0,strongly_acidic,very_high,low,medium,normal,very_dry,fair
black_cotton,6.09,122.0,33.3,59.8,1424,19.7,27.0,slightly_acidic,high,low,low,high_salinity,very_dry,fair
sandy,8.36,148.4,32.1,177.8,2292,22.9,40.8,slightly_alkaline,high,low,very_high,very_high_salinity,dry,fair
alluvial,6.91,65.3,86.7,97.3,840,73.1,18.5,neutral,low,high,medium,high_salinity,moist,good
laterite,4.62,15.8,109.8,138.5,1189,15.4,21.8,strongly_acidic,very_low,high,high,high_salinity,very_dry,fair
red,7.94,111.6,138.1,34.6,2477,60.8,13.3,slightly_alkaline,medium,very_high,very_low,very_high_salinity,moist,poor
red,4.7,139.4,115.0,186.4,1054,28.0,20.6,strongly_acidic,high,very_high,very_high,high_salinity,dry,fair
black_cotton,8.85,138.5,87.0,175.0,2267,44.0,35.7,strongly_alkaline,high,high,very_high,very_high_salinity,optimal,fair
sandy,6.16,90.2,75.1,126.1,1055,71.6,28.7,slightly_acidic,medium,medium,high,high_salinity,moist,good
laterite,8.33,65.9,74.9,219.6,2227,80.1,35.1,slightly_alkaline,low,medium,very_high,very_high_salinity,waterlogged,fair
laterite,7.18,287.6,108.9,29.7,552,71.2,26.8,neutral,very_high,high,very_low,normal,moist,good
black_cotton,5.32,293.1,98.0,85.2,181,59.3,39.4,strongly_acidic,very_high,high,medium,very_low,optimal,fair
black_cotton,4.54,162.6,60.1,158.1,1770,11.6,14.1,strongly_acidic,high,medium,high,very_high_salinity,very_dry,fair
alluvial,8.15,60.4,33.0,87.1,925,42.0,29.0,slightly_alkaline,low,low,medium,high_salinity,optimal,fair
alluvial,5.38,124.6,117.9,164.4,1838,8.9,22.4,strongly_acidic,high,very_high,very_high,very_high_salinity,very_dry,poor
alluvial,6.23,28.2,66.8,136.5,2423,51.3,22.9,slightly_acidic,very_low,medium,high,very_high_salinity,optimal,fair
black_cotton,7.33,107.3,137.4,149.8,2174,43.1,17.1,neutral,medium,very_high,high,very_high_salinity,optimal,good
alluvial,5.87,67.7,55.2,113.4,1827,54.6,24.8,slightly_acidic,low,medium,high,very_high_salinity,optimal,fair
red,8.61,61.8,81.8,192.3,514,21.4,22.2,strongly_alkaline,low,high,very_high,normal,dry,fair
red,4.55,250.3,46.9,29.7,569,37.1,40.0,strongly_acidic,very_high,low,very_low,normal,dry,poor
sandy,5.42,55.3,104.2,13.4,1621,45.6,12.0,strongly_acidic,low,high,very_low,very_high_salinity,optimal,poor
red,5.65,83.8,49.7,59.4,1147,58.7,16.6,slightly_acidic,medium,low,low,high_salinity,optimal,poor
laterite,6.89,20.8,78.8,151.3,2007,31.3,23.5,neutral,very_low,medium,high,very_high_salinity,dry,fair
laterite,8.01,12.1,61.6,152.2,139,46.9,34.4,slightly_alkaline,very_low,medium,high,very_low,optimal,fair
sandy,7.16,103.3,28.9,139.5,2312,71.2,40.8,neutral,medium,very_low,high,very_high_salinity,moist,fair
sandy,8.18,91.0,110.8,207.0,2111,18.4,33.0,slightly_alkaline,medium,very_high,very_high,very_high_salinity,very_dry,fair
laterite,8.99,214.4,24.7,76.2,98,46.1,21.1,strongly_alkaline,very_high,very_low,medium,very_low,optimal,poor
red,6.31,111.6,55.2,84.3,1903,34.6,11.7,slightly_acidic,medium,medium,medium,very_high_salinity,dry,fair
black_cotton,7.2,298.3,28.3,128.9,197,69.4,25.1,neutral,very_high,very_low,high,very_low,moist,fair
sandy,8.48,85.2,35.5,165.7,1937,84.0,35.1,slightly_alkaline,medium,low,very_high,very_high_salinity,waterlogged,fair
sandy,8.66,135.0,20.1,155.3,1131,33.0,28.0,strongly_alkaline,high,very_low,high,high_salinity,dry,fair
sandy,7.32,13.4,114.8,53.0,2493,69.8,35.7,neutral,very_low,very_high,low,very_high_salinity,moist,poor
red,5.11,295.6,107.0,82.9,942,68.1,40.2,strongly_acidic,very_high,high,medium,high_salinity,moist,fair
sandy,6.29,283.5,53.5,183.0,1686,73.4,23.2,slightly_acidic,very_high,low,very_high,very_high_salinity,moist,poor
black_cotton,5.19,259.2,130.2,185.7,1450,70.8,33.4,strongly_acidic,very_high,very_high,very_high,high_salinity,moist,poor
alluvial,4.68,84.6,47.2,52.1,544,62.0,39.2,strongly_acidic,medium,low,low,normal,moist,fair
red,4.94,76.8,87.9,183.8,992,66.4,18.2,strongly_acidic,low,high,very_high,high_salinity,moist,poor
sandy,8.46,82.5,134.0,145.0,169,9.6,40.1,slightly_alkaline,medium,very_high,high,very_low,very_dry,good
sandy,6.23,6.6,24.1,182.0,2381,63.1,36.7,slightly_acidic,very_low,very_low,very_high,very_high_salinity,moist,very_poor
red,5.81,76.8,113.3,92.5,1068,72.7,30.8,slightly_acidic,low,very_high,medium,high_salinity,moist,fair
red,4.58,122.9,12.9,32.1,147,78.4,28.5,strongly_acidic,high,very_low,very_low,very_low,moist,poor
black_cotton,6.71,148.2,68.2,117.5,1587,28.7,26.3,neutral,high,medium,high,very_high_salinity,dry,good
alluvial,6.5,230.9,89.9,106.8,341,52.5,16.8,neutral,very_high,high,medium,low,optimal,good
laterite,8.17,178.8,61.5,136.9,2279,45.1,38.0,slightly_alkaline,high,medium,high,very_high_salinity,optimal,good
alluvial,6.08,175.8,79.5,117.1,1318,10.4,29.3,slightly_acidic,high,medium,high,high_salinity,very_dry,good
